/*******************************************************************************
 * Size: 12 px
 * Bpp: 4
 * Opts: --bpp 4 --size 12 --font C:/Users/lenovo/Desktop/lvgl/squarline/assets/NotoKufiArabic-SemiBold.ttf -o C:/Users/lenovo/Desktop/lvgl/squarline/assets\ui_font_arabic12.c --format lvgl -r 0x0600-0x06FF -r 0xFB50-0xFDFF -r 0xFE70-0xFEFF -r 0x0020-0x007F -r 0x2000-0x206F --no-compress --no-prefilter
 ******************************************************************************/

#include "ui.h"

#ifndef UI_FONT_ARABIC12
#define UI_FONT_ARABIC12 1
#endif

#if UI_FONT_ARABIC12

/*-----------------
 *    BITMAPS
 *----------------*/

/*Store the image of the glyphs*/
static LV_ATTRIBUTE_LARGE_CONST const uint8_t glyph_bitmap[] = {
    /* U+0020 " " */

    /* U+0021 "!" */
    0x2f, 0x82, 0xf8, 0x1f, 0x70, 0xf6, 0xf, 0x50,
    0xf5, 0x2, 0x2, 0xe6, 0x2e, 0x70,

    /* U+0022 "\"" */
    0x2f, 0x3c, 0x91, 0xf2, 0xb8, 0xf, 0xa, 0x70,
    0x40, 0x21,

    /* U+0023 "#" */
    0x0, 0x3f, 0xb, 0x60, 0x0, 0x5c, 0xd, 0x40,
    0x0, 0x8a, 0xf, 0x10, 0x4f, 0xff, 0xff, 0xf7,
    0x2, 0xe5, 0x8b, 0x21, 0xbf, 0xff, 0xff, 0xf1,
    0x17, 0xd2, 0xe5, 0x20, 0x8, 0xa0, 0xf1, 0x0,
    0xa, 0x73, 0xe0, 0x0,

    /* U+0024 "$" */
    0x0, 0xc, 0x0, 0x0, 0x7e, 0xfe, 0xb0, 0x4f,
    0xae, 0x7a, 0x5, 0xf4, 0xc0, 0x0, 0x1e, 0xfe,
    0x30, 0x0, 0x18, 0xff, 0xa0, 0x0, 0xd, 0x8f,
    0x44, 0x51, 0xd7, 0xf3, 0x5f, 0xff, 0xf9, 0x0,
    0x3, 0xd1, 0x0, 0x0, 0x4, 0x0, 0x0,

    /* U+0025 "%" */
    0x1c, 0xf9, 0x0, 0x4e, 0x0, 0x6, 0xe4, 0xf3,
    0xc, 0x70, 0x0, 0x8b, 0xf, 0x54, 0xe0, 0x0,
    0x7, 0xd1, 0xf3, 0xd9, 0xde, 0x40, 0x1e, 0xfc,
    0x6d, 0xab, 0x8e, 0x0, 0x2, 0xd, 0x5c, 0x73,
    0xf1, 0x0, 0x6, 0xd0, 0xc7, 0x3f, 0x10, 0x0,
    0xe4, 0x9, 0xa6, 0xe0, 0x0, 0x7c, 0x0, 0x2d,
    0xf5, 0x0,

    /* U+0026 "&" */
    0x2, 0xcf, 0xe5, 0x0, 0x0, 0xae, 0x5b, 0xe0,
    0x0, 0xa, 0xd0, 0xae, 0x0, 0x0, 0x3f, 0xdf,
    0x40, 0x0, 0x7, 0xff, 0x90, 0x2b, 0x44, 0xf9,
    0x6f, 0x78, 0xf1, 0x7f, 0x30, 0x6f, 0xf9, 0x4,
    0xfb, 0x46, 0xff, 0x70, 0x6, 0xef, 0xe8, 0x8f,
    0x60,

    /* U+0027 "'" */
    0x2f, 0x31, 0xf2, 0xf, 0x0, 0x40,

    /* U+0028 "(" */
    0x2, 0xf3, 0xa, 0xb0, 0x1f, 0x50, 0x4f, 0x10,
    0x7f, 0x0, 0x8e, 0x0, 0x7e, 0x0, 0x5f, 0x10,
    0x1f, 0x50, 0xb, 0xb0, 0x2, 0xf3, 0x0, 0x0,

    /* U+0029 ")" */
    0x5e, 0x10, 0xc, 0x90, 0x6, 0xf0, 0x2, 0xf3,
    0x0, 0xf6, 0x0, 0xf6, 0x0, 0xf6, 0x2, 0xf4,
    0x6, 0xf0, 0xc, 0x90, 0x4e, 0x10, 0x0, 0x0,

    /* U+002A "*" */
    0x0, 0x6e, 0x0, 0x1, 0x14, 0xd0, 0x20, 0x8f,
    0xde, 0xef, 0x11, 0x2d, 0xf7, 0x20, 0x6, 0xe7,
    0xe1, 0x0, 0x57, 0x9, 0x10,

    /* U+002B "+" */
    0x0, 0x2, 0x0, 0x0, 0x2, 0xf0, 0x0, 0x0,
    0x2f, 0x0, 0x7, 0xff, 0xff, 0xf4, 0x13, 0x4f,
    0x33, 0x0, 0x2, 0xf0, 0x0, 0x0, 0x2f, 0x0,
    0x0,

    /* U+002C "," */
    0x1, 0x1, 0xf6, 0x4f, 0x17, 0xb0,

    /* U+002D "-" */
    0x1, 0x10, 0x9f, 0xf7, 0x24, 0x42,

    /* U+002E "." */
    0x2e, 0x62, 0xe7,

    /* U+002F "/" */
    0x0, 0xe, 0x80, 0x4, 0xf2, 0x0, 0x9d, 0x0,
    0xe, 0x70, 0x5, 0xf2, 0x0, 0xac, 0x0, 0xf,
    0x60, 0x6, 0xf1, 0x0, 0xbb, 0x0, 0x0,

    /* U+0030 "0" */
    0x4, 0xdf, 0xc2, 0x0, 0xec, 0x6d, 0xc0, 0x5f,
    0x30, 0x6f, 0x27, 0xf1, 0x3, 0xf5, 0x8f, 0x0,
    0x3f, 0x57, 0xf1, 0x3, 0xf5, 0x4f, 0x40, 0x6f,
    0x20, 0xec, 0x6d, 0xd0, 0x3, 0xdf, 0xc2, 0x0,

    /* U+0031 "1" */
    0x0, 0x3e, 0xb0, 0x6f, 0xfb, 0xd, 0x6c, 0xb0,
    0x0, 0xdb, 0x0, 0xd, 0xb0, 0x0, 0xdb, 0x0,
    0xd, 0xb0, 0x0, 0xdb, 0x0, 0xd, 0xb0,

    /* U+0032 "2" */
    0x7, 0xef, 0xd3, 0x3, 0xf9, 0x6d, 0xe0, 0x1,
    0x0, 0x7f, 0x10, 0x0, 0xa, 0xe0, 0x0, 0x5,
    0xf5, 0x0, 0x4, 0xf8, 0x0, 0x4, 0xf8, 0x0,
    0x3, 0xfd, 0x77, 0x72, 0x7f, 0xff, 0xff, 0x60,

    /* U+0033 "3" */
    0x1a, 0xef, 0xd4, 0x2, 0xd7, 0x6e, 0xe0, 0x0,
    0x0, 0x8f, 0x0, 0x0, 0x2d, 0xa0, 0x3, 0xff,
    0xd2, 0x0, 0x3, 0x5c, 0xe1, 0x0, 0x0, 0x5f,
    0x46, 0x85, 0x6d, 0xf1, 0x5d, 0xff, 0xc4, 0x0,

    /* U+0034 "4" */
    0x0, 0x4, 0xf8, 0x0, 0x0, 0xdf, 0x80, 0x0,
    0x8c, 0xe8, 0x0, 0x2f, 0x3f, 0x80, 0xc, 0x80,
    0xf8, 0x6, 0xe1, 0x1f, 0x90, 0xcf, 0xff, 0xff,
    0xa3, 0x44, 0x4f, 0xa2, 0x0, 0x0, 0xf8, 0x0,

    /* U+0035 "5" */
    0xe, 0xff, 0xfa, 0x0, 0xfb, 0x66, 0x40, 0xf,
    0x61, 0x0, 0x2, 0xff, 0xfe, 0x50, 0x6, 0x45,
    0xdf, 0x10, 0x0, 0x5, 0xf4, 0x0, 0x0, 0x6f,
    0x35, 0x96, 0x7e, 0xd0, 0x3d, 0xff, 0xb2, 0x0,

    /* U+0036 "6" */
    0x0, 0x7e, 0xfc, 0x0, 0x9f, 0x75, 0x40, 0x1f,
    0x50, 0x0, 0x5, 0xf8, 0xff, 0x70, 0x7f, 0xb4,
    0xaf, 0x27, 0xf1, 0x2, 0xf6, 0x5f, 0x30, 0x3f,
    0x50, 0xed, 0x5c, 0xf1, 0x3, 0xcf, 0xd4, 0x0,

    /* U+0037 "7" */
    0x9f, 0xff, 0xff, 0x63, 0x66, 0x6a, 0xf3, 0x0,
    0x0, 0xbc, 0x0, 0x0, 0x2f, 0x60, 0x0, 0x9,
    0xe0, 0x0, 0x1, 0xf8, 0x0, 0x0, 0x7f, 0x20,
    0x0, 0xe, 0xb0, 0x0, 0x5, 0xf4, 0x0, 0x0,

    /* U+0038 "8" */
    0x6, 0xef, 0xd4, 0x2, 0xf9, 0x3b, 0xf0, 0x3f,
    0x40, 0x7f, 0x0, 0xbe, 0x8f, 0x80, 0x4, 0xff,
    0xd2, 0x3, 0xf7, 0x1b, 0xe1, 0x7f, 0x0, 0x2f,
    0x55, 0xf7, 0x39, 0xf2, 0x8, 0xef, 0xd5, 0x0,

    /* U+0039 "9" */
    0x7, 0xef, 0xb2, 0x4, 0xf9, 0x5d, 0xd0, 0x8f,
    0x0, 0x4f, 0x37, 0xf4, 0x19, 0xf5, 0x1d, 0xff,
    0xbf, 0x50, 0x2, 0x24, 0xf3, 0x0, 0x0, 0xaf,
    0x0, 0x55, 0x9f, 0x70, 0xe, 0xfd, 0x60, 0x0,

    /* U+003A ":" */
    0x2e, 0x72, 0xe6, 0x0, 0x0, 0x0, 0x0, 0x2,
    0xe6, 0x2e, 0x70,

    /* U+003B ";" */
    0x2f, 0x72, 0xe6, 0x0, 0x0, 0x0, 0x0, 0x0,
    0x10, 0x2f, 0x65, 0xf1, 0x8b, 0x0,

    /* U+003C "<" */
    0x0, 0x0, 0x6, 0x30, 0x0, 0x5d, 0xd2, 0x4,
    0xdd, 0x50, 0x6, 0xfa, 0x0, 0x0, 0x7, 0xed,
    0x60, 0x0, 0x0, 0x5d, 0xf3, 0x0, 0x0, 0x4,
    0x30,

    /* U+003D "=" */
    0x7f, 0xff, 0xff, 0x41, 0x33, 0x33, 0x30, 0x7f,
    0xff, 0xff, 0x41, 0x33, 0x33, 0x30,

    /* U+003E ">" */
    0x55, 0x0, 0x0, 0x4, 0xec, 0x40, 0x0, 0x0,
    0x7e, 0xc3, 0x0, 0x0, 0xc, 0xf4, 0x1, 0x7e,
    0xd6, 0x5, 0xfc, 0x40, 0x0, 0x43, 0x0, 0x0,
    0x0,

    /* U+003F "?" */
    0x7d, 0xfe, 0x60, 0x78, 0x5a, 0xf2, 0x0, 0x4,
    0xf3, 0x0, 0x2d, 0xc0, 0x1, 0xea, 0x0, 0x5,
    0xf0, 0x0, 0x0, 0x0, 0x0, 0x6, 0xe2, 0x0,
    0x6, 0xf2, 0x0,

    /* U+0040 "@" */
    0x0, 0x8, 0xdf, 0xfb, 0x30, 0x0, 0x1d, 0xb3,
    0x12, 0x7f, 0x40, 0xa, 0xa2, 0xcf, 0xe7, 0x6d,
    0x1, 0xf2, 0xd9, 0x9, 0x91, 0xf1, 0x4d, 0x1f,
    0x20, 0xa8, 0xf, 0x15, 0xc0, 0xf4, 0xe, 0x94,
    0xe0, 0x4e, 0x7, 0xfe, 0x7e, 0xf5, 0x0, 0xf4,
    0x0, 0x0, 0x0, 0x0, 0x7, 0xe5, 0x0, 0x28,
    0x0, 0x0, 0x6, 0xdf, 0xff, 0xb0, 0x0, 0x0,
    0x0, 0x11, 0x0, 0x0, 0x0,

    /* U+0041 "A" */
    0x0, 0x1f, 0xf1, 0x0, 0x0, 0x6, 0xfe, 0x70,
    0x0, 0x0, 0xba, 0x9c, 0x0, 0x0, 0x1f, 0x53,
    0xf2, 0x0, 0x7, 0xf2, 0x1e, 0x80, 0x0, 0xcf,
    0xff, 0xfd, 0x0, 0x2f, 0x84, 0x47, 0xf3, 0x7,
    0xf1, 0x0, 0xf, 0x80, 0xdd, 0x0, 0x0, 0xce,
    0x0,

    /* U+0042 "B" */
    0xef, 0xff, 0xc3, 0xe, 0xc5, 0x7e, 0xe0, 0xea,
    0x0, 0x8f, 0x1e, 0xb1, 0x2c, 0xd0, 0xef, 0xff,
    0xf4, 0xe, 0xc4, 0x4c, 0xf1, 0xea, 0x0, 0x5f,
    0x5e, 0xc6, 0x6d, 0xf2, 0xef, 0xff, 0xd5, 0x0,

    /* U+0043 "C" */
    0x0, 0x5d, 0xfe, 0xb1, 0x6, 0xfc, 0x68, 0xb0,
    0xe, 0xc0, 0x0, 0x0, 0x3f, 0x70, 0x0, 0x0,
    0x4f, 0x50, 0x0, 0x0, 0x3f, 0x70, 0x0, 0x0,
    0xf, 0xc0, 0x0, 0x0, 0x8, 0xfb, 0x67, 0x90,
    0x0, 0x7d, 0xfe, 0xa0,

    /* U+0044 "D" */
    0xef, 0xff, 0xb3, 0x0, 0xec, 0x57, 0xdf, 0x40,
    0xea, 0x0, 0x1e, 0xd0, 0xea, 0x0, 0x9, 0xf1,
    0xea, 0x0, 0x8, 0xf2, 0xea, 0x0, 0xa, 0xf0,
    0xea, 0x0, 0x1e, 0xc0, 0xec, 0x67, 0xef, 0x30,
    0xef, 0xfe, 0xa3, 0x0,

    /* U+0045 "E" */
    0xef, 0xff, 0xfe, 0xc6, 0x65, 0xea, 0x0, 0xe,
    0xb1, 0x11, 0xef, 0xff, 0xce, 0xc4, 0x43, 0xea,
    0x0, 0xe, 0xc6, 0x66, 0xef, 0xff, 0xf0,

    /* U+0046 "F" */
    0xef, 0xff, 0xfe, 0xc6, 0x65, 0xea, 0x0, 0xe,
    0xb1, 0x11, 0xef, 0xff, 0xce, 0xc4, 0x43, 0xea,
    0x0, 0xe, 0xa0, 0x0, 0xea, 0x0, 0x0,

    /* U+0047 "G" */
    0x0, 0x4c, 0xff, 0xd6, 0x5, 0xfd, 0x76, 0x94,
    0xe, 0xd0, 0x0, 0x0, 0x3f, 0x70, 0x1, 0x11,
    0x4f, 0x50, 0x7f, 0xfc, 0x3f, 0x60, 0x24, 0xdc,
    0xf, 0xc0, 0x0, 0xcc, 0x7, 0xfc, 0x66, 0xec,
    0x0, 0x6d, 0xff, 0xd7,

    /* U+0048 "H" */
    0xea, 0x0, 0x9, 0xfe, 0xa0, 0x0, 0x9f, 0xea,
    0x0, 0x9, 0xfe, 0xb1, 0x11, 0xaf, 0xef, 0xff,
    0xff, 0xfe, 0xc4, 0x44, 0xbf, 0xea, 0x0, 0x9,
    0xfe, 0xa0, 0x0, 0x9f, 0xea, 0x0, 0x9, 0xf0,

    /* U+0049 "I" */
    0x9f, 0xff, 0x0, 0xaf, 0x20, 0x8, 0xf0, 0x0,
    0x8f, 0x0, 0x8, 0xf0, 0x0, 0x8f, 0x0, 0x8,
    0xf0, 0x0, 0xaf, 0x20, 0x9f, 0xff, 0x0,

    /* U+004A "J" */
    0x0, 0xea, 0x0, 0xea, 0x0, 0xea, 0x0, 0xea,
    0x0, 0xea, 0x0, 0xea, 0x0, 0xea, 0x0, 0xea,
    0x0, 0xea, 0x24, 0xf8, 0xef, 0xe1, 0x34, 0x0,

    /* U+004B "K" */
    0xea, 0x0, 0x6f, 0x5e, 0xa0, 0x3f, 0x80, 0xea,
    0x1e, 0xb0, 0xe, 0xbc, 0xe1, 0x0, 0xef, 0xfe,
    0x0, 0xe, 0xd5, 0xf9, 0x0, 0xea, 0x9, 0xf3,
    0xe, 0xa0, 0x1e, 0xd0, 0xea, 0x0, 0x5f, 0x70,

    /* U+004C "L" */
    0xea, 0x0, 0x0, 0xea, 0x0, 0x0, 0xea, 0x0,
    0x0, 0xea, 0x0, 0x0, 0xea, 0x0, 0x0, 0xea,
    0x0, 0x0, 0xea, 0x0, 0x0, 0xec, 0x66, 0x61,
    0xef, 0xff, 0xf3,

    /* U+004D "M" */
    0xef, 0x70, 0x0, 0x4f, 0xf1, 0xef, 0xc0, 0x0,
    0x9f, 0xf1, 0xeb, 0xf1, 0x0, 0xeb, 0xf1, 0xe8,
    0xe6, 0x4, 0xf7, 0xf1, 0xe8, 0xab, 0x9, 0xa6,
    0xf1, 0xe8, 0x5f, 0x1e, 0x56, 0xf1, 0xe8, 0xf,
    0x9f, 0x6, 0xf1, 0xe8, 0xb, 0xfa, 0x6, 0xf1,
    0xe8, 0x6, 0xf5, 0x6, 0xf1,

    /* U+004E "N" */
    0xef, 0x50, 0x0, 0xf7, 0xef, 0xe0, 0x0, 0xf7,
    0xea, 0xf7, 0x0, 0xf7, 0xe7, 0xaf, 0x10, 0xf7,
    0xe8, 0x2f, 0xa0, 0xf7, 0xe8, 0x8, 0xf3, 0xf7,
    0xe8, 0x0, 0xec, 0xe7, 0xe8, 0x0, 0x6f, 0xf7,
    0xe8, 0x0, 0xc, 0xf7,

    /* U+004F "O" */
    0x0, 0x6d, 0xff, 0xa2, 0x0, 0x7f, 0xb6, 0x8e,
    0xe1, 0xf, 0xc0, 0x0, 0x4f, 0x73, 0xf7, 0x0,
    0x0, 0xfb, 0x4f, 0x50, 0x0, 0xe, 0xc3, 0xf7,
    0x0, 0x0, 0xfb, 0xf, 0xc0, 0x0, 0x4f, 0x70,
    0x7f, 0xc6, 0x8f, 0xe1, 0x0, 0x6d, 0xff, 0xa2,
    0x0,

    /* U+0050 "P" */
    0xef, 0xfe, 0xa1, 0xec, 0x58, 0xfa, 0xea, 0x0,
    0xcd, 0xeb, 0x14, 0xfb, 0xef, 0xff, 0xd2, 0xec,
    0x43, 0x0, 0xea, 0x0, 0x0, 0xea, 0x0, 0x0,
    0xea, 0x0, 0x0,

    /* U+0051 "Q" */
    0x0, 0x6d, 0xff, 0xa2, 0x0, 0x7f, 0xb6, 0x8e,
    0xe1, 0xf, 0xc0, 0x0, 0x4f, 0x73, 0xf7, 0x0,
    0x0, 0xfb, 0x4f, 0x50, 0x0, 0xe, 0xc3, 0xf7,
    0x0, 0x0, 0xfb, 0xf, 0xc0, 0x0, 0x4f, 0x70,
    0x7f, 0xc6, 0x8f, 0xe1, 0x0, 0x6d, 0xff, 0xd2,
    0x0, 0x0, 0x0, 0xaf, 0x40, 0x0, 0x0, 0x0,
    0xdf, 0x30,

    /* U+0052 "R" */
    0xef, 0xfe, 0xa1, 0xe, 0xc6, 0x8f, 0xa0, 0xea,
    0x0, 0xcd, 0xe, 0xb1, 0x4f, 0xa0, 0xef, 0xff,
    0xb1, 0xe, 0xc4, 0xea, 0x0, 0xea, 0x6, 0xf3,
    0xe, 0xa0, 0xd, 0xc0, 0xea, 0x0, 0x5f, 0x60,

    /* U+0053 "S" */
    0x5, 0xdf, 0xe9, 0x2, 0xfb, 0x68, 0x80, 0x4f,
    0x40, 0x0, 0x1, 0xfd, 0x40, 0x0, 0x3, 0xdf,
    0xc2, 0x0, 0x0, 0x5e, 0xd0, 0x0, 0x0, 0x8f,
    0x16, 0xa6, 0x6e, 0xd0, 0x3d, 0xff, 0xb2, 0x0,

    /* U+0054 "T" */
    0xcf, 0xff, 0xff, 0xa5, 0x69, 0xf8, 0x64, 0x0,
    0x5f, 0x30, 0x0, 0x5, 0xf3, 0x0, 0x0, 0x5f,
    0x30, 0x0, 0x5, 0xf3, 0x0, 0x0, 0x5f, 0x30,
    0x0, 0x5, 0xf3, 0x0, 0x0, 0x5f, 0x30, 0x0,

    /* U+0055 "U" */
    0xf9, 0x0, 0xa, 0xff, 0x90, 0x0, 0xaf, 0xf9,
    0x0, 0xa, 0xff, 0x90, 0x0, 0xaf, 0xf9, 0x0,
    0xa, 0xff, 0x90, 0x0, 0xaf, 0xdc, 0x0, 0xc,
    0xd8, 0xfa, 0x6a, 0xf7, 0x8, 0xef, 0xe7, 0x0,

    /* U+0056 "V" */
    0xdb, 0x0, 0x2, 0xf6, 0x8f, 0x10, 0x7, 0xf1,
    0x2f, 0x50, 0xc, 0xc0, 0xd, 0xa0, 0x1f, 0x70,
    0x8, 0xf0, 0x6f, 0x10, 0x3, 0xf5, 0xbc, 0x0,
    0x0, 0xd9, 0xf7, 0x0, 0x0, 0x8f, 0xf1, 0x0,
    0x0, 0x3f, 0xc0, 0x0,

    /* U+0057 "W" */
    0xdb, 0x0, 0x2f, 0x90, 0x4, 0xf4, 0x9f, 0x0,
    0x7f, 0xd0, 0x8, 0xf0, 0x5f, 0x30, 0xbc, 0xf2,
    0xb, 0xc0, 0x1f, 0x60, 0xf6, 0xf6, 0xf, 0x80,
    0xd, 0xa3, 0xf2, 0xba, 0x3f, 0x40, 0x9, 0xd7,
    0xe0, 0x7e, 0x6f, 0x0, 0x5, 0xfb, 0xa0, 0x3f,
    0xbc, 0x0, 0x1, 0xff, 0x60, 0xe, 0xf9, 0x0,
    0x0, 0xef, 0x20, 0xa, 0xf5, 0x0,

    /* U+0058 "X" */
    0x8f, 0x30, 0x8, 0xf2, 0xd, 0xc0, 0x1f, 0x80,
    0x4, 0xf5, 0xae, 0x0, 0x0, 0xae, 0xf5, 0x0,
    0x0, 0x4f, 0xe0, 0x0, 0x0, 0xdd, 0xf7, 0x0,
    0x7, 0xf2, 0x9f, 0x20, 0x1f, 0x90, 0x1e, 0xb0,
    0xae, 0x10, 0x6, 0xf5,

    /* U+0059 "Y" */
    0xbe, 0x0, 0xa, 0xf1, 0x3f, 0x60, 0x2f, 0x70,
    0xb, 0xe0, 0xae, 0x0, 0x3, 0xf9, 0xf7, 0x0,
    0x0, 0xbf, 0xe0, 0x0, 0x0, 0x3f, 0x70, 0x0,
    0x0, 0x2f, 0x60, 0x0, 0x0, 0x2f, 0x60, 0x0,
    0x0, 0x2f, 0x60, 0x0,

    /* U+005A "Z" */
    0x8f, 0xff, 0xff, 0x73, 0x66, 0x6c, 0xf3, 0x0,
    0x2, 0xf8, 0x0, 0x0, 0xcd, 0x0, 0x0, 0x7f,
    0x30, 0x0, 0x2f, 0x90, 0x0, 0xc, 0xe0, 0x0,
    0x6, 0xfa, 0x66, 0x63, 0xaf, 0xff, 0xff, 0x90,

    /* U+005B "[" */
    0x2f, 0xfa, 0x2f, 0x61, 0x2f, 0x40, 0x2f, 0x40,
    0x2f, 0x40, 0x2f, 0x40, 0x2f, 0x40, 0x2f, 0x40,
    0x2f, 0x40, 0x2f, 0x40, 0x2f, 0xfa, 0x2, 0x21,

    /* U+005C "\\" */
    0xbb, 0x0, 0x6, 0xf1, 0x0, 0x1f, 0x60, 0x0,
    0xac, 0x0, 0x5, 0xf1, 0x0, 0xf, 0x70, 0x0,
    0x9d, 0x0, 0x4, 0xf2, 0x0, 0xe, 0x80,

    /* U+005D "]" */
    0xbf, 0xf1, 0x16, 0xf1, 0x4, 0xf1, 0x4, 0xf1,
    0x4, 0xf1, 0x4, 0xf1, 0x4, 0xf1, 0x4, 0xf1,
    0x4, 0xf1, 0x4, 0xf1, 0xbf, 0xf1, 0x12, 0x20,

    /* U+005E "^" */
    0x0, 0x5e, 0x0, 0x0, 0xb, 0xf5, 0x0, 0x2,
    0xe5, 0xd0, 0x0, 0x99, 0xd, 0x50, 0x1f, 0x20,
    0x6c, 0x7, 0xc0, 0x0, 0xe4,

    /* U+005F "_" */
    0xd, 0xdd, 0xdd, 0x10,

    /* U+0060 "`" */
    0x3f, 0x90, 0x3, 0xe4,

    /* U+0061 "a" */
    0x7, 0xef, 0xe5, 0x0, 0x56, 0x4c, 0xf0, 0x0,
    0x0, 0x6f, 0x20, 0x9e, 0xff, 0xf2, 0x6f, 0x60,
    0x6f, 0x26, 0xf5, 0x2c, 0xf2, 0x1b, 0xfe, 0x6f,
    0x20,

    /* U+0062 "b" */
    0xf, 0x80, 0x0, 0x0, 0xf8, 0x0, 0x0, 0xf,
    0x80, 0x0, 0x0, 0xf9, 0xdf, 0xb1, 0xf, 0xf6,
    0x7f, 0x90, 0xf9, 0x0, 0xcd, 0xf, 0x80, 0xa,
    0xf0, 0xfa, 0x0, 0xcd, 0xf, 0xe6, 0x7f, 0x90,
    0xf5, 0xcf, 0xb1,

    /* U+0063 "c" */
    0x3, 0xcf, 0xe6, 0xe, 0xd6, 0x73, 0x5f, 0x40,
    0x0, 0x6f, 0x20, 0x0, 0x5f, 0x40, 0x0, 0x1f,
    0xd6, 0x75, 0x4, 0xdf, 0xe5,

    /* U+0064 "d" */
    0x0, 0x0, 0xf, 0x90, 0x0, 0x0, 0xf9, 0x0,
    0x0, 0xf, 0x90, 0x5e, 0xf8, 0xe9, 0x1f, 0xd5,
    0xaf, 0x95, 0xf4, 0x0, 0xf9, 0x6f, 0x20, 0xe,
    0x95, 0xf4, 0x0, 0xf9, 0x1f, 0xc5, 0x9f, 0x90,
    0x5e, 0xf8, 0xc9,

    /* U+0065 "e" */
    0x3, 0xcf, 0xd4, 0x0, 0xec, 0x3a, 0xf1, 0x5f,
    0x40, 0x2f, 0x56, 0xff, 0xff, 0xf7, 0x5f, 0x52,
    0x22, 0x10, 0xec, 0x44, 0x71, 0x3, 0xcf, 0xfc,
    0x0,

    /* U+0066 "f" */
    0x2, 0xdf, 0xc0, 0xaf, 0x54, 0xb, 0xc0, 0x9,
    0xff, 0xf6, 0x3d, 0xd4, 0x10, 0xcc, 0x0, 0xc,
    0xc0, 0x0, 0xcc, 0x0, 0xc, 0xc0, 0x0, 0xcc,
    0x0,

    /* U+0067 "g" */
    0x5, 0xef, 0x8c, 0x91, 0xfd, 0x6a, 0xf9, 0x5f,
    0x40, 0xf, 0x96, 0xf2, 0x0, 0xe9, 0x5f, 0x40,
    0xf, 0x91, 0xfc, 0x49, 0xf9, 0x5, 0xef, 0x8f,
    0x90, 0x0, 0x0, 0xf8, 0x9, 0x43, 0x9f, 0x40,
    0xbf, 0xfe, 0x70,

    /* U+0068 "h" */
    0xf, 0x80, 0x0, 0x0, 0xf8, 0x0, 0x0, 0xf,
    0x80, 0x0, 0x0, 0xf9, 0xcf, 0xc2, 0xf, 0xf7,
    0x6f, 0xa0, 0xfa, 0x0, 0xcc, 0xf, 0x80, 0xb,
    0xc0, 0xf8, 0x0, 0xbc, 0xf, 0x80, 0xb, 0xc0,
    0xf8, 0x0, 0xbc,

    /* U+0069 "i" */
    0xe, 0x70, 0x94, 0x0, 0x0, 0xf8, 0xf, 0x80,
    0xf8, 0xf, 0x80, 0xf8, 0xf, 0x80, 0xf8,

    /* U+006A "j" */
    0x0, 0xe7, 0x0, 0x94, 0x0, 0x0, 0x0, 0xf8,
    0x0, 0xf8, 0x0, 0xf8, 0x0, 0xf8, 0x0, 0xf8,
    0x0, 0xf8, 0x0, 0xf8, 0x0, 0xf8, 0x48, 0xf6,
    0xaf, 0xb0,

    /* U+006B "k" */
    0xf, 0x80, 0x0, 0x0, 0xf, 0x80, 0x0, 0x0,
    0xf, 0x80, 0x0, 0x0, 0xf, 0x80, 0x4f, 0x70,
    0xf, 0x83, 0xf9, 0x0, 0xf, 0x9e, 0xb0, 0x0,
    0xf, 0xff, 0xa0, 0x0, 0xf, 0xb7, 0xf5, 0x0,
    0xf, 0x80, 0xbe, 0x10, 0xf, 0x80, 0x2f, 0xb0,

    /* U+006C "l" */
    0xf, 0x80, 0xf8, 0xf, 0x80, 0xf8, 0xf, 0x80,
    0xf8, 0xf, 0x80, 0xf8, 0xf, 0x80, 0xf8,

    /* U+006D "m" */
    0xf, 0x6d, 0xfc, 0x3c, 0xfc, 0x10, 0xff, 0x68,
    0xff, 0x77, 0xf8, 0xf, 0xa0, 0xf, 0xb0, 0xe,
    0xa0, 0xf8, 0x0, 0xf9, 0x0, 0xea, 0xf, 0x80,
    0xf, 0x90, 0xe, 0xa0, 0xf8, 0x0, 0xf9, 0x0,
    0xea, 0xf, 0x80, 0xf, 0x90, 0xe, 0xa0,

    /* U+006E "n" */
    0xf, 0x6c, 0xfc, 0x20, 0xff, 0x76, 0xfa, 0xf,
    0xa0, 0xc, 0xc0, 0xf8, 0x0, 0xbc, 0xf, 0x80,
    0xb, 0xc0, 0xf8, 0x0, 0xbc, 0xf, 0x80, 0xb,
    0xc0,

    /* U+006F "o" */
    0x3, 0xcf, 0xe6, 0x0, 0xed, 0x59, 0xf5, 0x5f,
    0x40, 0xe, 0xb6, 0xf2, 0x0, 0xcc, 0x5f, 0x40,
    0xe, 0xb0, 0xed, 0x59, 0xf5, 0x2, 0xcf, 0xe7,
    0x0,

    /* U+0070 "p" */
    0xf, 0x7c, 0xfb, 0x10, 0xff, 0x67, 0xf9, 0xf,
    0x90, 0xc, 0xd0, 0xf8, 0x0, 0xaf, 0xf, 0xa0,
    0xc, 0xd0, 0xff, 0x67, 0xf8, 0xf, 0xad, 0xfb,
    0x0, 0xf8, 0x0, 0x0, 0xf, 0x80, 0x0, 0x0,
    0xf8, 0x0, 0x0,

    /* U+0071 "q" */
    0x5, 0xef, 0x8d, 0x91, 0xfd, 0x5a, 0xf9, 0x5f,
    0x40, 0xf, 0x96, 0xf2, 0x0, 0xe9, 0x5f, 0x40,
    0xf, 0x91, 0xfc, 0x49, 0xf9, 0x5, 0xef, 0x8f,
    0x90, 0x0, 0x0, 0xf9, 0x0, 0x0, 0xf, 0x90,
    0x0, 0x0, 0xf9,

    /* U+0072 "r" */
    0xf, 0x4b, 0xf0, 0xf, 0xec, 0x80, 0xf, 0xb0,
    0x0, 0xf, 0x80, 0x0, 0xf, 0x80, 0x0, 0xf,
    0x80, 0x0, 0xf, 0x80, 0x0,

    /* U+0073 "s" */
    0xa, 0xff, 0xc2, 0x6f, 0x64, 0x80, 0x4f, 0xa2,
    0x0, 0x7, 0xef, 0xa0, 0x0, 0x8, 0xf5, 0x46,
    0x37, 0xf5, 0x4e, 0xfe, 0x90,

    /* U+0074 "t" */
    0x3, 0x50, 0x0, 0xaa, 0x0, 0x8f, 0xff, 0x83,
    0xeb, 0x42, 0xe, 0xa0, 0x0, 0xea, 0x0, 0xe,
    0xa0, 0x0, 0xce, 0x53, 0x4, 0xef, 0x70,

    /* U+0075 "u" */
    0x1f, 0x70, 0xc, 0xc1, 0xf7, 0x0, 0xcc, 0x1f,
    0x70, 0xc, 0xc1, 0xf7, 0x0, 0xcc, 0x1f, 0x70,
    0xe, 0xc0, 0xfd, 0x37, 0xfc, 0x5, 0xef, 0xba,
    0xc0,

    /* U+0076 "v" */
    0xdc, 0x0, 0x3f, 0x67, 0xf1, 0x8, 0xf1, 0x1f,
    0x60, 0xdb, 0x0, 0xcc, 0x2f, 0x50, 0x6, 0xf8,
    0xf0, 0x0, 0x1f, 0xea, 0x0, 0x0, 0xbf, 0x40,
    0x0,

    /* U+0077 "w" */
    0xbc, 0x0, 0xff, 0x0, 0xcb, 0x7f, 0x3, 0xef,
    0x30, 0xf7, 0x3f, 0x47, 0xbb, 0x74, 0xf3, 0xf,
    0x8b, 0x78, 0xb8, 0xe0, 0xb, 0xbf, 0x44, 0xfb,
    0xa0, 0x7, 0xff, 0x0, 0xff, 0x60, 0x2, 0xfc,
    0x0, 0xcf, 0x20,

    /* U+0078 "x" */
    0x7f, 0x40, 0x8f, 0x30, 0xdd, 0x2f, 0x90, 0x3,
    0xfe, 0xe0, 0x0, 0xc, 0xf8, 0x0, 0x5, 0xfd,
    0xf1, 0x0, 0xec, 0x1e, 0xa0, 0x9f, 0x20, 0x6f,
    0x50,

    /* U+0079 "y" */
    0xdd, 0x0, 0x3f, 0x67, 0xf2, 0x8, 0xf1, 0x1f,
    0x80, 0xdb, 0x0, 0xad, 0x2f, 0x50, 0x4, 0xf9,
    0xf0, 0x0, 0xe, 0xfa, 0x0, 0x0, 0x8f, 0x40,
    0x0, 0x9, 0xe0, 0x0, 0x37, 0xf8, 0x0, 0xa,
    0xfa, 0x0, 0x0,

    /* U+007A "z" */
    0x7f, 0xff, 0xf4, 0x14, 0x4c, 0xf1, 0x0, 0x4f,
    0x50, 0x0, 0xeb, 0x0, 0x9, 0xe1, 0x0, 0x4f,
    0x94, 0x41, 0xaf, 0xff, 0xf6,

    /* U+007B "{" */
    0x0, 0xaf, 0x30, 0x3f, 0x70, 0x4, 0xf1, 0x0,
    0x4f, 0x10, 0x19, 0xf0, 0xc, 0xf6, 0x0, 0x3b,
    0xe0, 0x0, 0x4f, 0x10, 0x4, 0xf1, 0x0, 0x4f,
    0x40, 0x0, 0xdf, 0x30, 0x0, 0x20,

    /* U+007C "|" */
    0x4e, 0x4e, 0x4e, 0x4e, 0x4e, 0x4e, 0x4e, 0x4e,
    0x4e, 0x4e, 0x4e, 0x4e, 0x4e,

    /* U+007D "}" */
    0x8e, 0x60, 0x2, 0xbe, 0x0, 0x6, 0xf0, 0x0,
    0x6f, 0x0, 0x5, 0xf4, 0x0, 0xa, 0xf7, 0x4,
    0xf7, 0x10, 0x6f, 0x0, 0x6, 0xf0, 0x0, 0x9e,
    0x0, 0x9f, 0x90, 0x1, 0x10, 0x0,

    /* U+007E "~" */
    0x0, 0x0, 0x0, 0x2, 0xde, 0x81, 0x44, 0x65,
    0x5c, 0xfe, 0x20, 0x0, 0x2, 0x0,

    /* U+0600 "؀" */
    0x0, 0x0, 0x0, 0x0, 0x0, 0x0, 0x0, 0x10,
    0x0, 0x0, 0x0, 0x0, 0x0, 0x0, 0x0, 0x4e,
    0x10, 0x0, 0x0, 0x0, 0x0, 0x0, 0x0, 0x8,
    0xc0, 0x4, 0xff, 0xff, 0xff, 0xff, 0xff, 0xff,
    0xff, 0xf0, 0x2, 0x33, 0x33, 0x33, 0x33, 0x33,
    0x33, 0x33, 0x0,

    /* U+0601 "؁" */
    0x0, 0x0, 0x0, 0x0, 0x0, 0x0, 0x0, 0x0,
    0x0, 0x98, 0x6f, 0xd2, 0xba, 0x1, 0x35, 0x8a,
    0xce, 0xf9, 0x8f, 0xd2, 0x8f, 0xdd, 0xff, 0xfd,
    0xa6, 0x30, 0xaa, 0x2, 0x0, 0x2, 0x0, 0x32,
    0x0, 0x0, 0x0, 0x70,

    /* U+0602 "؂" */
    0x0, 0x0, 0x0, 0x0, 0x0, 0x0, 0x0, 0x0,
    0xbf, 0xd2, 0x0, 0x0, 0x0, 0x0, 0x0, 0x5f,
    0x5b, 0xd0, 0x0, 0x0, 0x0, 0x0, 0x5, 0xf5,
    0x3f, 0x40, 0x0, 0x0, 0x0, 0x0, 0xb, 0xff,
    0xff, 0xff, 0xff, 0xff, 0xff, 0x20, 0x1, 0x33,
    0x33, 0x33, 0x33, 0x33, 0x20,

    /* U+0603 "؃" */
    0x0, 0x0, 0x0, 0x0, 0x0, 0x0, 0x0, 0x0,
    0x0, 0x0, 0x0, 0x0, 0x0, 0x0, 0x0, 0x0,
    0x0, 0x7, 0xa0, 0x8f, 0xfb, 0x10, 0x0, 0x0,
    0x0, 0x0, 0x0, 0x0, 0xa, 0xeb, 0xb4, 0x6f,
    0xa0, 0x0, 0x0, 0x0, 0x0, 0x0, 0x0, 0xa,
    0xfa, 0x0, 0x9, 0xf0, 0x0, 0x0, 0x0, 0x0,
    0x0, 0x0, 0xa, 0xf1, 0x0, 0x7, 0xf1, 0xaf,
    0xff, 0xff, 0xff, 0xff, 0xff, 0xff, 0xff, 0xff,
    0xff, 0xf1, 0x3, 0x33, 0x33, 0x33, 0x33, 0x33,
    0x33, 0x33, 0x33, 0x33, 0x30,

    /* U+0604 "؄" */
    0x0, 0x0, 0x0, 0x0, 0x0, 0x0, 0x0, 0x0,
    0x0, 0x0, 0x0, 0x0, 0x0, 0x7a, 0x0, 0x0,
    0x0, 0x0, 0x0, 0x0, 0x0, 0x0, 0x1, 0x0,
    0x0, 0x3c, 0x20, 0xad, 0x0, 0x0, 0x0, 0x0,
    0x0, 0x0, 0x0, 0x2, 0xcf, 0xd2, 0x0, 0x5f,
    0x30, 0xad, 0x0, 0x0, 0x0, 0x0, 0x0, 0x0,
    0x0, 0xd, 0xc5, 0xdc, 0x0, 0x5f, 0x30, 0xad,
    0x0, 0x0, 0x0, 0x0, 0x0, 0x0, 0x0, 0x2f,
    0x50, 0x2f, 0x91, 0xaf, 0x81, 0xad, 0x0, 0x0,
    0x0, 0x0, 0x0, 0x0, 0x0, 0xd, 0xd1, 0x5,
    0xff, 0xf9, 0xef, 0xfd, 0x1, 0x11, 0x11, 0x11,
    0x11, 0x11, 0x11, 0x12, 0xbe, 0x50, 0x13, 0x10,
    0x3, 0x33, 0x5f, 0xff, 0xff, 0xff, 0xff, 0xff,
    0xff, 0xff, 0xff, 0xf2, 0x0, 0x0, 0x0, 0x0,
    0x4, 0x44, 0x44, 0x44, 0x44, 0x44, 0x44, 0x44,
    0x44, 0x30, 0x0, 0x0, 0x0, 0x0,

    /* U+0605 "؅" */
    0x0, 0x0, 0x0, 0x0, 0x0, 0x0, 0x0, 0x0,
    0x0, 0x0, 0xc, 0xfc, 0x73, 0x21, 0x11, 0x11,
    0x11, 0x24, 0x7a, 0xe6, 0x3f, 0x57, 0xbe, 0xff,
    0xff, 0xff, 0xff, 0xff, 0xdb, 0x93, 0x15, 0x0,
    0x0, 0x12, 0x44, 0x44, 0x32, 0x10, 0x0, 0x0,

    /* U+0606 "؆" */
    0x0, 0x0, 0x0, 0x0, 0x54, 0x9c, 0xc1, 0x0,
    0x8e, 0x4c, 0x20, 0x0, 0x2f, 0x4d, 0x0, 0x0,
    0xb, 0xa2, 0x5f, 0xf4, 0x5, 0xf1, 0xd8, 0x20,
    0x0, 0xfc, 0xe0, 0x0, 0x0, 0x9f, 0x70, 0x0,
    0x0, 0x3e, 0x0, 0x0, 0x0, 0x4, 0x0, 0x0,

    /* U+0607 "؇" */
    0x0, 0x2, 0x70, 0x0, 0x43, 0xd, 0x50, 0x0,
    0x8d, 0x2b, 0x30, 0x0, 0x2f, 0x6c, 0xc0, 0x0,
    0xc, 0xa0, 0x5f, 0xf4, 0x6, 0xf1, 0xd8, 0x20,
    0x0, 0xfc, 0xe0, 0x0, 0x0, 0x9f, 0x70, 0x0,
    0x0, 0x3e, 0x0, 0x0, 0x0, 0x4, 0x0, 0x0,

    /* U+0608 "؈" */
    0x0, 0x0, 0x0, 0x0, 0x0, 0x0, 0x0, 0x0,
    0x0, 0x1, 0xaf, 0xff, 0x40, 0x0, 0x0, 0x0,
    0xbf, 0x67, 0xf4, 0x5, 0xff, 0xe0, 0xf, 0x80,
    0x4f, 0x40, 0x13, 0xcb, 0x1, 0xf8, 0x4, 0xf4,
    0x0, 0xf, 0x80, 0xc, 0xe6, 0x7f, 0x73, 0x2,
    0xf6, 0x0, 0x2b, 0xff, 0xff, 0xc0, 0x1f, 0x80,
    0x0, 0x0, 0x5f, 0x30, 0x0, 0xce, 0x30, 0x0,
    0x2c, 0xf0, 0x0, 0x2, 0xdf, 0xff, 0xff, 0xe4,
    0x0, 0x0, 0x0, 0x23, 0x33, 0x20, 0x0, 0x0,

    /* U+0609 "؉" */
    0x1, 0x10, 0x2f, 0x20, 0x0, 0xd9, 0xa, 0x90,
    0x0, 0x4, 0x23, 0xe1, 0x0, 0x0, 0x0, 0xd6,
    0x0, 0x0, 0x0, 0x6d, 0x0, 0x0, 0x0, 0xe,
    0x41, 0x10, 0x10, 0x8, 0xb0, 0xad, 0x3f, 0x32,
    0xf2, 0x3, 0x31, 0x40,

    /* U+060A "؊" */
    0x1, 0x10, 0x2f, 0x20, 0x0, 0x0, 0xd9, 0xa,
    0x90, 0x0, 0x0, 0x4, 0x23, 0xe1, 0x0, 0x0,
    0x0, 0x0, 0xd6, 0x0, 0x0, 0x0, 0x0, 0x6d,
    0x0, 0x0, 0x0, 0x0, 0xe, 0x41, 0x10, 0x10,
    0x11, 0x8, 0xb0, 0xad, 0x3f, 0x3d, 0x92, 0xf2,
    0x3, 0x31, 0x40, 0x32,

    /* U+060B "؋" */
    0x0, 0x0, 0x64, 0x0, 0x0, 0x0, 0xb7, 0x0,
    0x0, 0x0, 0x0, 0x0, 0x0, 0x8, 0xef, 0xf7,
    0x0, 0x8f, 0x84, 0xf7, 0x0, 0xdc, 0x1, 0xf7,
    0x0, 0xdb, 0x1, 0xf7, 0x4, 0xaf, 0x75, 0xf7,
    0x2f, 0xff, 0xff, 0xf7, 0x0, 0x0, 0x0, 0x0,
    0x0, 0x0, 0x83, 0x0, 0x0, 0x0, 0x83, 0x0,
    0x0, 0x0, 0x21, 0x0,

    /* U+060C "،" */
    0x5, 0xc0, 0xc9, 0x1f, 0x60,

    /* U+060D "؍" */
    0x0, 0x13, 0x6, 0xfe, 0x1f, 0x50, 0x8b, 0x0,
    0x23, 0x0,

    /* U+060E "؎" */
    0x0, 0x0, 0x0, 0x0, 0x0, 0x0, 0x0, 0x2d,
    0xfb, 0x0, 0x0, 0x0, 0x0, 0x0, 0x9d, 0x4d,
    0xa0, 0x0, 0x0, 0x0, 0x0, 0x8e, 0x68, 0xf4,
    0x44, 0x44, 0x44, 0x44, 0x1a, 0xef, 0xff, 0xff,
    0xff, 0xff, 0xfb,

    /* U+060F "؏" */
    0x0, 0x0, 0x0, 0x0, 0x0, 0x9, 0xff, 0xe1,
    0x0, 0x9f, 0x64, 0x60, 0x0, 0xdb, 0x0, 0x0,
    0x0, 0xad, 0x17, 0x40, 0x0, 0x1e, 0xfd, 0x50,
    0x0, 0x8f, 0x50, 0x0, 0x1, 0xfc, 0xdf, 0xa0,
    0x4, 0xfd, 0x43, 0xf5, 0x7, 0xfa, 0x13, 0xf5,
    0xc, 0x8f, 0xff, 0xa0, 0x0, 0x1, 0x31, 0x0,

    /* U+0610 "ؐ" */
    0x56, 0x5b, 0x77, 0x10, 0x0,

    /* U+0611 "ؑ" */
    0x17, 0x1a, 0x82, 0x0, 0x0,

    /* U+0612 "ؒ" */
    0x78, 0x6, 0x7, 0x39, 0x86, 0x49, 0x50, 0x83,

    /* U+0613 "ؓ" */
    0x0, 0x0, 0x3, 0x4, 0x84, 0x69, 0xa7, 0x79,
    0x10, 0x65,

    /* U+0614 "ؔ" */
    0x1, 0x32, 0x57, 0x91, 0x0, 0x0,

    /* U+0615 "ؕ" */
    0x10, 0xa, 0x0, 0xb8, 0x6c, 0xa9,

    /* U+0616 "ؖ" */
    0x1, 0x10, 0x9, 0x91, 0x9, 0x91, 0x79, 0x81,
    0xbb, 0xb7,

    /* U+0617 "ؗ" */
    0x16, 0x17, 0x29, 0xa4,

    /* U+0618 "ؘ" */
    0x57, 0x40,

    /* U+0619 "ؙ" */
    0x7, 0x60, 0xa9, 0x89, 0x10,

    /* U+061A "ؚ" */
    0x77, 0x10,

    /* U+061B "؛" */
    0x5, 0xe0, 0xb, 0xb0, 0xe, 0x70, 0x0, 0x0,
    0x0, 0x0, 0x0, 0x0, 0x2d, 0x50, 0x3f, 0x60,

    /* U+061C "؜" */

    /* U+061D "؝" */
    0x0, 0x1, 0x0, 0x6, 0xff, 0xc1, 0x1f, 0x95,
    0xea, 0x3f, 0x10, 0x32, 0xf, 0x90, 0x0, 0x5,
    0xf2, 0x0, 0x0, 0xb8, 0x0, 0x0, 0x7a, 0x10,
    0x0, 0x6f, 0xf3, 0x0, 0x2d, 0xe1,

    /* U+061E "؞" */
    0x0, 0x0, 0x9, 0x90, 0x57, 0x75, 0xa9, 0x9a,

    /* U+061F "؟" */
    0x0, 0x0, 0x0, 0x6, 0xef, 0xd4, 0x1f, 0x94,
    0x83, 0x2f, 0x40, 0x0, 0xc, 0xd1, 0x0, 0x1,
    0xcd, 0x0, 0x0, 0x2f, 0x30, 0x0, 0x1, 0x0,
    0x0, 0x3d, 0x30, 0x0, 0x4f, 0x40,

    /* U+0620 "ؠ" */
    0x0, 0x0, 0x0, 0x0, 0x10, 0x0, 0x0, 0x0,
    0x4d, 0xfa, 0x0, 0x0, 0x4, 0xfa, 0x54, 0x0,
    0x0, 0xe, 0x90, 0x0, 0x1, 0x10, 0x3f, 0x60,
    0x0, 0xf, 0x60, 0xd, 0xf8, 0x0, 0x2f, 0x50,
    0x1, 0xaf, 0xa0, 0x3f, 0x50, 0x0, 0x7, 0xf4,
    0xf, 0xc1, 0x0, 0x18, 0xf3, 0x6, 0xff, 0xff,
    0xff, 0x90, 0x0, 0x13, 0x33, 0x30, 0x0, 0x0,
    0x3, 0xb8, 0x0, 0x0, 0x0, 0x9, 0x2c, 0x0,
    0x0, 0x0, 0x3, 0xb8, 0x0, 0x0,

    /* U+0621 "ء" */
    0x0, 0x0, 0x0, 0x3, 0xdf, 0xf3, 0xd, 0xd4,
    0x50, 0xd, 0xb0, 0x0, 0x1a, 0xfd, 0xfa, 0x2b,
    0x86, 0x42,

    /* U+0622 "آ" */
    0x7c, 0x28, 0x9, 0x1b, 0x90, 0x5, 0x40, 0x0,
    0xcc, 0x0, 0xc, 0xc0, 0x0, 0xcc, 0x0, 0xc,
    0xc0, 0x0, 0xcc, 0x0, 0xc, 0xc0, 0x0, 0xcc,
    0x0, 0xc, 0xc0, 0x0,

    /* U+0623 "أ" */
    0x9, 0xa0, 0xb, 0x0, 0x1d, 0x92, 0x5, 0x40,
    0xc, 0xc0, 0xc, 0xc0, 0xc, 0xc0, 0xc, 0xc0,
    0xc, 0xc0, 0xc, 0xc0, 0xc, 0xc0, 0xc, 0xc0,

    /* U+0624 "ؤ" */
    0x0, 0x8, 0xa0, 0x0, 0x0, 0xb0, 0x0, 0x0,
    0x1d, 0xa2, 0x0, 0x0, 0x0, 0x0, 0x0, 0x9f,
    0xff, 0x30, 0xbf, 0x67, 0xf3, 0x1f, 0x80, 0x4f,
    0x31, 0xf7, 0x4, 0xf3, 0xe, 0xd5, 0x7f, 0x30,
    0x3d, 0xff, 0xf3, 0x0, 0x0, 0x5f, 0x30, 0x52,
    0x1b, 0xf0, 0xe, 0xff, 0xf5, 0x0, 0x2, 0x30,
    0x0,

    /* U+0625 "إ" */
    0xc, 0xc0, 0xc, 0xc0, 0xc, 0xc0, 0xc, 0xc0,
    0xc, 0xc0, 0xc, 0xc0, 0xc, 0xc0, 0xc, 0xc0,
    0xc, 0xc0, 0xa, 0x90, 0x29, 0x0, 0x3d, 0xa1,
    0x0, 0x0,

    /* U+0626 "ئ" */
    0x0, 0x0, 0x0, 0x0, 0x10, 0x4, 0xa7, 0x0,
    0x4d, 0xf8, 0x7, 0xd9, 0x4, 0xfa, 0x56, 0x0,
    0x0, 0xe, 0x90, 0x0, 0x0, 0x0, 0x3f, 0x60,
    0x0, 0xf, 0x70, 0xd, 0xf8, 0x0, 0x2f, 0x50,
    0x0, 0xaf, 0xa0, 0x3f, 0x50, 0x0, 0x7, 0xf4,
    0xf, 0xc1, 0x0, 0x18, 0xf3, 0x6, 0xff, 0xff,
    0xff, 0x90, 0x0, 0x13, 0x33, 0x30, 0x0,

    /* U+0627 "ا" */
    0xcc, 0xcc, 0xcc, 0xcc, 0xcc, 0xcc, 0xcc, 0xcc,
    0xcc,

    /* U+0628 "ب" */
    0x0, 0x0, 0x0, 0x8, 0xf0, 0x0, 0x0, 0x0,
    0x8, 0xf0, 0xf, 0x60, 0x0, 0x8, 0xf0, 0x3f,
    0x50, 0x0, 0x8, 0xf0, 0x1f, 0xc4, 0x44, 0x4a,
    0xf0, 0x6, 0xef, 0xff, 0xff, 0xf0, 0x0, 0x0,
    0x0, 0x0, 0x0, 0x0, 0x0, 0x9a, 0x0, 0x0,
    0x0, 0x0, 0x55, 0x0, 0x0,

    /* U+0629 "ة" */
    0x3, 0xe4, 0xf2, 0x0, 0x19, 0x19, 0x10, 0x0,
    0x0, 0x0, 0x0, 0x1c, 0xfe, 0x50, 0xc, 0xe4,
    0xaf, 0x22, 0xf6, 0x0, 0xf8, 0x3f, 0x50, 0xf,
    0xa0, 0xfc, 0x58, 0xf6, 0x4, 0xdf, 0xe9, 0x0,

    /* U+062A "ت" */
    0x0, 0x8, 0x28, 0x20, 0x0, 0x0, 0xe, 0x4e,
    0x50, 0x0, 0x0, 0x0, 0x0, 0x7, 0xf0, 0x3,
    0x10, 0x0, 0x8, 0xf0, 0x1f, 0x60, 0x0, 0x8,
    0xf0, 0x3f, 0x50, 0x0, 0x8, 0xf0, 0x1f, 0xc4,
    0x44, 0x4a, 0xf0, 0x6, 0xef, 0xff, 0xff, 0xf0,

    /* U+062B "ث" */
    0x0, 0x0, 0xe3, 0x0, 0x0, 0x0, 0x9, 0x79,
    0x20, 0x0, 0x0, 0xe, 0x4e, 0x40, 0x10, 0x0,
    0x0, 0x0, 0x8, 0xf0, 0x5, 0x20, 0x0, 0x8,
    0xf0, 0x1f, 0x60, 0x0, 0x8, 0xf0, 0x3f, 0x50,
    0x0, 0x8, 0xf0, 0x1f, 0xc4, 0x44, 0x4a, 0xf0,
    0x6, 0xef, 0xff, 0xff, 0xf0,

    /* U+062C "ج" */
    0x0, 0x0, 0x0, 0x0, 0x2b, 0xff, 0xd3, 0x0,
    0x19, 0x45, 0xec, 0x0, 0x0, 0x0, 0x6f, 0x10,
    0x0, 0x0, 0x4f, 0x50, 0x0, 0x7d, 0xfe, 0xe1,
    0xc, 0xd5, 0x1, 0x70, 0x5f, 0x23, 0xf1, 0x0,
    0x6f, 0x62, 0xa1, 0x0, 0xc, 0xff, 0xf6, 0x0,
    0x0, 0x23, 0x10, 0x0,

    /* U+062D "ح" */
    0x0, 0x0, 0x0, 0x0, 0x2b, 0xff, 0xc2, 0x0,
    0x1a, 0x55, 0xec, 0x0, 0x0, 0x0, 0x6f, 0x0,
    0x0, 0x0, 0x2f, 0x40, 0x0, 0x29, 0xef, 0xb0,
    0x5, 0xfc, 0x64, 0xd1, 0x2f, 0x80, 0x0, 0x0,
    0x6f, 0x10, 0x0, 0x0, 0x5f, 0x71, 0x21, 0x0,
    0xb, 0xff, 0xf6, 0x0, 0x0, 0x23, 0x10, 0x0,

    /* U+062E "خ" */
    0x0, 0x7c, 0x0, 0x0, 0x0, 0x47, 0x0, 0x0,
    0x0, 0x0, 0x0, 0x0, 0x2b, 0xff, 0xc2, 0x0,
    0x1a, 0x55, 0xec, 0x0, 0x0, 0x0, 0x6f, 0x0,
    0x0, 0x0, 0x2f, 0x40, 0x0, 0x29, 0xef, 0xb0,
    0x5, 0xfc, 0x64, 0xd1, 0x2f, 0x80, 0x0, 0x0,
    0x6f, 0x10, 0x0, 0x0, 0x5f, 0x71, 0x21, 0x0,
    0xb, 0xff, 0xf6, 0x0, 0x0, 0x23, 0x10, 0x0,

    /* U+062F "د" */
    0x0, 0x92, 0x0, 0x0, 0x1f, 0xf3, 0x0, 0x0,
    0x2e, 0xe0, 0x0, 0x0, 0x4f, 0x70, 0x0, 0x0,
    0xcc, 0x1, 0x44, 0x4a, 0xf0, 0x7f, 0xff, 0xff,
    0x10,

    /* U+0630 "ذ" */
    0x2, 0x80, 0x0, 0x0, 0x5e, 0x0, 0x0, 0x0,
    0x0, 0x0, 0x0, 0x9, 0x20, 0x0, 0x1, 0xff,
    0x30, 0x0, 0x2, 0xee, 0x0, 0x0, 0x4, 0xf7,
    0x0, 0x0, 0xc, 0xc0, 0x14, 0x44, 0xaf, 0x7,
    0xff, 0xff, 0xf1,

    /* U+0631 "ر" */
    0x0, 0x9, 0x90, 0x0, 0xcc, 0x0, 0xc, 0xc0,
    0x0, 0xcc, 0x0, 0xc, 0xc0, 0x0, 0xcc, 0x0,
    0xc, 0xc0, 0x32, 0xfa, 0x4f, 0xfe, 0x20, 0x13,
    0x0,

    /* U+0632 "ز" */
    0x0, 0xb, 0x80, 0x0, 0x64, 0x0, 0x0, 0x0,
    0x0, 0xab, 0x0, 0xc, 0xc0, 0x0, 0xcc, 0x0,
    0xc, 0xc0, 0x0, 0xcc, 0x0, 0xc, 0xc0, 0x0,
    0xcc, 0x2, 0x2f, 0xa4, 0xff, 0xe2, 0x1, 0x30,
    0x0,

    /* U+0633 "س" */
    0x0, 0x0, 0x0, 0x0, 0x0, 0x0, 0x4, 0xf3,
    0x0, 0x0, 0x0, 0xcc, 0x0, 0xf9, 0x4, 0xf3,
    0x0, 0x0, 0x0, 0xcc, 0x0, 0xf9, 0x4, 0xf3,
    0xd, 0x90, 0x0, 0xcc, 0x0, 0xf9, 0x4, 0xf3,
    0x1f, 0x60, 0x0, 0xcd, 0x48, 0xfe, 0x57, 0xf3,
    0x3f, 0x50, 0x0, 0xcf, 0xff, 0x97, 0xef, 0xf3,
    0x2f, 0x60, 0x0, 0xdb, 0x0, 0x0, 0x0, 0x0,
    0xe, 0xd1, 0x6, 0xf6, 0x0, 0x0, 0x0, 0x0,
    0x3, 0xef, 0xff, 0xa0, 0x0, 0x0, 0x0, 0x0,
    0x0, 0x3, 0x31, 0x0, 0x0, 0x0, 0x0, 0x0,

    /* U+0634 "ش" */
    0x0, 0x0, 0x0, 0x0, 0x0, 0xc5, 0x0, 0x0,
    0x0, 0x0, 0x0, 0x0, 0x8, 0x79, 0x30, 0x0,
    0x0, 0x0, 0x0, 0x0, 0xe, 0x6d, 0x60, 0x0,
    0x0, 0x0, 0x0, 0x0, 0x0, 0x0, 0x3, 0xd3,
    0x0, 0x0, 0x0, 0xba, 0x0, 0xd8, 0x4, 0xf3,
    0x0, 0x0, 0x0, 0xcc, 0x0, 0xf9, 0x4, 0xf3,
    0xd, 0x90, 0x0, 0xcc, 0x0, 0xf9, 0x4, 0xf3,
    0x1f, 0x60, 0x0, 0xcd, 0x48, 0xfe, 0x57, 0xf3,
    0x3f, 0x50, 0x0, 0xcf, 0xff, 0x97, 0xef, 0xf3,
    0x2f, 0x60, 0x0, 0xdb, 0x0, 0x0, 0x0, 0x0,
    0xd, 0xd2, 0x6, 0xf6, 0x0, 0x0, 0x0, 0x0,
    0x3, 0xef, 0xff, 0xa0, 0x0, 0x0, 0x0, 0x0,
    0x0, 0x3, 0x31, 0x0, 0x0, 0x0, 0x0, 0x0,

    /* U+0635 "ص" */
    0x0, 0x0, 0x0, 0xcb, 0x9, 0xef, 0xa1, 0x0,
    0x0, 0x0, 0xcc, 0xb8, 0x35, 0xfa, 0x1, 0x10,
    0x0, 0xcf, 0x70, 0x0, 0xae, 0xe, 0x90, 0x0,
    0xce, 0x0, 0x0, 0x9f, 0x1f, 0x60, 0x0, 0xcd,
    0x44, 0x44, 0xbf, 0x3f, 0x50, 0x0, 0xcf, 0xff,
    0xff, 0xff, 0x2f, 0x60, 0x0, 0xdb, 0x0, 0x0,
    0x0, 0xd, 0xd2, 0x6, 0xf6, 0x0, 0x0, 0x0,
    0x3, 0xef, 0xff, 0xa0, 0x0, 0x0, 0x0, 0x0,
    0x3, 0x31, 0x0, 0x0, 0x0, 0x0,

    /* U+0636 "ض" */
    0x0, 0x0, 0x0, 0x0, 0xa, 0x90, 0x0, 0x0,
    0x0, 0x0, 0x0, 0x5, 0x50, 0x0, 0x0, 0x0,
    0x0, 0x0, 0x0, 0x0, 0x0, 0x0, 0x0, 0x0,
    0xcb, 0x9, 0xef, 0xa1, 0x0, 0x0, 0x0, 0xcc,
    0xb8, 0x35, 0xfa, 0x1, 0x10, 0x0, 0xcf, 0x70,
    0x0, 0xae, 0xe, 0x90, 0x0, 0xce, 0x0, 0x0,
    0x9f, 0x1f, 0x60, 0x0, 0xcd, 0x44, 0x44, 0xbf,
    0x3f, 0x50, 0x0, 0xcf, 0xff, 0xff, 0xff, 0x2f,
    0x60, 0x0, 0xdb, 0x0, 0x0, 0x0, 0xd, 0xd2,
    0x6, 0xf6, 0x0, 0x0, 0x0, 0x3, 0xef, 0xff,
    0xa0, 0x0, 0x0, 0x0, 0x0, 0x3, 0x31, 0x0,
    0x0, 0x0, 0x0,

    /* U+0637 "ط" */
    0x8, 0xf0, 0x0, 0x0, 0x0, 0x8, 0xf0, 0x0,
    0x0, 0x0, 0x8, 0xf0, 0x0, 0x0, 0x0, 0x8,
    0xf0, 0x7e, 0xfd, 0x30, 0x8, 0xf8, 0xc4, 0x5d,
    0xe0, 0x8, 0xfb, 0x0, 0x6, 0xf2, 0x8, 0xf3,
    0x0, 0x5, 0xf3, 0x3a, 0xf4, 0x44, 0x48, 0xf3,
    0xcf, 0xff, 0xff, 0xff, 0xf3,

    /* U+0638 "ظ" */
    0x8, 0xf0, 0x1, 0x90, 0x0, 0x8, 0xf0, 0x2,
    0xe2, 0x0, 0x8, 0xf0, 0x0, 0x0, 0x0, 0x8,
    0xf0, 0x7e, 0xfd, 0x30, 0x8, 0xf8, 0xc4, 0x5d,
    0xe0, 0x8, 0xfb, 0x0, 0x6, 0xf2, 0x8, 0xf3,
    0x0, 0x5, 0xf3, 0x3a, 0xf4, 0x44, 0x48, 0xf3,
    0xcf, 0xff, 0xff, 0xff, 0xf3,

    /* U+0639 "ع" */
    0x0, 0x0, 0x0, 0x0, 0x8, 0xef, 0xe2, 0x6,
    0xf7, 0x46, 0x0, 0xbd, 0x0, 0x0, 0xa, 0xd0,
    0x0, 0x0, 0x4f, 0x7c, 0x90, 0x2, 0xef, 0x82,
    0x0, 0xdd, 0x10, 0x0, 0x2f, 0x50, 0x0, 0x1,
    0xfa, 0x11, 0x20, 0x7, 0xff, 0xfa, 0x0, 0x1,
    0x32, 0x0,

    /* U+063A "غ" */
    0x0, 0x7, 0x40, 0x0, 0x0, 0xc7, 0x0, 0x0,
    0x0, 0x0, 0x0, 0x8, 0xef, 0xe2, 0x6, 0xf7,
    0x46, 0x0, 0xbd, 0x0, 0x0, 0xa, 0xd0, 0x0,
    0x0, 0x4f, 0x7c, 0x90, 0x2, 0xef, 0x82, 0x0,
    0xdd, 0x10, 0x0, 0x2f, 0x50, 0x0, 0x1, 0xfa,
    0x11, 0x20, 0x7, 0xff, 0xfa, 0x0, 0x1, 0x32,
    0x0,

    /* U+063B "ػ" */
    0x0, 0x0, 0x0, 0x0, 0x0, 0x0, 0x2, 0xd0,
    0x7, 0x50, 0x0, 0x6a, 0x22, 0xdf, 0x80, 0x0,
    0x1, 0x2e, 0xc2, 0x0, 0x0, 0x0, 0xdc, 0x0,
    0x0, 0x0, 0x2, 0xff, 0xfd, 0x60, 0x0, 0x0,
    0x33, 0x4b, 0xf3, 0xf, 0x60, 0x0, 0x2, 0xf6,
    0x3f, 0x50, 0x0, 0x1, 0xf7, 0x1f, 0xb4, 0x44,
    0x45, 0xf7, 0x6, 0xef, 0xff, 0xff, 0xf7,

    /* U+063C "ؼ" */
    0x0, 0x0, 0x0, 0x18, 0x50, 0x0, 0x0, 0x3,
    0xef, 0x70, 0x0, 0x0, 0x2f, 0xc2, 0x0, 0x0,
    0x0, 0xdc, 0x0, 0x0, 0x0, 0x2, 0xff, 0xfd,
    0x60, 0x0, 0x0, 0x33, 0x4b, 0xf3, 0xf, 0x60,
    0x0, 0x2, 0xf6, 0x3f, 0x50, 0x0, 0x1, 0xf7,
    0x1f, 0xb4, 0x44, 0x45, 0xf7, 0x6, 0xef, 0xff,
    0xff, 0xf7, 0x0, 0x0, 0x0, 0x0, 0x0, 0x0,
    0x0, 0x0, 0x0, 0x0, 0x0, 0xd, 0x6c, 0x70,
    0x0, 0x0, 0x7, 0x47, 0x40, 0x0, 0x0, 0x0,
    0xc6, 0x0, 0x0, 0x0, 0x0, 0x21, 0x0, 0x0,

    /* U+063D "ؽ" */
    0x0, 0x30, 0x0, 0x0, 0x10, 0x3, 0xb9, 0x0,
    0x4d, 0xfa, 0x9, 0x18, 0x24, 0xfa, 0x54, 0x0,
    0x0, 0xe, 0x90, 0x0, 0x1, 0x10, 0x3f, 0x60,
    0x0, 0xf, 0x60, 0xd, 0xf8, 0x0, 0x2f, 0x50,
    0x0, 0xaf, 0xa0, 0x3f, 0x50, 0x0, 0x7, 0xf4,
    0xf, 0xc1, 0x0, 0x18, 0xf3, 0x6, 0xff, 0xff,
    0xff, 0x90, 0x0, 0x13, 0x33, 0x30, 0x0,

    /* U+063E "ؾ" */
    0x0, 0x0, 0x0, 0x0, 0x10, 0xe, 0x6e, 0x70,
    0x4d, 0xfa, 0x3, 0x2, 0x14, 0xfa, 0x54, 0x0,
    0x0, 0xe, 0x90, 0x0, 0x1, 0x10, 0x3f, 0x60,
    0x0, 0xf, 0x60, 0xd, 0xf8, 0x0, 0x2f, 0x50,
    0x0, 0xaf, 0xa0, 0x3f, 0x50, 0x0, 0x7, 0xf4,
    0xf, 0xc1, 0x0, 0x18, 0xf3, 0x6, 0xff, 0xff,
    0xff, 0x90, 0x0, 0x13, 0x33, 0x30, 0x0,

    /* U+063F "ؿ" */
    0x0, 0x0, 0x0, 0x0, 0x0, 0x0, 0xd6, 0x0,
    0x0, 0x0, 0x8, 0x69, 0x40, 0x7, 0xa5, 0xd,
    0x6d, 0x61, 0xdf, 0xc9, 0x0, 0x0, 0xc, 0xd1,
    0x0, 0x0, 0x0, 0x2f, 0x50, 0x0, 0xd, 0x60,
    0x1e, 0xe4, 0x0, 0x2f, 0x50, 0x2, 0xcf, 0x70,
    0x3f, 0x50, 0x0, 0x8, 0xf3, 0x1f, 0xc1, 0x0,
    0x18, 0xf4, 0x7, 0xff, 0xff, 0xff, 0x90, 0x0,
    0x13, 0x33, 0x30, 0x0,

    /* U+0640 "ـ" */
    0x4, 0x40, 0x2f, 0xf2,

    /* U+0641 "ف" */
    0x0, 0x0, 0x0, 0x0, 0x65, 0x0, 0x0, 0x0,
    0x0, 0x0, 0xa9, 0x0, 0x0, 0x0, 0x0, 0x0,
    0x0, 0x0, 0x0, 0x0, 0x0, 0x7, 0xef, 0xfa,
    0x5, 0x20, 0x0, 0x6f, 0xa4, 0xea, 0x1f, 0x60,
    0x0, 0xbe, 0x0, 0xea, 0x3f, 0x50, 0x0, 0xae,
    0x0, 0xea, 0x1f, 0xc4, 0x44, 0x8f, 0x94, 0xea,
    0x6, 0xef, 0xff, 0xff, 0xff, 0xfa,

    /* U+0642 "ق" */
    0x0, 0x0, 0x8, 0xb7, 0xb0, 0x0, 0x0, 0x0,
    0x46, 0x46, 0x0, 0x0, 0x0, 0x0, 0x0, 0x0,
    0x0, 0x0, 0x0, 0x1b, 0xff, 0xf2, 0x0, 0x0,
    0xd, 0xe5, 0x8f, 0x20, 0x11, 0x2, 0xf7, 0x5,
    0xf2, 0xd, 0x90, 0x2f, 0x70, 0x5f, 0x21, 0xf6,
    0x0, 0xde, 0x58, 0xf2, 0x3f, 0x50, 0x2, 0xcf,
    0xff, 0x22, 0xf6, 0x0, 0x0, 0x6, 0xf2, 0xd,
    0xd2, 0x0, 0x3, 0xde, 0x0, 0x2e, 0xff, 0xff,
    0xfe, 0x40, 0x0, 0x2, 0x33, 0x32, 0x0, 0x0,

    /* U+0643 "ك" */
    0x0, 0x0, 0x0, 0x8, 0xf0, 0x0, 0x0, 0x0,
    0x8, 0xf0, 0x0, 0x0, 0x25, 0x8, 0xf0, 0x0,
    0x0, 0xba, 0x18, 0xf0, 0x7, 0x31, 0x9b, 0x38,
    0xf0, 0x2f, 0x50, 0x0, 0x8, 0xf0, 0x3f, 0x50,
    0x0, 0x8, 0xf0, 0x1f, 0xc4, 0x44, 0x4a, 0xf0,
    0x6, 0xef, 0xff, 0xff, 0xf0,

    /* U+0644 "ل" */
    0x0, 0x0, 0x0, 0xcc, 0x0, 0x0, 0x0, 0xcc,
    0x0, 0x0, 0x0, 0xcc, 0x0, 0x0, 0x0, 0xcc,
    0x0, 0x0, 0x0, 0xcc, 0x0, 0x0, 0x0, 0xcc,
    0xb, 0x80, 0x0, 0xcc, 0x1f, 0x70, 0x0, 0xcc,
    0x3f, 0x50, 0x0, 0xcc, 0x2f, 0x60, 0x0, 0xdb,
    0xe, 0xd1, 0x5, 0xf7, 0x4, 0xef, 0xff, 0xb0,
    0x0, 0x3, 0x31, 0x0,

    /* U+0645 "م" */
    0x0, 0x0, 0x0, 0x0, 0x0, 0x3c, 0xff, 0x80,
    0x0, 0xcc, 0x48, 0xf5, 0x0, 0xf7, 0x0, 0xf9,
    0x0, 0xf7, 0x1, 0xf8, 0x1, 0xdc, 0x4b, 0xf3,
    0xe, 0xff, 0xfd, 0x50, 0x3f, 0x60, 0x0, 0x0,
    0x3f, 0x40, 0x0, 0x0, 0x3f, 0x40, 0x0, 0x0,
    0x2d, 0x40, 0x0, 0x0,

    /* U+0646 "ن" */
    0x0, 0x8, 0xb0, 0x0, 0x0, 0x4, 0x60, 0x54,
    0x0, 0x0, 0x0, 0xcc, 0x0, 0x0, 0x0, 0xcc,
    0x6, 0x50, 0x0, 0xcc, 0xf, 0x70, 0x0, 0xcc,
    0x2f, 0x50, 0x0, 0xcc, 0x2f, 0x60, 0x0, 0xdb,
    0xe, 0xc2, 0x15, 0xf8, 0x4, 0xef, 0xff, 0xb0,
    0x0, 0x3, 0x31, 0x0,

    /* U+0647 "ه" */
    0x0, 0x0, 0x0, 0x0, 0x0, 0x0, 0x9e, 0xff,
    0xe9, 0x10, 0x0, 0x77, 0x44, 0x7f, 0xd0, 0x0,
    0x0, 0x0, 0x5, 0xf6, 0x0, 0xbf, 0xfa, 0x0,
    0xf9, 0x9, 0xf6, 0x7f, 0x60, 0xda, 0xa, 0xe0,
    0xf, 0x80, 0xda, 0x8, 0xf8, 0x4f, 0xa4, 0xea,
    0x3f, 0xff, 0xff, 0xff, 0xfa,

    /* U+0648 "و" */
    0x0, 0x0, 0x0, 0x0, 0x9, 0xff, 0xf3, 0xb,
    0xf6, 0x7f, 0x31, 0xf8, 0x4, 0xf3, 0x1f, 0x70,
    0x4f, 0x30, 0xed, 0x57, 0xf3, 0x3, 0xdf, 0xff,
    0x30, 0x0, 0x5, 0xf3, 0x5, 0x21, 0xbf, 0x0,
    0xef, 0xff, 0x50, 0x0, 0x23, 0x0, 0x0,

    /* U+0649 "ى" */
    0x0, 0x0, 0x0, 0x0, 0x10, 0x0, 0x0, 0x0,
    0x4d, 0xfa, 0x0, 0x0, 0x4, 0xfa, 0x54, 0x0,
    0x0, 0xe, 0x90, 0x0, 0x1, 0x10, 0x3f, 0x60,
    0x0, 0xf, 0x60, 0xd, 0xf8, 0x0, 0x2f, 0x50,
    0x0, 0xaf, 0xa0, 0x3f, 0x50, 0x0, 0x7, 0xf4,
    0xf, 0xc1, 0x0, 0x18, 0xf3, 0x6, 0xff, 0xff,
    0xff, 0x90, 0x0, 0x13, 0x33, 0x30, 0x0,

    /* U+064A "ي" */
    0x0, 0x0, 0x0, 0x0, 0x10, 0x0, 0x0, 0x0,
    0x5e, 0xfa, 0x0, 0x0, 0x7, 0xf9, 0x53, 0x0,
    0x0, 0x1f, 0x80, 0x0, 0x7, 0x30, 0x2f, 0xa0,
    0x0, 0x1f, 0x50, 0x4, 0xee, 0x30, 0x3f, 0x50,
    0x0, 0xa, 0xf2, 0x1f, 0xb1, 0x0, 0x17, 0xf4,
    0x7, 0xff, 0xff, 0xff, 0xa0, 0x0, 0x13, 0x33,
    0x31, 0x0, 0x0, 0x8, 0x28, 0x30, 0x0, 0x0,
    0xe, 0x5e, 0x50, 0x0,

    /* U+064B "ً" */
    0x0, 0x49, 0xb5, 0x69, 0x98, 0x20,

    /* U+064C "ٌ" */
    0x0, 0x7a, 0x24, 0x3a, 0x74, 0x69, 0xb7, 0x0,

    /* U+064D "ٍ" */
    0x0, 0x39, 0xb6, 0x69, 0x98, 0x20,

    /* U+064E "َ" */
    0x0, 0x4, 0x99, 0x82, 0x0,

    /* U+064F "ُ" */
    0x4, 0xb4, 0x8, 0x77, 0x9a, 0x80,

    /* U+0650 "ِ" */
    0x0, 0x39, 0xb6, 0x30, 0x0,

    /* U+0651 "ّ" */
    0x11, 0x1, 0xb6, 0x4b, 0x99, 0x98,

    /* U+0652 "ْ" */
    0x8b, 0x3c, 0x2a, 0x8b, 0x30,

    /* U+0653 "ٓ" */
    0x7c, 0x49, 0x9, 0x1b, 0x80,

    /* U+0654 "ٔ" */
    0x8, 0xa0, 0xc, 0x0, 0x1d, 0xa2, 0x0, 0x0,

    /* U+0655 "ٕ" */
    0x9, 0xa0, 0x1b, 0x0, 0x2d, 0xa2, 0x0, 0x0,

    /* U+0656 "ٖ" */
    0x12, 0x56, 0x56,

    /* U+0657 "ٗ" */
    0x0, 0x60, 0xa3, 0xb, 0xb0, 0x88,

    /* U+0658 "٘" */
    0x14, 0x72,

    /* U+0659 "ٙ" */
    0x0, 0x0, 0xaf, 0xc0, 0x33, 0x10,

    /* U+065A "ٚ" */
    0x61, 0x44, 0x79, 0xd3, 0xe, 0xa0,

    /* U+065B "ٛ" */
    0x4, 0x40, 0xc, 0xc0, 0x77, 0x77,

    /* U+065C "ٜ" */
    0x83, 0xd6,

    /* U+065D "ٝ" */
    0x9a, 0x0, 0xb9, 0x10, 0x2a, 0xa4,

    /* U+065E "ٞ" */
    0xd0, 0x37, 0xc7, 0x62, 0xa0, 0x1,

    /* U+065F "ٟ" */
    0x0, 0xa9, 0x0, 0x1a, 0x0, 0x1b, 0xdb, 0x10,

    /* U+0660 "٠" */
    0x1, 0x50, 0xc, 0xf6, 0x5, 0xf8, 0x0, 0x20,

    /* U+0661 "١" */
    0x1, 0x5, 0xf3, 0x5f, 0x35, 0xf3, 0x5f, 0x35,
    0xf3, 0x5f, 0x35, 0xf3, 0x5f, 0x30,

    /* U+0662 "٢" */
    0x1, 0x11, 0x11, 0x3, 0xff, 0xff, 0xf1, 0xf,
    0xb4, 0x44, 0x0, 0xae, 0x0, 0x0, 0x4, 0xf4,
    0x0, 0x0, 0xe, 0xa0, 0x0, 0x0, 0x9f, 0x10,
    0x0, 0x3, 0xf6, 0x0, 0x0, 0xd, 0xc0, 0x0,

    /* U+0663 "٣" */
    0x7b, 0xb, 0x47, 0x75, 0xf4, 0xf5, 0xc8, 0xe,
    0xff, 0xff, 0x30, 0x9e, 0x11, 0x0, 0x3, 0xf4,
    0x0, 0x0, 0xd, 0xa0, 0x0, 0x0, 0x8f, 0x10,
    0x0, 0x2, 0xf7, 0x0,

    /* U+0664 "٤" */
    0x0, 0x4, 0x0, 0x3d, 0xf2, 0x4f, 0xb2, 0x5,
    0xf5, 0x0, 0x5, 0xf8, 0x0, 0x7e, 0x30, 0x8e,
    0x20, 0xf, 0xc5, 0x46, 0x4c, 0xff, 0xb0,

    /* U+0665 "٥" */
    0x0, 0x0, 0x0, 0x0, 0x1b, 0xfa, 0x0, 0xa,
    0xd4, 0xe8, 0x1, 0xf6, 0x8, 0xf0, 0x5f, 0x20,
    0x5f, 0x37, 0xf0, 0x3, 0xf5, 0x7f, 0x10, 0x4f,
    0x53, 0xfa, 0x5c, 0xf1, 0x7, 0xef, 0xe6, 0x0,

    /* U+0666 "٦" */
    0x1, 0x11, 0x11, 0xf, 0xff, 0xfe, 0x4, 0x44,
    0xbe, 0x0, 0x0, 0xae, 0x0, 0x0, 0xae, 0x0,
    0x0, 0xae, 0x0, 0x0, 0xae, 0x0, 0x0, 0xae,
    0x0, 0x0, 0xae,

    /* U+0667 "٧" */
    0x9f, 0x0, 0x3f, 0x64, 0xf4, 0x7, 0xf2, 0xf,
    0x80, 0xbd, 0x0, 0xbc, 0xe, 0x80, 0x6, 0xf3,
    0xf4, 0x0, 0x2f, 0xaf, 0x0, 0x0, 0xdf, 0xb0,
    0x0, 0x8, 0xf6, 0x0,

    /* U+0668 "٨" */
    0x0, 0x8f, 0x60, 0x0, 0xd, 0xfb, 0x0, 0x2,
    0xfa, 0xf0, 0x0, 0x6f, 0x3f, 0x40, 0xb, 0xc0,
    0xe8, 0x0, 0xf8, 0xb, 0xd0, 0x4f, 0x40, 0x7f,
    0x29, 0xf0, 0x3, 0xf6,

    /* U+0669 "٩" */
    0x0, 0x0, 0x0, 0x9, 0xff, 0xa0, 0x6f, 0x66,
    0xf8, 0x9e, 0x0, 0xcd, 0x7f, 0x40, 0xae, 0xc,
    0xff, 0xfe, 0x0, 0x13, 0xbe, 0x0, 0x0, 0xae,
    0x0, 0x0, 0xae,

    /* U+066A "٪" */
    0x1, 0x10, 0x2f, 0x20, 0xd9, 0xa, 0x90, 0x4,
    0x23, 0xe1, 0x0, 0x0, 0xd6, 0x0, 0x0, 0x6d,
    0x0, 0x0, 0xe, 0x41, 0x10, 0x8, 0xb0, 0xad,
    0x2, 0xf2, 0x3, 0x30,

    /* U+066B "٫" */
    0xa, 0xc0, 0xe8, 0x1f, 0x20,

    /* U+066C "٬" */
    0x5, 0xc0, 0xc9, 0x1f, 0x70,

    /* U+066D "٭" */
    0x0, 0x5f, 0x0, 0x2, 0x23, 0xe0, 0x40, 0x6f,
    0xef, 0xff, 0x20, 0xc, 0xe8, 0x0, 0x7, 0xe4,
    0xf3, 0x0, 0x14, 0x5, 0x0,

    /* U+066E "ٮ" */
    0x0, 0x0, 0x0, 0x8, 0xf0, 0x0, 0x0, 0x0,
    0x8, 0xf0, 0xf, 0x60, 0x0, 0x8, 0xf0, 0x3f,
    0x50, 0x0, 0x8, 0xf0, 0x1f, 0xc4, 0x44, 0x4a,
    0xf0, 0x6, 0xef, 0xff, 0xff, 0xf0,

    /* U+066F "ٯ" */
    0x0, 0x0, 0x0, 0x0, 0x0, 0x0, 0x0, 0x0,
    0x1b, 0xff, 0xf2, 0x0, 0x0, 0xd, 0xe5, 0x8f,
    0x20, 0x11, 0x2, 0xf7, 0x5, 0xf2, 0xd, 0x90,
    0x2f, 0x70, 0x5f, 0x21, 0xf6, 0x0, 0xde, 0x58,
    0xf2, 0x3f, 0x50, 0x2, 0xcf, 0xff, 0x22, 0xf6,
    0x0, 0x0, 0x6, 0xf2, 0xd, 0xd2, 0x0, 0x3,
    0xde, 0x0, 0x2e, 0xff, 0xff, 0xfe, 0x40, 0x0,
    0x2, 0x33, 0x32, 0x0, 0x0,

    /* U+0670 "ٰ" */
    0x12, 0x56, 0x56,

    /* U+0671 "ٱ" */
    0x7, 0xa1, 0x6c, 0xa4, 0x5, 0x40, 0xc, 0xc0,
    0xc, 0xc0, 0xc, 0xc0, 0xc, 0xc0, 0xc, 0xc0,
    0xc, 0xc0, 0xc, 0xc0, 0xc, 0xc0,

    /* U+0672 "ٲ" */
    0x0, 0x8a, 0x10, 0xc, 0x0, 0xa, 0xdb, 0x30,
    0x5, 0x40, 0x0, 0xcc, 0x0, 0xc, 0xc0, 0x0,
    0xcc, 0x0, 0xc, 0xc0, 0x0, 0xcc, 0x0, 0xc,
    0xc0, 0x0, 0xcc, 0x0, 0xc, 0xc0,

    /* U+0673 "ٳ" */
    0x0, 0xcc, 0x0, 0xc, 0xc0, 0x0, 0xcc, 0x0,
    0xc, 0xc0, 0x0, 0xcc, 0x0, 0xc, 0xc0, 0x0,
    0xcc, 0x0, 0xc, 0xc0, 0x0, 0xcc, 0x0, 0xa,
    0x90, 0x3, 0x90, 0x1, 0xbd, 0xa0,

    /* U+0674 "ٴ" */
    0x0, 0x0, 0x0, 0x3, 0xdf, 0xf3, 0xd, 0xd4,
    0x40, 0xd, 0xb0, 0x0, 0x1a, 0xfd, 0xfa, 0x2b,
    0x86, 0x52,

    /* U+0675 "ٵ" */
    0xcc, 0x0, 0x0, 0x0, 0xc, 0xc0, 0x2, 0xcf,
    0xf2, 0xcc, 0x0, 0xbe, 0x45, 0xc, 0xc0, 0xf,
    0x90, 0x0, 0xcc, 0x0, 0xcb, 0x0, 0xc, 0xc0,
    0x1a, 0xfd, 0xf9, 0xcc, 0x3, 0xa7, 0x64, 0x2c,
    0xc0, 0x0, 0x0, 0x0, 0xcc, 0x0, 0x0, 0x0,
    0x0,

    /* U+0676 "ٶ" */
    0x0, 0x0, 0x0, 0x0, 0x0, 0x0, 0x0, 0x0,
    0x0, 0x0, 0x0, 0x9f, 0xf7, 0x0, 0x0, 0x0,
    0x0, 0x7f, 0x74, 0x20, 0x9, 0xff, 0xf3, 0xa,
    0xe0, 0x0, 0xb, 0xf6, 0x7f, 0x30, 0x7f, 0x10,
    0x1, 0xf8, 0x4, 0xf3, 0x7, 0xfe, 0xee, 0x1f,
    0x70, 0x4f, 0x30, 0x98, 0x65, 0x30, 0xed, 0x57,
    0xf3, 0x0, 0x0, 0x0, 0x3, 0xdf, 0xff, 0x30,
    0x0, 0x0, 0x0, 0x0, 0x5, 0xf3, 0x0, 0x0,
    0x0, 0x5, 0x21, 0xbf, 0x0, 0x0, 0x0, 0x0,
    0xef, 0xff, 0x50, 0x0, 0x0, 0x0, 0x0, 0x23,
    0x0, 0x0, 0x0, 0x0, 0x0,

    /* U+0677 "ٷ" */
    0x0, 0x7, 0xe0, 0x0, 0x0, 0x0, 0x0, 0x0,
    0x3e, 0x0, 0x0, 0x0, 0x0, 0x0, 0x8, 0x30,
    0x0, 0x9, 0xff, 0x70, 0x0, 0x0, 0x0, 0x7,
    0xf7, 0x42, 0x0, 0x9f, 0xff, 0x30, 0xae, 0x0,
    0x0, 0xbf, 0x67, 0xf3, 0x7, 0xf1, 0x0, 0x1f,
    0x80, 0x4f, 0x30, 0x7f, 0xee, 0xe1, 0xf7, 0x4,
    0xf3, 0x9, 0x86, 0x53, 0xe, 0xd5, 0x7f, 0x30,
    0x0, 0x0, 0x0, 0x3d, 0xff, 0xf3, 0x0, 0x0,
    0x0, 0x0, 0x0, 0x5f, 0x30, 0x0, 0x0, 0x0,
    0x52, 0x1b, 0xf0, 0x0, 0x0, 0x0, 0xe, 0xff,
    0xf5, 0x0, 0x0, 0x0, 0x0, 0x2, 0x30, 0x0,
    0x0, 0x0, 0x0,

    /* U+0678 "ٸ" */
    0x0, 0x0, 0x0, 0x0, 0x0, 0x0, 0x0, 0x0,
    0x0, 0x0, 0x0, 0x0, 0x1, 0x0, 0xa, 0xfe,
    0x80, 0x0, 0x0, 0x0, 0x4d, 0xfb, 0x6, 0xf3,
    0x0, 0x0, 0x0, 0x0, 0x4f, 0xa6, 0x80, 0x6f,
    0x20, 0x0, 0x0, 0x0, 0xe, 0x90, 0x0, 0x5,
    0xfe, 0xef, 0x10, 0x0, 0x3, 0xf6, 0x0, 0x0,
    0x99, 0x75, 0x40, 0xb, 0x50, 0xd, 0xf8, 0x0,
    0x0, 0x0, 0x0, 0x2, 0xf5, 0x0, 0xa, 0xfa,
    0x0, 0x0, 0x0, 0x0, 0x3f, 0x50, 0x0, 0x7,
    0xf4, 0x0, 0x0, 0x0, 0x1, 0xfc, 0x10, 0x1,
    0x8f, 0x30, 0x0, 0x0, 0x0, 0x7, 0xff, 0xff,
    0xff, 0x90, 0x0, 0x0, 0x0, 0x0, 0x1, 0x33,
    0x33, 0x0, 0x0, 0x0, 0x0, 0x0,

    /* U+0679 "ٹ" */
    0x0, 0xa, 0x0, 0x0, 0x0, 0x0, 0xa, 0x89,
    0x0, 0x0, 0x0, 0xa, 0xab, 0x0, 0x10, 0x0,
    0x0, 0x0, 0x8, 0xf0, 0x5, 0x20, 0x0, 0x8,
    0xf0, 0x1f, 0x60, 0x0, 0x8, 0xf0, 0x3f, 0x50,
    0x0, 0x8, 0xf0, 0x1f, 0xc4, 0x44, 0x4a, 0xf0,
    0x6, 0xef, 0xff, 0xff, 0xf0,

    /* U+067A "ٺ" */
    0x0, 0x0, 0x91, 0x0, 0x0, 0x0, 0x1, 0xe3,
    0x0, 0x0, 0x0, 0x0, 0x91, 0x0, 0x0, 0x0,
    0x1, 0xf3, 0x1, 0x30, 0x0, 0x0, 0x0, 0x8,
    0xf0, 0x6, 0x30, 0x0, 0x8, 0xf0, 0x1f, 0x60,
    0x0, 0x8, 0xf0, 0x3f, 0x50, 0x0, 0x8, 0xf0,
    0x1f, 0xc4, 0x44, 0x4a, 0xf0, 0x5, 0xef, 0xff,
    0xff, 0xf0,

    /* U+067B "ٻ" */
    0x0, 0x0, 0x0, 0x8, 0xf0, 0x0, 0x0, 0x0,
    0x8, 0xf0, 0xf, 0x60, 0x0, 0x8, 0xf0, 0x3f,
    0x50, 0x0, 0x8, 0xf0, 0x1f, 0xc4, 0x44, 0x4a,
    0xf0, 0x6, 0xef, 0xff, 0xff, 0xf0, 0x0, 0x0,
    0x55, 0x0, 0x0, 0x0, 0x0, 0x9a, 0x0, 0x0,
    0x0, 0x0, 0x0, 0x0, 0x0, 0x0, 0x0, 0x9a,
    0x0, 0x0, 0x0, 0x0, 0x55, 0x0, 0x0,

    /* U+067C "ټ" */
    0x0, 0x8, 0x28, 0x20, 0x0, 0x0, 0xe, 0x4e,
    0x50, 0x0, 0x0, 0x0, 0x0, 0x7, 0xf0, 0x3,
    0x10, 0x0, 0x8, 0xf0, 0x1f, 0x60, 0x0, 0x8,
    0xf0, 0x3f, 0x50, 0x0, 0x8, 0xf0, 0x1f, 0xc4,
    0x44, 0x4a, 0xf0, 0x6, 0xef, 0xff, 0xff, 0xf0,
    0x0, 0x4, 0x87, 0x50, 0x0, 0x0, 0x0, 0xab,
    0x10, 0x0,

    /* U+067D "ٽ" */
    0x0, 0xe, 0x4e, 0x50, 0x0, 0x0, 0x8, 0x38,
    0x20, 0x0, 0x0, 0x0, 0xf4, 0x0, 0x0, 0x0,
    0x0, 0x30, 0x6, 0xc0, 0x2, 0x10, 0x0, 0x8,
    0xf0, 0x1f, 0x60, 0x0, 0x8, 0xf0, 0x3f, 0x50,
    0x0, 0x8, 0xf0, 0x1f, 0xc4, 0x44, 0x4a, 0xf0,
    0x6, 0xef, 0xff, 0xff, 0xf0,

    /* U+067E "پ" */
    0x0, 0x0, 0x0, 0x8, 0xf0, 0x0, 0x0, 0x0,
    0x8, 0xf0, 0xf, 0x60, 0x0, 0x8, 0xf0, 0x3f,
    0x50, 0x0, 0x8, 0xf0, 0x1f, 0xc4, 0x44, 0x4a,
    0xf0, 0x6, 0xef, 0xff, 0xff, 0xf0, 0x0, 0x0,
    0x0, 0x0, 0x0, 0x0, 0x4, 0x64, 0x70, 0x0,
    0x0, 0x7, 0xa7, 0xa0, 0x0, 0x0, 0x0, 0x7b,
    0x0, 0x0, 0x0, 0x0, 0x12, 0x0, 0x0,

    /* U+067F "ٿ" */
    0x0, 0xd, 0x5e, 0x20, 0x0, 0x0, 0x6, 0x17,
    0x0, 0x0, 0x0, 0xe, 0x6f, 0x30, 0x0, 0x0,
    0x3, 0x4, 0x6, 0xd0, 0x2, 0x10, 0x0, 0x8,
    0xf0, 0x1f, 0x60, 0x0, 0x8, 0xf0, 0x3f, 0x50,
    0x0, 0x8, 0xf0, 0x1f, 0xc4, 0x44, 0x4a, 0xf0,
    0x6, 0xef, 0xff, 0xff, 0xf0,

    /* U+0680 "ڀ" */
    0x0, 0x0, 0x0, 0x8, 0xf0, 0x0, 0x0, 0x0,
    0x8, 0xf0, 0xf, 0x60, 0x0, 0x8, 0xf0, 0x3f,
    0x50, 0x0, 0x8, 0xf0, 0x1f, 0xc4, 0x44, 0x4a,
    0xf0, 0x6, 0xef, 0xff, 0xff, 0xf0, 0x0, 0x0,
    0x0, 0x0, 0x0, 0x0, 0x8, 0xba, 0x90, 0x0,
    0x0, 0x2, 0x33, 0x20, 0x0, 0x0, 0x8, 0xba,
    0x90, 0x0, 0x0, 0x1, 0x22, 0x10, 0x0,

    /* U+0681 "ځ" */
    0x0, 0xaa, 0x0, 0x0, 0x1, 0xd9, 0x20, 0x0,
    0x0, 0x0, 0x0, 0x0, 0x2b, 0xff, 0xc2, 0x0,
    0x1a, 0x55, 0xec, 0x0, 0x0, 0x0, 0x6f, 0x0,
    0x0, 0x0, 0x2f, 0x40, 0x0, 0x29, 0xef, 0xb0,
    0x5, 0xfc, 0x64, 0xd1, 0x2f, 0x80, 0x0, 0x0,
    0x6f, 0x10, 0x0, 0x0, 0x5f, 0x71, 0x21, 0x0,
    0xb, 0xff, 0xf6, 0x0, 0x0, 0x23, 0x10, 0x0,

    /* U+0682 "ڂ" */
    0x0, 0x7c, 0x0, 0x0, 0x0, 0x46, 0x0, 0x0,
    0x0, 0x7c, 0x0, 0x0, 0x0, 0x47, 0x0, 0x0,
    0x0, 0x0, 0x0, 0x0, 0x2b, 0xff, 0xc2, 0x0,
    0x1a, 0x55, 0xec, 0x0, 0x0, 0x0, 0x6f, 0x0,
    0x0, 0x0, 0x2f, 0x40, 0x0, 0x29, 0xef, 0xb0,
    0x5, 0xfc, 0x64, 0xd1, 0x2f, 0x80, 0x0, 0x0,
    0x6f, 0x10, 0x0, 0x0, 0x5f, 0x71, 0x21, 0x0,
    0xb, 0xff, 0xf6, 0x0, 0x0, 0x23, 0x10, 0x0,

    /* U+0683 "ڃ" */
    0x0, 0x0, 0x0, 0x0, 0x2b, 0xff, 0xc2, 0x0,
    0x1a, 0x55, 0xeb, 0x0, 0x0, 0x0, 0x7f, 0x0,
    0x0, 0x0, 0x2f, 0x40, 0x0, 0x18, 0xdf, 0xb0,
    0x5, 0xfd, 0x76, 0xe1, 0x2f, 0x90, 0x0, 0x0,
    0x6f, 0x10, 0x0, 0x0, 0x5f, 0x71, 0xe4, 0xe4,
    0xb, 0xf6, 0x92, 0x82, 0x0, 0x20, 0x0, 0x0,

    /* U+0684 "ڄ" */
    0x0, 0x0, 0x0, 0x0, 0x2b, 0xff, 0xd3, 0x0,
    0x19, 0x45, 0xed, 0x0, 0x0, 0x0, 0x6f, 0x10,
    0x0, 0x0, 0x5f, 0x60, 0x0, 0x8f, 0xdc, 0xe1,
    0xd, 0xc3, 0x0, 0x50, 0x6f, 0x20, 0xe, 0x40,
    0x6f, 0x60, 0x9, 0x20, 0xc, 0xf6, 0xf, 0x40,
    0x0, 0x20, 0xe, 0x40,

    /* U+0685 "څ" */
    0x0, 0x0, 0x0, 0x0, 0x0, 0x5c, 0x0, 0x0,
    0x7, 0xc6, 0xd0, 0x0, 0x4, 0x73, 0x70, 0x0,
    0x0, 0x0, 0x0, 0x0, 0x2b, 0xff, 0xc2, 0x0,
    0x1a, 0x55, 0xec, 0x0, 0x0, 0x0, 0x6f, 0x0,
    0x0, 0x0, 0x2f, 0x40, 0x0, 0x29, 0xef, 0xb0,
    0x5, 0xfc, 0x64, 0xd1, 0x2f, 0x80, 0x0, 0x0,
    0x6f, 0x10, 0x0, 0x0, 0x5f, 0x71, 0x21, 0x0,
    0xb, 0xff, 0xf6, 0x0, 0x0, 0x23, 0x10, 0x0,

    /* U+0686 "چ" */
    0x0, 0x0, 0x0, 0x0, 0x2b, 0xff, 0xc2, 0x0,
    0x1a, 0x55, 0xec, 0x0, 0x0, 0x0, 0x6f, 0x0,
    0x0, 0x0, 0x2f, 0x40, 0x0, 0x29, 0xef, 0xb0,
    0x5, 0xfc, 0x64, 0xd0, 0x2f, 0x80, 0x0, 0x0,
    0x6f, 0x11, 0xe4, 0xe4, 0x5f, 0x71, 0x92, 0x82,
    0xb, 0xf6, 0xf, 0x30, 0x0, 0x20, 0x2, 0x0,

    /* U+0687 "ڇ" */
    0x0, 0x0, 0x0, 0x0, 0x2b, 0xff, 0xc2, 0x0,
    0x1a, 0x55, 0xec, 0x0, 0x0, 0x0, 0x6f, 0x0,
    0x0, 0x0, 0x2f, 0x40, 0x0, 0x29, 0xef, 0xc0,
    0x5, 0xfc, 0x54, 0xc0, 0x2f, 0x80, 0x10, 0x10,
    0x6f, 0x10, 0xe6, 0xf2, 0x5f, 0x70, 0x30, 0x40,
    0xb, 0xf6, 0xe5, 0xf2, 0x0, 0x20, 0x20, 0x20,

    /* U+0688 "ڈ" */
    0xa, 0x0, 0x0, 0x0, 0xb9, 0x50, 0x0, 0x1c,
    0xa8, 0x0, 0x0, 0x0, 0x0, 0x0, 0x0, 0x92,
    0x0, 0x0, 0x1f, 0xf3, 0x0, 0x0, 0x2e, 0xe0,
    0x0, 0x0, 0x4f, 0x70, 0x0, 0x0, 0xcc, 0x1,
    0x44, 0x4a, 0xf0, 0x7f, 0xff, 0xff, 0x10,

    /* U+0689 "ډ" */
    0x0, 0x92, 0x0, 0x0, 0x1f, 0xf3, 0x0, 0x0,
    0x2e, 0xe0, 0x0, 0x0, 0x4f, 0x70, 0x0, 0x0,
    0xcc, 0x1, 0x44, 0x4a, 0xf0, 0x7f, 0xff, 0xff,
    0x10, 0x38, 0x75, 0x0, 0x0, 0xab, 0x10, 0x0,

    /* U+068A "ڊ" */
    0x0, 0x92, 0x0, 0x0, 0x1f, 0xf3, 0x0, 0x0,
    0x2e, 0xe0, 0x0, 0x0, 0x4f, 0x70, 0x0, 0x0,
    0xcc, 0x1, 0x44, 0x4a, 0xf0, 0x7f, 0xff, 0xff,
    0x10, 0x0, 0x0, 0x0, 0x0, 0x29, 0x0, 0x0,
    0x4, 0xe1, 0x0,

    /* U+068B "ڋ" */
    0xa, 0x0, 0x0, 0x0, 0xb9, 0x50, 0x0, 0x1c,
    0xa8, 0x0, 0x0, 0x0, 0x0, 0x0, 0x0, 0x92,
    0x0, 0x0, 0x1f, 0xf3, 0x0, 0x0, 0x2e, 0xe0,
    0x0, 0x0, 0x4f, 0x70, 0x0, 0x0, 0xcc, 0x1,
    0x44, 0x4a, 0xf0, 0x7f, 0xff, 0xff, 0x10, 0x0,
    0x0, 0x0, 0x0, 0x29, 0x0, 0x0, 0x4, 0xe1,
    0x0,

    /* U+068C "ڌ" */
    0x28, 0x29, 0x0, 0x4, 0xe4, 0xe1, 0x0, 0x0,
    0x0, 0x0, 0x0, 0x7, 0x10, 0x0, 0x1, 0xfe,
    0x20, 0x0, 0x3, 0xed, 0x0, 0x0, 0x4, 0xf6,
    0x0, 0x0, 0xc, 0xc0, 0x14, 0x44, 0xaf, 0x7,
    0xff, 0xff, 0xf1,

    /* U+068D "ڍ" */
    0x0, 0x92, 0x0, 0x0, 0x1f, 0xf3, 0x0, 0x0,
    0x2e, 0xe0, 0x0, 0x0, 0x4f, 0x70, 0x0, 0x0,
    0xcc, 0x1, 0x44, 0x4a, 0xf0, 0x7f, 0xff, 0xff,
    0x10, 0x0, 0x0, 0x0, 0x4, 0xe4, 0xe1, 0x0,
    0x29, 0x29, 0x0,

    /* U+068E "ڎ" */
    0x0, 0x0, 0x0, 0x0, 0x3f, 0x0, 0x0, 0x29,
    0x58, 0x0, 0x4, 0xe4, 0xe1, 0x0, 0x0, 0x0,
    0x0, 0x0, 0x9, 0x20, 0x0, 0x1, 0xff, 0x30,
    0x0, 0x2, 0xee, 0x0, 0x0, 0x4, 0xf7, 0x0,
    0x0, 0xc, 0xc0, 0x14, 0x44, 0xaf, 0x7, 0xff,
    0xff, 0xf1,

    /* U+068F "ڏ" */
    0x4e, 0x4e, 0x10, 0x2, 0x82, 0x90, 0x0, 0x3,
    0xe0, 0x0, 0x0, 0x5, 0x0, 0x0, 0x0, 0x40,
    0x0, 0x0, 0x1f, 0xc1, 0x0, 0x0, 0x5f, 0xc0,
    0x0, 0x0, 0x5f, 0x60, 0x0, 0x0, 0xdc, 0x1,
    0x44, 0x4a, 0xf0, 0x7f, 0xff, 0xff, 0x10,

    /* U+0690 "ڐ" */
    0x1, 0x1, 0x0, 0x3, 0xf6, 0xe0, 0x0, 0x4,
    0x3, 0x0, 0x2, 0xe5, 0xd0, 0x0, 0x6, 0x15,
    0x0, 0x0, 0x4, 0x0, 0x0, 0x1, 0xfc, 0x10,
    0x0, 0x5, 0xfc, 0x0, 0x0, 0x5, 0xf6, 0x0,
    0x0, 0xd, 0xc0, 0x14, 0x44, 0xaf, 0x7, 0xff,
    0xff, 0xf1,

    /* U+0691 "ڑ" */
    0x0, 0x34, 0x0, 0x0, 0x5a, 0xa1, 0x0, 0x5b,
    0xb3, 0x0, 0x0, 0x0, 0x0, 0x7, 0x70, 0x0,
    0xc, 0xc0, 0x0, 0xc, 0xc0, 0x0, 0xc, 0xc0,
    0x0, 0xc, 0xc0, 0x0, 0xc, 0xc0, 0x0, 0xc,
    0xc0, 0x2, 0x2f, 0xa0, 0x4f, 0xfe, 0x20, 0x1,
    0x30, 0x0,

    /* U+0692 "ڒ" */
    0x0, 0x30, 0x12, 0x0, 0x87, 0xb5, 0x0, 0x1e,
    0xd0, 0x0, 0x2, 0x10, 0x0, 0x9, 0x90, 0x0,
    0xc, 0xc0, 0x0, 0xc, 0xc0, 0x0, 0xc, 0xc0,
    0x0, 0xc, 0xc0, 0x0, 0xc, 0xc0, 0x0, 0xc,
    0xc0, 0x3, 0x2f, 0xa0, 0x4f, 0xfe, 0x20, 0x1,
    0x30, 0x0,

    /* U+0693 "ړ" */
    0x0, 0x7, 0x80, 0x0, 0xc, 0xc0, 0x0, 0xc,
    0xc0, 0x0, 0xc, 0xc0, 0x0, 0xc, 0xc0, 0x0,
    0xc, 0xc0, 0x0, 0xc, 0xc0, 0x2, 0x2f, 0xa0,
    0x3f, 0xff, 0xa0, 0x1, 0xa3, 0xc0, 0x0, 0x3b,
    0x80,

    /* U+0694 "ڔ" */
    0x0, 0x6, 0x60, 0x0, 0xcc, 0x0, 0xc, 0xc0,
    0x0, 0xcc, 0x0, 0xc, 0xc0, 0x0, 0xcc, 0x0,
    0xc, 0xc0, 0x22, 0xfa, 0x4f, 0xfe, 0x30, 0x13,
    0x0, 0x4, 0x70, 0x0, 0x7c, 0x0,

    /* U+0695 "ڕ" */
    0x0, 0x9, 0x90, 0x0, 0xcc, 0x0, 0xc, 0xc0,
    0x0, 0xcc, 0x0, 0xc, 0xc0, 0x0, 0xcc, 0x0,
    0xc, 0xc0, 0x32, 0xfa, 0x4f, 0xfe, 0x20, 0x13,
    0x0, 0x57, 0x2a, 0x1, 0xeb, 0x50, 0x6, 0xa0,
    0x0,

    /* U+0696 "ږ" */
    0x0, 0x6, 0x60, 0x0, 0xcc, 0x0, 0xc, 0xc0,
    0x0, 0xcc, 0x0, 0xc, 0xc0, 0x0, 0xcc, 0xd,
    0x6c, 0xc0, 0x95, 0xfa, 0x3f, 0xfe, 0x30, 0x13,
    0x0, 0x4, 0x70, 0x0, 0x7c, 0x0,

    /* U+0697 "ڗ" */
    0x0, 0xa9, 0xa9, 0x0, 0x65, 0x55, 0x0, 0x0,
    0x0, 0x0, 0x9, 0x90, 0x0, 0xc, 0xc0, 0x0,
    0xc, 0xc0, 0x0, 0xc, 0xc0, 0x0, 0xc, 0xc0,
    0x0, 0xc, 0xc0, 0x0, 0xc, 0xc0, 0x2, 0x2f,
    0xa0, 0x4f, 0xfe, 0x20, 0x1, 0x30, 0x0,

    /* U+0698 "ژ" */
    0x0, 0x0, 0x0, 0x0, 0x9, 0x80, 0x0, 0xa9,
    0xaa, 0x0, 0x55, 0x55, 0x0, 0x0, 0x0, 0x0,
    0xa, 0xb0, 0x0, 0xc, 0xc0, 0x0, 0xc, 0xc0,
    0x0, 0xc, 0xc0, 0x0, 0xc, 0xc0, 0x0, 0xc,
    0xc0, 0x0, 0xc, 0xc0, 0x2, 0x2f, 0xa0, 0x4f,
    0xfe, 0x20, 0x1, 0x30, 0x0,

    /* U+0699 "ڙ" */
    0x0, 0x0, 0x0, 0x0, 0x9a, 0xb8, 0x0, 0x23,
    0x31, 0x0, 0x9a, 0xb8, 0x0, 0x12, 0x21, 0x0,
    0x4, 0x50, 0x0, 0xc, 0xc0, 0x0, 0xc, 0xc0,
    0x0, 0xc, 0xc0, 0x0, 0xc, 0xc0, 0x0, 0xc,
    0xc0, 0x0, 0xc, 0xc0, 0x2, 0x2f, 0xa0, 0x4f,
    0xfe, 0x30, 0x1, 0x30, 0x0,

    /* U+069A "ښ" */
    0x0, 0x0, 0x0, 0x0, 0x0, 0x82, 0x0, 0x0,
    0x0, 0x0, 0x0, 0x0, 0x0, 0xe5, 0x0, 0x0,
    0x0, 0x0, 0x0, 0x0, 0x0, 0x0, 0x4, 0xd3,
    0x0, 0x0, 0x0, 0xbb, 0x0, 0xe8, 0x4, 0xf3,
    0x0, 0x0, 0x0, 0xcc, 0x0, 0xf9, 0x4, 0xf3,
    0xd, 0x90, 0x0, 0xcc, 0x0, 0xf9, 0x4, 0xf3,
    0x1f, 0x60, 0x0, 0xcd, 0x48, 0xfe, 0x57, 0xf3,
    0x3f, 0x50, 0x0, 0xcf, 0xff, 0x97, 0xef, 0xf3,
    0x2f, 0x60, 0x0, 0xdb, 0x0, 0x0, 0x0, 0x0,
    0xd, 0xd2, 0x6, 0xf6, 0x0, 0x7c, 0x0, 0x0,
    0x3, 0xef, 0xff, 0xa0, 0x0, 0x46, 0x0, 0x0,
    0x0, 0x3, 0x31, 0x0, 0x0, 0x0, 0x0, 0x0,

    /* U+069B "ڛ" */
    0x0, 0x0, 0x0, 0x0, 0x0, 0x0, 0x4, 0xf3,
    0x0, 0x0, 0x0, 0xcc, 0x0, 0xf9, 0x4, 0xf3,
    0x0, 0x0, 0x0, 0xcc, 0x0, 0xf9, 0x4, 0xf3,
    0xd, 0x90, 0x0, 0xcc, 0x0, 0xf9, 0x4, 0xf3,
    0x1f, 0x60, 0x0, 0xcd, 0x48, 0xfe, 0x57, 0xf3,
    0x3f, 0x50, 0x0, 0xcf, 0xff, 0x97, 0xef, 0xf3,
    0x2f, 0x60, 0x0, 0xda, 0x0, 0x0, 0x0, 0x0,
    0xc, 0xd1, 0x6, 0xf5, 0x4, 0x83, 0x90, 0x0,
    0x1, 0xad, 0xec, 0x60, 0x6, 0xb6, 0xc0, 0x0,
    0x0, 0x0, 0x0, 0x0, 0x0, 0x6d, 0x0, 0x0,
    0x0, 0x0, 0x0, 0x0, 0x0, 0x2, 0x0, 0x0,

    /* U+069C "ڜ" */
    0x0, 0x0, 0x0, 0x0, 0x0, 0xc5, 0x0, 0x0,
    0x0, 0x0, 0x0, 0x0, 0x8, 0x79, 0x30, 0x0,
    0x0, 0x0, 0x0, 0x0, 0xe, 0x6d, 0x60, 0x0,
    0x0, 0x0, 0x0, 0x0, 0x0, 0x0, 0x3, 0xd3,
    0x0, 0x0, 0x0, 0xba, 0x0, 0xd8, 0x4, 0xf3,
    0x0, 0x0, 0x0, 0xcc, 0x0, 0xf9, 0x4, 0xf3,
    0xd, 0x90, 0x0, 0xcc, 0x0, 0xf9, 0x4, 0xf3,
    0x1f, 0x60, 0x0, 0xcd, 0x48, 0xfe, 0x57, 0xf3,
    0x3f, 0x50, 0x0, 0xcf, 0xff, 0x97, 0xef, 0xf3,
    0x2f, 0x60, 0x0, 0xda, 0x0, 0x0, 0x0, 0x0,
    0xc, 0xd2, 0x6, 0xf5, 0x4, 0x83, 0x90, 0x0,
    0x1, 0xad, 0xec, 0x60, 0x6, 0xb6, 0xc0, 0x0,
    0x0, 0x0, 0x0, 0x0, 0x0, 0x6d, 0x0, 0x0,
    0x0, 0x0, 0x0, 0x0, 0x0, 0x2, 0x0, 0x0,

    /* U+069D "ڝ" */
    0x0, 0x0, 0x0, 0xcb, 0x9, 0xef, 0xa1, 0x0,
    0x0, 0x0, 0xcc, 0xb8, 0x35, 0xfa, 0x1, 0x10,
    0x0, 0xcf, 0x70, 0x0, 0xae, 0xe, 0x90, 0x0,
    0xce, 0x0, 0x0, 0x9f, 0x1f, 0x60, 0x0, 0xcd,
    0x44, 0x44, 0xbf, 0x3f, 0x50, 0x0, 0xcf, 0xff,
    0xff, 0xff, 0x2f, 0x60, 0x0, 0xdb, 0x0, 0x0,
    0x0, 0xd, 0xd2, 0x6, 0xf6, 0xe5, 0xd6, 0x0,
    0x3, 0xef, 0xff, 0xa0, 0x83, 0x83, 0x0, 0x0,
    0x3, 0x31, 0x0, 0x0, 0x0, 0x0,

    /* U+069E "ڞ" */
    0x0, 0x0, 0x0, 0x0, 0x0, 0x0, 0x0, 0x0,
    0x0, 0x0, 0x0, 0x9, 0xa0, 0x0, 0x0, 0x0,
    0x0, 0x0, 0x1, 0x20, 0x0, 0x0, 0x0, 0x0,
    0x0, 0x9a, 0x8a, 0x0, 0x0, 0x0, 0x0, 0x0,
    0x55, 0x46, 0x0, 0x0, 0x0, 0x0, 0x0, 0x0,
    0x0, 0x0, 0x0, 0x0, 0x0, 0xcb, 0x9, 0xef,
    0xa1, 0x0, 0x0, 0x0, 0xcc, 0xb8, 0x35, 0xfa,
    0x1, 0x10, 0x0, 0xcf, 0x70, 0x0, 0xae, 0xe,
    0x90, 0x0, 0xce, 0x0, 0x0, 0x9f, 0x1f, 0x60,
    0x0, 0xcd, 0x44, 0x44, 0xbf, 0x3f, 0x50, 0x0,
    0xcf, 0xff, 0xff, 0xff, 0x2f, 0x60, 0x0, 0xdb,
    0x0, 0x0, 0x0, 0xd, 0xd2, 0x6, 0xf6, 0x0,
    0x0, 0x0, 0x3, 0xef, 0xff, 0xa0, 0x0, 0x0,
    0x0, 0x0, 0x3, 0x31, 0x0, 0x0, 0x0, 0x0,

    /* U+069F "ڟ" */
    0x0, 0x0, 0x0, 0x0, 0x0, 0x0, 0x0, 0x1,
    0xf2, 0x0, 0x8, 0xf0, 0x19, 0x59, 0x10, 0x8,
    0xf0, 0x2f, 0x4f, 0x30, 0x8, 0xf0, 0x0, 0x0,
    0x0, 0x8, 0xf0, 0x7e, 0xfd, 0x30, 0x8, 0xf8,
    0xc4, 0x5d, 0xe0, 0x8, 0xfb, 0x0, 0x6, 0xf2,
    0x8, 0xf3, 0x0, 0x5, 0xf3, 0x3a, 0xf4, 0x44,
    0x48, 0xf3, 0xcf, 0xff, 0xff, 0xff, 0xf3,

    /* U+06A0 "ڠ" */
    0x0, 0x0, 0x0, 0x0, 0x0, 0xb8, 0x0, 0x0,
    0x66, 0x74, 0x0, 0xb, 0x8b, 0x80, 0x0, 0x0,
    0x0, 0x0, 0x8, 0xef, 0xe2, 0x6, 0xf7, 0x46,
    0x0, 0xbd, 0x0, 0x0, 0xa, 0xd0, 0x0, 0x0,
    0x4f, 0x7c, 0x90, 0x2, 0xef, 0x82, 0x0, 0xdd,
    0x10, 0x0, 0x2f, 0x50, 0x0, 0x1, 0xfa, 0x11,
    0x20, 0x7, 0xff, 0xfa, 0x0, 0x1, 0x32, 0x0,

    /* U+06A1 "ڡ" */
    0x0, 0x0, 0x0, 0x0, 0x0, 0x0, 0x0, 0x0,
    0x0, 0x7, 0xef, 0xfa, 0x5, 0x20, 0x0, 0x6f,
    0xa4, 0xea, 0x1f, 0x60, 0x0, 0xbe, 0x0, 0xea,
    0x3f, 0x50, 0x0, 0xae, 0x0, 0xea, 0x1f, 0xc4,
    0x44, 0x8f, 0x94, 0xea, 0x6, 0xef, 0xff, 0xff,
    0xff, 0xfa,

    /* U+06A2 "ڢ" */
    0x0, 0x0, 0x0, 0x0, 0x0, 0x0, 0x0, 0x0,
    0x0, 0x7, 0xef, 0xfa, 0x5, 0x20, 0x0, 0x6f,
    0xa4, 0xea, 0x1f, 0x60, 0x0, 0xbe, 0x0, 0xea,
    0x3f, 0x50, 0x0, 0xae, 0x0, 0xea, 0x1f, 0xc4,
    0x44, 0x8f, 0x94, 0xea, 0x6, 0xef, 0xff, 0xff,
    0xff, 0xfa, 0x0, 0x0, 0x0, 0x0, 0x0, 0x0,
    0x0, 0x0, 0x0, 0x0, 0x6e, 0x0, 0x0, 0x0,
    0x0, 0x0, 0x38, 0x0,

    /* U+06A3 "ڣ" */
    0x0, 0x0, 0x0, 0x0, 0x65, 0x0, 0x0, 0x0,
    0x0, 0x0, 0xa9, 0x0, 0x0, 0x0, 0x0, 0x0,
    0x0, 0x0, 0x0, 0x0, 0x0, 0x7, 0xef, 0xfa,
    0x5, 0x20, 0x0, 0x6f, 0xa4, 0xea, 0x1f, 0x60,
    0x0, 0xbe, 0x0, 0xea, 0x3f, 0x50, 0x0, 0xae,
    0x0, 0xea, 0x1f, 0xc4, 0x44, 0x8f, 0x94, 0xea,
    0x6, 0xef, 0xff, 0xff, 0xff, 0xfa, 0x0, 0x0,
    0x0, 0x0, 0x0, 0x0, 0x0, 0x0, 0x0, 0x0,
    0x6e, 0x0, 0x0, 0x0, 0x0, 0x0, 0x38, 0x0,

    /* U+06A4 "ڤ" */
    0x0, 0x0, 0x0, 0x0, 0x0, 0x0, 0x0, 0x0,
    0x0, 0x0, 0x99, 0x0, 0x0, 0x0, 0x0, 0x5,
    0x77, 0x60, 0x0, 0x0, 0x0, 0xa, 0x99, 0xa0,
    0x0, 0x0, 0x0, 0x0, 0x0, 0x0, 0x0, 0x0,
    0x0, 0x7, 0xef, 0xfa, 0x5, 0x20, 0x0, 0x6f,
    0xa4, 0xea, 0x1f, 0x60, 0x0, 0xbe, 0x0, 0xea,
    0x3f, 0x50, 0x0, 0xae, 0x0, 0xea, 0x1f, 0xc4,
    0x44, 0x8f, 0x94, 0xea, 0x6, 0xef, 0xff, 0xff,
    0xff, 0xfa,

    /* U+06A5 "ڥ" */
    0x0, 0x0, 0x0, 0x0, 0x0, 0x0, 0x0, 0x0,
    0x0, 0x7, 0xef, 0xfa, 0x5, 0x20, 0x0, 0x6f,
    0xa4, 0xea, 0x1f, 0x60, 0x0, 0xbe, 0x0, 0xea,
    0x3f, 0x50, 0x0, 0xae, 0x0, 0xea, 0x1f, 0xc4,
    0x44, 0x8f, 0x94, 0xea, 0x6, 0xef, 0xff, 0xff,
    0xff, 0xfa, 0x0, 0x0, 0x0, 0x0, 0x0, 0x0,
    0x0, 0x0, 0x0, 0x2, 0x82, 0x90, 0x0, 0x0,
    0x0, 0x4, 0xc5, 0xd0, 0x0, 0x0, 0x0, 0x0,
    0x4f, 0x0, 0x0, 0x0, 0x0, 0x0, 0x3, 0x0,

    /* U+06A6 "ڦ" */
    0x0, 0x0, 0x0, 0x0, 0x0, 0x0, 0x0, 0x0,
    0x0, 0x9, 0xab, 0x80, 0x0, 0x0, 0x0, 0x2,
    0x33, 0x20, 0x0, 0x0, 0x0, 0x9, 0xab, 0x80,
    0x0, 0x0, 0x0, 0x1, 0x23, 0x20, 0x0, 0x0,
    0x0, 0x7, 0xef, 0xfa, 0x5, 0x20, 0x0, 0x6f,
    0xa4, 0xea, 0x1f, 0x60, 0x0, 0xbe, 0x0, 0xea,
    0x3f, 0x50, 0x0, 0xae, 0x0, 0xea, 0x1f, 0xc4,
    0x44, 0x8f, 0x94, 0xea, 0x6, 0xef, 0xff, 0xff,
    0xff, 0xfa,

    /* U+06A7 "ڧ" */
    0x0, 0x0, 0x0, 0x9a, 0x0, 0x0, 0x0, 0x0,
    0x5, 0x60, 0x0, 0x0, 0x0, 0x0, 0x0, 0x0,
    0x0, 0x0, 0x0, 0x1b, 0xff, 0xf2, 0x0, 0x0,
    0xd, 0xe5, 0x8f, 0x20, 0x11, 0x2, 0xf7, 0x5,
    0xf2, 0xd, 0x90, 0x2f, 0x70, 0x5f, 0x21, 0xf6,
    0x0, 0xde, 0x58, 0xf2, 0x3f, 0x50, 0x2, 0xcf,
    0xff, 0x22, 0xf6, 0x0, 0x0, 0x6, 0xf2, 0xd,
    0xd2, 0x0, 0x3, 0xde, 0x0, 0x2e, 0xff, 0xff,
    0xfe, 0x40, 0x0, 0x2, 0x33, 0x32, 0x0, 0x0,

    /* U+06A8 "ڨ" */
    0x0, 0x0, 0x0, 0x0, 0x0, 0x0, 0x0, 0x0,
    0x7, 0xa0, 0x0, 0x0, 0x0, 0x8, 0xb7, 0xc0,
    0x0, 0x0, 0x0, 0x46, 0x46, 0x0, 0x0, 0x0,
    0x0, 0x0, 0x0, 0x0, 0x0, 0x0, 0x1b, 0xff,
    0xf2, 0x0, 0x0, 0xd, 0xe5, 0x8f, 0x20, 0x11,
    0x2, 0xf7, 0x5, 0xf2, 0xd, 0x90, 0x2f, 0x70,
    0x5f, 0x21, 0xf6, 0x0, 0xde, 0x58, 0xf2, 0x3f,
    0x50, 0x2, 0xcf, 0xff, 0x22, 0xf6, 0x0, 0x0,
    0x6, 0xf2, 0xd, 0xd2, 0x0, 0x3, 0xde, 0x0,
    0x2e, 0xff, 0xff, 0xfe, 0x40, 0x0, 0x2, 0x33,
    0x32, 0x0, 0x0,

    /* U+06A9 "ک" */
    0x0, 0x0, 0x0, 0x18, 0x50, 0x0, 0x0, 0x3,
    0xef, 0x70, 0x0, 0x0, 0x2f, 0xc2, 0x0, 0x0,
    0x0, 0xdc, 0x0, 0x0, 0x0, 0x2, 0xff, 0xfd,
    0x60, 0x0, 0x0, 0x33, 0x4b, 0xf3, 0xf, 0x60,
    0x0, 0x2, 0xf6, 0x3f, 0x50, 0x0, 0x1, 0xf7,
    0x1f, 0xb4, 0x44, 0x45, 0xf7, 0x6, 0xef, 0xff,
    0xff, 0xf7,

    /* U+06AA "ڪ" */
    0x0, 0x0, 0x0, 0x86, 0x0, 0x0, 0x0, 0x0,
    0x2, 0xdf, 0x80, 0x0, 0x0, 0x0, 0x2, 0xed,
    0x20, 0x0, 0x0, 0x0, 0x0, 0xcd, 0x10, 0x0,
    0x0, 0x0, 0x0, 0x1f, 0xff, 0xff, 0xff, 0xfa,
    0x10, 0x0, 0x33, 0x33, 0x33, 0x36, 0xfa, 0x57,
    0x54, 0x44, 0x44, 0x44, 0x4c, 0xd4, 0x9c, 0xef,
    0xff, 0xff, 0xff, 0xfe,

    /* U+06AB "ګ" */
    0x0, 0x0, 0x0, 0x1, 0x10, 0x0, 0x0, 0x0,
    0x5f, 0x90, 0x0, 0x0, 0x6, 0xff, 0x80, 0x0,
    0x0, 0x4f, 0xf0, 0xc0, 0x0, 0x0, 0xdc, 0x6b,
    0x50, 0x0, 0x2, 0xff, 0xfd, 0x50, 0x5, 0x20,
    0x33, 0x4c, 0xf2, 0x1f, 0x60, 0x0, 0x2, 0xf6,
    0x3f, 0x50, 0x0, 0x1, 0xf7, 0x1f, 0xc4, 0x44,
    0x45, 0xf7, 0x6, 0xef, 0xff, 0xff, 0xf7,

    /* U+06AC "ڬ" */
    0x0, 0x0, 0x56, 0x8, 0xf0, 0x0, 0x0, 0x9a,
    0x8, 0xf0, 0x0, 0x0, 0x13, 0x8, 0xf0, 0x0,
    0x0, 0xba, 0x18, 0xf0, 0x7, 0x31, 0x9b, 0x38,
    0xf0, 0x2f, 0x50, 0x0, 0x8, 0xf0, 0x3f, 0x50,
    0x0, 0x8, 0xf0, 0x1f, 0xc4, 0x44, 0x4a, 0xf0,
    0x6, 0xef, 0xff, 0xff, 0xf0,

    /* U+06AD "ڭ" */
    0x0, 0x0, 0x47, 0x0, 0x0, 0x0, 0x3, 0xda,
    0x68, 0xf0, 0x0, 0x0, 0x21, 0x8, 0xf0, 0x0,
    0x0, 0x36, 0x8, 0xf0, 0x0, 0x0, 0xba, 0x18,
    0xf0, 0x7, 0x31, 0x9b, 0x38, 0xf0, 0x2f, 0x50,
    0x0, 0x8, 0xf0, 0x3f, 0x50, 0x0, 0x8, 0xf0,
    0x1f, 0xc4, 0x44, 0x4a, 0xf0, 0x6, 0xef, 0xff,
    0xff, 0xf0,

    /* U+06AE "ڮ" */
    0x0, 0x0, 0x0, 0x8, 0xf0, 0x0, 0x0, 0x0,
    0x8, 0xf0, 0x0, 0x0, 0x25, 0x8, 0xf0, 0x0,
    0x0, 0xba, 0x18, 0xf0, 0x7, 0x31, 0x9b, 0x38,
    0xf0, 0x2f, 0x50, 0x0, 0x8, 0xf0, 0x3f, 0x50,
    0x0, 0x8, 0xf0, 0x1f, 0xc4, 0x44, 0x4a, 0xf0,
    0x6, 0xef, 0xff, 0xff, 0xf0, 0x0, 0x0, 0x0,
    0x0, 0x0, 0x0, 0x0, 0x0, 0x0, 0x0, 0x0,
    0xe, 0x6d, 0x60, 0x0, 0x0, 0x8, 0x47, 0x30,
    0x0, 0x0, 0x0, 0xd5, 0x0, 0x0, 0x0, 0x0,
    0x20, 0x0, 0x0,

    /* U+06AF "گ" */
    0x0, 0x0, 0x0, 0x3, 0x0, 0x0, 0x0, 0x3,
    0xd8, 0x0, 0x0, 0x0, 0x5d, 0x48, 0x50, 0x0,
    0x4, 0xc4, 0xef, 0x70, 0x0, 0x5, 0x4f, 0xc2,
    0x0, 0x0, 0x0, 0xdc, 0x0, 0x0, 0x0, 0x2,
    0xff, 0xfd, 0x60, 0x0, 0x0, 0x33, 0x4b, 0xf3,
    0xf, 0x60, 0x0, 0x2, 0xf6, 0x3f, 0x50, 0x0,
    0x1, 0xf7, 0x1f, 0xb4, 0x44, 0x45, 0xf7, 0x6,
    0xef, 0xff, 0xff, 0xf7,

    /* U+06B0 "ڰ" */
    0x0, 0x0, 0x0, 0x6a, 0x0, 0x0, 0x0, 0xa,
    0xa3, 0x10, 0x0, 0x0, 0xb7, 0x5f, 0x90, 0x0,
    0x7, 0x66, 0xff, 0x80, 0x0, 0x1, 0x4f, 0xf0,
    0xc0, 0x0, 0x0, 0xdc, 0x6b, 0x50, 0x0, 0x2,
    0xff, 0xfd, 0x50, 0x5, 0x20, 0x33, 0x4c, 0xf2,
    0x1f, 0x60, 0x0, 0x2, 0xf6, 0x3f, 0x50, 0x0,
    0x1, 0xf7, 0x1f, 0xc4, 0x44, 0x45, 0xf7, 0x6,
    0xef, 0xff, 0xff, 0xf7,

    /* U+06B1 "ڱ" */
    0x0, 0x0, 0x0, 0x0, 0x0, 0x0, 0x0, 0xe1,
    0x59, 0x0, 0x0, 0x2d, 0x29, 0xb3, 0x10, 0x0,
    0x2, 0xa8, 0x5f, 0x90, 0x0, 0x6, 0x96, 0xfc,
    0x30, 0x0, 0x3, 0x4f, 0x90, 0x0, 0x0, 0x0,
    0xdb, 0x0, 0x0, 0x0, 0x2, 0xff, 0xfd, 0x60,
    0x0, 0x0, 0x33, 0x4b, 0xf3, 0xf, 0x60, 0x0,
    0x2, 0xf6, 0x3f, 0x50, 0x0, 0x1, 0xf7, 0x1f,
    0xb4, 0x44, 0x45, 0xf7, 0x6, 0xef, 0xff, 0xff,
    0xf7,

    /* U+06B2 "ڲ" */
    0x0, 0x0, 0x0, 0x3, 0x0, 0x0, 0x0, 0x3,
    0xd8, 0x0, 0x0, 0x0, 0x5d, 0x48, 0x50, 0x0,
    0x4, 0xc4, 0xef, 0x70, 0x0, 0x5, 0x4f, 0xc2,
    0x0, 0x0, 0x0, 0xdc, 0x0, 0x0, 0x0, 0x2,
    0xff, 0xfd, 0x60, 0x0, 0x0, 0x33, 0x4b, 0xf3,
    0xf, 0x60, 0x0, 0x2, 0xf6, 0x3f, 0x50, 0x0,
    0x1, 0xf7, 0x1f, 0xb4, 0x44, 0x45, 0xf7, 0x6,
    0xef, 0xff, 0xff, 0xf7, 0x0, 0x0, 0x0, 0x0,
    0x0, 0x0, 0xe, 0x5d, 0x60, 0x0, 0x0, 0x8,
    0x27, 0x30, 0x0,

    /* U+06B3 "ڳ" */
    0x0, 0x0, 0x0, 0x3, 0x0, 0x0, 0x0, 0x3,
    0xd8, 0x0, 0x0, 0x0, 0x5d, 0x48, 0x50, 0x0,
    0x4, 0xc4, 0xef, 0x70, 0x0, 0x5, 0x4f, 0xc2,
    0x0, 0x0, 0x0, 0xdc, 0x0, 0x0, 0x0, 0x2,
    0xff, 0xfd, 0x60, 0x0, 0x0, 0x33, 0x4b, 0xf3,
    0xf, 0x60, 0x0, 0x2, 0xf6, 0x3f, 0x50, 0x0,
    0x1, 0xf7, 0x1f, 0xb4, 0x44, 0x45, 0xf7, 0x6,
    0xef, 0xff, 0xff, 0xf7, 0x0, 0x0, 0x0, 0x0,
    0x0, 0x0, 0x0, 0x83, 0x0, 0x0, 0x0, 0x0,
    0xe5, 0x0, 0x0, 0x0, 0x0, 0x83, 0x0, 0x0,
    0x0, 0x0, 0xe5, 0x0, 0x0,

    /* U+06B4 "ڴ" */
    0x0, 0x0, 0x0, 0x0, 0x0, 0x0, 0x48, 0xe1,
    0x49, 0x0, 0x0, 0x2d, 0x28, 0xb4, 0x10, 0x0,
    0x2, 0x99, 0x5f, 0x90, 0x0, 0x6, 0x96, 0xfc,
    0x30, 0x0, 0x3, 0x4f, 0x90, 0x0, 0x0, 0x0,
    0xdb, 0x0, 0x0, 0x0, 0x2, 0xff, 0xfd, 0x60,
    0x0, 0x0, 0x33, 0x4b, 0xf3, 0xf, 0x60, 0x0,
    0x2, 0xf6, 0x3f, 0x50, 0x0, 0x1, 0xf7, 0x1f,
    0xb4, 0x44, 0x45, 0xf7, 0x6, 0xef, 0xff, 0xff,
    0xf7,

    /* U+06B5 "ڵ" */
    0x0, 0x0, 0xb, 0x59, 0x80, 0x0, 0x0, 0x2d,
    0xe0, 0x0, 0x0, 0x0, 0x64, 0x0, 0x0, 0x0,
    0xc, 0xc0, 0x0, 0x0, 0x0, 0xcc, 0x0, 0x0,
    0x0, 0xc, 0xc0, 0x0, 0x0, 0x0, 0xcc, 0x0,
    0x0, 0x0, 0xc, 0xc0, 0x0, 0x0, 0x0, 0xcc,
    0x0, 0xb8, 0x0, 0xc, 0xc0, 0x1f, 0x70, 0x0,
    0xcc, 0x3, 0xf5, 0x0, 0xc, 0xc0, 0x2f, 0x60,
    0x0, 0xdb, 0x0, 0xed, 0x10, 0x5f, 0x70, 0x4,
    0xef, 0xff, 0xb0, 0x0, 0x0, 0x33, 0x10, 0x0,

    /* U+06B6 "ڶ" */
    0x0, 0x0, 0x0, 0x64, 0x0, 0x0, 0x0, 0xb8,
    0x0, 0x0, 0x0, 0x0, 0x0, 0x0, 0x0, 0xcc,
    0x0, 0x0, 0x0, 0xcc, 0x0, 0x0, 0x0, 0xcc,
    0x0, 0x0, 0x0, 0xcc, 0x0, 0x0, 0x0, 0xcc,
    0x0, 0x0, 0x0, 0xcc, 0xb, 0x80, 0x0, 0xcc,
    0x1f, 0x70, 0x0, 0xcc, 0x3f, 0x50, 0x0, 0xcc,
    0x2f, 0x60, 0x0, 0xdb, 0xe, 0xd1, 0x5, 0xf7,
    0x4, 0xef, 0xff, 0xb0, 0x0, 0x3, 0x31, 0x0,

    /* U+06B7 "ڷ" */
    0x0, 0x0, 0x0, 0x0, 0x0, 0x0, 0x0, 0x9,
    0x90, 0x0, 0x0, 0x5, 0x77, 0x50, 0x0, 0x0,
    0xa9, 0x9a, 0x0, 0x0, 0x0, 0x0, 0x0, 0x0,
    0x0, 0xc, 0xc0, 0x0, 0x0, 0x0, 0xcc, 0x0,
    0x0, 0x0, 0xc, 0xc0, 0x0, 0x0, 0x0, 0xcc,
    0x0, 0x0, 0x0, 0xc, 0xc0, 0x0, 0x0, 0x0,
    0xcc, 0x0, 0xb8, 0x0, 0xc, 0xc0, 0x1f, 0x70,
    0x0, 0xcc, 0x3, 0xf5, 0x0, 0xc, 0xc0, 0x2f,
    0x60, 0x0, 0xdb, 0x0, 0xed, 0x10, 0x5f, 0x70,
    0x4, 0xef, 0xff, 0xb0, 0x0, 0x0, 0x33, 0x10,
    0x0,

    /* U+06B8 "ڸ" */
    0x0, 0x0, 0x0, 0xcc, 0x0, 0x0, 0x0, 0xcc,
    0x0, 0x0, 0x0, 0xcc, 0x0, 0x0, 0x0, 0xcc,
    0x0, 0x0, 0x0, 0xcc, 0x0, 0x0, 0x0, 0xcc,
    0xb, 0x80, 0x0, 0xcc, 0x1f, 0x70, 0x0, 0xcc,
    0x3f, 0x50, 0x0, 0xcc, 0x2f, 0x60, 0x0, 0xdb,
    0xe, 0xd1, 0x5, 0xf7, 0x4, 0xef, 0xff, 0xb0,
    0x0, 0x3, 0x31, 0x0, 0x0, 0x0, 0x0, 0x0,
    0x0, 0x7c, 0x6d, 0x0, 0x0, 0x47, 0x47, 0x0,
    0x0, 0x6, 0xc0, 0x0, 0x0, 0x1, 0x20, 0x0,

    /* U+06B9 "ڹ" */
    0x0, 0x8, 0xb0, 0x0, 0x0, 0x4, 0x60, 0x54,
    0x0, 0x0, 0x0, 0xcc, 0x0, 0x0, 0x0, 0xcc,
    0x6, 0x50, 0x0, 0xcc, 0xf, 0x70, 0x0, 0xcc,
    0x2f, 0x50, 0x0, 0xcc, 0x3f, 0x60, 0x0, 0xcb,
    0xe, 0xc1, 0x5, 0xf8, 0x4, 0xef, 0xff, 0xb0,
    0x0, 0x3, 0x31, 0x0, 0x0, 0x7, 0x40, 0x0,
    0x0, 0xc, 0x70, 0x0,

    /* U+06BA "ں" */
    0x0, 0x0, 0x0, 0x99, 0x0, 0x0, 0x0, 0xcc,
    0x0, 0x0, 0x0, 0xcc, 0xa, 0x70, 0x0, 0xcc,
    0x1f, 0x70, 0x0, 0xcc, 0x3f, 0x50, 0x0, 0xcc,
    0x2f, 0x60, 0x0, 0xdb, 0xe, 0xd2, 0x16, 0xf7,
    0x3, 0xef, 0xff, 0xb0, 0x0, 0x3, 0x31, 0x0,

    /* U+06BB "ڻ" */
    0x0, 0x27, 0x0, 0x0, 0x0, 0x2b, 0xa2, 0x0,
    0x0, 0x4b, 0xb5, 0x0, 0x0, 0x0, 0x0, 0xcc,
    0x0, 0x0, 0x0, 0xcc, 0x0, 0x0, 0x0, 0xcc,
    0xb, 0x90, 0x0, 0xcc, 0x1f, 0x70, 0x0, 0xcc,
    0x3f, 0x50, 0x0, 0xcc, 0x2f, 0x60, 0x0, 0xdb,
    0xe, 0xd1, 0x6, 0xf7, 0x3, 0xef, 0xff, 0xa0,
    0x0, 0x3, 0x31, 0x0,

    /* U+06BC "ڼ" */
    0x0, 0x4, 0x60, 0x0, 0x0, 0x8, 0xb0, 0x0,
    0x0, 0x0, 0x0, 0xcc, 0x0, 0x0, 0x0, 0xcc,
    0x0, 0x0, 0x0, 0xcc, 0xb, 0x90, 0x0, 0xcc,
    0x1f, 0x70, 0x0, 0xcc, 0x3f, 0x50, 0x0, 0xcc,
    0x2f, 0x60, 0x0, 0xdb, 0xe, 0xd1, 0x6, 0xf7,
    0x3, 0xef, 0xff, 0xa0, 0x0, 0xd, 0x5b, 0x0,
    0x0, 0x7, 0xb5, 0x0,

    /* U+06BD "ڽ" */
    0x0, 0x7, 0xa0, 0x0, 0x0, 0x49, 0x87, 0x0,
    0x0, 0x8b, 0x7c, 0x0, 0x0, 0x0, 0x0, 0xcc,
    0x0, 0x0, 0x0, 0xcc, 0x0, 0x0, 0x0, 0xcc,
    0xb, 0x90, 0x0, 0xcc, 0x1f, 0x70, 0x0, 0xcc,
    0x3f, 0x50, 0x0, 0xcc, 0x2f, 0x60, 0x0, 0xdb,
    0xe, 0xd1, 0x6, 0xf7, 0x3, 0xef, 0xff, 0xa0,
    0x0, 0x3, 0x31, 0x0,

    /* U+06BE "ھ" */
    0x0, 0x0, 0x0, 0x0, 0x0, 0x0, 0x9e, 0xff,
    0xe9, 0x10, 0x0, 0x77, 0x44, 0x7f, 0xd0, 0x0,
    0x0, 0x0, 0x5, 0xf6, 0x0, 0xbf, 0xfa, 0x0,
    0xf9, 0x9, 0xf6, 0x7f, 0x60, 0xda, 0xa, 0xe0,
    0xf, 0x80, 0xda, 0x8, 0xf8, 0x4f, 0xa4, 0xea,
    0x3f, 0xff, 0xff, 0xff, 0xfa,

    /* U+06BF "ڿ" */
    0x0, 0x7c, 0x0, 0x0, 0x0, 0x47, 0x0, 0x0,
    0x0, 0x0, 0x0, 0x0, 0x2b, 0xff, 0xc2, 0x0,
    0x1a, 0x55, 0xec, 0x0, 0x0, 0x0, 0x6f, 0x0,
    0x0, 0x0, 0x2f, 0x40, 0x0, 0x29, 0xef, 0xb0,
    0x5, 0xfc, 0x64, 0xd0, 0x2f, 0x80, 0x0, 0x0,
    0x6f, 0x11, 0xe4, 0xe4, 0x5f, 0x71, 0x92, 0x82,
    0xb, 0xf6, 0xf, 0x30, 0x0, 0x20, 0x2, 0x0,

    /* U+06C0 "ۀ" */
    0x0, 0x8a, 0x30, 0x0, 0xb, 0xa5, 0x0, 0x0,
    0x0, 0x0, 0x0, 0x1c, 0xfe, 0x50, 0xc, 0xe4,
    0xaf, 0x22, 0xf6, 0x0, 0xf8, 0x3f, 0x50, 0xf,
    0xa0, 0xfc, 0x58, 0xf6, 0x4, 0xdf, 0xe9, 0x0,

    /* U+06C1 "ہ" */
    0x0, 0x0, 0x0, 0x0, 0x1c, 0xfe, 0x50, 0xc,
    0xe4, 0xaf, 0x22, 0xf6, 0x0, 0xf8, 0x3f, 0x50,
    0xf, 0xa0, 0xfc, 0x58, 0xf6, 0x4, 0xdf, 0xe9,
    0x0,

    /* U+06C2 "ۂ" */
    0x0, 0x6b, 0x40, 0x0, 0x9, 0xb7, 0x0, 0x0,
    0x0, 0x0, 0x0, 0x1c, 0xfe, 0x50, 0xc, 0xe4,
    0xaf, 0x22, 0xf6, 0x0, 0xf8, 0x3f, 0x50, 0xf,
    0xa0, 0xfc, 0x58, 0xf6, 0x4, 0xdf, 0xe9, 0x0,

    /* U+06C3 "ۃ" */
    0x1, 0xe4, 0xe4, 0x0, 0x8, 0x28, 0x20, 0x0,
    0x0, 0x0, 0x0, 0x1c, 0xfe, 0x50, 0xc, 0xe4,
    0xaf, 0x22, 0xf6, 0x0, 0xf8, 0x3f, 0x50, 0xf,
    0xa0, 0xfc, 0x58, 0xf6, 0x4, 0xdf, 0xe9, 0x0,

    /* U+06C4 "ۄ" */
    0x0, 0x0, 0x0, 0x0, 0x19, 0xff, 0xf3, 0xc,
    0xe6, 0x7f, 0x32, 0xf7, 0x5, 0xf3, 0x2f, 0x60,
    0x5f, 0x30, 0xed, 0x48, 0xf3, 0x4, 0xdf, 0xff,
    0x30, 0x2, 0xbc, 0xf2, 0x0, 0x74, 0xbf, 0x0,
    0x2, 0xdf, 0x70, 0x0, 0x8, 0x90, 0x0, 0x0,
    0x0, 0x0,

    /* U+06C5 "ۅ" */
    0x0, 0x0, 0x0, 0x0, 0x19, 0xff, 0xf3, 0xc,
    0xe6, 0x7f, 0x32, 0xf7, 0x5, 0xf3, 0x2f, 0x60,
    0x5f, 0x30, 0xed, 0x48, 0xf3, 0x4, 0xdf, 0xff,
    0x30, 0x0, 0x5, 0xf2, 0x0, 0xdd, 0xcf, 0x0,
    0x2, 0x7f, 0xa0, 0x0, 0xb, 0xd1, 0x0, 0x0,
    0x11, 0x0,

    /* U+06C6 "ۆ" */
    0x0, 0x43, 0x26, 0x0, 0x3, 0xc9, 0x70, 0x0,
    0xb, 0xd0, 0x0, 0x0, 0x0, 0x0, 0x0, 0x9f,
    0xff, 0x30, 0xbf, 0x67, 0xf3, 0x1f, 0x80, 0x4f,
    0x31, 0xf7, 0x4, 0xf3, 0xe, 0xd5, 0x7f, 0x30,
    0x3d, 0xff, 0xf3, 0x0, 0x0, 0x5f, 0x30, 0x52,
    0x1b, 0xf0, 0xe, 0xff, 0xf5, 0x0, 0x2, 0x30,
    0x0,

    /* U+06C7 "ۇ" */
    0x0, 0x7, 0xe0, 0x0, 0x0, 0x4e, 0x0, 0x0,
    0x7, 0x40, 0x0, 0x0, 0x0, 0x0, 0x0, 0x9f,
    0xff, 0x30, 0xbf, 0x67, 0xf3, 0x1f, 0x80, 0x4f,
    0x31, 0xf7, 0x4, 0xf3, 0xe, 0xd5, 0x7f, 0x30,
    0x3d, 0xff, 0xf3, 0x0, 0x0, 0x5f, 0x30, 0x52,
    0x1b, 0xf0, 0xe, 0xff, 0xf5, 0x0, 0x2, 0x30,
    0x0,

    /* U+06C8 "ۈ" */
    0x0, 0xa, 0x10, 0x0, 0x0, 0xa1, 0x0, 0x0,
    0x3, 0x10, 0x0, 0x9, 0xff, 0xf3, 0xb, 0xf6,
    0x7f, 0x31, 0xf8, 0x4, 0xf3, 0x1f, 0x70, 0x4f,
    0x30, 0xed, 0x57, 0xf3, 0x3, 0xdf, 0xff, 0x30,
    0x0, 0x5, 0xf3, 0x5, 0x21, 0xbf, 0x0, 0xef,
    0xff, 0x50, 0x0, 0x23, 0x0, 0x0,

    /* U+06C9 "ۉ" */
    0x0, 0x3, 0x50, 0x0, 0x0, 0xcc, 0x10, 0x0,
    0x59, 0x59, 0x0, 0x0, 0x0, 0x0, 0x0, 0x9f,
    0xff, 0x30, 0xbf, 0x67, 0xf3, 0x1f, 0x80, 0x4f,
    0x31, 0xf7, 0x4, 0xf3, 0xe, 0xd5, 0x7f, 0x30,
    0x3d, 0xff, 0xf3, 0x0, 0x0, 0x5f, 0x30, 0x52,
    0x1b, 0xf0, 0xe, 0xff, 0xf5, 0x0, 0x2, 0x30,
    0x0,

    /* U+06CA "ۊ" */
    0x0, 0x7c, 0x6d, 0x0, 0x4, 0x73, 0x70, 0x0,
    0x0, 0x0, 0x0, 0x9, 0xff, 0xf3, 0xb, 0xf6,
    0x7f, 0x31, 0xf8, 0x4, 0xf3, 0x1f, 0x70, 0x4f,
    0x30, 0xed, 0x57, 0xf3, 0x3, 0xdf, 0xff, 0x30,
    0x0, 0x5, 0xf3, 0x5, 0x21, 0xbf, 0x0, 0xef,
    0xff, 0x50, 0x0, 0x23, 0x0, 0x0,

    /* U+06CB "ۋ" */
    0x0, 0x0, 0x0, 0x0, 0x0, 0x6b, 0x0, 0x0,
    0x7c, 0x6d, 0x0, 0x4, 0x63, 0x70, 0x0, 0x0,
    0x0, 0x0, 0x9, 0xff, 0xf3, 0xb, 0xf6, 0x7f,
    0x31, 0xf8, 0x4, 0xf3, 0x1f, 0x70, 0x4f, 0x30,
    0xed, 0x57, 0xf3, 0x3, 0xdf, 0xff, 0x30, 0x0,
    0x5, 0xf3, 0x5, 0x21, 0xbf, 0x0, 0xef, 0xff,
    0x50, 0x0, 0x23, 0x0, 0x0,

    /* U+06CC "ی" */
    0x0, 0x0, 0x0, 0x0, 0x10, 0x0, 0x0, 0x0,
    0x4d, 0xfa, 0x0, 0x0, 0x4, 0xfa, 0x54, 0x0,
    0x0, 0xe, 0x90, 0x0, 0x1, 0x10, 0x3f, 0x60,
    0x0, 0xf, 0x60, 0xd, 0xf8, 0x0, 0x2f, 0x50,
    0x0, 0xaf, 0xa0, 0x3f, 0x50, 0x0, 0x7, 0xf4,
    0xf, 0xc1, 0x0, 0x18, 0xf3, 0x6, 0xff, 0xff,
    0xff, 0x90, 0x0, 0x13, 0x33, 0x30, 0x0,

    /* U+06CD "ۍ" */
    0x0, 0x0, 0x0, 0x0, 0x0, 0x10, 0x0, 0x0,
    0x0, 0x0, 0x4d, 0xfa, 0x0, 0x0, 0x0, 0x4,
    0xfa, 0x54, 0x0, 0x3, 0x0, 0xe, 0x90, 0x0,
    0x4, 0xcf, 0x50, 0x3f, 0x60, 0x0, 0x6d, 0x9f,
    0x60, 0xd, 0xf8, 0x0, 0x0, 0x2f, 0x50, 0x0,
    0xaf, 0xa0, 0x0, 0x3f, 0x50, 0x0, 0x7, 0xf4,
    0x0, 0xf, 0xc1, 0x0, 0x18, 0xf3, 0x0, 0x6,
    0xff, 0xff, 0xff, 0x90, 0x0, 0x0, 0x13, 0x33,
    0x30, 0x0,

    /* U+06CE "ێ" */
    0x4, 0x2, 0x20, 0x0, 0x10, 0xa, 0x8e, 0x10,
    0x4d, 0xfa, 0x1, 0xc6, 0x4, 0xfa, 0x54, 0x0,
    0x0, 0xe, 0x90, 0x0, 0x1, 0x10, 0x3f, 0x60,
    0x0, 0xf, 0x60, 0xd, 0xf8, 0x0, 0x2f, 0x50,
    0x0, 0xaf, 0xa0, 0x3f, 0x50, 0x0, 0x7, 0xf4,
    0xf, 0xc1, 0x0, 0x18, 0xf3, 0x6, 0xff, 0xff,
    0xff, 0x90, 0x0, 0x13, 0x33, 0x30, 0x0,

    /* U+06CF "ۏ" */
    0x0, 0x7, 0xc0, 0x0, 0x0, 0x46, 0x0, 0x0,
    0x0, 0x0, 0x0, 0x9, 0xff, 0xf3, 0xb, 0xf6,
    0x7f, 0x31, 0xf8, 0x4, 0xf3, 0x1f, 0x70, 0x4f,
    0x30, 0xed, 0x57, 0xf3, 0x3, 0xdf, 0xff, 0x30,
    0x0, 0x5, 0xf3, 0x5, 0x21, 0xbf, 0x0, 0xef,
    0xff, 0x50, 0x0, 0x23, 0x0, 0x0,

    /* U+06D0 "ې" */
    0x0, 0x0, 0x0, 0x0, 0x10, 0x0, 0x0, 0x0,
    0x4d, 0xfa, 0x0, 0x0, 0x4, 0xfa, 0x54, 0x0,
    0x0, 0xe, 0x90, 0x0, 0x1, 0x10, 0x3f, 0x60,
    0x0, 0xf, 0x60, 0xd, 0xf8, 0x0, 0x2f, 0x50,
    0x1, 0xaf, 0xa0, 0x3f, 0x50, 0x0, 0x7, 0xf4,
    0xf, 0xc1, 0x0, 0x18, 0xf3, 0x6, 0xff, 0xff,
    0xff, 0x90, 0x0, 0x13, 0x33, 0x30, 0x0, 0x0,
    0x0, 0xe5, 0x0, 0x0, 0x0, 0x0, 0x82, 0x0,
    0x0, 0x0, 0x0, 0x82, 0x0, 0x0, 0x0, 0x0,
    0xe5, 0x0, 0x0,

    /* U+06D1 "ۑ" */
    0x0, 0x0, 0x0, 0x0, 0x10, 0x0, 0x0, 0x0,
    0x5e, 0xfa, 0x0, 0x0, 0x7, 0xf9, 0x53, 0x0,
    0x0, 0x1f, 0x80, 0x0, 0x7, 0x30, 0x2f, 0xa0,
    0x0, 0x1f, 0x50, 0x4, 0xee, 0x30, 0x3f, 0x50,
    0x0, 0xa, 0xf2, 0x1f, 0xb1, 0x0, 0x17, 0xf4,
    0x7, 0xff, 0xff, 0xff, 0xa0, 0x0, 0x13, 0x33,
    0x31, 0x0, 0x0, 0x0, 0x0, 0x0, 0x0, 0x0,
    0xe, 0x6d, 0x60, 0x0, 0x0, 0x8, 0x37, 0x30,
    0x0, 0x0, 0x0, 0xd5, 0x0, 0x0, 0x0, 0x0,
    0x20, 0x0, 0x0,

    /* U+06D2 "ے" */
    0x0, 0x0, 0x14, 0x10, 0x0, 0x0, 0x4, 0xf4,
    0x0, 0x0, 0x2, 0xcf, 0x10, 0x0, 0x3b, 0xfc,
    0x30, 0x0, 0x3f, 0xb3, 0x0, 0x0, 0x6, 0xf3,
    0x0, 0x0, 0x0, 0x2e, 0xff, 0xff, 0xff, 0x60,
    0x3, 0x33, 0x33, 0x31,

    /* U+06D3 "ۓ" */
    0x0, 0xa, 0x80, 0x0, 0x0, 0x3, 0x90, 0x0,
    0x0, 0x0, 0x3d, 0xa0, 0x0, 0x0, 0x0, 0x0,
    0x0, 0x0, 0x0, 0x0, 0x3f, 0x50, 0x0, 0x0,
    0x9, 0xf2, 0x0, 0x1, 0x8e, 0xe5, 0x0, 0x2,
    0xec, 0x40, 0x0, 0x0, 0x6f, 0x30, 0x0, 0x0,
    0x2, 0xef, 0xff, 0xff, 0xf6, 0x0, 0x33, 0x33,
    0x33, 0x10,

    /* U+06D4 "۔" */
    0x3, 0x42, 0x1f, 0xf4,

    /* U+06D5 "ە" */
    0x0, 0x0, 0x0, 0x0, 0x1c, 0xfe, 0x50, 0xc,
    0xe4, 0xaf, 0x22, 0xf6, 0x0, 0xf8, 0x3f, 0x50,
    0xf, 0xa0, 0xfc, 0x58, 0xf6, 0x4, 0xdf, 0xe9,
    0x0,

    /* U+06D6 "ۖ" */
    0x7, 0x0, 0x0, 0x9, 0x45, 0x53, 0x9, 0x66,
    0x9, 0x8a, 0x98, 0x87, 0x88, 0x88, 0x20,

    /* U+06D7 "ۗ" */
    0x7, 0x4, 0x40, 0x90, 0x89, 0x9, 0x46, 0x98,
    0xa8, 0xa9, 0x88, 0x88, 0x20,

    /* U+06D8 "ۘ" */
    0x2, 0x85, 0x6, 0x2a, 0x89, 0x95,

    /* U+06D9 "ۙ" */
    0x20, 0x78, 0x2a, 0x45, 0xa8, 0xa5,

    /* U+06DA "ۚ" */
    0x69, 0x1, 0x86, 0x95, 0x8, 0x70,

    /* U+06DB "ۛ" */
    0x1a, 0xe, 0x7a, 0x20, 0x10,

    /* U+06DC "ۜ" */
    0x0, 0x21, 0x17, 0x70, 0xa4, 0x59, 0xa0, 0xb9,
    0x88, 0x78, 0x50, 0x0,

    /* U+06DD "۝" */
    0x0, 0x0, 0x29, 0xaa, 0x60, 0x0, 0x0, 0x0,
    0x26, 0xa1, 0x0, 0x5a, 0x50, 0x0, 0x0, 0xa8,
    0xee, 0xee, 0xec, 0x93, 0x0, 0x9, 0x40, 0x0,
    0x0, 0x0, 0xa, 0x20, 0x29, 0x0, 0x0, 0x0,
    0x0, 0x1, 0x90, 0x82, 0x0, 0x0, 0x0, 0x0,
    0x0, 0xa0, 0xa0, 0x0, 0x0, 0x0, 0x0, 0x0,
    0x72, 0xa0, 0x0, 0x0, 0x0, 0x0, 0x0, 0x72,
    0x72, 0x0, 0x0, 0x0, 0x0, 0x0, 0xa0, 0x29,
    0x0, 0x0, 0x0, 0x0, 0x2, 0x90, 0x7, 0x50,
    0x0, 0x0, 0x0, 0xb, 0x10, 0x0, 0x98, 0xee,
    0xee, 0xed, 0x92, 0x0, 0x0, 0x26, 0xaa, 0xaa,
    0xa8, 0x40, 0x0,

    /* U+06DE "۞" */
    0x0, 0x0, 0x0, 0x40, 0x0, 0x0, 0x0, 0x0,
    0x0, 0x75, 0x70, 0x0, 0x0, 0x0, 0x76, 0xa8,
    0x68, 0xa6, 0x70, 0x0, 0x7, 0x72, 0x0, 0x2,
    0x77, 0x0, 0x0, 0xb2, 0x0, 0x0, 0x2, 0xb0,
    0x0, 0x78, 0x0, 0x36, 0x30, 0x7, 0x70, 0x72,
    0x70, 0x7, 0x7, 0x0, 0x72, 0x70, 0x88, 0x0,
    0x36, 0x30, 0x7, 0x80, 0x0, 0xc1, 0x0, 0x0,
    0x1, 0xb0, 0x0, 0x7, 0x81, 0x0, 0x0, 0x87,
    0x0, 0x0, 0xa7, 0xc7, 0x77, 0xb7, 0xa0, 0x0,
    0x0, 0x0, 0x81, 0x80, 0x0, 0x0, 0x0, 0x0,
    0x0, 0x80, 0x0, 0x0, 0x0,

    /* U+06DF "۟" */
    0x78, 0x9, 0x81, 0x78, 0x0,

    /* U+06E0 "۠" */
    0x9e, 0x2d, 0x76, 0xae, 0x20,

    /* U+06E1 "ۡ" */
    0xbc, 0x2a, 0x60,

    /* U+06E2 "ۢ" */
    0x38, 0x57, 0x1a, 0xa8, 0x49, 0x0,

    /* U+06E3 "ۣ" */
    0x0, 0x21, 0x17, 0x70, 0xa4, 0x59, 0xa0, 0xb9,
    0x88, 0x78, 0x50, 0x0,

    /* U+06E4 "ۤ" */
    0x7c, 0x49, 0x9, 0x1b, 0x80,

    /* U+06E5 "ۥ" */
    0x39, 0x5a, 0x36, 0x6a, 0x65, 0xa3,

    /* U+06E6 "ۦ" */
    0x0, 0x40, 0x38, 0x30, 0x98, 0x83,

    /* U+06E7 "ۧ" */
    0x4, 0x30, 0x76, 0x0, 0x88, 0x81,

    /* U+06E8 "ۨ" */
    0x15, 0x29, 0xa, 0x78, 0x60,

    /* U+06E9 "۩" */
    0x0, 0x17, 0x20, 0x0, 0x16, 0x66, 0x20, 0x17,
    0x75, 0x76, 0x26, 0x66, 0x5, 0x67, 0x6, 0x71,
    0x86, 0x0, 0x57, 0x18, 0x50, 0x5, 0x71, 0x85,
    0x0, 0x57, 0x18, 0x50, 0x6, 0x68, 0x86, 0x4,
    0x88, 0x98, 0x77,

    /* U+06EA "۪" */
    0x1, 0x7, 0x71, 0x57, 0x0, 0x0,

    /* U+06EB "۫" */
    0x47, 0x7, 0x71, 0x1, 0x0,

    /* U+06EC "۬" */
    0x83, 0xd6,

    /* U+06ED "ۭ" */
    0x38, 0x57, 0x1a, 0xb9, 0x49, 0x0,

    /* U+06EE "ۮ" */
    0x7, 0xe1, 0x0, 0x2, 0xc3, 0xb0, 0x0, 0x0,
    0x0, 0x0, 0x0, 0xb, 0x40, 0x0, 0x1, 0xef,
    0x40, 0x0, 0x1, 0xde, 0x10, 0x0, 0x3, 0xf7,
    0x0, 0x0, 0xc, 0xc0, 0x14, 0x44, 0xaf, 0x7,
    0xff, 0xff, 0xf1,

    /* U+06EF "ۯ" */
    0x0, 0x2, 0x10, 0x0, 0xd, 0xb0, 0x0, 0x77,
    0xa4, 0x0, 0x20, 0x12, 0x0, 0x9, 0x90, 0x0,
    0xc, 0xc0, 0x0, 0xc, 0xc0, 0x0, 0xc, 0xc0,
    0x0, 0xc, 0xc0, 0x0, 0xc, 0xc0, 0x0, 0xc,
    0xc0, 0x3, 0x2f, 0xa0, 0x4f, 0xfe, 0x20, 0x1,
    0x30, 0x0,

    /* U+06F0 "۰" */
    0x1, 0x50, 0xc, 0xf6, 0x5, 0xf8, 0x0, 0x20,

    /* U+06F1 "۱" */
    0x1, 0x5, 0xf3, 0x5f, 0x35, 0xf3, 0x5f, 0x35,
    0xf3, 0x5f, 0x35, 0xf3, 0x5f, 0x30,

    /* U+06F2 "۲" */
    0x1, 0x11, 0x11, 0x3, 0xff, 0xff, 0xf1, 0xf,
    0xb4, 0x44, 0x0, 0xae, 0x0, 0x0, 0x4, 0xf4,
    0x0, 0x0, 0xe, 0xa0, 0x0, 0x0, 0x9f, 0x10,
    0x0, 0x3, 0xf6, 0x0, 0x0, 0xd, 0xc0, 0x0,

    /* U+06F3 "۳" */
    0x7b, 0xb, 0x47, 0x75, 0xf4, 0xf5, 0xc8, 0xe,
    0xff, 0xff, 0x30, 0x9e, 0x11, 0x0, 0x3, 0xf4,
    0x0, 0x0, 0xd, 0xa0, 0x0, 0x0, 0x8f, 0x10,
    0x0, 0x2, 0xf7, 0x0,

    /* U+06F4 "۴" */
    0x56, 0xb, 0xa0, 0x7, 0xf4, 0xd0, 0xc8, 0x1f,
    0xff, 0xcf, 0x30, 0xcd, 0x57, 0x30, 0x7, 0xf1,
    0x0, 0x0, 0x2f, 0x70, 0x0, 0x0, 0xcc, 0x0,
    0x0, 0x7, 0xf2, 0x0, 0x0, 0x2f, 0x70, 0x0,

    /* U+06F5 "۵" */
    0x0, 0x0, 0x0, 0x0, 0x1b, 0xfa, 0x0, 0xa,
    0xd5, 0xf8, 0x1, 0xf6, 0x8, 0xe0, 0x5f, 0x10,
    0x4f, 0x37, 0xf0, 0x2, 0xf5, 0x7f, 0x3, 0x2f,
    0x54, 0xf7, 0xf8, 0xf2, 0xb, 0xf9, 0xfa, 0x0,

    /* U+06F6 "۶" */
    0x0, 0x0, 0x3, 0xdf, 0xf6, 0xdd, 0x45, 0x2f,
    0x90, 0x0, 0xae, 0x35, 0x60, 0x8f, 0xf8, 0xa,
    0xf4, 0x5, 0xf4, 0x0, 0xca, 0x0, 0x0,

    /* U+06F7 "۷" */
    0x9f, 0x0, 0x3f, 0x64, 0xf4, 0x7, 0xf2, 0xf,
    0x80, 0xbd, 0x0, 0xbc, 0xe, 0x80, 0x6, 0xf3,
    0xf4, 0x0, 0x2f, 0xaf, 0x0, 0x0, 0xdf, 0xb0,
    0x0, 0x8, 0xf6, 0x0,

    /* U+06F8 "۸" */
    0x0, 0x8f, 0x60, 0x0, 0xd, 0xfb, 0x0, 0x2,
    0xfa, 0xf0, 0x0, 0x6f, 0x3f, 0x40, 0xb, 0xc0,
    0xe8, 0x0, 0xf8, 0xb, 0xd0, 0x4f, 0x40, 0x7f,
    0x29, 0xf0, 0x3, 0xf6,

    /* U+06F9 "۹" */
    0x0, 0x0, 0x0, 0x9, 0xff, 0xa0, 0x6f, 0x66,
    0xf8, 0x9e, 0x0, 0xcd, 0x7f, 0x40, 0xae, 0xc,
    0xff, 0xfe, 0x0, 0x13, 0xbe, 0x0, 0x0, 0xae,
    0x0, 0x0, 0xae,

    /* U+06FA "ۺ" */
    0x0, 0x0, 0x0, 0x0, 0x0, 0xc5, 0x0, 0x0,
    0x0, 0x0, 0x0, 0x0, 0x8, 0x79, 0x30, 0x0,
    0x0, 0x0, 0x0, 0x0, 0xe, 0x6d, 0x60, 0x0,
    0x0, 0x0, 0x0, 0x0, 0x0, 0x0, 0x3, 0xd3,
    0x0, 0x0, 0x0, 0xba, 0x0, 0xd8, 0x4, 0xf3,
    0x0, 0x0, 0x0, 0xcc, 0x0, 0xf9, 0x4, 0xf3,
    0xd, 0x90, 0x0, 0xcc, 0x0, 0xf9, 0x4, 0xf3,
    0x1f, 0x60, 0x0, 0xcd, 0x48, 0xfe, 0x57, 0xf3,
    0x3f, 0x50, 0x0, 0xcf, 0xff, 0x97, 0xef, 0xf3,
    0x2f, 0x60, 0x0, 0xdb, 0x0, 0x0, 0x0, 0x0,
    0xd, 0xd2, 0x6, 0xf6, 0x0, 0x7c, 0x0, 0x0,
    0x3, 0xef, 0xff, 0xa0, 0x0, 0x46, 0x0, 0x0,
    0x0, 0x3, 0x31, 0x0, 0x0, 0x0, 0x0, 0x0,

    /* U+06FB "ۻ" */
    0x0, 0x0, 0x0, 0x0, 0xa, 0x90, 0x0, 0x0,
    0x0, 0x0, 0x0, 0x5, 0x50, 0x0, 0x0, 0x0,
    0x0, 0x0, 0x0, 0x0, 0x0, 0x0, 0x0, 0x0,
    0xcb, 0x9, 0xef, 0xa1, 0x0, 0x0, 0x0, 0xcc,
    0xb8, 0x35, 0xfa, 0x1, 0x10, 0x0, 0xcf, 0x70,
    0x0, 0xae, 0xe, 0x90, 0x0, 0xce, 0x0, 0x0,
    0x9f, 0x1f, 0x60, 0x0, 0xcd, 0x44, 0x44, 0xbf,
    0x3f, 0x50, 0x0, 0xcf, 0xff, 0xff, 0xff, 0x2f,
    0x60, 0x0, 0xdb, 0x0, 0x0, 0x0, 0xd, 0xd2,
    0x6, 0xf6, 0x4, 0x10, 0x0, 0x3, 0xef, 0xff,
    0xa0, 0xf, 0x60, 0x0, 0x0, 0x3, 0x31, 0x0,
    0x2, 0x0, 0x0,

    /* U+06FC "ۼ" */
    0x0, 0x7, 0x40, 0x0, 0x0, 0xc7, 0x0, 0x0,
    0x0, 0x0, 0x0, 0x7, 0xef, 0xe2, 0x6, 0xf8,
    0x47, 0x0, 0xbd, 0x0, 0x0, 0xb, 0xc0, 0x0,
    0x0, 0x6f, 0x49, 0x70, 0x0, 0xef, 0xc6, 0x0,
    0xae, 0x40, 0x0, 0x2f, 0x69, 0xa0, 0x2, 0xf9,
    0x67, 0x10, 0x8, 0xff, 0xfa, 0x0, 0x1, 0x32,
    0x0,

    /* U+06FD "۽" */
    0x0, 0x0, 0x0, 0x3, 0xdf, 0xf3, 0xd, 0xd4,
    0x50, 0xd, 0xb0, 0x0, 0x1a, 0xfd, 0xfa, 0x3b,
    0x97, 0x52, 0x0, 0x41, 0x20, 0x0, 0xc4, 0x70,
    0x0, 0xc4, 0x70,

    /* U+06FE "۾" */
    0x0, 0x0, 0x0, 0x0, 0x0, 0x3c, 0xff, 0x80,
    0x0, 0xcc, 0x48, 0xf5, 0x0, 0xf7, 0x0, 0xf9,
    0x0, 0xf7, 0x1, 0xf8, 0x1, 0xdc, 0x4b, 0xf3,
    0xe, 0xff, 0xfd, 0x50, 0x3f, 0x60, 0x0, 0x0,
    0x3f, 0x44, 0x7c, 0x0, 0x3f, 0x44, 0x7c, 0x0,
    0x2d, 0x41, 0x24, 0x0,

    /* U+06FF "ۿ" */
    0x0, 0x1, 0x70, 0x0, 0x0, 0x0, 0xb, 0xa6,
    0x0, 0x0, 0x0, 0x15, 0x7, 0x0, 0x0, 0x0,
    0x0, 0x0, 0x0, 0x0, 0x0, 0x9e, 0xff, 0xe9,
    0x10, 0x0, 0x77, 0x44, 0x7f, 0xd0, 0x0, 0x0,
    0x0, 0x5, 0xf6, 0x0, 0xbf, 0xfa, 0x0, 0xf9,
    0x9, 0xf6, 0x7f, 0x60, 0xda, 0xa, 0xe0, 0xf,
    0x80, 0xda, 0x8, 0xf8, 0x4f, 0xa4, 0xea, 0x3f,
    0xff, 0xff, 0xff, 0xfa,

    /* U+2009 " " */

    /* U+200B "​" */

    /* U+200C "‌" */
    0x0, 0x33, 0x33, 0x33, 0x33, 0x33, 0x33, 0x33,
    0x33, 0x33,

    /* U+200D "‍" */
    0x0, 0x0, 0x17, 0x71, 0x9, 0x90, 0x15, 0x51,
    0x3, 0x30, 0x3, 0x30, 0x3, 0x30, 0x3, 0x30,
    0x3, 0x30, 0x3, 0x30,

    /* U+200E "‎" */
    0x0, 0x0, 0x0, 0x70, 0x39, 0xb3, 0x33, 0x30,
    0x33, 0x0, 0x33, 0x0, 0x33, 0x0, 0x33, 0x0,
    0x33, 0x0, 0x33, 0x0,

    /* U+200F "‏" */
    0x0, 0x0, 0x7, 0x0, 0x3b, 0x93, 0x3, 0x33,
    0x0, 0x33, 0x0, 0x33, 0x0, 0x33, 0x0, 0x33,
    0x0, 0x33, 0x0, 0x33,

    /* U+2013 "–" */
    0x0, 0x0, 0x0, 0x8f, 0xff, 0xf8, 0x13, 0x33,
    0x31,

    /* U+2014 "—" */
    0x0, 0x0, 0x0, 0x0, 0x0, 0x0, 0x8f, 0xff,
    0xff, 0xff, 0xff, 0xf8, 0x13, 0x33, 0x33, 0x33,
    0x33, 0x31,

    /* U+2018 "‘" */
    0x1f, 0x36, 0xf0, 0xbc, 0x1, 0x10,

    /* U+2019 "’" */
    0x5f, 0x28, 0xd0, 0xb8, 0x1, 0x0,

    /* U+201A "‚" */
    0x1, 0x2, 0xf6, 0x5f, 0x18, 0xb0,

    /* U+201C "“" */
    0x1f, 0x37, 0xb6, 0xf0, 0xd8, 0xbc, 0x2f, 0x51,
    0x10, 0x10,

    /* U+201D "”" */
    0x5f, 0x2c, 0xb8, 0xd0, 0xf6, 0xb7, 0x2f, 0x11,
    0x0, 0x10,

    /* U+201E "„" */
    0x1, 0x0, 0x10, 0x2f, 0x69, 0xf0, 0x5f, 0x1c,
    0x90, 0x8b, 0xf, 0x30,

    /* U+2022 "•" */
    0x7, 0x92, 0x3f, 0xfb, 0x4f, 0xfc, 0xc, 0xf5,

    /* U+2026 "…" */
    0x2e, 0x60, 0xbb, 0x6, 0xe2, 0x2e, 0x70, 0xcc,
    0x7, 0xe2,

    /* U+202F " " */

    /* U+2039 "‹" */
    0x0, 0x10, 0x1, 0xe6, 0xb, 0xd0, 0x5f, 0x40,
    0xd, 0xc0, 0x2, 0xf6, 0x0, 0x20,

    /* U+203A "›" */
    0x0, 0x0, 0x4f, 0x20, 0xb, 0xd1, 0x1, 0xf8,
    0x9, 0xe1, 0x4f, 0x40, 0x2, 0x0,

    /* U+204F "⁏" */
    0x3f, 0x53, 0xe5, 0x0, 0x0, 0x0, 0x0, 0x0,
    0x10, 0x2f, 0x50, 0xd8, 0x7, 0xc0,

    /* U+FB50 "ﭐ" */
    0x7, 0xa1, 0x6c, 0xa4, 0x5, 0x40, 0xc, 0xc0,
    0xc, 0xc0, 0xc, 0xc0, 0xc, 0xc0, 0xc, 0xc0,
    0xc, 0xc0, 0xc, 0xc0, 0xc, 0xc0,

    /* U+FB51 "ﭑ" */
    0x8, 0xa1, 0x7, 0xbb, 0x30, 0x0, 0x0, 0x0,
    0xcc, 0x0, 0xc, 0xc0, 0x0, 0xcc, 0x0, 0xc,
    0xc0, 0x0, 0xcc, 0x0, 0xc, 0xc0, 0x0, 0xcc,
    0x0, 0xc, 0xd4, 0x10, 0xcf, 0xf5,

    /* U+FB52 "ﭒ" */
    0x0, 0x0, 0x0, 0x8, 0xf0, 0x0, 0x0, 0x0,
    0x8, 0xf0, 0xf, 0x60, 0x0, 0x8, 0xf0, 0x3f,
    0x50, 0x0, 0x8, 0xf0, 0x1f, 0xc4, 0x44, 0x4a,
    0xf0, 0x6, 0xef, 0xff, 0xff, 0xf0, 0x0, 0x0,
    0x55, 0x0, 0x0, 0x0, 0x0, 0x9a, 0x0, 0x0,
    0x0, 0x0, 0x0, 0x0, 0x0, 0x0, 0x0, 0x9a,
    0x0, 0x0, 0x0, 0x0, 0x55, 0x0, 0x0,

    /* U+FB53 "ﭓ" */
    0x0, 0x0, 0x0, 0x8, 0xf0, 0x0, 0x0, 0x0,
    0x0, 0x8f, 0x0, 0xf, 0x60, 0x0, 0x8, 0xf0,
    0x3, 0xf5, 0x0, 0x0, 0x8f, 0x0, 0x1f, 0xc4,
    0x44, 0x4a, 0xf4, 0x20, 0x6e, 0xff, 0xff, 0xff,
    0xfa, 0x0, 0x0, 0x0, 0x0, 0x0, 0x0, 0x0,
    0xe, 0x50, 0x0, 0x0, 0x0, 0x0, 0x82, 0x0,
    0x0, 0x0, 0x0, 0x8, 0x20, 0x0, 0x0, 0x0,
    0x0, 0xe5, 0x0, 0x0, 0x0,

    /* U+FB54 "ﭔ" */
    0x0, 0x8f, 0x0, 0x8, 0xf0, 0x0, 0x8f, 0x0,
    0x8, 0xf0, 0x4, 0xaf, 0x2, 0xff, 0xf0, 0x0,
    0x0, 0x0, 0x2f, 0x20, 0x1, 0x91, 0x0, 0x19,
    0x10, 0x2, 0xf2, 0x0,

    /* U+FB55 "ﭕ" */
    0x0, 0x8f, 0x0, 0x0, 0x8f, 0x0, 0x0, 0x8f,
    0x0, 0x0, 0x8f, 0x0, 0x4, 0xaf, 0x42, 0x2f,
    0xff, 0xfa, 0x0, 0x0, 0x0, 0x0, 0xa9, 0x0,
    0x0, 0x55, 0x0, 0x0, 0x55, 0x0, 0x0, 0xa9,
    0x0,

    /* U+FB56 "ﭖ" */
    0x0, 0x0, 0x0, 0x8, 0xf0, 0x0, 0x0, 0x0,
    0x8, 0xf0, 0xf, 0x60, 0x0, 0x8, 0xf0, 0x3f,
    0x50, 0x0, 0x8, 0xf0, 0x1f, 0xc4, 0x44, 0x4a,
    0xf0, 0x6, 0xef, 0xff, 0xff, 0xf0, 0x0, 0x0,
    0x0, 0x0, 0x0, 0x0, 0x4, 0x64, 0x70, 0x0,
    0x0, 0x7, 0xa7, 0xa0, 0x0, 0x0, 0x0, 0x7b,
    0x0, 0x0, 0x0, 0x0, 0x12, 0x0, 0x0,

    /* U+FB57 "ﭗ" */
    0x0, 0x0, 0x0, 0x8, 0xf0, 0x0, 0x0, 0x0,
    0x0, 0x8f, 0x0, 0xf, 0x60, 0x0, 0x8, 0xf0,
    0x3, 0xf5, 0x0, 0x0, 0x8f, 0x0, 0x1f, 0xc4,
    0x44, 0x4a, 0xf4, 0x20, 0x6e, 0xff, 0xff, 0xff,
    0xfa, 0x0, 0x0, 0x0, 0x0, 0x0, 0x0, 0x0,
    0x0, 0x0, 0x0, 0x0, 0x0, 0xe, 0x6d, 0x60,
    0x0, 0x0, 0x0, 0x84, 0x73, 0x0, 0x0, 0x0,
    0x0, 0xd5, 0x0, 0x0, 0x0, 0x0, 0x2, 0x0,
    0x0, 0x0,

    /* U+FB58 "ﭘ" */
    0x0, 0xe, 0xa0, 0x0, 0xe, 0xa0, 0x0, 0xe,
    0xa0, 0x0, 0xe, 0xa0, 0x4, 0x4e, 0xa0, 0x2f,
    0xff, 0xa0, 0x0, 0x0, 0x0, 0x0, 0x0, 0x0,
    0x6, 0xd5, 0xe0, 0x3, 0x83, 0x80, 0x0, 0x5d,
    0x0, 0x0, 0x2, 0x0,

    /* U+FB59 "ﭙ" */
    0x0, 0x2f, 0x60, 0x0, 0x2, 0xf6, 0x0, 0x0,
    0x2f, 0x60, 0x0, 0x2, 0xf6, 0x0, 0x4, 0x6f,
    0x84, 0x12, 0xff, 0xff, 0xf3, 0x0, 0x0, 0x0,
    0x0, 0x0, 0x0, 0x0, 0x3, 0xe4, 0xf2, 0x0,
    0x19, 0x29, 0x0, 0x0, 0x2f, 0x0, 0x0, 0x0,
    0x30, 0x0,

    /* U+FB5A "ﭚ" */
    0x0, 0x0, 0x0, 0x8, 0xf0, 0x0, 0x0, 0x0,
    0x8, 0xf0, 0xf, 0x60, 0x0, 0x8, 0xf0, 0x3f,
    0x50, 0x0, 0x8, 0xf0, 0x1f, 0xc4, 0x44, 0x4a,
    0xf0, 0x6, 0xef, 0xff, 0xff, 0xf0, 0x0, 0x0,
    0x0, 0x0, 0x0, 0x0, 0x8, 0xba, 0x90, 0x0,
    0x0, 0x2, 0x33, 0x20, 0x0, 0x0, 0x8, 0xba,
    0x90, 0x0, 0x0, 0x1, 0x22, 0x10, 0x0,

    /* U+FB5B "ﭛ" */
    0x0, 0x0, 0x0, 0x8, 0xf0, 0x0, 0x0, 0x0,
    0x0, 0x8f, 0x0, 0xf, 0x60, 0x0, 0x8, 0xf0,
    0x3, 0xf5, 0x0, 0x0, 0x8f, 0x0, 0x1f, 0xc4,
    0x44, 0x4a, 0xf4, 0x20, 0x6e, 0xff, 0xff, 0xff,
    0xfa, 0x0, 0x0, 0x0, 0x0, 0x0, 0x0, 0x0,
    0x10, 0x10, 0x0, 0x0, 0x0, 0xd, 0x6f, 0x30,
    0x0, 0x0, 0x0, 0x41, 0x50, 0x0, 0x0, 0x0,
    0xd, 0x6f, 0x30, 0x0, 0x0, 0x0, 0x30, 0x30,
    0x0, 0x0,

    /* U+FB5C "ﭜ" */
    0x0, 0xe, 0xa0, 0x0, 0xea, 0x0, 0xe, 0xa0,
    0x0, 0xea, 0x4, 0x4e, 0xa2, 0xff, 0xfa, 0x0,
    0x0, 0x0, 0x1, 0x0, 0x6, 0xd8, 0xb0, 0x14,
    0x23, 0x6, 0xd8, 0xb0, 0x13, 0x12,

    /* U+FB5D "ﭝ" */
    0x0, 0x2f, 0x60, 0x0, 0x2, 0xf6, 0x0, 0x0,
    0x2f, 0x60, 0x0, 0x2, 0xf6, 0x0, 0x4, 0x6f,
    0x84, 0x12, 0xff, 0xff, 0xf3, 0x0, 0x0, 0x0,
    0x0, 0x1, 0x1, 0x0, 0x3, 0xf6, 0xe0, 0x0,
    0x5, 0x14, 0x0, 0x3, 0xf6, 0xe0, 0x0, 0x3,
    0x3, 0x0,

    /* U+FB5E "ﭞ" */
    0x0, 0x0, 0x91, 0x0, 0x0, 0x0, 0x1, 0xe3,
    0x0, 0x0, 0x0, 0x0, 0x91, 0x0, 0x0, 0x0,
    0x1, 0xf3, 0x1, 0x30, 0x0, 0x0, 0x0, 0x8,
    0xf0, 0x6, 0x30, 0x0, 0x8, 0xf0, 0x1f, 0x60,
    0x0, 0x8, 0xf0, 0x3f, 0x50, 0x0, 0x8, 0xf0,
    0x1f, 0xc4, 0x44, 0x4a, 0xf0, 0x5, 0xef, 0xff,
    0xff, 0xf0,

    /* U+FB5F "ﭟ" */
    0x0, 0x0, 0x64, 0x0, 0x0, 0x0, 0x0, 0xb,
    0x80, 0x0, 0x0, 0x0, 0x0, 0x0, 0x0, 0x0,
    0x0, 0x0, 0xb, 0x80, 0x5b, 0x0, 0x0, 0x0,
    0x64, 0x8, 0xf0, 0x0, 0xf6, 0x0, 0x0, 0x8f,
    0x0, 0x3f, 0x50, 0x0, 0x8, 0xf0, 0x1, 0xfc,
    0x44, 0x44, 0xaf, 0x42, 0x6, 0xef, 0xff, 0xff,
    0xff, 0xa0,

    /* U+FB60 "ﭠ" */
    0x0, 0x4e, 0x10, 0x1, 0x80, 0x0, 0x29, 0x0,
    0x4, 0xe1, 0x0, 0x0, 0x0, 0x0, 0xb8, 0x0,
    0xe, 0xa0, 0x0, 0xea, 0x0, 0xe, 0xa0, 0x44,
    0xea, 0x2f, 0xff, 0xa0,

    /* U+FB61 "ﭡ" */
    0x0, 0x8b, 0x0, 0x0, 0x4, 0x60, 0x0, 0x0,
    0x8b, 0x0, 0x0, 0x4, 0x60, 0x0, 0x0, 0x0,
    0x0, 0x0, 0x2, 0xe5, 0x0, 0x0, 0x2f, 0x60,
    0x0, 0x2, 0xf6, 0x0, 0x0, 0x2f, 0x60, 0x0,
    0x46, 0xf8, 0x41, 0x2f, 0xff, 0xff, 0x30,

    /* U+FB62 "ﭢ" */
    0x0, 0xd, 0x5e, 0x20, 0x0, 0x0, 0x6, 0x17,
    0x0, 0x0, 0x0, 0xe, 0x6f, 0x30, 0x0, 0x0,
    0x3, 0x4, 0x6, 0xd0, 0x2, 0x10, 0x0, 0x8,
    0xf0, 0x1f, 0x60, 0x0, 0x8, 0xf0, 0x3f, 0x50,
    0x0, 0x8, 0xf0, 0x1f, 0xc4, 0x44, 0x4a, 0xf0,
    0x6, 0xef, 0xff, 0xff, 0xf0,

    /* U+FB63 "ﭣ" */
    0x0, 0x0, 0x0, 0x0, 0x0, 0x0, 0x0, 0x9a,
    0xc7, 0x0, 0x0, 0x0, 0x2, 0x23, 0x10, 0x10,
    0x0, 0x0, 0x99, 0xb7, 0x8f, 0x0, 0x5, 0x21,
    0x12, 0x18, 0xf0, 0x1, 0xf6, 0x0, 0x0, 0x8f,
    0x0, 0x3f, 0x50, 0x0, 0x8, 0xf0, 0x1, 0xfc,
    0x44, 0x44, 0xaf, 0x42, 0x6, 0xef, 0xff, 0xff,
    0xff, 0xa0,

    /* U+FB64 "ﭤ" */
    0x0, 0x10, 0x10, 0x1, 0xf6, 0xf0, 0x0, 0x50,
    0x50, 0x1, 0xf6, 0xf0, 0x0, 0x40, 0x30, 0x0,
    0x7, 0x50, 0x0, 0xe, 0xa0, 0x0, 0xe, 0xa0,
    0x0, 0xe, 0xa0, 0x4, 0x4e, 0xa0, 0x2f, 0xff,
    0xa0,

    /* U+FB65 "ﭥ" */
    0x0, 0x10, 0x0, 0x0, 0x6d, 0x8b, 0x0, 0x1,
    0x31, 0x20, 0x0, 0x5c, 0x7a, 0x0, 0x1, 0x52,
    0x40, 0x0, 0x0, 0x0, 0x0, 0x0, 0x2f, 0x60,
    0x0, 0x2, 0xf6, 0x0, 0x0, 0x2f, 0x60, 0x0,
    0x2, 0xf6, 0x0, 0x4, 0x6f, 0x84, 0x12, 0xff,
    0xff, 0xf3,

    /* U+FB66 "ﭦ" */
    0x0, 0xa, 0x0, 0x0, 0x0, 0x0, 0xa, 0x89,
    0x0, 0x0, 0x0, 0xa, 0xab, 0x0, 0x10, 0x0,
    0x0, 0x0, 0x8, 0xf0, 0x5, 0x20, 0x0, 0x8,
    0xf0, 0x1f, 0x60, 0x0, 0x8, 0xf0, 0x3f, 0x50,
    0x0, 0x8, 0xf0, 0x1f, 0xc4, 0x44, 0x4a, 0xf0,
    0x6, 0xef, 0xff, 0xff, 0xf0,

    /* U+FB67 "ﭧ" */
    0x0, 0x2, 0x20, 0x0, 0x0, 0x0, 0x0, 0x5a,
    0xa1, 0x0, 0x0, 0x0, 0x6, 0xbb, 0x38, 0xf0,
    0x0, 0x73, 0x0, 0x0, 0x8f, 0x0, 0x1f, 0x60,
    0x0, 0x8, 0xf0, 0x3, 0xf5, 0x0, 0x0, 0x8f,
    0x0, 0x1f, 0xc4, 0x44, 0x4a, 0xf4, 0x20, 0x5e,
    0xff, 0xff, 0xff, 0xfa,

    /* U+FB68 "ﭨ" */
    0x3, 0x10, 0x0, 0x79, 0x90, 0x7, 0x59, 0x10,
    0x8b, 0xc1, 0x0, 0x0, 0x0, 0x6, 0xb0, 0x0,
    0x8f, 0x0, 0x8, 0xf0, 0x0, 0x8f, 0x0, 0x4a,
    0xf0, 0x2f, 0xff, 0x0,

    /* U+FB69 "ﭩ" */
    0x0, 0x40, 0x0, 0x0, 0x1b, 0xa3, 0x0, 0x3,
    0xcb, 0x50, 0x0, 0x0, 0x0, 0x0, 0x0, 0x4,
    0x10, 0x0, 0x2, 0xf6, 0x0, 0x0, 0x2f, 0x60,
    0x0, 0x2, 0xf6, 0x0, 0x0, 0x2f, 0x60, 0x0,
    0x46, 0xf8, 0x41, 0x2f, 0xff, 0xff, 0x30,

    /* U+FB6A "ﭪ" */
    0x0, 0x0, 0x0, 0x0, 0x0, 0x0, 0x0, 0x0,
    0x0, 0x0, 0x99, 0x0, 0x0, 0x0, 0x0, 0x5,
    0x77, 0x60, 0x0, 0x0, 0x0, 0xa, 0x99, 0xa0,
    0x0, 0x0, 0x0, 0x0, 0x0, 0x0, 0x0, 0x0,
    0x0, 0x7, 0xef, 0xfa, 0x5, 0x20, 0x0, 0x6f,
    0xa4, 0xea, 0x1f, 0x60, 0x0, 0xbe, 0x0, 0xea,
    0x3f, 0x50, 0x0, 0xae, 0x0, 0xea, 0x1f, 0xc4,
    0x44, 0x8f, 0x94, 0xea, 0x6, 0xef, 0xff, 0xff,
    0xff, 0xfa,

    /* U+FB6B "ﭫ" */
    0x0, 0x0, 0x0, 0x0, 0x0, 0x0, 0x0, 0x0,
    0x0, 0x0, 0x0, 0xb6, 0x0, 0x0, 0x0, 0x0,
    0x0, 0xc, 0x7b, 0x80, 0x0, 0x0, 0x0, 0x0,
    0x7, 0x46, 0x40, 0x0, 0x0, 0x0, 0x0, 0x0,
    0x0, 0x0, 0x0, 0x0, 0x0, 0x0, 0x7, 0xef,
    0xfa, 0x0, 0x5, 0x20, 0x0, 0x6f, 0xa4, 0xea,
    0x0, 0x1f, 0x60, 0x0, 0xbe, 0x0, 0xea, 0x0,
    0x3f, 0x50, 0x0, 0xae, 0x0, 0xea, 0x0, 0x1f,
    0xc4, 0x44, 0x8f, 0x94, 0xeb, 0x40, 0x6, 0xef,
    0xff, 0xff, 0xff, 0xff, 0xf2,

    /* U+FB6C "ﭬ" */
    0x0, 0x0, 0x0, 0x0, 0x0, 0x0, 0xe4, 0x0,
    0x0, 0x8, 0x58, 0x20, 0x0, 0xe, 0x4e, 0x50,
    0x0, 0x0, 0x0, 0x0, 0x0, 0x8, 0xef, 0xf7,
    0x0, 0x8f, 0x84, 0xf7, 0x0, 0xdc, 0x1, 0xf7,
    0x0, 0xdb, 0x1, 0xf7, 0x4, 0xaf, 0x75, 0xf7,
    0x2f, 0xff, 0xff, 0xf7,

    /* U+FB6D "ﭭ" */
    0x0, 0x0, 0x0, 0x0, 0x0, 0x0, 0xe, 0x40,
    0x0, 0x0, 0x8, 0x58, 0x20, 0x0, 0x0, 0xe4,
    0xe5, 0x0, 0x0, 0x0, 0x0, 0x0, 0x0, 0x0,
    0x8e, 0xff, 0x70, 0x0, 0x8f, 0x84, 0xf7, 0x0,
    0xd, 0xc0, 0x1f, 0x70, 0x0, 0xdb, 0x1, 0xf7,
    0x0, 0x4a, 0xf7, 0x5f, 0x94, 0x2f, 0xff, 0xff,
    0xff, 0xf0,

    /* U+FB6E "ﭮ" */
    0x0, 0x0, 0x0, 0x0, 0x0, 0x0, 0x0, 0x0,
    0x0, 0x9, 0xab, 0x80, 0x0, 0x0, 0x0, 0x2,
    0x33, 0x20, 0x0, 0x0, 0x0, 0x9, 0xab, 0x80,
    0x0, 0x0, 0x0, 0x1, 0x23, 0x20, 0x0, 0x0,
    0x0, 0x7, 0xef, 0xfa, 0x5, 0x20, 0x0, 0x6f,
    0xa4, 0xea, 0x1f, 0x60, 0x0, 0xbe, 0x0, 0xea,
    0x3f, 0x50, 0x0, 0xae, 0x0, 0xea, 0x1f, 0xc4,
    0x44, 0x8f, 0x94, 0xea, 0x6, 0xef, 0xff, 0xff,
    0xff, 0xfa,

    /* U+FB6F "ﭯ" */
    0x0, 0x0, 0x0, 0x0, 0x1, 0x0, 0x0, 0x0,
    0x0, 0x0, 0xb, 0x8d, 0x60, 0x0, 0x0, 0x0,
    0x0, 0x3, 0x24, 0x10, 0x0, 0x0, 0x0, 0x0,
    0xb, 0x8d, 0x60, 0x0, 0x0, 0x0, 0x0, 0x2,
    0x13, 0x10, 0x0, 0x0, 0x0, 0x0, 0x7, 0xef,
    0xfa, 0x0, 0x5, 0x20, 0x0, 0x6f, 0xa4, 0xea,
    0x0, 0x1f, 0x60, 0x0, 0xbe, 0x0, 0xea, 0x0,
    0x3f, 0x50, 0x0, 0xae, 0x0, 0xea, 0x0, 0x1f,
    0xc4, 0x44, 0x8f, 0x94, 0xeb, 0x40, 0x6, 0xef,
    0xff, 0xff, 0xff, 0xff, 0xf2,

    /* U+FB70 "ﭰ" */
    0x0, 0x1, 0x1, 0x0, 0x0, 0xe, 0x6f, 0x30,
    0x0, 0x4, 0x5, 0x0, 0x0, 0xe, 0x6f, 0x30,
    0x0, 0x3, 0x4, 0x10, 0x0, 0x8, 0xef, 0xf7,
    0x0, 0x8f, 0x84, 0xf7, 0x0, 0xdc, 0x1, 0xf7,
    0x0, 0xdb, 0x1, 0xf7, 0x4, 0xaf, 0x75, 0xf7,
    0x2f, 0xff, 0xff, 0xf7,

    /* U+FB71 "ﭱ" */
    0x0, 0x1, 0x1, 0x0, 0x0, 0x0, 0xe6, 0xf3,
    0x0, 0x0, 0x4, 0x5, 0x0, 0x0, 0x0, 0xe6,
    0xf3, 0x0, 0x0, 0x3, 0x4, 0x10, 0x0, 0x0,
    0x8e, 0xff, 0x70, 0x0, 0x8f, 0x84, 0xf7, 0x0,
    0xd, 0xc0, 0x1f, 0x70, 0x0, 0xdb, 0x1, 0xf7,
    0x0, 0x4a, 0xf7, 0x5f, 0x94, 0x2f, 0xff, 0xff,
    0xff, 0xf0,

    /* U+FB72 "ﭲ" */
    0x0, 0x0, 0x0, 0x0, 0x2b, 0xff, 0xd3, 0x0,
    0x19, 0x45, 0xed, 0x0, 0x0, 0x0, 0x6f, 0x10,
    0x0, 0x0, 0x5f, 0x60, 0x0, 0x8f, 0xdc, 0xe1,
    0xd, 0xc3, 0x0, 0x50, 0x6f, 0x20, 0xe, 0x40,
    0x6f, 0x60, 0x9, 0x20, 0xc, 0xf6, 0xf, 0x40,
    0x0, 0x20, 0xe, 0x40,

    /* U+FB73 "ﭳ" */
    0x0, 0x0, 0x0, 0x0, 0x2b, 0xff, 0xd2, 0x0,
    0x19, 0x45, 0xec, 0x0, 0x0, 0x0, 0x6f, 0x10,
    0x0, 0x0, 0x3f, 0x50, 0x0, 0x4b, 0xff, 0xd3,
    0x9, 0xf8, 0x32, 0xcb, 0x4f, 0x40, 0x8, 0x20,
    0x6f, 0x20, 0xe, 0x40, 0x2f, 0xe4, 0x9, 0x20,
    0x2, 0x82, 0xe, 0x40,

    /* U+FB74 "ﭴ" */
    0x0, 0x0, 0x0, 0x0, 0x3, 0xdf, 0xf9, 0x0,
    0x1, 0x74, 0x8f, 0x50, 0x0, 0x0, 0xe, 0x90,
    0x0, 0x0, 0xb, 0xd0, 0x4, 0x44, 0x48, 0xf4,
    0x2f, 0xff, 0xff, 0xf7, 0x0, 0x0, 0x0, 0x0,
    0x0, 0xb, 0x80, 0x0, 0x0, 0x6, 0x40, 0x0,
    0x0, 0x6, 0x40, 0x0, 0x0, 0xb, 0x80, 0x0,

    /* U+FB75 "ﭵ" */
    0x0, 0x0, 0x0, 0x0, 0x0, 0x3d, 0xff, 0x90,
    0x0, 0x1, 0x74, 0x8f, 0x50, 0x0, 0x0, 0x0,
    0xe9, 0x0, 0x0, 0x0, 0xb, 0xd0, 0x0, 0x44,
    0x44, 0x8f, 0x61, 0x2f, 0xff, 0xff, 0xff, 0x40,
    0x0, 0x0, 0x0, 0x0, 0x0, 0xb, 0x80, 0x0,
    0x0, 0x0, 0x64, 0x0, 0x0, 0x0, 0x6, 0x40,
    0x0, 0x0, 0x0, 0xb8, 0x0, 0x0,

    /* U+FB76 "ﭶ" */
    0x0, 0x0, 0x0, 0x0, 0x2b, 0xff, 0xc2, 0x0,
    0x1a, 0x55, 0xeb, 0x0, 0x0, 0x0, 0x7f, 0x0,
    0x0, 0x0, 0x2f, 0x40, 0x0, 0x18, 0xdf, 0xb0,
    0x5, 0xfd, 0x76, 0xe1, 0x2f, 0x90, 0x0, 0x0,
    0x6f, 0x10, 0x0, 0x0, 0x5f, 0x71, 0xe4, 0xe4,
    0xb, 0xf6, 0x92, 0x82, 0x0, 0x20, 0x0, 0x0,

    /* U+FB77 "ﭷ" */
    0x0, 0x0, 0x0, 0x0, 0x2b, 0xff, 0xd2, 0x0,
    0x19, 0x45, 0xec, 0x0, 0x0, 0x0, 0x6f, 0x10,
    0x0, 0x0, 0x3f, 0x50, 0x0, 0x3a, 0xff, 0xd3,
    0x7, 0xfa, 0x32, 0xcb, 0x3f, 0x70, 0x0, 0x0,
    0x6f, 0x10, 0x92, 0x82, 0x5f, 0x71, 0xe4, 0xe4,
    0xb, 0xf6, 0x0, 0x0, 0x0, 0x20, 0x0, 0x0,

    /* U+FB78 "ﭸ" */
    0x0, 0x0, 0x0, 0x0, 0x3, 0xdf, 0xf9, 0x0,
    0x1, 0x74, 0x8f, 0x50, 0x0, 0x0, 0xe, 0x90,
    0x0, 0x0, 0xb, 0xd0, 0x4, 0x44, 0x48, 0xf4,
    0x2f, 0xff, 0xff, 0xf7, 0x0, 0x0, 0x0, 0x0,
    0x0, 0xb8, 0xa9, 0x0, 0x0, 0x64, 0x65, 0x0,

    /* U+FB79 "ﭹ" */
    0x0, 0x0, 0x0, 0x0, 0x0, 0x3d, 0xff, 0x90,
    0x0, 0x1, 0x74, 0x8f, 0x50, 0x0, 0x0, 0x0,
    0xe9, 0x0, 0x0, 0x0, 0xb, 0xd0, 0x0, 0x44,
    0x44, 0x8f, 0x61, 0x2f, 0xff, 0xff, 0xff, 0x40,
    0x0, 0x0, 0x0, 0x0, 0x0, 0xb8, 0xa9, 0x0,
    0x0, 0x6, 0x46, 0x50, 0x0,

    /* U+FB7A "ﭺ" */
    0x0, 0x0, 0x0, 0x0, 0x2b, 0xff, 0xc2, 0x0,
    0x1a, 0x55, 0xec, 0x0, 0x0, 0x0, 0x6f, 0x0,
    0x0, 0x0, 0x2f, 0x40, 0x0, 0x29, 0xef, 0xb0,
    0x5, 0xfc, 0x64, 0xd0, 0x2f, 0x80, 0x0, 0x0,
    0x6f, 0x11, 0xe4, 0xe4, 0x5f, 0x71, 0x92, 0x82,
    0xb, 0xf6, 0xf, 0x30, 0x0, 0x20, 0x2, 0x0,

    /* U+FB7B "ﭻ" */
    0x0, 0x0, 0x0, 0x0, 0x2b, 0xff, 0xd2, 0x0,
    0x19, 0x45, 0xec, 0x0, 0x0, 0x0, 0x6f, 0x10,
    0x0, 0x0, 0x3f, 0x50, 0x0, 0x3a, 0xff, 0xd3,
    0x7, 0xfa, 0x32, 0xcb, 0x3f, 0x70, 0x0, 0x0,
    0x6f, 0x11, 0xe4, 0xe4, 0x5f, 0x71, 0x92, 0x82,
    0xb, 0xf6, 0xf, 0x30, 0x0, 0x20, 0x2, 0x0,

    /* U+FB7C "ﭼ" */
    0x0, 0x0, 0x0, 0x0, 0x3, 0xdf, 0xf9, 0x0,
    0x1, 0x74, 0x8f, 0x50, 0x0, 0x0, 0xe, 0x90,
    0x0, 0x0, 0xb, 0xd0, 0x4, 0x44, 0x48, 0xf4,
    0x2f, 0xff, 0xff, 0xf7, 0x0, 0x0, 0x0, 0x0,
    0x0, 0x0, 0x0, 0x0, 0x0, 0xa9, 0x9a, 0x0,
    0x0, 0x65, 0x56, 0x0, 0x0, 0x9, 0x90, 0x0,
    0x0, 0x1, 0x10, 0x0,

    /* U+FB7D "ﭽ" */
    0x0, 0x0, 0x0, 0x0, 0x0, 0x3d, 0xff, 0x90,
    0x0, 0x1, 0x74, 0x8f, 0x50, 0x0, 0x0, 0x0,
    0xe9, 0x0, 0x0, 0x0, 0xb, 0xd0, 0x0, 0x44,
    0x44, 0x8f, 0x61, 0x2f, 0xff, 0xff, 0xff, 0x40,
    0x0, 0x0, 0x0, 0x0, 0x0, 0x0, 0x0, 0x0,
    0x0, 0xa, 0x99, 0xa0, 0x0, 0x0, 0x65, 0x56,
    0x0, 0x0, 0x0, 0x99, 0x0, 0x0, 0x0, 0x1,
    0x10, 0x0, 0x0,

    /* U+FB7E "ﭾ" */
    0x0, 0x0, 0x0, 0x0, 0x2b, 0xff, 0xc2, 0x0,
    0x1a, 0x55, 0xec, 0x0, 0x0, 0x0, 0x6f, 0x0,
    0x0, 0x0, 0x2f, 0x40, 0x0, 0x29, 0xef, 0xc0,
    0x5, 0xfc, 0x54, 0xc0, 0x2f, 0x80, 0x10, 0x10,
    0x6f, 0x10, 0xe6, 0xf2, 0x5f, 0x70, 0x30, 0x40,
    0xb, 0xf6, 0xe5, 0xf2, 0x0, 0x20, 0x20, 0x20,

    /* U+FB7F "ﭿ" */
    0x0, 0x0, 0x0, 0x0, 0x2b, 0xff, 0xd2, 0x0,
    0x19, 0x45, 0xec, 0x0, 0x0, 0x0, 0x6f, 0x10,
    0x0, 0x0, 0x3f, 0x50, 0x0, 0x3a, 0xff, 0xd3,
    0x7, 0xfa, 0x32, 0xcb, 0x3f, 0x70, 0x10, 0x10,
    0x6f, 0x10, 0xe6, 0xf2, 0x5f, 0x70, 0x30, 0x40,
    0xb, 0xf6, 0xe5, 0xf2, 0x0, 0x20, 0x20, 0x20,

    /* U+FB80 "ﮀ" */
    0x0, 0x0, 0x0, 0x0, 0x3, 0xdf, 0xf9, 0x0,
    0x1, 0x74, 0x8f, 0x50, 0x0, 0x0, 0xe, 0x90,
    0x0, 0x0, 0xb, 0xd0, 0x4, 0x44, 0x48, 0xf4,
    0x2f, 0xff, 0xff, 0xf7, 0x0, 0x0, 0x0, 0x0,
    0x0, 0x0, 0x0, 0x0, 0x0, 0xa9, 0xc7, 0x0,
    0x0, 0x32, 0x31, 0x0, 0x0, 0xa9, 0xc7, 0x0,
    0x0, 0x22, 0x21, 0x0,

    /* U+FB81 "ﮁ" */
    0x0, 0x0, 0x0, 0x0, 0x0, 0x3d, 0xff, 0x90,
    0x0, 0x1, 0x74, 0x8f, 0x50, 0x0, 0x0, 0x0,
    0xe9, 0x0, 0x0, 0x0, 0xb, 0xd0, 0x0, 0x44,
    0x44, 0x8f, 0x61, 0x2f, 0xff, 0xff, 0xff, 0x40,
    0x0, 0x0, 0x0, 0x0, 0x0, 0x0, 0x0, 0x0,
    0x0, 0xa, 0x9c, 0x70, 0x0, 0x0, 0x32, 0x31,
    0x0, 0x0, 0xa, 0x9c, 0x70, 0x0, 0x0, 0x22,
    0x21, 0x0, 0x0,

    /* U+FB82 "ﮂ" */
    0x0, 0x92, 0x0, 0x0, 0x1f, 0xf3, 0x0, 0x0,
    0x2e, 0xe0, 0x0, 0x0, 0x4f, 0x70, 0x0, 0x0,
    0xcc, 0x1, 0x44, 0x4a, 0xf0, 0x7f, 0xff, 0xff,
    0x10, 0x0, 0x0, 0x0, 0x4, 0xe4, 0xe1, 0x0,
    0x29, 0x29, 0x0,

    /* U+FB83 "ﮃ" */
    0x0, 0x92, 0x0, 0x0, 0x1, 0xfe, 0x30, 0x0,
    0x0, 0x2e, 0xd0, 0x0, 0x0, 0x4, 0xf6, 0x0,
    0x0, 0x0, 0xcc, 0x0, 0x14, 0x44, 0xaf, 0x42,
    0x7f, 0xff, 0xff, 0xfa, 0x0, 0x0, 0x0, 0x0,
    0xd, 0x6d, 0x60, 0x0, 0x7, 0x37, 0x30, 0x0,

    /* U+FB84 "ﮄ" */
    0x28, 0x29, 0x0, 0x4, 0xe4, 0xe1, 0x0, 0x0,
    0x0, 0x0, 0x0, 0x7, 0x10, 0x0, 0x1, 0xfe,
    0x20, 0x0, 0x3, 0xed, 0x0, 0x0, 0x4, 0xf6,
    0x0, 0x0, 0xc, 0xc0, 0x14, 0x44, 0xaf, 0x7,
    0xff, 0xff, 0xf1,

    /* U+FB85 "ﮅ" */
    0x64, 0x65, 0x0, 0x0, 0xb8, 0xa9, 0x0, 0x0,
    0x0, 0x0, 0x0, 0x0, 0x0, 0x92, 0x0, 0x0,
    0x1, 0xfe, 0x30, 0x0, 0x0, 0x2e, 0xd0, 0x0,
    0x0, 0x4, 0xf6, 0x0, 0x0, 0x0, 0xcc, 0x0,
    0x14, 0x44, 0xaf, 0x42, 0x7f, 0xff, 0xff, 0xfa,

    /* U+FB86 "ﮆ" */
    0x0, 0x0, 0x0, 0x0, 0x3f, 0x0, 0x0, 0x29,
    0x58, 0x0, 0x4, 0xe4, 0xe1, 0x0, 0x0, 0x0,
    0x0, 0x0, 0x9, 0x20, 0x0, 0x1, 0xff, 0x30,
    0x0, 0x2, 0xee, 0x0, 0x0, 0x4, 0xf7, 0x0,
    0x0, 0xc, 0xc0, 0x14, 0x44, 0xaf, 0x7, 0xff,
    0xff, 0xf1,

    /* U+FB87 "ﮇ" */
    0x0, 0x0, 0x0, 0x0, 0xa, 0x80, 0x0, 0x0,
    0x66, 0x75, 0x0, 0x0, 0xb8, 0xa9, 0x0, 0x0,
    0x0, 0x0, 0x0, 0x0, 0x0, 0xa3, 0x0, 0x0,
    0x1, 0xef, 0x30, 0x0, 0x0, 0x2d, 0xe0, 0x0,
    0x0, 0x3, 0xf7, 0x0, 0x0, 0x0, 0xcc, 0x0,
    0x14, 0x44, 0xaf, 0x42, 0x7f, 0xff, 0xff, 0xfa,

    /* U+FB88 "ﮈ" */
    0xa, 0x0, 0x0, 0x0, 0xb9, 0x50, 0x0, 0x1c,
    0xa8, 0x0, 0x0, 0x0, 0x0, 0x0, 0x0, 0x92,
    0x0, 0x0, 0x1f, 0xf3, 0x0, 0x0, 0x2e, 0xe0,
    0x0, 0x0, 0x4f, 0x70, 0x0, 0x0, 0xcc, 0x1,
    0x44, 0x4a, 0xf0, 0x7f, 0xff, 0xff, 0x10,

    /* U+FB89 "ﮉ" */
    0x54, 0x0, 0x0, 0x0, 0x59, 0xa0, 0x0, 0x0,
    0x6b, 0xb2, 0x0, 0x0, 0x0, 0x0, 0x0, 0x0,
    0x0, 0xa3, 0x0, 0x0, 0x1, 0xef, 0x40, 0x0,
    0x0, 0x2d, 0xe0, 0x0, 0x0, 0x3, 0xf7, 0x0,
    0x0, 0x0, 0xcc, 0x0, 0x14, 0x44, 0xaf, 0x42,
    0x7f, 0xff, 0xff, 0xfa,

    /* U+FB8A "ﮊ" */
    0x0, 0x0, 0x0, 0x0, 0x9, 0x80, 0x0, 0xa9,
    0xaa, 0x0, 0x55, 0x55, 0x0, 0x0, 0x0, 0x0,
    0xa, 0xb0, 0x0, 0xc, 0xc0, 0x0, 0xc, 0xc0,
    0x0, 0xc, 0xc0, 0x0, 0xc, 0xc0, 0x0, 0xc,
    0xc0, 0x0, 0xc, 0xc0, 0x2, 0x2f, 0xa0, 0x4f,
    0xfe, 0x20, 0x1, 0x30, 0x0,

    /* U+FB8B "ﮋ" */
    0x0, 0x0, 0x0, 0x0, 0x0, 0xa9, 0x0, 0x0,
    0x67, 0x75, 0x0, 0xa, 0x9a, 0x90, 0x0, 0x0,
    0x0, 0x0, 0x0, 0x9a, 0x0, 0x0, 0xc, 0xc0,
    0x0, 0x0, 0xcc, 0x0, 0x0, 0xc, 0xc0, 0x0,
    0x0, 0xcd, 0x41, 0x0, 0xc, 0xff, 0x60, 0x0,
    0xcc, 0x0, 0x3, 0x2f, 0x90, 0x4, 0xff, 0xe2,
    0x0, 0x1, 0x30, 0x0, 0x0,

    /* U+FB8C "ﮌ" */
    0x0, 0x34, 0x0, 0x0, 0x5a, 0xa1, 0x0, 0x5b,
    0xb3, 0x0, 0x0, 0x0, 0x0, 0x7, 0x70, 0x0,
    0xc, 0xc0, 0x0, 0xc, 0xc0, 0x0, 0xc, 0xc0,
    0x0, 0xc, 0xc0, 0x0, 0xc, 0xc0, 0x0, 0xc,
    0xc0, 0x2, 0x2f, 0xa0, 0x4f, 0xfe, 0x20, 0x1,
    0x30, 0x0,

    /* U+FB8D "ﮍ" */
    0x0, 0x55, 0x0, 0x0, 0x5, 0xac, 0x10, 0x0,
    0x6b, 0xb2, 0x0, 0x0, 0x0, 0x0, 0x0, 0x9,
    0xa0, 0x0, 0x0, 0xcc, 0x0, 0x0, 0xc, 0xc0,
    0x0, 0x0, 0xcc, 0x0, 0x0, 0xc, 0xd4, 0x10,
    0x0, 0xcf, 0xf6, 0x0, 0xc, 0xc0, 0x0, 0x32,
    0xf9, 0x0, 0x4f, 0xfe, 0x20, 0x0, 0x13, 0x0,
    0x0,

    /* U+FB8E "ﮎ" */
    0x0, 0x0, 0x0, 0x18, 0x50, 0x0, 0x0, 0x3,
    0xef, 0x70, 0x0, 0x0, 0x2f, 0xc2, 0x0, 0x0,
    0x0, 0xdc, 0x0, 0x0, 0x0, 0x2, 0xff, 0xfd,
    0x60, 0x0, 0x0, 0x33, 0x4b, 0xf3, 0xf, 0x60,
    0x0, 0x2, 0xf6, 0x3f, 0x50, 0x0, 0x1, 0xf7,
    0x1f, 0xb4, 0x44, 0x45, 0xf7, 0x6, 0xef, 0xff,
    0xff, 0xf7,

    /* U+FB8F "ﮏ" */
    0x0, 0x0, 0x0, 0x18, 0x50, 0x0, 0x0, 0x0,
    0x3, 0xef, 0x70, 0x0, 0x0, 0x0, 0x2f, 0xc2,
    0x0, 0x0, 0x0, 0x0, 0xdc, 0x0, 0x0, 0x0,
    0x0, 0x2, 0xff, 0xfd, 0x60, 0x0, 0x0, 0x0,
    0x33, 0x4b, 0xf3, 0x0, 0xf, 0x60, 0x0, 0x2,
    0xf6, 0x0, 0x3f, 0x50, 0x0, 0x1, 0xf7, 0x0,
    0x1f, 0xb4, 0x44, 0x45, 0xf9, 0x40, 0x6, 0xef,
    0xff, 0xff, 0xff, 0xf0,

    /* U+FB90 "ﮐ" */
    0x0, 0x0, 0x1a, 0x30, 0x0, 0x4, 0xff, 0x50,
    0x0, 0x4f, 0xa1, 0x0, 0x1, 0xea, 0x0, 0x0,
    0x4, 0xff, 0xfd, 0x40, 0x1, 0x33, 0x5d, 0xf1,
    0x0, 0x0, 0x4, 0xf4, 0x0, 0x0, 0x4, 0xf4,
    0x4, 0x44, 0x47, 0xf4, 0x2f, 0xff, 0xff, 0xf4,

    /* U+FB91 "ﮑ" */
    0x0, 0x0, 0x19, 0x30, 0x0, 0x0, 0x4f, 0xf5,
    0x0, 0x0, 0x4f, 0xa1, 0x0, 0x0, 0x1e, 0xa0,
    0x0, 0x0, 0x4, 0xff, 0xfd, 0x40, 0x0, 0x13,
    0x35, 0xdf, 0x10, 0x0, 0x0, 0x4, 0xf4, 0x0,
    0x0, 0x0, 0x4f, 0x40, 0x4, 0x44, 0x47, 0xf7,
    0x32, 0xff, 0xff, 0xff, 0xfe,

    /* U+FB92 "ﮒ" */
    0x0, 0x0, 0x0, 0x3, 0x0, 0x0, 0x0, 0x3,
    0xd8, 0x0, 0x0, 0x0, 0x5d, 0x48, 0x50, 0x0,
    0x4, 0xc4, 0xef, 0x70, 0x0, 0x5, 0x4f, 0xc2,
    0x0, 0x0, 0x0, 0xdc, 0x0, 0x0, 0x0, 0x2,
    0xff, 0xfd, 0x60, 0x0, 0x0, 0x33, 0x4b, 0xf3,
    0xf, 0x60, 0x0, 0x2, 0xf6, 0x3f, 0x50, 0x0,
    0x1, 0xf7, 0x1f, 0xb4, 0x44, 0x45, 0xf7, 0x6,
    0xef, 0xff, 0xff, 0xf7,

    /* U+FB93 "ﮓ" */
    0x0, 0x0, 0x0, 0x3, 0x0, 0x0, 0x0, 0x0,
    0x3, 0xd8, 0x0, 0x0, 0x0, 0x0, 0x5d, 0x48,
    0x50, 0x0, 0x0, 0x4, 0xc4, 0xef, 0x70, 0x0,
    0x0, 0x5, 0x4f, 0xc2, 0x0, 0x0, 0x0, 0x0,
    0xdc, 0x0, 0x0, 0x0, 0x0, 0x2, 0xff, 0xfd,
    0x60, 0x0, 0x0, 0x0, 0x33, 0x4b, 0xf3, 0x0,
    0xf, 0x60, 0x0, 0x2, 0xf6, 0x0, 0x3f, 0x50,
    0x0, 0x1, 0xf7, 0x0, 0x1f, 0xb4, 0x44, 0x45,
    0xf9, 0x40, 0x6, 0xef, 0xff, 0xff, 0xff, 0xf0,

    /* U+FB94 "ﮔ" */
    0x0, 0x0, 0x13, 0x0, 0x0, 0x5, 0xe6, 0x0,
    0x0, 0x7c, 0x3a, 0x30, 0x6, 0xb5, 0xff, 0x50,
    0x6, 0x4f, 0xa1, 0x0, 0x1, 0xea, 0x0, 0x0,
    0x4, 0xff, 0xfd, 0x40, 0x1, 0x33, 0x5d, 0xf1,
    0x0, 0x0, 0x4, 0xf4, 0x0, 0x0, 0x4, 0xf4,
    0x4, 0x44, 0x47, 0xf4, 0x2f, 0xff, 0xff, 0xf4,

    /* U+FB95 "ﮕ" */
    0x0, 0x0, 0x13, 0x0, 0x0, 0x0, 0x5e, 0x60,
    0x0, 0x0, 0x7c, 0x39, 0x30, 0x0, 0x6b, 0x5f,
    0xf5, 0x0, 0x6, 0x4f, 0xa1, 0x0, 0x0, 0x1e,
    0xa0, 0x0, 0x0, 0x4, 0xff, 0xfd, 0x40, 0x0,
    0x13, 0x35, 0xdf, 0x10, 0x0, 0x0, 0x4, 0xf4,
    0x0, 0x0, 0x0, 0x4f, 0x40, 0x4, 0x44, 0x47,
    0xf7, 0x32, 0xff, 0xff, 0xff, 0xfe,

    /* U+FB96 "ﮖ" */
    0x0, 0x0, 0x0, 0x3, 0x0, 0x0, 0x0, 0x3,
    0xd8, 0x0, 0x0, 0x0, 0x5d, 0x48, 0x50, 0x0,
    0x4, 0xc4, 0xef, 0x70, 0x0, 0x5, 0x4f, 0xc2,
    0x0, 0x0, 0x0, 0xdc, 0x0, 0x0, 0x0, 0x2,
    0xff, 0xfd, 0x60, 0x0, 0x0, 0x33, 0x4b, 0xf3,
    0xf, 0x60, 0x0, 0x2, 0xf6, 0x3f, 0x50, 0x0,
    0x1, 0xf7, 0x1f, 0xb4, 0x44, 0x45, 0xf7, 0x6,
    0xef, 0xff, 0xff, 0xf7, 0x0, 0x0, 0x0, 0x0,
    0x0, 0x0, 0x0, 0x83, 0x0, 0x0, 0x0, 0x0,
    0xe5, 0x0, 0x0, 0x0, 0x0, 0x83, 0x0, 0x0,
    0x0, 0x0, 0xe5, 0x0, 0x0,

    /* U+FB97 "ﮗ" */
    0x0, 0x0, 0x0, 0x3, 0x0, 0x0, 0x0, 0x0,
    0x3, 0xd8, 0x0, 0x0, 0x0, 0x0, 0x5d, 0x48,
    0x50, 0x0, 0x0, 0x4, 0xc4, 0xef, 0x70, 0x0,
    0x0, 0x5, 0x4f, 0xc2, 0x0, 0x0, 0x0, 0x0,
    0xdc, 0x0, 0x0, 0x0, 0x0, 0x2, 0xff, 0xfd,
    0x60, 0x0, 0x0, 0x0, 0x33, 0x4b, 0xf3, 0x0,
    0xf, 0x60, 0x0, 0x2, 0xf6, 0x0, 0x3f, 0x50,
    0x0, 0x1, 0xf7, 0x0, 0x1f, 0xb4, 0x44, 0x45,
    0xf9, 0x40, 0x6, 0xef, 0xff, 0xff, 0xff, 0xf0,
    0x0, 0x0, 0x0, 0x0, 0x0, 0x0, 0x0, 0x0,
    0xe5, 0x0, 0x0, 0x0, 0x0, 0x0, 0x82, 0x0,
    0x0, 0x0, 0x0, 0x0, 0x82, 0x0, 0x0, 0x0,
    0x0, 0x0, 0xe5, 0x0, 0x0, 0x0,

    /* U+FB98 "ﮘ" */
    0x0, 0x0, 0x13, 0x0, 0x0, 0x5, 0xe6, 0x0,
    0x0, 0x7c, 0x3a, 0x30, 0x6, 0xb5, 0xff, 0x50,
    0x6, 0x4f, 0xa1, 0x0, 0x1, 0xea, 0x0, 0x0,
    0x4, 0xff, 0xfd, 0x40, 0x1, 0x33, 0x5d, 0xf1,
    0x0, 0x0, 0x4, 0xf4, 0x0, 0x0, 0x4, 0xf4,
    0x4, 0x44, 0x47, 0xf4, 0x2f, 0xff, 0xff, 0xf4,
    0x0, 0x0, 0x0, 0x0, 0x0, 0x8, 0xb0, 0x0,
    0x0, 0x4, 0x60, 0x0, 0x0, 0x4, 0x60, 0x0,
    0x0, 0x8, 0xb0, 0x0,

    /* U+FB99 "ﮙ" */
    0x0, 0x0, 0x13, 0x0, 0x0, 0x0, 0x5e, 0x60,
    0x0, 0x0, 0x7c, 0x39, 0x30, 0x0, 0x6b, 0x5f,
    0xf5, 0x0, 0x6, 0x4f, 0xa1, 0x0, 0x0, 0x1e,
    0xa0, 0x0, 0x0, 0x4, 0xff, 0xfd, 0x40, 0x0,
    0x13, 0x35, 0xdf, 0x10, 0x0, 0x0, 0x4, 0xf4,
    0x0, 0x0, 0x0, 0x4f, 0x40, 0x4, 0x44, 0x47,
    0xf7, 0x32, 0xff, 0xff, 0xff, 0xfe, 0x0, 0x0,
    0x0, 0x0, 0x0, 0x0, 0xb, 0x80, 0x0, 0x0,
    0x0, 0x64, 0x0, 0x0, 0x0, 0x6, 0x40, 0x0,
    0x0, 0x0, 0xb8, 0x0, 0x0,

    /* U+FB9A "ﮚ" */
    0x0, 0x0, 0x0, 0x0, 0x0, 0x0, 0x0, 0xe1,
    0x59, 0x0, 0x0, 0x2d, 0x29, 0xb3, 0x10, 0x0,
    0x2, 0xa8, 0x5f, 0x90, 0x0, 0x6, 0x96, 0xfc,
    0x30, 0x0, 0x3, 0x4f, 0x90, 0x0, 0x0, 0x0,
    0xdb, 0x0, 0x0, 0x0, 0x2, 0xff, 0xfd, 0x60,
    0x0, 0x0, 0x33, 0x4b, 0xf3, 0xf, 0x60, 0x0,
    0x2, 0xf6, 0x3f, 0x50, 0x0, 0x1, 0xf7, 0x1f,
    0xb4, 0x44, 0x45, 0xf7, 0x6, 0xef, 0xff, 0xff,
    0xf7,

    /* U+FB9B "ﮛ" */
    0x0, 0x0, 0x0, 0x0, 0x0, 0x0, 0x0, 0x0,
    0xe1, 0x59, 0x0, 0x0, 0x0, 0x2d, 0x29, 0xb3,
    0x10, 0x0, 0x0, 0x2, 0xa8, 0x5f, 0x90, 0x0,
    0x0, 0x6, 0x96, 0xfc, 0x30, 0x0, 0x0, 0x3,
    0x4f, 0x90, 0x0, 0x0, 0x0, 0x0, 0xdb, 0x0,
    0x0, 0x0, 0x0, 0x2, 0xff, 0xfd, 0x60, 0x0,
    0x0, 0x0, 0x33, 0x4b, 0xf3, 0x0, 0xf, 0x60,
    0x0, 0x2, 0xf6, 0x0, 0x3f, 0x50, 0x0, 0x1,
    0xf7, 0x0, 0x1f, 0xb4, 0x44, 0x45, 0xf9, 0x40,
    0x6, 0xef, 0xff, 0xff, 0xff, 0xf0,

    /* U+FB9C "ﮜ" */
    0x0, 0x0, 0x0, 0x0, 0x1, 0xe0, 0x68, 0x0,
    0x5b, 0x2b, 0x93, 0x10, 0x2, 0xb6, 0x7f, 0x60,
    0x8, 0x79, 0xfb, 0x20, 0x4, 0x6f, 0x70, 0x0,
    0x1, 0xf9, 0x0, 0x0, 0x4, 0xff, 0xfd, 0x40,
    0x1, 0x33, 0x5d, 0xf1, 0x0, 0x0, 0x4, 0xf4,
    0x0, 0x0, 0x4, 0xf4, 0x4, 0x44, 0x47, 0xf4,
    0x2f, 0xff, 0xff, 0xf4,

    /* U+FB9D "ﮝ" */
    0x0, 0x0, 0x0, 0x0, 0x0, 0x1e, 0x6, 0x80,
    0x0, 0x5b, 0x2b, 0x93, 0x10, 0x0, 0x2b, 0x67,
    0xf6, 0x0, 0x8, 0x79, 0xfb, 0x20, 0x0, 0x46,
    0xf7, 0x0, 0x0, 0x1, 0xf9, 0x0, 0x0, 0x0,
    0x4f, 0xff, 0xd4, 0x0, 0x1, 0x33, 0x5d, 0xf1,
    0x0, 0x0, 0x0, 0x4f, 0x40, 0x0, 0x0, 0x4,
    0xf4, 0x0, 0x44, 0x44, 0x7f, 0x73, 0x2f, 0xff,
    0xff, 0xff, 0xe0,

    /* U+FB9E "ﮞ" */
    0x0, 0x0, 0x0, 0x99, 0x0, 0x0, 0x0, 0xcc,
    0x0, 0x0, 0x0, 0xcc, 0xa, 0x70, 0x0, 0xcc,
    0x1f, 0x70, 0x0, 0xcc, 0x3f, 0x50, 0x0, 0xcc,
    0x2f, 0x60, 0x0, 0xdb, 0xe, 0xd2, 0x16, 0xf7,
    0x3, 0xef, 0xff, 0xb0, 0x0, 0x3, 0x31, 0x0,

    /* U+FB9F "ﮟ" */
    0x0, 0x0, 0x0, 0xcc, 0x0, 0x0, 0x0, 0x0,
    0xcc, 0x0, 0x0, 0x0, 0x0, 0xcc, 0x0, 0xd,
    0x90, 0x0, 0xcc, 0x0, 0x1f, 0x60, 0x0, 0xcd,
    0x41, 0x3f, 0x50, 0x0, 0xcf, 0xf4, 0x2f, 0x60,
    0x0, 0xdb, 0x0, 0xe, 0xd2, 0x6, 0xf6, 0x0,
    0x3, 0xef, 0xff, 0xa0, 0x0, 0x0, 0x3, 0x31,
    0x0, 0x0,

    /* U+FBA0 "ﮠ" */
    0x0, 0x27, 0x0, 0x0, 0x0, 0x2b, 0xa2, 0x0,
    0x0, 0x4b, 0xb5, 0x0, 0x0, 0x0, 0x0, 0xcc,
    0x0, 0x0, 0x0, 0xcc, 0x0, 0x0, 0x0, 0xcc,
    0xb, 0x90, 0x0, 0xcc, 0x1f, 0x70, 0x0, 0xcc,
    0x3f, 0x50, 0x0, 0xcc, 0x2f, 0x60, 0x0, 0xdb,
    0xe, 0xd1, 0x6, 0xf7, 0x3, 0xef, 0xff, 0xa0,
    0x0, 0x3, 0x31, 0x0,

    /* U+FBA1 "ﮡ" */
    0x0, 0x27, 0x0, 0x0, 0x0, 0x0, 0x2b, 0xa2,
    0x0, 0x0, 0x0, 0x4b, 0xb5, 0x0, 0x0, 0x0,
    0x0, 0x0, 0xcc, 0x0, 0x0, 0x0, 0x0, 0xcc,
    0x0, 0x0, 0x0, 0x0, 0xcc, 0x0, 0xd, 0x90,
    0x0, 0xcc, 0x0, 0x1f, 0x60, 0x0, 0xcd, 0x41,
    0x3f, 0x50, 0x0, 0xcf, 0xf4, 0x2f, 0x60, 0x0,
    0xdb, 0x0, 0xd, 0xd2, 0x6, 0xf6, 0x0, 0x3,
    0xef, 0xff, 0xa0, 0x0, 0x0, 0x3, 0x31, 0x0,
    0x0,

    /* U+FBA2 "ﮢ" */
    0x3, 0x10, 0x0, 0x79, 0x90, 0x7, 0x59, 0x10,
    0x8b, 0xc1, 0x0, 0x0, 0x0, 0x6, 0xb0, 0x0,
    0x8f, 0x0, 0x8, 0xf0, 0x0, 0x8f, 0x0, 0x4a,
    0xf0, 0x2f, 0xff, 0x0,

    /* U+FBA3 "ﮣ" */
    0x0, 0x40, 0x0, 0x0, 0x1b, 0xa3, 0x0, 0x3,
    0xcb, 0x50, 0x0, 0x0, 0x0, 0x0, 0x0, 0x4,
    0x10, 0x0, 0x2, 0xf6, 0x0, 0x0, 0x2f, 0x60,
    0x0, 0x2, 0xf6, 0x0, 0x0, 0x2f, 0x60, 0x0,
    0x46, 0xf8, 0x41, 0x2f, 0xff, 0xff, 0x30,

    /* U+FBA4 "ﮤ" */
    0x0, 0x8a, 0x30, 0x0, 0xb, 0xa5, 0x0, 0x0,
    0x0, 0x0, 0x0, 0x1c, 0xfe, 0x50, 0xc, 0xe4,
    0xaf, 0x22, 0xf6, 0x0, 0xf8, 0x3f, 0x50, 0xf,
    0xa0, 0xfc, 0x58, 0xf6, 0x4, 0xdf, 0xe9, 0x0,

    /* U+FBA5 "ﮥ" */
    0x0, 0x5a, 0x40, 0x0, 0x0, 0x9b, 0x60, 0x0,
    0x0, 0x10, 0x0, 0x0, 0x0, 0x0, 0x4c, 0x30,
    0x1, 0xaf, 0xff, 0x30, 0xd, 0xe5, 0x7f, 0x30,
    0x2f, 0x70, 0x4f, 0x30, 0x2f, 0x60, 0x4f, 0x30,
    0xd, 0xe5, 0x7f, 0x73, 0x2, 0xbf, 0xff, 0xfc,

    /* U+FBA6 "ﮦ" */
    0x0, 0x0, 0x0, 0x0, 0x1c, 0xfe, 0x50, 0xc,
    0xe4, 0xaf, 0x22, 0xf6, 0x0, 0xf8, 0x3f, 0x50,
    0xf, 0xa0, 0xfc, 0x58, 0xf6, 0x4, 0xdf, 0xe9,
    0x0,

    /* U+FBA7 "ﮧ" */
    0x0, 0x0, 0x5, 0x84, 0x0, 0x0, 0x3, 0xdf,
    0xf8, 0x0, 0x0, 0x3f, 0xb2, 0xf8, 0x0, 0x1,
    0xec, 0x0, 0xf8, 0x0, 0x9, 0xf2, 0x0, 0xfa,
    0x40, 0x2f, 0x90, 0x0, 0xff, 0xf1,

    /* U+FBA8 "ﮨ" */
    0x0, 0x7e, 0x0, 0x8, 0xf0, 0x0, 0x8f, 0x0,
    0x8, 0xf0, 0x4, 0xaf, 0x2, 0xff, 0xf0, 0x1,
    0xe1, 0x0, 0x3f, 0xf1, 0x0, 0x12, 0x0,

    /* U+FBA9 "ﮩ" */
    0x4, 0x40, 0x2, 0x44, 0x22, 0xff, 0x40, 0xaf,
    0xf7, 0x0, 0xd9, 0xa, 0xe0, 0x0, 0x7, 0xf4,
    0xae, 0x0, 0x0, 0xa, 0xff, 0xe0, 0x0, 0x0,
    0x1, 0x33, 0x0,

    /* U+FBAA "ﮪ" */
    0x0, 0x0, 0x0, 0x0, 0x0, 0x0, 0x9e, 0xff,
    0xe9, 0x10, 0x0, 0x77, 0x44, 0x7f, 0xd0, 0x0,
    0x0, 0x0, 0x5, 0xf6, 0x0, 0xbf, 0xfa, 0x0,
    0xf9, 0x9, 0xf6, 0x7f, 0x60, 0xda, 0xa, 0xe0,
    0xf, 0x80, 0xda, 0x8, 0xf8, 0x4f, 0xa4, 0xea,
    0x3f, 0xff, 0xff, 0xff, 0xfa,

    /* U+FBAB "ﮫ" */
    0x0, 0x0, 0x0, 0x0, 0x0, 0x0, 0x9, 0xef,
    0xfe, 0x91, 0x0, 0x0, 0x77, 0x44, 0x7f, 0xd0,
    0x0, 0x0, 0x0, 0x0, 0x5f, 0x60, 0x0, 0xbf,
    0xfa, 0x0, 0xf9, 0x0, 0x9f, 0x67, 0xf6, 0xd,
    0xa0, 0xa, 0xe0, 0xf, 0x80, 0xda, 0x0, 0x8f,
    0x84, 0xfa, 0x4e, 0xc4, 0x3f, 0xff, 0xff, 0xff,
    0xff, 0xf0,

    /* U+FBAC "ﮬ" */
    0x0, 0x0, 0x0, 0x0, 0x0, 0x0, 0x2, 0xcf,
    0xff, 0xd6, 0x0, 0x0, 0xa, 0x54, 0x5b, 0xf7,
    0x0, 0x0, 0x0, 0x0, 0xb, 0xf0, 0x0, 0x4d,
    0xff, 0x60, 0x5f, 0x30, 0xf, 0xc4, 0xcf, 0x4,
    0xf4, 0x1, 0xf7, 0x6, 0xf1, 0x4f, 0x40, 0x4d,
    0xe5, 0x9f, 0x57, 0xf4, 0x2f, 0xff, 0xff, 0xff,
    0xff, 0x40,

    /* U+FBAD "ﮭ" */
    0x0, 0x0, 0x0, 0x0, 0x0, 0x0, 0x0, 0x2c,
    0xff, 0xfd, 0x60, 0x0, 0x0, 0xa, 0x54, 0x5b,
    0xf7, 0x0, 0x0, 0x0, 0x10, 0x0, 0xbf, 0x0,
    0x0, 0x4e, 0xfe, 0x50, 0x5f, 0x30, 0x0, 0xfc,
    0x4c, 0xf0, 0x4f, 0x40, 0x1, 0xf7, 0x6, 0xf1,
    0x4f, 0x40, 0x4, 0xde, 0x59, 0xf5, 0x7f, 0x73,
    0x2f, 0xff, 0xff, 0xff, 0xff, 0xfd,

    /* U+FBAE "ﮮ" */
    0x0, 0x0, 0x14, 0x10, 0x0, 0x0, 0x4, 0xf4,
    0x0, 0x0, 0x2, 0xcf, 0x10, 0x0, 0x3b, 0xfc,
    0x30, 0x0, 0x3f, 0xb3, 0x0, 0x0, 0x6, 0xf3,
    0x0, 0x0, 0x0, 0x2e, 0xff, 0xff, 0xff, 0x60,
    0x3, 0x33, 0x33, 0x31,

    /* U+FBAF "ﮯ" */
    0x0, 0x24, 0x40, 0x0, 0x0, 0xaf, 0xff, 0x10,
    0x0, 0x5f, 0x60, 0x0, 0x0, 0x6, 0xf3, 0x0,
    0x0, 0x0, 0x1e, 0xff, 0xff, 0xff, 0x30, 0x3,
    0x33, 0x33, 0x30,

    /* U+FBB0 "ﮰ" */
    0x0, 0xa, 0x80, 0x0, 0x0, 0x3, 0x90, 0x0,
    0x0, 0x0, 0x3d, 0xa0, 0x0, 0x0, 0x0, 0x0,
    0x0, 0x0, 0x0, 0x0, 0x3f, 0x50, 0x0, 0x0,
    0x9, 0xf2, 0x0, 0x1, 0x8e, 0xe5, 0x0, 0x2,
    0xec, 0x40, 0x0, 0x0, 0x6f, 0x30, 0x0, 0x0,
    0x2, 0xef, 0xff, 0xff, 0xf6, 0x0, 0x33, 0x33,
    0x33, 0x10,

    /* U+FBB1 "ﮱ" */
    0x0, 0x6a, 0x20, 0x0, 0x0, 0xc, 0x0, 0x0,
    0x0, 0x0, 0xca, 0x40, 0x0, 0x0, 0x2, 0x44,
    0x0, 0x0, 0xa, 0xff, 0xf1, 0x0, 0x5, 0xf6,
    0x0, 0x0, 0x0, 0x6f, 0x30, 0x0, 0x0, 0x1,
    0xef, 0xff, 0xff, 0xf3, 0x0, 0x33, 0x33, 0x33,
    0x0,

    /* U+FBB2 "﮲" */
    0x83, 0xd6,

    /* U+FBB3 "﮳" */
    0x83, 0xd6,

    /* U+FBB4 "﮴" */
    0x83, 0x73, 0xd6, 0xd6,

    /* U+FBB5 "﮵" */
    0x83, 0x73, 0xd6, 0xd6,

    /* U+FBB6 "﮶" */
    0x0, 0x0, 0xd, 0x60, 0x86, 0x83, 0xd6, 0xd6,

    /* U+FBB7 "﮷" */
    0x0, 0x0, 0xd, 0x60, 0x86, 0x83, 0xd6, 0xd7,

    /* U+FBB8 "﮸" */
    0xd6, 0xd6, 0x84, 0x73, 0xd, 0x60, 0x2, 0x0,

    /* U+FBB9 "﮹" */
    0xd6, 0xd6, 0x84, 0x73, 0xd, 0x60, 0x2, 0x0,

    /* U+FBBA "﮺" */
    0x10, 0x10, 0xf6, 0xf2, 0x50, 0x50, 0xf6, 0xf2,
    0x30, 0x40,

    /* U+FBBB "﮻" */
    0x10, 0x10, 0xf6, 0xf2, 0x40, 0x50, 0xf6, 0xf2,
    0x30, 0x40,

    /* U+FBBC "﮼" */
    0x42, 0x1c, 0x84, 0xc8, 0x40,

    /* U+FBBD "﮽" */
    0xd6, 0x83, 0x83, 0xd6,

    /* U+FBBE "﮾" */
    0xd6, 0x83, 0x83, 0xd6,

    /* U+FBBF "﮿" */
    0x8b, 0x3c, 0x2a, 0x8b, 0x30,

    /* U+FBC0 "﯀" */
    0x10, 0xa, 0x0, 0xb8, 0x6c, 0xa9,

    /* U+FBC1 "﯁" */
    0x10, 0xa, 0x0, 0xa9, 0x7c, 0xa9,

    /* U+FBC2 "﯂" */
    0x1a, 0x8b, 0xab,

    /* U+FBD3 "ﯓ" */
    0x0, 0x0, 0x47, 0x0, 0x0, 0x0, 0x3, 0xda,
    0x68, 0xf0, 0x0, 0x0, 0x21, 0x8, 0xf0, 0x0,
    0x0, 0x36, 0x8, 0xf0, 0x0, 0x0, 0xba, 0x18,
    0xf0, 0x7, 0x31, 0x9b, 0x38, 0xf0, 0x2f, 0x50,
    0x0, 0x8, 0xf0, 0x3f, 0x50, 0x0, 0x8, 0xf0,
    0x1f, 0xc4, 0x44, 0x4a, 0xf0, 0x6, 0xef, 0xff,
    0xff, 0xf0,

    /* U+FBD4 "ﯔ" */
    0x0, 0x0, 0x47, 0x0, 0x0, 0x0, 0x0, 0x3d,
    0xa6, 0x8f, 0x0, 0x0, 0x0, 0x21, 0x8, 0xf0,
    0x0, 0x0, 0x3, 0x60, 0x8f, 0x0, 0x0, 0x0,
    0xba, 0x18, 0xf0, 0x0, 0x73, 0x19, 0xb3, 0x8f,
    0x0, 0x2f, 0x50, 0x0, 0x8, 0xf0, 0x3, 0xf5,
    0x0, 0x0, 0x8f, 0x0, 0x1f, 0xc4, 0x44, 0x4a,
    0xf4, 0x20, 0x6e, 0xff, 0xff, 0xff, 0xfa,

    /* U+FBD5 "ﯕ" */
    0xa2, 0x0, 0x0, 0x0, 0x15, 0xb0, 0x2b, 0x40,
    0x88, 0x15, 0xff, 0x60, 0x11, 0x4f, 0xb1, 0x0,
    0x1, 0xea, 0x0, 0x0, 0x4, 0xff, 0xfd, 0x40,
    0x1, 0x33, 0x5d, 0xf1, 0x0, 0x0, 0x4, 0xf4,
    0x0, 0x0, 0x4, 0xf4, 0x4, 0x44, 0x47, 0xf4,
    0x2f, 0xff, 0xff, 0xf4,

    /* U+FBD6 "ﯖ" */
    0xa2, 0x0, 0x0, 0x0, 0x1, 0x5b, 0x2, 0xa4,
    0x0, 0x88, 0x15, 0xff, 0x60, 0x1, 0x14, 0xfb,
    0x10, 0x0, 0x1, 0xea, 0x0, 0x0, 0x0, 0x4f,
    0xff, 0xd4, 0x0, 0x1, 0x33, 0x5d, 0xf1, 0x0,
    0x0, 0x0, 0x4f, 0x40, 0x0, 0x0, 0x4, 0xf4,
    0x0, 0x44, 0x44, 0x7f, 0x73, 0x2f, 0xff, 0xff,
    0xff, 0xe0,

    /* U+FBD7 "ﯗ" */
    0x0, 0x7, 0xe0, 0x0, 0x0, 0x4e, 0x0, 0x0,
    0x7, 0x40, 0x0, 0x0, 0x0, 0x0, 0x0, 0x9f,
    0xff, 0x30, 0xbf, 0x67, 0xf3, 0x1f, 0x80, 0x4f,
    0x31, 0xf7, 0x4, 0xf3, 0xe, 0xd5, 0x7f, 0x30,
    0x3d, 0xff, 0xf3, 0x0, 0x0, 0x5f, 0x30, 0x52,
    0x1b, 0xf0, 0xe, 0xff, 0xf5, 0x0, 0x2, 0x30,
    0x0,

    /* U+FBD8 "ﯘ" */
    0x0, 0xd, 0x80, 0x0, 0x0, 0xa, 0x90, 0x0,
    0x0, 0x29, 0x0, 0x0, 0x0, 0x0, 0x0, 0x0,
    0x0, 0x9f, 0xff, 0x30, 0xb, 0xf6, 0x7f, 0x30,
    0x1f, 0x80, 0x4f, 0x30, 0x1f, 0x70, 0x4f, 0x30,
    0xe, 0xd5, 0x7f, 0x72, 0x3, 0xdf, 0xff, 0xfa,
    0x0, 0x0, 0x5f, 0x30, 0x5, 0x21, 0xbf, 0x0,
    0xe, 0xff, 0xf5, 0x0, 0x0, 0x23, 0x0, 0x0,

    /* U+FBD9 "ﯙ" */
    0x0, 0x43, 0x26, 0x0, 0x3, 0xc9, 0x70, 0x0,
    0xb, 0xd0, 0x0, 0x0, 0x0, 0x0, 0x0, 0x9f,
    0xff, 0x30, 0xbf, 0x67, 0xf3, 0x1f, 0x80, 0x4f,
    0x31, 0xf7, 0x4, 0xf3, 0xe, 0xd5, 0x7f, 0x30,
    0x3d, 0xff, 0xf3, 0x0, 0x0, 0x5f, 0x30, 0x52,
    0x1b, 0xf0, 0xe, 0xff, 0xf5, 0x0, 0x2, 0x30,
    0x0,

    /* U+FBDA "ﯚ" */
    0x0, 0x70, 0x53, 0x0, 0x0, 0xa7, 0xe1, 0x0,
    0x0, 0x2f, 0x70, 0x0, 0x0, 0x0, 0x0, 0x0,
    0x0, 0x9f, 0xff, 0x30, 0xb, 0xf6, 0x7f, 0x30,
    0x1f, 0x80, 0x4f, 0x30, 0x1f, 0x70, 0x4f, 0x30,
    0xe, 0xd5, 0x7f, 0x72, 0x3, 0xdf, 0xff, 0xfa,
    0x0, 0x0, 0x5f, 0x30, 0x5, 0x21, 0xbf, 0x0,
    0xe, 0xff, 0xf5, 0x0, 0x0, 0x23, 0x0, 0x0,

    /* U+FBDB "ﯛ" */
    0x0, 0xa, 0x10, 0x0, 0x0, 0xa1, 0x0, 0x0,
    0x3, 0x10, 0x0, 0x9, 0xff, 0xf3, 0xb, 0xf6,
    0x7f, 0x31, 0xf8, 0x4, 0xf3, 0x1f, 0x70, 0x4f,
    0x30, 0xed, 0x57, 0xf3, 0x3, 0xdf, 0xff, 0x30,
    0x0, 0x5, 0xf3, 0x5, 0x21, 0xbf, 0x0, 0xef,
    0xff, 0x50, 0x0, 0x23, 0x0, 0x0,

    /* U+FBDC "ﯜ" */
    0x0, 0xa, 0x10, 0x0, 0x0, 0xa, 0x10, 0x0,
    0x0, 0x3, 0x10, 0x0, 0x0, 0x9f, 0xff, 0x30,
    0xb, 0xf6, 0x7f, 0x30, 0x1f, 0x80, 0x4f, 0x30,
    0x1f, 0x70, 0x4f, 0x30, 0xe, 0xd5, 0x7f, 0x72,
    0x3, 0xdf, 0xff, 0xfa, 0x0, 0x0, 0x5f, 0x30,
    0x5, 0x21, 0xbf, 0x0, 0xe, 0xff, 0xf5, 0x0,
    0x0, 0x23, 0x0, 0x0,

    /* U+FBDD "ﯝ" */
    0x0, 0x7, 0xe0, 0x0, 0x0, 0x0, 0x0, 0x0,
    0x3e, 0x0, 0x0, 0x0, 0x0, 0x0, 0x8, 0x30,
    0x0, 0x9, 0xff, 0x70, 0x0, 0x0, 0x0, 0x7,
    0xf7, 0x42, 0x0, 0x9f, 0xff, 0x30, 0xae, 0x0,
    0x0, 0xbf, 0x67, 0xf3, 0x7, 0xf1, 0x0, 0x1f,
    0x80, 0x4f, 0x30, 0x7f, 0xee, 0xe1, 0xf7, 0x4,
    0xf3, 0x9, 0x86, 0x53, 0xe, 0xd5, 0x7f, 0x30,
    0x0, 0x0, 0x0, 0x3d, 0xff, 0xf3, 0x0, 0x0,
    0x0, 0x0, 0x0, 0x5f, 0x30, 0x0, 0x0, 0x0,
    0x52, 0x1b, 0xf0, 0x0, 0x0, 0x0, 0xe, 0xff,
    0xf5, 0x0, 0x0, 0x0, 0x0, 0x2, 0x30, 0x0,
    0x0, 0x0, 0x0,

    /* U+FBDE "ﯞ" */
    0x0, 0x0, 0x0, 0x0, 0x0, 0x6b, 0x0, 0x0,
    0x7c, 0x6d, 0x0, 0x4, 0x63, 0x70, 0x0, 0x0,
    0x0, 0x0, 0x9, 0xff, 0xf3, 0xb, 0xf6, 0x7f,
    0x31, 0xf8, 0x4, 0xf3, 0x1f, 0x70, 0x4f, 0x30,
    0xed, 0x57, 0xf3, 0x3, 0xdf, 0xff, 0x30, 0x0,
    0x5, 0xf3, 0x5, 0x21, 0xbf, 0x0, 0xef, 0xff,
    0x50, 0x0, 0x23, 0x0, 0x0,

    /* U+FBDF "ﯟ" */
    0x0, 0x0, 0x0, 0x0, 0x0, 0xd, 0x50, 0x0,
    0x0, 0x3, 0x0, 0x0, 0x0, 0xe5, 0xd6, 0x0,
    0x0, 0x82, 0x83, 0x0, 0x0, 0x0, 0x0, 0x0,
    0x0, 0x9f, 0xff, 0x30, 0xb, 0xf6, 0x7f, 0x30,
    0x1f, 0x80, 0x4f, 0x30, 0x1f, 0x70, 0x4f, 0x30,
    0xe, 0xd5, 0x7f, 0x72, 0x3, 0xdf, 0xff, 0xfa,
    0x0, 0x0, 0x5f, 0x30, 0x5, 0x21, 0xbf, 0x0,
    0xe, 0xff, 0xf5, 0x0, 0x0, 0x23, 0x0, 0x0,

    /* U+FBE0 "ﯠ" */
    0x0, 0x0, 0x0, 0x0, 0x19, 0xff, 0xf3, 0xc,
    0xe6, 0x7f, 0x32, 0xf7, 0x5, 0xf3, 0x2f, 0x60,
    0x5f, 0x30, 0xed, 0x48, 0xf3, 0x4, 0xdf, 0xff,
    0x30, 0x0, 0x5, 0xf2, 0x0, 0xdd, 0xcf, 0x0,
    0x2, 0x7f, 0xa0, 0x0, 0xb, 0xd1, 0x0, 0x0,
    0x11, 0x0,

    /* U+FBE1 "ﯡ" */
    0x0, 0x0, 0x0, 0x0, 0x1, 0x9f, 0xff, 0x30,
    0xc, 0xe6, 0x7f, 0x30, 0x2f, 0x70, 0x5f, 0x30,
    0x2f, 0x60, 0x5f, 0x30, 0xe, 0xd4, 0x8f, 0x62,
    0x4, 0xdf, 0xff, 0xfa, 0x0, 0x0, 0x5f, 0x20,
    0x0, 0xdd, 0xcf, 0x0, 0x0, 0x27, 0xfa, 0x0,
    0x0, 0xb, 0xd1, 0x0, 0x0, 0x1, 0x10, 0x0,

    /* U+FBE2 "ﯢ" */
    0x0, 0x3, 0x50, 0x0, 0x0, 0xcc, 0x10, 0x0,
    0x59, 0x59, 0x0, 0x0, 0x0, 0x0, 0x0, 0x9f,
    0xff, 0x30, 0xbf, 0x67, 0xf3, 0x1f, 0x80, 0x4f,
    0x31, 0xf7, 0x4, 0xf3, 0xe, 0xd5, 0x7f, 0x30,
    0x3d, 0xff, 0xf3, 0x0, 0x0, 0x5f, 0x30, 0x52,
    0x1b, 0xf0, 0xe, 0xff, 0xf5, 0x0, 0x2, 0x30,
    0x0,

    /* U+FBE3 "ﯣ" */
    0x0, 0x6, 0x10, 0x0, 0x0, 0x4d, 0x90, 0x0,
    0x0, 0xc2, 0xc2, 0x0, 0x0, 0x0, 0x0, 0x0,
    0x0, 0x9f, 0xff, 0x30, 0xb, 0xf6, 0x7f, 0x30,
    0x1f, 0x80, 0x4f, 0x30, 0x1f, 0x70, 0x4f, 0x30,
    0xe, 0xd5, 0x7f, 0x72, 0x3, 0xdf, 0xff, 0xfa,
    0x0, 0x0, 0x5f, 0x30, 0x5, 0x21, 0xbf, 0x0,
    0xe, 0xff, 0xf5, 0x0, 0x0, 0x23, 0x0, 0x0,

    /* U+FBE4 "ﯤ" */
    0x0, 0x0, 0x0, 0x0, 0x10, 0x0, 0x0, 0x0,
    0x4d, 0xfa, 0x0, 0x0, 0x4, 0xfa, 0x54, 0x0,
    0x0, 0xe, 0x90, 0x0, 0x1, 0x10, 0x3f, 0x60,
    0x0, 0xf, 0x60, 0xd, 0xf8, 0x0, 0x2f, 0x50,
    0x1, 0xaf, 0xa0, 0x3f, 0x50, 0x0, 0x7, 0xf4,
    0xf, 0xc1, 0x0, 0x18, 0xf3, 0x6, 0xff, 0xff,
    0xff, 0x90, 0x0, 0x13, 0x33, 0x30, 0x0, 0x0,
    0x0, 0xe5, 0x0, 0x0, 0x0, 0x0, 0x82, 0x0,
    0x0, 0x0, 0x0, 0x82, 0x0, 0x0, 0x0, 0x0,
    0xe5, 0x0, 0x0,

    /* U+FBE5 "ﯥ" */
    0x0, 0x0, 0x0, 0x0, 0x0, 0x0, 0x0, 0x0,
    0x0, 0x9, 0xff, 0x50, 0x0, 0x0, 0x0, 0x9,
    0xf6, 0xaf, 0x30, 0x0, 0xf7, 0x0, 0xf8, 0x0,
    0xbe, 0x50, 0x2f, 0x50, 0xd, 0xfa, 0x30, 0xaf,
    0x3, 0xf5, 0x0, 0x6, 0xdf, 0x10, 0x0, 0xf,
    0xc1, 0x0, 0x18, 0xf2, 0x0, 0x0, 0x7f, 0xff,
    0xff, 0xf8, 0x0, 0x0, 0x0, 0x13, 0x33, 0x30,
    0x0, 0x0, 0x0, 0x0, 0xe, 0x50, 0x0, 0x0,
    0x0, 0x0, 0x0, 0x82, 0x0, 0x0, 0x0, 0x0,
    0x0, 0x8, 0x20, 0x0, 0x0, 0x0, 0x0, 0x0,
    0xe5, 0x0, 0x0, 0x0, 0x0,

    /* U+FBE6 "ﯦ" */
    0x0, 0xe, 0xa0, 0x0, 0xea, 0x0, 0xe, 0xa0,
    0x0, 0xea, 0x4, 0x4e, 0xa2, 0xff, 0xfa, 0x0,
    0x0, 0x0, 0x7, 0xc0, 0x0, 0x37, 0x0, 0x4,
    0x70, 0x0, 0x7c, 0x0,

    /* U+FBE7 "ﯧ" */
    0x0, 0x2f, 0x60, 0x0, 0x2, 0xf6, 0x0, 0x0,
    0x2f, 0x60, 0x0, 0x2, 0xf6, 0x0, 0x4, 0x6f,
    0x84, 0x12, 0xff, 0xff, 0xf3, 0x0, 0x0, 0x0,
    0x0, 0x4, 0xe0, 0x0, 0x0, 0x28, 0x0, 0x0,
    0x2, 0x80, 0x0, 0x0, 0x4e, 0x0, 0x0,

    /* U+FBE8 "ﯨ" */
    0x0, 0x8f, 0x0, 0x8, 0xf0, 0x0, 0x8f, 0x0,
    0x8, 0xf0, 0x4, 0xaf, 0x2, 0xff, 0xf0,

    /* U+FBE9 "ﯩ" */
    0x0, 0x8f, 0x0, 0x0, 0x8f, 0x0, 0x0, 0x8f,
    0x0, 0x0, 0x8f, 0x0, 0x4, 0xaf, 0x42, 0x2f,
    0xff, 0xfa,

    /* U+FBEA "ﯪ" */
    0x0, 0x0, 0xa9, 0xc, 0xc0, 0x29, 0x0, 0xcc,
    0x2, 0xda, 0x1c, 0xc0, 0x0, 0x0, 0xcc, 0x0,
    0x4e, 0x3c, 0xc0, 0x5, 0xf3, 0xcc, 0x0, 0x5f,
    0x3c, 0xc0, 0x5, 0xf3, 0xcd, 0x44, 0x8f, 0x3c,
    0xff, 0xff, 0xf3,

    /* U+FBEB "ﯫ" */
    0x0, 0x0, 0x99, 0x0, 0xcc, 0x2, 0x90, 0x0,
    0xcc, 0x2, 0xda, 0x10, 0xcc, 0x0, 0x0, 0x0,
    0xcc, 0x0, 0x3b, 0x20, 0xcc, 0x0, 0x5f, 0x30,
    0xcc, 0x0, 0x5f, 0x30, 0xcc, 0x0, 0x5f, 0x30,
    0xcd, 0x44, 0x8f, 0x63, 0xcf, 0xff, 0xff, 0xfd,

    /* U+FBEC "ﯬ" */
    0x0, 0x0, 0x0, 0x0, 0x2, 0xb7, 0x0, 0x0,
    0x0, 0x0, 0x6, 0x50, 0x0, 0x0, 0x0, 0x0,
    0x6, 0xc9, 0x0, 0x0, 0x0, 0x0, 0x0, 0x0,
    0x0, 0x0, 0x4, 0x63, 0x0, 0x8e, 0x0, 0x2,
    0xcf, 0xf8, 0x0, 0x9f, 0x0, 0x3f, 0xc2, 0xf8,
    0x0, 0x9f, 0x0, 0xed, 0x0, 0xf8, 0x0, 0x9f,
    0x9, 0xf3, 0x0, 0xfa, 0x44, 0xbf, 0x2f, 0xa0,
    0x0, 0xff, 0xff, 0xff,

    /* U+FBED "ﯭ" */
    0x0, 0x0, 0x0, 0x0, 0x2, 0xa6, 0x0, 0x0,
    0x0, 0x0, 0x0, 0x6, 0x50, 0x0, 0x0, 0x0,
    0x0, 0x0, 0x6, 0xd9, 0x0, 0x0, 0x0, 0x0,
    0x0, 0x0, 0x0, 0x0, 0x0, 0x0, 0x1, 0x42,
    0x0, 0x6b, 0x0, 0x0, 0x1, 0xaf, 0xf8, 0x0,
    0x9f, 0x0, 0x0, 0x2e, 0xd4, 0xf8, 0x0, 0x9f,
    0x0, 0x0, 0xdd, 0x10, 0xf8, 0x0, 0x9f, 0x0,
    0x8, 0xf3, 0x0, 0xfa, 0x44, 0xbf, 0x42, 0x2f,
    0xa0, 0x0, 0xff, 0xff, 0xff, 0xf9,

    /* U+FBEE "ﯮ" */
    0x0, 0x0, 0x0, 0x0, 0x7b, 0x20, 0x0, 0x0,
    0x0, 0xc, 0x0, 0x0, 0x0, 0x0, 0x0, 0xca,
    0x40, 0x0, 0x0, 0x0, 0x0, 0x0, 0x0, 0x9f,
    0xff, 0x30, 0xf, 0x80, 0xbf, 0x67, 0xf3, 0x0,
    0xf8, 0x1f, 0x80, 0x4f, 0x30, 0xf, 0x81, 0xf7,
    0x4, 0xf3, 0x0, 0xf8, 0xe, 0xd5, 0x7f, 0x74,
    0x4f, 0x80, 0x3d, 0xff, 0xff, 0xff, 0xf8, 0x0,
    0x0, 0x5f, 0x30, 0x0, 0x0, 0x52, 0x1b, 0xf0,
    0x0, 0x0, 0xe, 0xff, 0xf5, 0x0, 0x0, 0x0,
    0x2, 0x30, 0x0, 0x0, 0x0,

    /* U+FBEF "ﯯ" */
    0x0, 0x0, 0x0, 0x0, 0x6a, 0x20, 0x0, 0x0,
    0x0, 0x0, 0xc, 0x0, 0x0, 0x0, 0x0, 0x0,
    0x0, 0xca, 0x40, 0x0, 0x0, 0x0, 0x0, 0x0,
    0x0, 0x0, 0x0, 0x9f, 0xff, 0x30, 0xf, 0x80,
    0x0, 0xbf, 0x67, 0xf3, 0x0, 0xf8, 0x0, 0x1f,
    0x80, 0x4f, 0x30, 0xf, 0x80, 0x1, 0xf7, 0x4,
    0xf3, 0x0, 0xf8, 0x0, 0xe, 0xd5, 0x7f, 0x74,
    0x4f, 0xa4, 0x0, 0x3d, 0xff, 0xff, 0xff, 0xff,
    0xf2, 0x0, 0x0, 0x5f, 0x30, 0x0, 0x0, 0x0,
    0x52, 0x1b, 0xf0, 0x0, 0x0, 0x0, 0xe, 0xff,
    0xf5, 0x0, 0x0, 0x0, 0x0, 0x2, 0x30, 0x0,
    0x0, 0x0, 0x0,

    /* U+FBF0 "ﯰ" */
    0x0, 0xd, 0x80, 0x0, 0x7b, 0x20, 0x0, 0x99,
    0x0, 0xc, 0x0, 0x0, 0x2a, 0x0, 0x0, 0xca,
    0x40, 0x0, 0x0, 0x0, 0x0, 0x0, 0x0, 0x9f,
    0xff, 0x30, 0xf, 0x80, 0xbf, 0x67, 0xf3, 0x0,
    0xf8, 0x1f, 0x80, 0x4f, 0x30, 0xf, 0x81, 0xf7,
    0x4, 0xf3, 0x0, 0xf8, 0xe, 0xd5, 0x7f, 0x74,
    0x4f, 0x80, 0x3d, 0xff, 0xff, 0xff, 0xf8, 0x0,
    0x0, 0x5f, 0x30, 0x0, 0x0, 0x52, 0x1b, 0xf0,
    0x0, 0x0, 0xe, 0xff, 0xf5, 0x0, 0x0, 0x0,
    0x2, 0x30, 0x0, 0x0, 0x0,

    /* U+FBF1 "ﯱ" */
    0x0, 0xd, 0x80, 0x0, 0x6a, 0x20, 0x0, 0x0,
    0xb9, 0x0, 0xc, 0x0, 0x0, 0x0, 0x1a, 0x20,
    0x0, 0xca, 0x40, 0x0, 0x0, 0x0, 0x0, 0x0,
    0x0, 0x0, 0x0, 0x9f, 0xff, 0x30, 0xf, 0x80,
    0x0, 0xbf, 0x67, 0xf3, 0x0, 0xf8, 0x0, 0x1f,
    0x80, 0x4f, 0x30, 0xf, 0x80, 0x1, 0xf7, 0x4,
    0xf3, 0x0, 0xf8, 0x0, 0xe, 0xd5, 0x7f, 0x74,
    0x4f, 0xa4, 0x0, 0x3d, 0xff, 0xff, 0xff, 0xff,
    0xf2, 0x0, 0x0, 0x5f, 0x30, 0x0, 0x0, 0x0,
    0x52, 0x1b, 0xf0, 0x0, 0x0, 0x0, 0xe, 0xff,
    0xf5, 0x0, 0x0, 0x0, 0x0, 0x2, 0x30, 0x0,
    0x0, 0x0, 0x0,

    /* U+FBF2 "ﯲ" */
    0x0, 0xc1, 0xa4, 0x0, 0x7b, 0x20, 0x8, 0xad,
    0x0, 0xc, 0x0, 0x0, 0x1d, 0x50, 0x0, 0xca,
    0x40, 0x0, 0x0, 0x0, 0x0, 0x0, 0x0, 0x9f,
    0xff, 0x30, 0xf, 0x80, 0xbf, 0x67, 0xf3, 0x0,
    0xf8, 0x1f, 0x80, 0x4f, 0x30, 0xf, 0x81, 0xf7,
    0x4, 0xf3, 0x0, 0xf8, 0xe, 0xd5, 0x7f, 0x74,
    0x4f, 0x80, 0x3d, 0xff, 0xff, 0xff, 0xf8, 0x0,
    0x0, 0x5f, 0x30, 0x0, 0x0, 0x52, 0x1b, 0xf0,
    0x0, 0x0, 0xe, 0xff, 0xf5, 0x0, 0x0, 0x0,
    0x2, 0x30, 0x0, 0x0, 0x0,

    /* U+FBF3 "ﯳ" */
    0x0, 0xc0, 0x94, 0x0, 0x6a, 0x20, 0x0, 0x8,
    0x7d, 0x0, 0xc, 0x0, 0x0, 0x0, 0x1c, 0x50,
    0x0, 0xca, 0x40, 0x0, 0x0, 0x0, 0x0, 0x0,
    0x0, 0x0, 0x0, 0x9f, 0xff, 0x30, 0xf, 0x80,
    0x0, 0xbf, 0x67, 0xf3, 0x0, 0xf8, 0x0, 0x1f,
    0x80, 0x4f, 0x30, 0xf, 0x80, 0x1, 0xf7, 0x4,
    0xf3, 0x0, 0xf8, 0x0, 0xe, 0xd5, 0x7f, 0x74,
    0x4f, 0xa4, 0x0, 0x3d, 0xff, 0xff, 0xff, 0xff,
    0xf2, 0x0, 0x0, 0x5f, 0x30, 0x0, 0x0, 0x0,
    0x52, 0x1b, 0xf0, 0x0, 0x0, 0x0, 0xe, 0xff,
    0xf5, 0x0, 0x0, 0x0, 0x0, 0x2, 0x30, 0x0,
    0x0, 0x0, 0x0,

    /* U+FBF4 "ﯴ" */
    0x0, 0x8, 0x10, 0x0, 0x7b, 0x20, 0x0, 0xa1,
    0x0, 0xc, 0x0, 0x0, 0x8, 0x10, 0x0, 0xca,
    0x40, 0x0, 0x0, 0x0, 0x0, 0x0, 0x0, 0x9f,
    0xff, 0x30, 0xf, 0x80, 0xbf, 0x67, 0xf3, 0x0,
    0xf8, 0x1f, 0x80, 0x4f, 0x30, 0xf, 0x81, 0xf7,
    0x4, 0xf3, 0x0, 0xf8, 0xe, 0xd5, 0x7f, 0x74,
    0x4f, 0x80, 0x3d, 0xff, 0xff, 0xff, 0xf8, 0x0,
    0x0, 0x5f, 0x30, 0x0, 0x0, 0x52, 0x1b, 0xf0,
    0x0, 0x0, 0xe, 0xff, 0xf5, 0x0, 0x0, 0x0,
    0x2, 0x30, 0x0, 0x0, 0x0,

    /* U+FBF5 "ﯵ" */
    0x0, 0x0, 0x0, 0x0, 0x6a, 0x10, 0x0, 0x0,
    0xa1, 0x0, 0xc, 0x0, 0x0, 0x0, 0xa, 0x10,
    0x0, 0xca, 0x40, 0x0, 0x0, 0x31, 0x0, 0x1,
    0x0, 0x0, 0x0, 0x9f, 0xff, 0x30, 0xf, 0x80,
    0x0, 0xbf, 0x67, 0xf3, 0x0, 0xf8, 0x0, 0x1f,
    0x80, 0x4f, 0x30, 0xf, 0x80, 0x1, 0xf7, 0x4,
    0xf3, 0x0, 0xf8, 0x0, 0xe, 0xd5, 0x7f, 0x74,
    0x4f, 0xa4, 0x0, 0x3d, 0xff, 0xff, 0xff, 0xff,
    0xf2, 0x0, 0x0, 0x5f, 0x30, 0x0, 0x0, 0x0,
    0x52, 0x1b, 0xf0, 0x0, 0x0, 0x0, 0xe, 0xff,
    0xf5, 0x0, 0x0, 0x0, 0x0, 0x2, 0x30, 0x0,
    0x0, 0x0, 0x0,

    /* U+FBF6 "ﯶ" */
    0x0, 0x0, 0x0, 0x0, 0x0, 0x0, 0x2b, 0x60,
    0x0, 0x0, 0x0, 0x0, 0x0, 0x7, 0x40, 0x0,
    0x0, 0x0, 0x0, 0x0, 0x0, 0x7c, 0x80, 0x0,
    0x0, 0x0, 0x0, 0x0, 0x1, 0x0, 0x0, 0x0,
    0x0, 0x0, 0x0, 0x0, 0x7, 0xa0, 0x0, 0x0,
    0x0, 0x0, 0x0, 0x0, 0xae, 0x0, 0x0, 0x0,
    0x9f, 0xf5, 0x0, 0xa, 0xe0, 0x0, 0x0, 0x9f,
    0x6a, 0xf3, 0x0, 0xae, 0xf, 0x70, 0xf, 0x80,
    0xb, 0xe6, 0x4b, 0xe2, 0xf5, 0x0, 0xdf, 0xa3,
    0xa, 0xff, 0xfe, 0x3f, 0x50, 0x0, 0x6d, 0xf1,
    0x0, 0x0, 0x0, 0xfc, 0x10, 0x1, 0x8f, 0x20,
    0x0, 0x0, 0x7, 0xff, 0xff, 0xff, 0x80, 0x0,
    0x0, 0x0, 0x1, 0x33, 0x33, 0x0, 0x0, 0x0,
    0x0, 0x0, 0x0, 0xe5, 0x0, 0x0, 0x0, 0x0,
    0x0, 0x0, 0x8, 0x20, 0x0, 0x0, 0x0, 0x0,
    0x0, 0x0, 0x82, 0x0, 0x0, 0x0, 0x0, 0x0,
    0x0, 0xe, 0x50, 0x0, 0x0, 0x0, 0x0,

    /* U+FBF7 "ﯷ" */
    0x0, 0x0, 0x0, 0x0, 0x0, 0x0, 0x2a, 0x60,
    0x0, 0x0, 0x0, 0x0, 0x0, 0x0, 0x7, 0x40,
    0x0, 0x0, 0x0, 0x0, 0x0, 0x0, 0x0, 0x7c,
    0x80, 0x0, 0x0, 0x0, 0x0, 0x0, 0x0, 0x0,
    0x0, 0x0, 0x0, 0x0, 0x0, 0x0, 0x0, 0x0,
    0x6, 0x80, 0x0, 0x0, 0x0, 0x0, 0x0, 0x0,
    0x0, 0xae, 0x0, 0x0, 0x0, 0x0, 0x9f, 0xf5,
    0x0, 0xa, 0xe0, 0x0, 0x0, 0x0, 0x9f, 0x6a,
    0xf3, 0x0, 0xae, 0x0, 0xf, 0x70, 0xf, 0x80,
    0xb, 0xe6, 0x4b, 0xe4, 0x22, 0xf5, 0x0, 0xdf,
    0xa3, 0xa, 0xff, 0xff, 0xf8, 0x3f, 0x50, 0x0,
    0x6d, 0xf1, 0x0, 0x0, 0x0, 0x0, 0xfc, 0x10,
    0x1, 0x8f, 0x20, 0x0, 0x0, 0x0, 0x7, 0xff,
    0xff, 0xff, 0x80, 0x0, 0x0, 0x0, 0x0, 0x1,
    0x33, 0x33, 0x0, 0x0, 0x0, 0x0, 0x0, 0x0,
    0x0, 0xe5, 0x0, 0x0, 0x0, 0x0, 0x0, 0x0,
    0x0, 0x8, 0x20, 0x0, 0x0, 0x0, 0x0, 0x0,
    0x0, 0x0, 0x82, 0x0, 0x0, 0x0, 0x0, 0x0,
    0x0, 0x0, 0xe, 0x50, 0x0, 0x0, 0x0, 0x0,
    0x0,

    /* U+FBF8 "ﯸ" */
    0x0, 0x0, 0x0, 0xa, 0x80, 0x0, 0x0, 0x0,
    0x48, 0x0, 0x0, 0x0, 0x0, 0x3d, 0xa0, 0x0,
    0x0, 0x0, 0x0, 0x0, 0x0, 0x2e, 0x50, 0x6,
    0xe1, 0x0, 0x2f, 0x60, 0x6, 0xf2, 0x0, 0x2f,
    0x60, 0x6, 0xf2, 0x0, 0x2f, 0x60, 0x6, 0xf2,
    0x4, 0x6f, 0x84, 0x49, 0xf2, 0x2f, 0xff, 0xff,
    0xff, 0xf2, 0x0, 0x0, 0x0, 0x0, 0x0, 0x0,
    0x4e, 0x0, 0x0, 0x0, 0x0, 0x28, 0x0, 0x0,
    0x0, 0x0, 0x28, 0x0, 0x0, 0x0, 0x0, 0x4e,
    0x0, 0x0, 0x0,

    /* U+FBF9 "ﯹ" */
    0x0, 0x0, 0x0, 0x0, 0x0, 0x0, 0x2b, 0x60,
    0x0, 0x0, 0x0, 0x0, 0x0, 0x7, 0x40, 0x0,
    0x0, 0x0, 0x0, 0x0, 0x0, 0x7c, 0x80, 0x0,
    0x0, 0x0, 0x0, 0x0, 0x1, 0x0, 0x0, 0x0,
    0x0, 0x0, 0x0, 0x0, 0x7, 0xa0, 0x0, 0x0,
    0x0, 0x0, 0x0, 0x0, 0xae, 0x0, 0x0, 0x0,
    0x9f, 0xf5, 0x0, 0xa, 0xe0, 0x0, 0x0, 0x9f,
    0x6a, 0xf3, 0x0, 0xae, 0xf, 0x70, 0xf, 0x80,
    0xb, 0xe6, 0x4b, 0xe2, 0xf5, 0x0, 0xdf, 0xa3,
    0xa, 0xff, 0xfe, 0x3f, 0x50, 0x0, 0x6d, 0xf1,
    0x0, 0x0, 0x0, 0xfc, 0x10, 0x1, 0x8f, 0x20,
    0x0, 0x0, 0x7, 0xff, 0xff, 0xff, 0x80, 0x0,
    0x0, 0x0, 0x1, 0x33, 0x33, 0x0, 0x0, 0x0,
    0x0,

    /* U+FBFA "ﯺ" */
    0x0, 0x0, 0x0, 0x0, 0x0, 0x0, 0x2a, 0x60,
    0x0, 0x0, 0x0, 0x0, 0x0, 0x0, 0x7, 0x40,
    0x0, 0x0, 0x0, 0x0, 0x0, 0x0, 0x0, 0x7c,
    0x80, 0x0, 0x0, 0x0, 0x0, 0x0, 0x0, 0x0,
    0x0, 0x0, 0x0, 0x0, 0x0, 0x0, 0x0, 0x0,
    0x6, 0x80, 0x0, 0x0, 0x0, 0x0, 0x0, 0x0,
    0x0, 0xae, 0x0, 0x0, 0x0, 0x0, 0x9f, 0xf5,
    0x0, 0xa, 0xe0, 0x0, 0x0, 0x0, 0x9f, 0x6a,
    0xf3, 0x0, 0xae, 0x0, 0xf, 0x70, 0xf, 0x80,
    0xb, 0xe6, 0x4b, 0xe4, 0x22, 0xf5, 0x0, 0xdf,
    0xa3, 0xa, 0xff, 0xff, 0xf8, 0x3f, 0x50, 0x0,
    0x6d, 0xf1, 0x0, 0x0, 0x0, 0x0, 0xfc, 0x10,
    0x1, 0x8f, 0x20, 0x0, 0x0, 0x0, 0x7, 0xff,
    0xff, 0xff, 0x80, 0x0, 0x0, 0x0, 0x0, 0x1,
    0x33, 0x33, 0x0, 0x0, 0x0, 0x0, 0x0,

    /* U+FBFB "ﯻ" */
    0x0, 0x0, 0x0, 0x7b, 0x20, 0x0, 0x0, 0xc,
    0x0, 0x0, 0x0, 0x0, 0xca, 0x40, 0x0, 0x0,
    0x0, 0x0, 0x0, 0x7e, 0x0, 0xe, 0x70, 0x8,
    0xf0, 0x0, 0xf8, 0x0, 0x8f, 0x0, 0xf, 0x80,
    0x8, 0xf0, 0x0, 0xf8, 0x4, 0xaf, 0x44, 0x4f,
    0x82, 0xff, 0xff, 0xff, 0xf8,

    /* U+FBFC "ﯼ" */
    0x0, 0x0, 0x0, 0x0, 0x10, 0x0, 0x0, 0x0,
    0x4d, 0xfa, 0x0, 0x0, 0x4, 0xfa, 0x54, 0x0,
    0x0, 0xe, 0x90, 0x0, 0x1, 0x10, 0x3f, 0x60,
    0x0, 0xf, 0x60, 0xd, 0xf8, 0x0, 0x2f, 0x50,
    0x0, 0xaf, 0xa0, 0x3f, 0x50, 0x0, 0x7, 0xf4,
    0xf, 0xc1, 0x0, 0x18, 0xf3, 0x6, 0xff, 0xff,
    0xff, 0x90, 0x0, 0x13, 0x33, 0x30, 0x0,

    /* U+FBFD "ﯽ" */
    0x0, 0x0, 0x0, 0x0, 0x0, 0x0, 0x0, 0x0,
    0x0, 0x9, 0xff, 0x50, 0x0, 0x0, 0x0, 0x9,
    0xf6, 0xaf, 0x30, 0x0, 0xf7, 0x0, 0xf8, 0x0,
    0xbe, 0x50, 0x2f, 0x50, 0xd, 0xfa, 0x30, 0xaf,
    0x3, 0xf5, 0x0, 0x6, 0xdf, 0x10, 0x0, 0xf,
    0xc1, 0x0, 0x18, 0xf2, 0x0, 0x0, 0x7f, 0xff,
    0xff, 0xf8, 0x0, 0x0, 0x0, 0x13, 0x33, 0x30,
    0x0, 0x0, 0x0,

    /* U+FBFE "ﯾ" */
    0x0, 0xe, 0xa0, 0x0, 0xea, 0x0, 0xe, 0xa0,
    0x0, 0xea, 0x4, 0x4e, 0xa2, 0xff, 0xfa, 0x0,
    0x0, 0x0, 0x7c, 0x6d, 0x4, 0x73, 0x70,

    /* U+FBFF "ﯿ" */
    0x0, 0x2f, 0x60, 0x0, 0x2, 0xf6, 0x0, 0x0,
    0x2f, 0x60, 0x0, 0x2, 0xf6, 0x0, 0x4, 0x6f,
    0x84, 0x12, 0xff, 0xff, 0xf3, 0x0, 0x0, 0x0,
    0x0, 0x4e, 0x4e, 0x10, 0x2, 0x82, 0x90, 0x0,

    /* U+FC00 "ﰀ" */
    0x0, 0x0, 0x0, 0x0, 0x5b, 0x30, 0x0, 0x0,
    0x0, 0xc, 0x0, 0x0, 0x0, 0x0, 0x0, 0xba,
    0x50, 0x0, 0x0, 0x0, 0x0, 0x0, 0x2b, 0xef,
    0xc2, 0x0, 0xe, 0x90, 0x94, 0x4e, 0xc0, 0x0,
    0xea, 0x0, 0x0, 0x6f, 0x10, 0xe, 0xa0, 0x0,
    0x3, 0xf5, 0x0, 0xea, 0x0, 0x3b, 0xff, 0xd4,
    0x4f, 0xa0, 0x7f, 0xa3, 0x2c, 0xff, 0xfa, 0x3f,
    0x70, 0x0, 0x0, 0x0, 0x6, 0xf1, 0x0, 0x92,
    0x0, 0x0, 0x5f, 0x70, 0xe, 0x40, 0x0, 0x0,
    0xbf, 0x60, 0x0, 0x0, 0x0, 0x0, 0x20, 0x0,
    0x0, 0x0, 0x0,

    /* U+FC01 "ﰁ" */
    0x0, 0x0, 0x0, 0x0, 0x5b, 0x30, 0x0, 0x0,
    0x0, 0xc, 0x0, 0x0, 0x0, 0x0, 0x0, 0xba,
    0x50, 0x0, 0x0, 0x0, 0x0, 0x0, 0x2b, 0xef,
    0xb2, 0x0, 0xe, 0x90, 0x94, 0x4e, 0xb0, 0x0,
    0xea, 0x0, 0x0, 0x6f, 0x10, 0xe, 0xa0, 0x0,
    0x3, 0xf5, 0x0, 0xea, 0x0, 0x3b, 0xff, 0xd4,
    0x4f, 0xa0, 0x7f, 0xa3, 0x2c, 0xff, 0xfa, 0x3f,
    0x70, 0x0, 0x0, 0x0, 0x6, 0xf1, 0x0, 0x0,
    0x0, 0x0, 0x5f, 0x81, 0x21, 0x0, 0x0, 0x0,
    0xbf, 0xff, 0x60, 0x0, 0x0, 0x0, 0x23, 0x10,
    0x0, 0x0, 0x0,

    /* U+FC02 "ﰂ" */
    0x0, 0x0, 0x0, 0x0, 0x5, 0xb4, 0x0, 0x0,
    0x0, 0x0, 0xb, 0x10, 0x0, 0x0, 0x0, 0x0,
    0xa, 0xa5, 0x0, 0x0, 0x0, 0x0, 0x0, 0x0,
    0x0, 0x3c, 0xff, 0x80, 0x0, 0xea, 0x0, 0xcc,
    0x48, 0xf5, 0x0, 0xea, 0x0, 0xf7, 0x0, 0xf9,
    0x0, 0xea, 0x0, 0xf7, 0x1, 0xf8, 0x0, 0xea,
    0x1, 0xdc, 0x4b, 0xfb, 0x44, 0xea, 0xe, 0xff,
    0xfd, 0x6c, 0xff, 0xfa, 0x3f, 0x60, 0x0, 0x0,
    0x0, 0x0, 0x3f, 0x40, 0x0, 0x0, 0x0, 0x0,
    0x3f, 0x40, 0x0, 0x0, 0x0, 0x0, 0x2d, 0x40,
    0x0, 0x0, 0x0, 0x0,

    /* U+FC03 "ﰃ" */
    0x0, 0x0, 0x0, 0x0, 0x0, 0x0, 0x2b, 0x60,
    0x0, 0x0, 0x0, 0x0, 0x0, 0x7, 0x40, 0x0,
    0x0, 0x0, 0x0, 0x0, 0x0, 0x7c, 0x80, 0x0,
    0x0, 0x0, 0x0, 0x0, 0x1, 0x0, 0x0, 0x0,
    0x0, 0x0, 0x0, 0x0, 0x7, 0xa0, 0x0, 0x0,
    0x0, 0x0, 0x0, 0x0, 0xae, 0x0, 0x0, 0x0,
    0x9f, 0xf5, 0x0, 0xa, 0xe0, 0x0, 0x0, 0x9f,
    0x6a, 0xf3, 0x0, 0xae, 0xf, 0x70, 0xf, 0x80,
    0xb, 0xe6, 0x4b, 0xe2, 0xf5, 0x0, 0xdf, 0xa3,
    0xa, 0xff, 0xfe, 0x3f, 0x50, 0x0, 0x6d, 0xf1,
    0x0, 0x0, 0x0, 0xfc, 0x10, 0x1, 0x8f, 0x20,
    0x0, 0x0, 0x7, 0xff, 0xff, 0xff, 0x80, 0x0,
    0x0, 0x0, 0x1, 0x33, 0x33, 0x0, 0x0, 0x0,
    0x0,

    /* U+FC04 "ﰄ" */
    0x0, 0x0, 0x0, 0x0, 0x0, 0x0, 0x2b, 0x60,
    0x0, 0x0, 0x0, 0x0, 0x0, 0x7, 0x40, 0x0,
    0x0, 0x0, 0x0, 0x0, 0x0, 0x7c, 0x80, 0x0,
    0x0, 0x0, 0x0, 0x0, 0x1, 0x0, 0x0, 0x0,
    0x0, 0x0, 0x0, 0x0, 0x7, 0xa0, 0x0, 0x0,
    0x0, 0x0, 0x0, 0x0, 0xae, 0x0, 0x0, 0x0,
    0x9f, 0xf5, 0x0, 0xa, 0xe0, 0x0, 0x0, 0x9f,
    0x6a, 0xf3, 0x0, 0xae, 0xf, 0x70, 0xf, 0x80,
    0xb, 0xe6, 0x4b, 0xe2, 0xf5, 0x0, 0xdf, 0xa3,
    0xa, 0xff, 0xfe, 0x3f, 0x50, 0x0, 0x6d, 0xf1,
    0x0, 0x0, 0x0, 0xfc, 0x10, 0x1, 0x8f, 0x20,
    0x0, 0x0, 0x7, 0xff, 0xff, 0xff, 0x80, 0x0,
    0x0, 0x0, 0x1, 0x33, 0x33, 0x0, 0x0, 0x0,
    0x0, 0x0, 0xe, 0x5e, 0x50, 0x0, 0x0, 0x0,
    0x0, 0x0, 0x82, 0x82, 0x0, 0x0, 0x0, 0x0,

    /* U+FC05 "ﰅ" */
    0x2b, 0xef, 0xc2, 0x0, 0xe, 0x90, 0x94, 0x4e,
    0xc0, 0x0, 0xea, 0x0, 0x0, 0x6f, 0x10, 0xe,
    0xa0, 0x0, 0x3, 0xf5, 0x0, 0xea, 0x0, 0x3b,
    0xff, 0xd4, 0x4f, 0xa0, 0x7f, 0xa3, 0x2c, 0xff,
    0xfa, 0x3f, 0x70, 0x0, 0x0, 0x0, 0x6, 0xf1,
    0x0, 0x92, 0x4, 0x70, 0x5f, 0x70, 0xe, 0x40,
    0x7c, 0x0, 0xbf, 0x60, 0x0, 0x0, 0x0, 0x0,
    0x20, 0x0, 0x0, 0x0, 0x0,

    /* U+FC06 "ﰆ" */
    0x2b, 0xef, 0xb2, 0x0, 0xe, 0x90, 0x94, 0x4e,
    0xb0, 0x0, 0xea, 0x0, 0x0, 0x6f, 0x10, 0xe,
    0xa0, 0x0, 0x3, 0xf5, 0x0, 0xea, 0x0, 0x3b,
    0xff, 0xd4, 0x4f, 0xa0, 0x7f, 0xa3, 0x2c, 0xff,
    0xfa, 0x3f, 0x70, 0x0, 0x0, 0x0, 0x6, 0xf1,
    0x0, 0x0, 0x4, 0x70, 0x5f, 0x81, 0x21, 0x0,
    0x7c, 0x0, 0xbf, 0xff, 0x60, 0x0, 0x0, 0x0,
    0x23, 0x10, 0x0, 0x0, 0x0,

    /* U+FC07 "ﰇ" */
    0x0, 0x7c, 0x0, 0x0, 0x0, 0x0, 0x4, 0x70,
    0x0, 0x0, 0x0, 0x0, 0x0, 0x0, 0x0, 0x0,
    0x2, 0xbe, 0xfb, 0x20, 0x0, 0xe9, 0x9, 0x44,
    0xeb, 0x0, 0xe, 0xa0, 0x0, 0x6, 0xf1, 0x0,
    0xea, 0x0, 0x0, 0x3f, 0x50, 0xe, 0xa0, 0x3,
    0xbf, 0xfd, 0x44, 0xfa, 0x7, 0xfa, 0x32, 0xcf,
    0xff, 0xa3, 0xf7, 0x0, 0x0, 0x0, 0x0, 0x6f,
    0x10, 0x0, 0x0, 0x47, 0x5, 0xf8, 0x12, 0x10,
    0x7, 0xc0, 0xb, 0xff, 0xf6, 0x0, 0x0, 0x0,
    0x2, 0x31, 0x0, 0x0, 0x0,

    /* U+FC08 "ﰈ" */
    0x0, 0x0, 0x0, 0x0, 0x0, 0x0, 0x0, 0x3c,
    0xff, 0x80, 0x0, 0xea, 0x0, 0xcc, 0x48, 0xf5,
    0x0, 0xea, 0x0, 0xf7, 0x0, 0xf9, 0x0, 0xea,
    0x0, 0xf7, 0x1, 0xf8, 0x0, 0xea, 0x1, 0xdc,
    0x4b, 0xfb, 0x44, 0xea, 0xe, 0xff, 0xfd, 0x6c,
    0xff, 0xfa, 0x3f, 0x60, 0x0, 0x0, 0x0, 0x0,
    0x3f, 0x40, 0x0, 0x0, 0x4, 0x70, 0x3f, 0x40,
    0x0, 0x0, 0x7, 0xc0, 0x2d, 0x40, 0x0, 0x0,
    0x0, 0x0,

    /* U+FC09 "ﰉ" */
    0x0, 0x0, 0x0, 0x0, 0x0, 0x0, 0xa, 0xe0,
    0x0, 0x0, 0x0, 0x0, 0x0, 0x0, 0xae, 0x0,
    0x0, 0x0, 0x9f, 0xf5, 0x0, 0xa, 0xe0, 0x0,
    0x0, 0x9f, 0x6a, 0xf3, 0x0, 0xae, 0xf, 0x70,
    0xf, 0x80, 0xb, 0xe6, 0x4b, 0xe2, 0xf5, 0x0,
    0xdf, 0xa3, 0xa, 0xff, 0xfe, 0x3f, 0x50, 0x0,
    0x6d, 0xf1, 0x0, 0x0, 0x0, 0xfc, 0x10, 0x1,
    0x8f, 0x20, 0x0, 0x50, 0x7, 0xff, 0xff, 0xff,
    0x80, 0x0, 0x4f, 0x10, 0x1, 0x33, 0x33, 0x0,
    0x0, 0x0, 0x20,

    /* U+FC0A "ﰊ" */
    0x0, 0x0, 0x0, 0x0, 0x0, 0x0, 0xa, 0xe0,
    0x0, 0x0, 0x0, 0x0, 0x0, 0x0, 0xae, 0x0,
    0x0, 0x0, 0x9f, 0xf5, 0x0, 0xa, 0xe0, 0x0,
    0x0, 0x9f, 0x6a, 0xf3, 0x0, 0xae, 0xf, 0x70,
    0xf, 0x80, 0xb, 0xe6, 0x4b, 0xe2, 0xf5, 0x0,
    0xdf, 0xa3, 0xa, 0xff, 0xfe, 0x3f, 0x50, 0x0,
    0x6d, 0xf1, 0x0, 0x0, 0x0, 0xfc, 0x10, 0x1,
    0x8f, 0x20, 0x0, 0x50, 0x7, 0xff, 0xff, 0xff,
    0x80, 0x0, 0x4f, 0x10, 0x1, 0x33, 0x33, 0x0,
    0x0, 0x0, 0x20, 0x0, 0xe, 0x5e, 0x50, 0x0,
    0x0, 0x0, 0x0, 0x0, 0x82, 0x82, 0x0, 0x0,
    0x0, 0x0,

    /* U+FC0B "ﰋ" */
    0x0, 0x0, 0x0, 0x3, 0xe4, 0xf2, 0x0, 0x0,
    0x0, 0x1, 0x91, 0x90, 0x0, 0x0, 0x0, 0x0,
    0x0, 0x0, 0x2b, 0xef, 0xc2, 0x0, 0xe, 0x90,
    0x9, 0x44, 0xec, 0x0, 0xe, 0xa0, 0x0, 0x0,
    0x6f, 0x10, 0xe, 0xa0, 0x0, 0x0, 0x3f, 0x50,
    0xe, 0xa0, 0x0, 0x3b, 0xff, 0xd4, 0x4f, 0xa0,
    0x7, 0xfa, 0x32, 0xcf, 0xff, 0xa0, 0x3f, 0x70,
    0x0, 0x0, 0x0, 0x0, 0x6f, 0x10, 0x9, 0x20,
    0x0, 0x0, 0x5f, 0x70, 0xe, 0x40, 0x0, 0x0,
    0xb, 0xf6, 0x0, 0x0, 0x0, 0x0, 0x0, 0x20,
    0x0, 0x0, 0x0, 0x0,

    /* U+FC0C "ﰌ" */
    0x0, 0x0, 0x0, 0x3, 0xe4, 0xf2, 0x0, 0x0,
    0x0, 0x1, 0x91, 0x90, 0x0, 0x0, 0x0, 0x0,
    0x0, 0x0, 0x2b, 0xef, 0xb2, 0x0, 0xe, 0x90,
    0x9, 0x44, 0xeb, 0x0, 0xe, 0xa0, 0x0, 0x0,
    0x6f, 0x10, 0xe, 0xa0, 0x0, 0x0, 0x3f, 0x50,
    0xe, 0xa0, 0x0, 0x3b, 0xff, 0xd4, 0x4f, 0xa0,
    0x7, 0xfa, 0x32, 0xcf, 0xff, 0xa0, 0x3f, 0x70,
    0x0, 0x0, 0x0, 0x0, 0x6f, 0x10, 0x0, 0x0,
    0x0, 0x0, 0x5f, 0x81, 0x21, 0x0, 0x0, 0x0,
    0xb, 0xff, 0xf6, 0x0, 0x0, 0x0, 0x0, 0x23,
    0x10, 0x0, 0x0, 0x0,

    /* U+FC0D "ﰍ" */
    0x0, 0x7c, 0x0, 0x3, 0xe4, 0xf2, 0x0, 0x47,
    0x0, 0x1, 0x91, 0x90, 0x0, 0x0, 0x0, 0x0,
    0x0, 0x0, 0x2b, 0xef, 0xb2, 0x0, 0xe, 0x90,
    0x9, 0x44, 0xeb, 0x0, 0xe, 0xa0, 0x0, 0x0,
    0x6f, 0x10, 0xe, 0xa0, 0x0, 0x0, 0x3f, 0x50,
    0xe, 0xa0, 0x0, 0x3b, 0xff, 0xd4, 0x4f, 0xa0,
    0x7, 0xfa, 0x32, 0xcf, 0xff, 0xa0, 0x3f, 0x70,
    0x0, 0x0, 0x0, 0x0, 0x6f, 0x10, 0x0, 0x0,
    0x0, 0x0, 0x5f, 0x81, 0x21, 0x0, 0x0, 0x0,
    0xb, 0xff, 0xf6, 0x0, 0x0, 0x0, 0x0, 0x23,
    0x10, 0x0, 0x0, 0x0,

    /* U+FC0E "ﰎ" */
    0x0, 0x0, 0x0, 0x0, 0x3f, 0x4f, 0x20, 0x0,
    0x0, 0x0, 0x1, 0x91, 0x91, 0x0, 0x0, 0x0,
    0x0, 0x0, 0x0, 0x0, 0x3, 0xcf, 0xf8, 0x0,
    0xe, 0xa0, 0x0, 0xcc, 0x48, 0xf5, 0x0, 0xea,
    0x0, 0xf, 0x70, 0xf, 0x90, 0xe, 0xa0, 0x0,
    0xf7, 0x1, 0xf8, 0x0, 0xea, 0x0, 0x1d, 0xc4,
    0xbf, 0xb4, 0x4e, 0xa0, 0xe, 0xff, 0xfd, 0x6c,
    0xff, 0xfa, 0x3, 0xf6, 0x0, 0x0, 0x0, 0x0,
    0x0, 0x3f, 0x40, 0x0, 0x0, 0x0, 0x0, 0x3,
    0xf4, 0x0, 0x0, 0x0, 0x0, 0x0, 0x2d, 0x40,
    0x0, 0x0, 0x0, 0x0, 0x0,

    /* U+FC0F "ﰏ" */
    0x0, 0x0, 0x0, 0x0, 0x0, 0x0, 0xe5, 0xe5,
    0x0, 0x0, 0x0, 0x0, 0x0, 0x0, 0x82, 0x82,
    0x0, 0x0, 0x0, 0x0, 0x0, 0x0, 0x0, 0x0,
    0x0, 0x0, 0x0, 0x0, 0x0, 0x0, 0x7, 0xa0,
    0x0, 0x0, 0x0, 0x0, 0x0, 0x0, 0xa, 0xe0,
    0x0, 0x0, 0x0, 0x9f, 0xf5, 0x0, 0xa, 0xe0,
    0x0, 0x0, 0x9, 0xf6, 0xaf, 0x30, 0xa, 0xe0,
    0xf, 0x70, 0xf, 0x80, 0xb, 0xe6, 0x4b, 0xe0,
    0x2f, 0x50, 0xd, 0xfa, 0x30, 0xaf, 0xff, 0xe0,
    0x3f, 0x50, 0x0, 0x6d, 0xf1, 0x0, 0x0, 0x0,
    0xf, 0xc1, 0x0, 0x18, 0xf2, 0x0, 0x0, 0x0,
    0x7, 0xff, 0xff, 0xff, 0x80, 0x0, 0x0, 0x0,
    0x0, 0x13, 0x33, 0x30, 0x0, 0x0, 0x0, 0x0,

    /* U+FC10 "ﰐ" */
    0x0, 0x0, 0x0, 0x0, 0x0, 0x0, 0xe5, 0xe5,
    0x0, 0x0, 0x0, 0x0, 0x0, 0x0, 0x82, 0x82,
    0x0, 0x0, 0x0, 0x0, 0x0, 0x0, 0x0, 0x0,
    0x0, 0x0, 0x0, 0x0, 0x0, 0x0, 0x7, 0xa0,
    0x0, 0x0, 0x0, 0x0, 0x0, 0x0, 0xa, 0xe0,
    0x0, 0x0, 0x0, 0x9f, 0xf5, 0x0, 0xa, 0xe0,
    0x0, 0x0, 0x9, 0xf6, 0xaf, 0x30, 0xa, 0xe0,
    0xf, 0x70, 0xf, 0x80, 0xb, 0xe6, 0x4b, 0xe0,
    0x2f, 0x50, 0xd, 0xfa, 0x30, 0xaf, 0xff, 0xe0,
    0x3f, 0x50, 0x0, 0x6d, 0xf1, 0x0, 0x0, 0x0,
    0xf, 0xc1, 0x0, 0x18, 0xf2, 0x0, 0x0, 0x0,
    0x7, 0xff, 0xff, 0xff, 0x80, 0x0, 0x0, 0x0,
    0x0, 0x13, 0x33, 0x30, 0x0, 0x0, 0x0, 0x0,
    0x0, 0xe, 0x5e, 0x50, 0x0, 0x0, 0x0, 0x0,
    0x0, 0x8, 0x28, 0x20, 0x0, 0x0, 0x0, 0x0,

    /* U+FC11 "ﰑ" */
    0x0, 0x0, 0x0, 0x0, 0x0, 0x0, 0x0, 0x0,
    0x0, 0x0, 0x2e, 0x0, 0x0, 0x0, 0x0, 0x3,
    0xe4, 0xf2, 0x0, 0x0, 0x0, 0x1, 0x91, 0x90,
    0x0, 0x0, 0x0, 0x0, 0x0, 0x0, 0x2b, 0xef,
    0xc2, 0x0, 0xe, 0x90, 0x9, 0x44, 0xec, 0x0,
    0xe, 0xa0, 0x0, 0x0, 0x6f, 0x10, 0xe, 0xa0,
    0x0, 0x0, 0x3f, 0x50, 0xe, 0xa0, 0x0, 0x3b,
    0xff, 0xd4, 0x4f, 0xa0, 0x7, 0xfa, 0x32, 0xcf,
    0xff, 0xa0, 0x3f, 0x70, 0x0, 0x0, 0x0, 0x0,
    0x6f, 0x10, 0x9, 0x20, 0x0, 0x0, 0x5f, 0x70,
    0xe, 0x40, 0x0, 0x0, 0xb, 0xf6, 0x0, 0x0,
    0x0, 0x0, 0x0, 0x20, 0x0, 0x0, 0x0, 0x0,

    /* U+FC12 "ﰒ" */
    0x0, 0x0, 0x0, 0x0, 0x0, 0x10, 0x0, 0x0,
    0x0, 0x0, 0x0, 0x1f, 0x10, 0x0, 0x0, 0x0,
    0x0, 0x2f, 0x4f, 0x20, 0x0, 0x0, 0x0, 0x1,
    0x91, 0x91, 0x0, 0x0, 0x0, 0x0, 0x0, 0x0,
    0x0, 0x3, 0xcf, 0xf8, 0x0, 0xe, 0xa0, 0x0,
    0xcc, 0x48, 0xf5, 0x0, 0xea, 0x0, 0xf, 0x70,
    0xf, 0x90, 0xe, 0xa0, 0x0, 0xf7, 0x1, 0xf8,
    0x0, 0xea, 0x0, 0x1d, 0xc4, 0xbf, 0xb4, 0x4e,
    0xa0, 0xe, 0xff, 0xfd, 0x6c, 0xff, 0xfa, 0x3,
    0xf6, 0x0, 0x0, 0x0, 0x0, 0x0, 0x3f, 0x40,
    0x0, 0x0, 0x0, 0x0, 0x3, 0xf4, 0x0, 0x0,
    0x0, 0x0, 0x0, 0x2d, 0x40, 0x0, 0x0, 0x0,
    0x0, 0x0,

    /* U+FC13 "ﰓ" */
    0x0, 0x0, 0x0, 0x0, 0x0, 0x0, 0x0, 0x0,
    0x0, 0x0, 0x0, 0x0, 0x0, 0x0, 0xd, 0x40,
    0x0, 0x0, 0x0, 0x0, 0x0, 0x0, 0xe5, 0xe6,
    0x0, 0x0, 0x0, 0x0, 0x0, 0x0, 0x82, 0x83,
    0x0, 0x0, 0x0, 0x0, 0x0, 0x0, 0x0, 0x0,
    0x0, 0x0, 0x0, 0x0, 0x0, 0x0, 0x7, 0xb0,
    0x0, 0x0, 0x0, 0x0, 0x0, 0x0, 0xa, 0xe0,
    0x0, 0x0, 0x0, 0x9f, 0xf5, 0x0, 0xa, 0xe0,
    0x0, 0x0, 0x9, 0xf6, 0xaf, 0x30, 0xa, 0xe0,
    0xf, 0x70, 0xf, 0x80, 0xb, 0xe6, 0x4b, 0xe0,
    0x2f, 0x50, 0xd, 0xfa, 0x30, 0xaf, 0xff, 0xe0,
    0x3f, 0x50, 0x0, 0x6d, 0xf1, 0x0, 0x0, 0x0,
    0xf, 0xc1, 0x0, 0x18, 0xf2, 0x0, 0x0, 0x0,
    0x7, 0xff, 0xff, 0xff, 0x80, 0x0, 0x0, 0x0,
    0x0, 0x13, 0x33, 0x30, 0x0, 0x0, 0x0, 0x0,

    /* U+FC14 "ﰔ" */
    0x0, 0x0, 0x0, 0x0, 0x0, 0x0, 0x0, 0x0,
    0x0, 0x0, 0x0, 0x0, 0x0, 0x0, 0xd, 0x40,
    0x0, 0x0, 0x0, 0x0, 0x0, 0x0, 0xe5, 0xe6,
    0x0, 0x0, 0x0, 0x0, 0x0, 0x0, 0x82, 0x83,
    0x0, 0x0, 0x0, 0x0, 0x0, 0x0, 0x0, 0x0,
    0x0, 0x0, 0x0, 0x0, 0x0, 0x0, 0x7, 0xb0,
    0x0, 0x0, 0x0, 0x0, 0x0, 0x0, 0xa, 0xe0,
    0x0, 0x0, 0x0, 0x9f, 0xf5, 0x0, 0xa, 0xe0,
    0x0, 0x0, 0x9, 0xf6, 0xaf, 0x30, 0xa, 0xe0,
    0xf, 0x70, 0xf, 0x80, 0xb, 0xe6, 0x4b, 0xe0,
    0x2f, 0x50, 0xd, 0xfa, 0x30, 0xaf, 0xff, 0xe0,
    0x3f, 0x50, 0x0, 0x6d, 0xf1, 0x0, 0x0, 0x0,
    0xf, 0xc1, 0x0, 0x18, 0xf2, 0x0, 0x0, 0x0,
    0x7, 0xff, 0xff, 0xff, 0x80, 0x0, 0x0, 0x0,
    0x0, 0x13, 0x33, 0x30, 0x0, 0x0, 0x0, 0x0,
    0x0, 0xe, 0x5e, 0x50, 0x0, 0x0, 0x0, 0x0,
    0x0, 0x8, 0x28, 0x20, 0x0, 0x0, 0x0, 0x0,

    /* U+FC15 "ﰕ" */
    0x0, 0x0, 0x0, 0x0, 0x0, 0x0, 0x0, 0x2,
    0xbf, 0xfc, 0x20, 0x8, 0xff, 0xe5, 0x0, 0x19,
    0x45, 0xec, 0x0, 0x55, 0x4c, 0xf0, 0x0, 0x0,
    0x6, 0xf1, 0x0, 0x0, 0x5f, 0x30, 0x0, 0x0,
    0x3f, 0x50, 0x0, 0x1, 0xf7, 0x0, 0x3, 0xaf,
    0xfd, 0x54, 0x44, 0x4d, 0xd0, 0x7, 0xfa, 0x32,
    0xcf, 0xff, 0xff, 0xff, 0x13, 0xf7, 0x0, 0x0,
    0x0, 0x0, 0x0, 0x0, 0x6f, 0x10, 0x0, 0x0,
    0x0, 0x91, 0x0, 0x5, 0xf8, 0x12, 0x10, 0x0,
    0x2f, 0x20, 0x0, 0xb, 0xff, 0xf6, 0x0, 0x0,
    0x0, 0x0, 0x0, 0x2, 0x31, 0x0, 0x0, 0x0,
    0x0, 0x0,

    /* U+FC16 "ﰖ" */
    0x0, 0x0, 0x0, 0x0, 0x0, 0x0, 0x0, 0x0,
    0x0, 0x3c, 0xff, 0x80, 0x7, 0xef, 0xe5, 0x0,
    0x0, 0xcc, 0x48, 0xf5, 0x4, 0x64, 0xcf, 0x0,
    0x0, 0xf7, 0x0, 0xf9, 0x0, 0x0, 0x4f, 0x40,
    0x0, 0xf7, 0x1, 0xf8, 0x0, 0x0, 0xf, 0x80,
    0x1, 0xdc, 0x4b, 0xfb, 0x44, 0x44, 0x4c, 0xe0,
    0xe, 0xff, 0xfd, 0x6c, 0xff, 0xff, 0xff, 0xf1,
    0x3f, 0x60, 0x0, 0x0, 0x0, 0x0, 0x0, 0x0,
    0x3f, 0x40, 0x0, 0x0, 0x0, 0x9, 0x10, 0x0,
    0x3f, 0x40, 0x0, 0x0, 0x0, 0x1e, 0x30, 0x0,
    0x2d, 0x40, 0x0, 0x0, 0x0, 0x0, 0x0, 0x0,

    /* U+FC17 "ﰗ" */
    0x0, 0x0, 0x0, 0x0, 0x0, 0x0, 0x0, 0x2,
    0xbf, 0xfd, 0x20, 0x8, 0xff, 0xe5, 0x0, 0x19,
    0x45, 0xec, 0x0, 0x55, 0x4c, 0xf0, 0x0, 0x0,
    0x6, 0xf1, 0x0, 0x0, 0x5f, 0x30, 0x0, 0x0,
    0x3f, 0x50, 0x0, 0x1, 0xf7, 0x0, 0x3, 0xaf,
    0xfd, 0x54, 0x44, 0x4d, 0xd0, 0x7, 0xfa, 0x32,
    0xcf, 0xff, 0xff, 0xff, 0x13, 0xf7, 0x0, 0x0,
    0x0, 0x0, 0x0, 0x0, 0x6f, 0x10, 0x9, 0x20,
    0x0, 0x0, 0x0, 0x5, 0xf7, 0x0, 0xe4, 0x0,
    0x0, 0x0, 0x0, 0xb, 0xf6, 0x0, 0x0, 0x0,
    0x0, 0x0, 0x0, 0x2, 0x0, 0x0, 0x0, 0x0,
    0x0, 0x0,

    /* U+FC18 "ﰘ" */
    0x0, 0x0, 0x0, 0x0, 0x0, 0x0, 0x0, 0x0,
    0x0, 0x3c, 0xff, 0x80, 0x7, 0xef, 0xe5, 0x0,
    0x0, 0xcc, 0x48, 0xf5, 0x4, 0x64, 0xcf, 0x0,
    0x0, 0xf7, 0x0, 0xf9, 0x0, 0x0, 0x4f, 0x40,
    0x0, 0xf7, 0x1, 0xf8, 0x0, 0x0, 0xf, 0x80,
    0x1, 0xdc, 0x4b, 0xfb, 0x44, 0x44, 0x4c, 0xe0,
    0xe, 0xff, 0xfd, 0x6c, 0xff, 0xff, 0xff, 0xf1,
    0x3f, 0x60, 0x0, 0x0, 0x0, 0x0, 0x0, 0x0,
    0x3f, 0x40, 0x0, 0x0, 0x0, 0x0, 0x0, 0x0,
    0x3f, 0x40, 0x0, 0x0, 0x0, 0x0, 0x0, 0x0,
    0x2d, 0x40, 0x0, 0x0, 0x0, 0x0, 0x0, 0x0,

    /* U+FC19 "ﰙ" */
    0x0, 0x0, 0x0, 0x0, 0x8, 0xb0, 0x0, 0x0,
    0x0, 0x0, 0x0, 0x0, 0x46, 0x0, 0x0, 0x0,
    0x0, 0x0, 0x0, 0x0, 0x0, 0x0, 0x2, 0xbf,
    0xfd, 0x20, 0x8, 0xff, 0xe5, 0x0, 0x19, 0x45,
    0xec, 0x0, 0x55, 0x4c, 0xf0, 0x0, 0x0, 0x6,
    0xf1, 0x0, 0x0, 0x5f, 0x30, 0x0, 0x0, 0x3f,
    0x50, 0x0, 0x1, 0xf7, 0x0, 0x3, 0xaf, 0xfd,
    0x54, 0x44, 0x4d, 0xd0, 0x7, 0xfa, 0x32, 0xcf,
    0xff, 0xff, 0xff, 0x13, 0xf7, 0x0, 0x0, 0x0,
    0x0, 0x0, 0x0, 0x6f, 0x10, 0x9, 0x20, 0x0,
    0x0, 0x0, 0x5, 0xf7, 0x0, 0xe4, 0x0, 0x0,
    0x0, 0x0, 0xb, 0xf6, 0x0, 0x0, 0x0, 0x0,
    0x0, 0x0, 0x2, 0x0, 0x0, 0x0, 0x0, 0x0,
    0x0,

    /* U+FC1A "ﰚ" */
    0x0, 0x0, 0x0, 0x0, 0x8, 0xb0, 0x0, 0x0,
    0x0, 0x0, 0x0, 0x0, 0x46, 0x0, 0x0, 0x0,
    0x0, 0x0, 0x0, 0x0, 0x0, 0x0, 0x2, 0xbf,
    0xfc, 0x20, 0x8, 0xff, 0xe5, 0x0, 0x19, 0x45,
    0xec, 0x0, 0x55, 0x4c, 0xf0, 0x0, 0x0, 0x6,
    0xf1, 0x0, 0x0, 0x5f, 0x30, 0x0, 0x0, 0x3f,
    0x50, 0x0, 0x1, 0xf7, 0x0, 0x3, 0xaf, 0xfd,
    0x54, 0x44, 0x4d, 0xd0, 0x7, 0xfa, 0x32, 0xcf,
    0xff, 0xff, 0xff, 0x13, 0xf7, 0x0, 0x0, 0x0,
    0x0, 0x0, 0x0, 0x6f, 0x10, 0x0, 0x0, 0x0,
    0x0, 0x0, 0x5, 0xf8, 0x12, 0x10, 0x0, 0x0,
    0x0, 0x0, 0xb, 0xff, 0xf6, 0x0, 0x0, 0x0,
    0x0, 0x0, 0x2, 0x31, 0x0, 0x0, 0x0, 0x0,
    0x0,

    /* U+FC1B "ﰛ" */
    0x0, 0x0, 0x0, 0x0, 0x0, 0x7c, 0x0, 0x0,
    0x0, 0x0, 0x0, 0x0, 0x0, 0x46, 0x0, 0x0,
    0x0, 0x0, 0x0, 0x0, 0x0, 0x0, 0x0, 0x0,
    0x0, 0x3c, 0xff, 0x80, 0x7, 0xef, 0xe5, 0x0,
    0x0, 0xcc, 0x48, 0xf5, 0x4, 0x64, 0xcf, 0x0,
    0x0, 0xf7, 0x0, 0xf9, 0x0, 0x0, 0x4f, 0x40,
    0x0, 0xf7, 0x1, 0xf8, 0x0, 0x0, 0xf, 0x80,
    0x1, 0xdc, 0x4b, 0xfb, 0x44, 0x44, 0x4c, 0xe0,
    0xe, 0xff, 0xfd, 0x6c, 0xff, 0xff, 0xff, 0xf1,
    0x3f, 0x60, 0x0, 0x0, 0x0, 0x0, 0x0, 0x0,
    0x3f, 0x40, 0x0, 0x0, 0x0, 0x0, 0x0, 0x0,
    0x3f, 0x40, 0x0, 0x0, 0x0, 0x0, 0x0, 0x0,
    0x2d, 0x40, 0x0, 0x0, 0x0, 0x0, 0x0, 0x0,

    /* U+FC1C "ﰜ" */
    0x2b, 0xef, 0xc2, 0x0, 0x0, 0x0, 0x0, 0x0,
    0x6f, 0x20, 0x94, 0x4e, 0xc0, 0x0, 0xea, 0x0,
    0xf7, 0x6, 0xf2, 0x0, 0x0, 0x6f, 0x10, 0xe,
    0xa0, 0xf, 0x70, 0x6f, 0x20, 0x0, 0x3, 0xf5,
    0x0, 0xea, 0x1, 0xf7, 0x6, 0xf2, 0x0, 0x3b,
    0xff, 0xd4, 0x4e, 0xc4, 0x9f, 0xd5, 0x8f, 0x20,
    0x7f, 0xa3, 0x2c, 0xff, 0xff, 0xff, 0x88, 0xff,
    0xf2, 0x3f, 0x70, 0x0, 0x0, 0x0, 0x0, 0x0,
    0x0, 0x0, 0x6, 0xf1, 0x0, 0x92, 0x0, 0x0,
    0x0, 0x0, 0x0, 0x0, 0x5f, 0x70, 0xe, 0x40,
    0x0, 0x0, 0x0, 0x0, 0x0, 0x0, 0xbf, 0x60,
    0x0, 0x0, 0x0, 0x0, 0x0, 0x0, 0x0, 0x0,
    0x20, 0x0, 0x0, 0x0, 0x0, 0x0, 0x0, 0x0,
    0x0,

    /* U+FC1D "ﰝ" */
    0x2b, 0xef, 0xb2, 0x0, 0x0, 0x0, 0x0, 0x0,
    0x6f, 0x20, 0x94, 0x4e, 0xb0, 0x0, 0xea, 0x0,
    0xf7, 0x6, 0xf2, 0x0, 0x0, 0x6f, 0x10, 0xe,
    0xa0, 0xf, 0x70, 0x6f, 0x20, 0x0, 0x3, 0xf5,
    0x0, 0xea, 0x1, 0xf7, 0x6, 0xf2, 0x0, 0x3b,
    0xff, 0xd4, 0x4e, 0xc4, 0x9f, 0xd5, 0x8f, 0x20,
    0x7f, 0xa3, 0x2c, 0xff, 0xff, 0xff, 0x88, 0xff,
    0xf2, 0x3f, 0x70, 0x0, 0x0, 0x0, 0x0, 0x0,
    0x0, 0x0, 0x6, 0xf1, 0x0, 0x0, 0x0, 0x0,
    0x0, 0x0, 0x0, 0x0, 0x5f, 0x81, 0x21, 0x0,
    0x0, 0x0, 0x0, 0x0, 0x0, 0x0, 0xbf, 0xff,
    0x60, 0x0, 0x0, 0x0, 0x0, 0x0, 0x0, 0x0,
    0x23, 0x10, 0x0, 0x0, 0x0, 0x0, 0x0, 0x0,
    0x0,

    /* U+FC1E "ﰞ" */
    0x0, 0x7c, 0x0, 0x0, 0x0, 0x0, 0x0, 0x0,
    0x0, 0x0, 0x4, 0x70, 0x0, 0x0, 0x0, 0x0,
    0x0, 0x0, 0x0, 0x0, 0x0, 0x0, 0x0, 0x0,
    0x0, 0x0, 0x0, 0x0, 0x2, 0xbe, 0xfb, 0x20,
    0x0, 0x0, 0x0, 0x0, 0x6, 0xf2, 0x9, 0x44,
    0xeb, 0x0, 0xe, 0xa0, 0xf, 0x70, 0x6f, 0x20,
    0x0, 0x6, 0xf1, 0x0, 0xea, 0x0, 0xf7, 0x6,
    0xf2, 0x0, 0x0, 0x3f, 0x50, 0xe, 0xa0, 0x1f,
    0x70, 0x6f, 0x20, 0x3, 0xbf, 0xfd, 0x44, 0xec,
    0x49, 0xfd, 0x58, 0xf2, 0x7, 0xfa, 0x32, 0xcf,
    0xff, 0xff, 0xf8, 0x8f, 0xff, 0x23, 0xf7, 0x0,
    0x0, 0x0, 0x0, 0x0, 0x0, 0x0, 0x0, 0x6f,
    0x10, 0x0, 0x0, 0x0, 0x0, 0x0, 0x0, 0x0,
    0x5, 0xf8, 0x12, 0x10, 0x0, 0x0, 0x0, 0x0,
    0x0, 0x0, 0xb, 0xff, 0xf6, 0x0, 0x0, 0x0,
    0x0, 0x0, 0x0, 0x0, 0x2, 0x31, 0x0, 0x0,
    0x0, 0x0, 0x0, 0x0, 0x0,

    /* U+FC1F "ﰟ" */
    0x0, 0x0, 0x0, 0x0, 0x0, 0x0, 0x0, 0x0,
    0x0, 0x10, 0x0, 0x3c, 0xff, 0x80, 0x0, 0x11,
    0x0, 0x21, 0x5, 0xf3, 0x0, 0xcc, 0x48, 0xf5,
    0x0, 0xdb, 0x0, 0xf8, 0x5, 0xf3, 0x0, 0xf7,
    0x0, 0xf9, 0x0, 0xdb, 0x0, 0xf8, 0x5, 0xf3,
    0x0, 0xf7, 0x1, 0xf8, 0x0, 0xdb, 0x0, 0xf8,
    0x5, 0xf3, 0x1, 0xdc, 0x4b, 0xfb, 0x44, 0xec,
    0x48, 0xfe, 0x58, 0xf3, 0xe, 0xff, 0xfd, 0x6c,
    0xff, 0xff, 0xff, 0x97, 0xef, 0xf3, 0x3f, 0x60,
    0x0, 0x0, 0x0, 0x0, 0x0, 0x0, 0x0, 0x0,
    0x3f, 0x40, 0x0, 0x0, 0x0, 0x0, 0x0, 0x0,
    0x0, 0x0, 0x3f, 0x40, 0x0, 0x0, 0x0, 0x0,
    0x0, 0x0, 0x0, 0x0, 0x2d, 0x40, 0x0, 0x0,
    0x0, 0x0, 0x0, 0x0, 0x0, 0x0,

    /* U+FC20 "ﰠ" */
    0x2b, 0xde, 0xb1, 0x0, 0xe, 0x72, 0xae, 0xd7,
    0x0, 0x73, 0x3d, 0xb0, 0x0, 0xf9, 0xd5, 0x27,
    0xf6, 0x0, 0x0, 0x6f, 0x0, 0xf, 0xf3, 0x0,
    0xe, 0xa0, 0x0, 0x3, 0xf5, 0x0, 0xfa, 0x0,
    0x0, 0xdb, 0x0, 0x3b, 0xff, 0xd4, 0x4f, 0xa4,
    0x44, 0x4e, 0xb0, 0x7f, 0xa3, 0x2c, 0xff, 0xff,
    0xff, 0xff, 0xfb, 0x3f, 0x70, 0x0, 0x0, 0x0,
    0x0, 0x0, 0x0, 0x6, 0xf1, 0x0, 0x0, 0x0,
    0x0, 0x0, 0x0, 0x0, 0x5f, 0x81, 0x21, 0x0,
    0x0, 0x0, 0x0, 0x0, 0x0, 0xbf, 0xff, 0x60,
    0x0, 0x0, 0x0, 0x0, 0x0, 0x0, 0x23, 0x10,
    0x0, 0x0, 0x0, 0x0, 0x0, 0x0,

    /* U+FC21 "ﰡ" */
    0x0, 0x2a, 0xed, 0x60, 0x0, 0xe8, 0x1a, 0xed,
    0x80, 0x0, 0xcc, 0x26, 0xf4, 0x0, 0xfa, 0xd5,
    0x26, 0xf6, 0x0, 0xf7, 0x0, 0xf9, 0x0, 0xff,
    0x40, 0x0, 0xdb, 0x0, 0xf7, 0x1, 0xf8, 0x0,
    0xfb, 0x0, 0x0, 0xcc, 0x1, 0xdc, 0x4b, 0xfb,
    0x44, 0xfa, 0x44, 0x44, 0xdc, 0xe, 0xff, 0xfd,
    0x6c, 0xff, 0xff, 0xff, 0xff, 0xfc, 0x3f, 0x60,
    0x0, 0x0, 0x0, 0x0, 0x0, 0x0, 0x0, 0x3f,
    0x40, 0x0, 0x0, 0x0, 0x0, 0x0, 0x0, 0x0,
    0x3f, 0x40, 0x0, 0x0, 0x0, 0x0, 0x0, 0x0,
    0x0, 0x2d, 0x40, 0x0, 0x0, 0x0, 0x0, 0x0,
    0x0, 0x0,

    /* U+FC22 "ﰢ" */
    0x0, 0x0, 0x0, 0x0, 0x0, 0x0, 0xe4, 0x0,
    0x0, 0x0, 0x0, 0x0, 0x0, 0x0, 0x8, 0x20,
    0x0, 0x0, 0x0, 0x0, 0x0, 0x0, 0x0, 0x0,
    0x0, 0x2, 0xbd, 0xeb, 0x10, 0x0, 0xe7, 0x2a,
    0xed, 0x70, 0x7, 0x33, 0xdb, 0x0, 0xf, 0x9d,
    0x52, 0x7f, 0x60, 0x0, 0x6, 0xf0, 0x0, 0xff,
    0x30, 0x0, 0xea, 0x0, 0x0, 0x3f, 0x50, 0xf,
    0xa0, 0x0, 0xd, 0xb0, 0x3, 0xbf, 0xfd, 0x44,
    0xfa, 0x44, 0x44, 0xeb, 0x7, 0xfa, 0x32, 0xcf,
    0xff, 0xff, 0xff, 0xff, 0xb3, 0xf7, 0x0, 0x0,
    0x0, 0x0, 0x0, 0x0, 0x0, 0x6f, 0x10, 0x9,
    0x20, 0x0, 0x0, 0x0, 0x0, 0x5, 0xf7, 0x0,
    0xe4, 0x0, 0x0, 0x0, 0x0, 0x0, 0xb, 0xf6,
    0x0, 0x0, 0x0, 0x0, 0x0, 0x0, 0x0, 0x2,
    0x0, 0x0, 0x0, 0x0, 0x0, 0x0, 0x0,

    /* U+FC23 "ﰣ" */
    0x0, 0x0, 0x0, 0x0, 0x0, 0x0, 0xe4, 0x0,
    0x0, 0x0, 0x0, 0x0, 0x0, 0x0, 0x8, 0x20,
    0x0, 0x0, 0x0, 0x0, 0x0, 0x0, 0x0, 0x0,
    0x0, 0x2, 0xbd, 0xeb, 0x10, 0x0, 0xe7, 0x2a,
    0xed, 0x70, 0x7, 0x33, 0xdb, 0x0, 0xf, 0x9d,
    0x52, 0x7f, 0x60, 0x0, 0x6, 0xf0, 0x0, 0xff,
    0x30, 0x0, 0xea, 0x0, 0x0, 0x3f, 0x50, 0xf,
    0xa0, 0x0, 0xd, 0xb0, 0x3, 0xbf, 0xfd, 0x44,
    0xfa, 0x44, 0x44, 0xeb, 0x7, 0xfa, 0x32, 0xcf,
    0xff, 0xff, 0xff, 0xff, 0xb3, 0xf7, 0x0, 0x0,
    0x0, 0x0, 0x0, 0x0, 0x0, 0x6f, 0x10, 0x0,
    0x0, 0x0, 0x0, 0x0, 0x0, 0x5, 0xf8, 0x12,
    0x10, 0x0, 0x0, 0x0, 0x0, 0x0, 0xb, 0xff,
    0xf6, 0x0, 0x0, 0x0, 0x0, 0x0, 0x0, 0x2,
    0x31, 0x0, 0x0, 0x0, 0x0, 0x0, 0x0,

    /* U+FC24 "ﰤ" */
    0x0, 0x7c, 0x0, 0x0, 0x0, 0x0, 0xe4, 0x0,
    0x0, 0x4, 0x70, 0x0, 0x0, 0x0, 0x8, 0x20,
    0x0, 0x0, 0x0, 0x0, 0x0, 0x0, 0x0, 0x0,
    0x0, 0x2, 0xbd, 0xeb, 0x10, 0x0, 0xe7, 0x2a,
    0xed, 0x70, 0x7, 0x33, 0xdb, 0x0, 0xf, 0x9d,
    0x52, 0x7f, 0x60, 0x0, 0x6, 0xf0, 0x0, 0xff,
    0x30, 0x0, 0xea, 0x0, 0x0, 0x3f, 0x50, 0xf,
    0xa0, 0x0, 0xd, 0xb0, 0x3, 0xbf, 0xfd, 0x44,
    0xfa, 0x44, 0x44, 0xeb, 0x7, 0xfa, 0x32, 0xcf,
    0xff, 0xff, 0xff, 0xff, 0xb3, 0xf7, 0x0, 0x0,
    0x0, 0x0, 0x0, 0x0, 0x0, 0x6f, 0x10, 0x0,
    0x0, 0x0, 0x0, 0x0, 0x0, 0x5, 0xf8, 0x12,
    0x10, 0x0, 0x0, 0x0, 0x0, 0x0, 0xb, 0xff,
    0xf6, 0x0, 0x0, 0x0, 0x0, 0x0, 0x0, 0x2,
    0x31, 0x0, 0x0, 0x0, 0x0, 0x0, 0x0,

    /* U+FC25 "ﰥ" */
    0x0, 0x0, 0x0, 0x0, 0x0, 0x0, 0xe, 0x50,
    0x0, 0x0, 0x0, 0x0, 0x0, 0x0, 0x0, 0x8,
    0x20, 0x0, 0x0, 0x0, 0x0, 0x0, 0x0, 0x0,
    0x0, 0x0, 0x0, 0x0, 0x2a, 0xed, 0x60, 0x0,
    0xe8, 0x1a, 0xed, 0x80, 0x0, 0xcc, 0x26, 0xf4,
    0x0, 0xfa, 0xd5, 0x26, 0xf6, 0x0, 0xf7, 0x0,
    0xf9, 0x0, 0xff, 0x40, 0x0, 0xdb, 0x0, 0xf7,
    0x1, 0xf8, 0x0, 0xfb, 0x0, 0x0, 0xcc, 0x1,
    0xdc, 0x4b, 0xfb, 0x44, 0xfa, 0x44, 0x44, 0xdc,
    0xe, 0xff, 0xfd, 0x6c, 0xff, 0xff, 0xff, 0xff,
    0xfc, 0x3f, 0x60, 0x0, 0x0, 0x0, 0x0, 0x0,
    0x0, 0x0, 0x3f, 0x40, 0x0, 0x0, 0x0, 0x0,
    0x0, 0x0, 0x0, 0x3f, 0x40, 0x0, 0x0, 0x0,
    0x0, 0x0, 0x0, 0x0, 0x2d, 0x40, 0x0, 0x0,
    0x0, 0x0, 0x0, 0x0, 0x0,

    /* U+FC26 "ﰦ" */
    0x0, 0x0, 0x0, 0x0, 0xc, 0xc0, 0x0, 0x0,
    0x0, 0x0, 0x0, 0x0, 0x0, 0xcc, 0x0, 0x0,
    0x0, 0x0, 0x0, 0x0, 0x0, 0xc, 0xc0, 0x0,
    0x0, 0x2, 0xbf, 0xfc, 0x20, 0x0, 0xcc, 0xa,
    0xff, 0xb1, 0x19, 0x45, 0xec, 0x0, 0xc, 0xcb,
    0x94, 0x6f, 0xa0, 0x0, 0x6, 0xf1, 0x0, 0xcf,
    0x80, 0x0, 0xae, 0x0, 0x0, 0x3f, 0x50, 0xc,
    0xe0, 0x0, 0x9, 0xf0, 0x3, 0xaf, 0xfd, 0x44,
    0xdd, 0x44, 0x44, 0xbf, 0x7, 0xfa, 0x32, 0xcf,
    0xff, 0xff, 0xff, 0xff, 0xf3, 0xf7, 0x0, 0x0,
    0x0, 0x0, 0x0, 0x0, 0x0, 0x6f, 0x10, 0x0,
    0x0, 0x0, 0x0, 0x0, 0x0, 0x5, 0xf8, 0x12,
    0x10, 0x0, 0x0, 0x0, 0x0, 0x0, 0xb, 0xff,
    0xf6, 0x0, 0x0, 0x0, 0x0, 0x0, 0x0, 0x2,
    0x31, 0x0, 0x0, 0x0, 0x0, 0x0, 0x0,

    /* U+FC27 "ﰧ" */
    0x0, 0x0, 0x0, 0x0, 0x0, 0xbd, 0x0, 0x0,
    0x0, 0x0, 0x0, 0x0, 0x0, 0x0, 0xbd, 0x0,
    0x0, 0x0, 0x0, 0x0, 0x0, 0x0, 0x0, 0xbd,
    0x0, 0x0, 0x0, 0x0, 0x3c, 0xff, 0x80, 0x0,
    0xbd, 0x9, 0xff, 0xc2, 0x0, 0xcc, 0x48, 0xf5,
    0x0, 0xbd, 0xb9, 0x46, 0xfb, 0x0, 0xf7, 0x0,
    0xf9, 0x0, 0xbf, 0x90, 0x0, 0x9f, 0x0, 0xf7,
    0x1, 0xf8, 0x0, 0xbe, 0x0, 0x0, 0x8f, 0x1,
    0xdc, 0x4b, 0xfb, 0x44, 0xcd, 0x44, 0x44, 0xaf,
    0xe, 0xff, 0xfd, 0x6c, 0xff, 0xff, 0xff, 0xff,
    0xff, 0x3f, 0x60, 0x0, 0x0, 0x0, 0x0, 0x0,
    0x0, 0x0, 0x3f, 0x40, 0x0, 0x0, 0x0, 0x0,
    0x0, 0x0, 0x0, 0x3f, 0x40, 0x0, 0x0, 0x0,
    0x0, 0x0, 0x0, 0x0, 0x2d, 0x40, 0x0, 0x0,
    0x0, 0x0, 0x0, 0x0, 0x0,

    /* U+FC28 "ﰨ" */
    0x0, 0x0, 0x0, 0x0, 0x0, 0xbd, 0x0, 0xc8,
    0x0, 0x0, 0x0, 0x0, 0x0, 0x0, 0xbd, 0x0,
    0x42, 0x0, 0x0, 0x0, 0x0, 0x0, 0x0, 0xbd,
    0x0, 0x0, 0x0, 0x0, 0x3c, 0xff, 0x80, 0x0,
    0xbd, 0x9, 0xff, 0xc2, 0x0, 0xcc, 0x48, 0xf5,
    0x0, 0xbd, 0xb9, 0x46, 0xfb, 0x0, 0xf7, 0x0,
    0xf9, 0x0, 0xbf, 0x90, 0x0, 0x9f, 0x0, 0xf7,
    0x1, 0xf8, 0x0, 0xbe, 0x0, 0x0, 0x8f, 0x1,
    0xdc, 0x4b, 0xfb, 0x44, 0xcd, 0x44, 0x44, 0xaf,
    0xe, 0xff, 0xfd, 0x6c, 0xff, 0xff, 0xff, 0xff,
    0xff, 0x3f, 0x60, 0x0, 0x0, 0x0, 0x0, 0x0,
    0x0, 0x0, 0x3f, 0x40, 0x0, 0x0, 0x0, 0x0,
    0x0, 0x0, 0x0, 0x3f, 0x40, 0x0, 0x0, 0x0,
    0x0, 0x0, 0x0, 0x0, 0x2d, 0x40, 0x0, 0x0,
    0x0, 0x0, 0x0, 0x0, 0x0,

    /* U+FC29 "ﰩ" */
    0x0, 0x0, 0x0, 0x0, 0x0, 0x0, 0x0, 0x2b,
    0xff, 0xd2, 0x0, 0x6, 0xef, 0xf5, 0x19, 0x45,
    0xec, 0x0, 0x3f, 0xa4, 0x61, 0x0, 0x0, 0x6f,
    0x10, 0x8f, 0x0, 0x0, 0x0, 0x0, 0x3f, 0x50,
    0x6f, 0x10, 0x0, 0x0, 0x3a, 0xff, 0xd4, 0x5e,
    0xb4, 0x42, 0x7, 0xfa, 0x32, 0xcf, 0xff, 0xff,
    0xfb, 0x3f, 0x70, 0x0, 0x0, 0x0, 0x0, 0x0,
    0x6f, 0x10, 0x9, 0x20, 0x0, 0x0, 0x0, 0x5f,
    0x70, 0xe, 0x40, 0x0, 0x0, 0x0, 0xb, 0xf6,
    0x0, 0x0, 0x0, 0x0, 0x0, 0x0, 0x20, 0x0,
    0x0, 0x0, 0x0, 0x0,

    /* U+FC2A "ﰪ" */
    0x0, 0x0, 0x0, 0x0, 0x0, 0x0, 0x0, 0x0,
    0x3, 0xcf, 0xf8, 0x0, 0x5, 0xdf, 0xf5, 0x0,
    0xcc, 0x48, 0xf5, 0x2, 0xfa, 0x45, 0x20, 0xf,
    0x70, 0xf, 0x90, 0x7f, 0x10, 0x0, 0x0, 0xf7,
    0x1, 0xf8, 0x6, 0xf2, 0x0, 0x0, 0x1d, 0xc4,
    0xbf, 0xb4, 0x4e, 0xb4, 0x43, 0xe, 0xff, 0xfd,
    0x6c, 0xff, 0xff, 0xff, 0xb3, 0xf6, 0x0, 0x0,
    0x0, 0x0, 0x0, 0x0, 0x3f, 0x40, 0x0, 0x0,
    0x0, 0x0, 0x0, 0x3, 0xf4, 0x0, 0x0, 0x0,
    0x0, 0x0, 0x0, 0x2d, 0x40, 0x0, 0x0, 0x0,
    0x0, 0x0, 0x0,

    /* U+FC2B "ﰫ" */
    0x0, 0x0, 0x0, 0x0, 0x0, 0x64, 0x0, 0x0,
    0x0, 0x0, 0x0, 0x0, 0xb8, 0x0, 0x0, 0x0,
    0x0, 0x0, 0x0, 0x0, 0x0, 0x2b, 0xff, 0xd2,
    0x0, 0x6, 0xef, 0xf5, 0x19, 0x45, 0xec, 0x0,
    0x3f, 0xa4, 0x61, 0x0, 0x0, 0x6f, 0x10, 0x8f,
    0x0, 0x0, 0x0, 0x0, 0x3f, 0x50, 0x6f, 0x10,
    0x0, 0x0, 0x3a, 0xff, 0xd4, 0x5e, 0xb4, 0x42,
    0x7, 0xfa, 0x32, 0xcf, 0xff, 0xff, 0xfb, 0x3f,
    0x70, 0x0, 0x0, 0x0, 0x0, 0x0, 0x6f, 0x10,
    0x9, 0x20, 0x0, 0x0, 0x0, 0x5f, 0x70, 0xe,
    0x40, 0x0, 0x0, 0x0, 0xb, 0xf6, 0x0, 0x0,
    0x0, 0x0, 0x0, 0x0, 0x20, 0x0, 0x0, 0x0,
    0x0, 0x0,

    /* U+FC2C "ﰬ" */
    0x0, 0x0, 0x0, 0x0, 0x0, 0x6, 0x50, 0x0,
    0x0, 0x0, 0x0, 0x0, 0x0, 0xa9, 0x0, 0x0,
    0x0, 0x0, 0x0, 0x0, 0x0, 0x0, 0x0, 0x3,
    0xcf, 0xf8, 0x0, 0x5, 0xdf, 0xf5, 0x0, 0xcc,
    0x48, 0xf5, 0x2, 0xfa, 0x45, 0x20, 0xf, 0x70,
    0xf, 0x90, 0x7f, 0x10, 0x0, 0x0, 0xf7, 0x1,
    0xf8, 0x6, 0xf2, 0x0, 0x0, 0x1d, 0xc4, 0xbf,
    0xb4, 0x4e, 0xb4, 0x43, 0xe, 0xff, 0xfd, 0x6c,
    0xff, 0xff, 0xff, 0xb3, 0xf6, 0x0, 0x0, 0x0,
    0x0, 0x0, 0x0, 0x3f, 0x40, 0x0, 0x0, 0x0,
    0x0, 0x0, 0x3, 0xf4, 0x0, 0x0, 0x0, 0x0,
    0x0, 0x0, 0x2d, 0x40, 0x0, 0x0, 0x0, 0x0,
    0x0, 0x0,

    /* U+FC2D "ﰭ" */
    0x0, 0x0, 0x0, 0x0, 0x0, 0x38, 0x0, 0x0,
    0x0, 0x0, 0x0, 0x0, 0x6, 0xd0, 0x0, 0x0,
    0x0, 0x0, 0x0, 0x0, 0x0, 0x0, 0x3, 0xcf,
    0xfd, 0x20, 0x0, 0x2b, 0xff, 0xf1, 0x8, 0x45,
    0xec, 0x0, 0xe, 0xe5, 0x9f, 0x10, 0x0, 0x6,
    0xf1, 0x3, 0xf6, 0x7, 0xf1, 0x0, 0x0, 0x3f,
    0x50, 0x3f, 0x50, 0x7f, 0x10, 0x3, 0xbf, 0xfd,
    0x44, 0xed, 0x59, 0xf1, 0x7, 0xfa, 0x32, 0xcf,
    0xff, 0xff, 0xff, 0x13, 0xf7, 0x0, 0x0, 0x0,
    0x0, 0x0, 0x0, 0x6f, 0x10, 0x9, 0x20, 0x0,
    0x0, 0x0, 0x5, 0xf7, 0x0, 0xe4, 0x0, 0x0,
    0x0, 0x0, 0xb, 0xf6, 0x0, 0x0, 0x0, 0x0,
    0x0, 0x0, 0x2, 0x0, 0x0, 0x0, 0x0, 0x0,
    0x0,

    /* U+FC2E "ﰮ" */
    0x0, 0x0, 0x0, 0x0, 0x0, 0x38, 0x0, 0x0,
    0x0, 0x0, 0x0, 0x0, 0x6, 0xd0, 0x0, 0x0,
    0x0, 0x0, 0x0, 0x0, 0x0, 0x0, 0x2, 0xcf,
    0xfc, 0x20, 0x0, 0x2b, 0xff, 0xf1, 0x8, 0x45,
    0xec, 0x0, 0xe, 0xe5, 0x9f, 0x10, 0x0, 0x6,
    0xf1, 0x3, 0xf6, 0x7, 0xf1, 0x0, 0x0, 0x3f,
    0x50, 0x3f, 0x50, 0x7f, 0x10, 0x3, 0xbf, 0xfd,
    0x44, 0xed, 0x59, 0xf1, 0x7, 0xfa, 0x32, 0xcf,
    0xff, 0xff, 0xff, 0x13, 0xf7, 0x0, 0x0, 0x0,
    0x0, 0x0, 0x0, 0x6f, 0x10, 0x0, 0x0, 0x0,
    0x0, 0x0, 0x5, 0xf8, 0x12, 0x10, 0x0, 0x0,
    0x0, 0x0, 0xb, 0xff, 0xf6, 0x0, 0x0, 0x0,
    0x0, 0x0, 0x2, 0x31, 0x0, 0x0, 0x0, 0x0,
    0x0,

    /* U+FC2F "ﰯ" */
    0x0, 0x47, 0x0, 0x0, 0x0, 0x38, 0x0, 0x0,
    0x7, 0xc0, 0x0, 0x0, 0x6, 0xd0, 0x0, 0x0,
    0x0, 0x0, 0x0, 0x0, 0x0, 0x0, 0x2, 0xcf,
    0xfc, 0x20, 0x0, 0x2b, 0xff, 0xf1, 0x8, 0x45,
    0xec, 0x0, 0xe, 0xe5, 0x9f, 0x10, 0x0, 0x6,
    0xf1, 0x3, 0xf6, 0x7, 0xf1, 0x0, 0x0, 0x3f,
    0x50, 0x3f, 0x50, 0x7f, 0x10, 0x3, 0xbf, 0xfd,
    0x44, 0xed, 0x59, 0xf1, 0x7, 0xfa, 0x32, 0xcf,
    0xff, 0xff, 0xff, 0x13, 0xf7, 0x0, 0x0, 0x0,
    0x0, 0x0, 0x0, 0x6f, 0x10, 0x0, 0x0, 0x0,
    0x0, 0x0, 0x5, 0xf8, 0x12, 0x10, 0x0, 0x0,
    0x0, 0x0, 0xb, 0xff, 0xf6, 0x0, 0x0, 0x0,
    0x0, 0x0, 0x2, 0x31, 0x0, 0x0, 0x0, 0x0,
    0x0,

    /* U+FC30 "ﰰ" */
    0x0, 0x0, 0x0, 0x0, 0x0, 0x3, 0x80, 0x0,
    0x0, 0x0, 0x0, 0x0, 0x0, 0x5, 0xe0, 0x0,
    0x0, 0x0, 0x0, 0x0, 0x0, 0x0, 0x0, 0x0,
    0x0, 0x3c, 0xff, 0x80, 0x0, 0x2b, 0xff, 0xf2,
    0x0, 0xcc, 0x48, 0xf5, 0x0, 0xde, 0x58, 0xf2,
    0x0, 0xf7, 0x0, 0xf9, 0x3, 0xf7, 0x6, 0xf2,
    0x0, 0xf7, 0x1, 0xf8, 0x2, 0xf6, 0x6, 0xf2,
    0x1, 0xdc, 0x4b, 0xfb, 0x44, 0xee, 0x58, 0xf2,
    0xe, 0xff, 0xfd, 0x6c, 0xff, 0xff, 0xff, 0xf2,
    0x3f, 0x60, 0x0, 0x0, 0x0, 0x0, 0x0, 0x0,
    0x3f, 0x40, 0x0, 0x0, 0x0, 0x0, 0x0, 0x0,
    0x3f, 0x40, 0x0, 0x0, 0x0, 0x0, 0x0, 0x0,
    0x2d, 0x40, 0x0, 0x0, 0x0, 0x0, 0x0, 0x0,

    /* U+FC31 "ﰱ" */
    0x0, 0x0, 0x0, 0x0, 0x0, 0x0, 0x0, 0x19,
    0x10, 0x0, 0x0, 0x0, 0x0, 0x0, 0x0, 0x0,
    0x2, 0xf2, 0x0, 0x0, 0x0, 0x0, 0x0, 0x0,
    0x0, 0x0, 0x0, 0x0, 0x0, 0x0, 0x0, 0x0,
    0x0, 0x0, 0x0, 0x9, 0xff, 0xf6, 0x0, 0x0,
    0x0, 0x0, 0x0, 0x0, 0xa, 0xf7, 0x5f, 0x60,
    0x0, 0x0, 0x9, 0xff, 0x50, 0x0, 0xfa, 0x2,
    0xf6, 0x0, 0x0, 0x9, 0xf6, 0xaf, 0x30, 0xf,
    0xa0, 0x2f, 0x60, 0xf7, 0x0, 0xf8, 0x0, 0xbe,
    0x64, 0xbf, 0x66, 0xf6, 0x2f, 0x50, 0xd, 0xfa,
    0x30, 0xaf, 0xff, 0xff, 0xff, 0x63, 0xf5, 0x0,
    0x6, 0xdf, 0x10, 0x0, 0x0, 0x0, 0x0, 0xf,
    0xc1, 0x0, 0x18, 0xf2, 0x0, 0x0, 0x0, 0x0,
    0x0, 0x7f, 0xff, 0xff, 0xf8, 0x0, 0x0, 0x0,
    0x0, 0x0, 0x0, 0x13, 0x33, 0x30, 0x0, 0x0,
    0x0, 0x0, 0x0, 0x0,

    /* U+FC32 "ﰲ" */
    0x0, 0x0, 0x0, 0x0, 0x0, 0x0, 0x0, 0x19,
    0x10, 0x0, 0x0, 0x0, 0x0, 0x0, 0x0, 0x0,
    0x2, 0xf2, 0x0, 0x0, 0x0, 0x0, 0x0, 0x0,
    0x0, 0x0, 0x0, 0x0, 0x0, 0x0, 0x0, 0x0,
    0x0, 0x0, 0x0, 0x9, 0xff, 0xf6, 0x0, 0x0,
    0x0, 0x0, 0x0, 0x0, 0xa, 0xf7, 0x5f, 0x60,
    0x0, 0x0, 0x9, 0xff, 0x50, 0x0, 0xfa, 0x2,
    0xf6, 0x0, 0x0, 0x9, 0xf6, 0xaf, 0x30, 0xf,
    0xa0, 0x2f, 0x60, 0xf7, 0x0, 0xf8, 0x0, 0xbe,
    0x64, 0xbf, 0x66, 0xf6, 0x2f, 0x50, 0xd, 0xfa,
    0x30, 0xaf, 0xff, 0xff, 0xff, 0x63, 0xf5, 0x0,
    0x6, 0xdf, 0x10, 0x0, 0x0, 0x0, 0x0, 0xf,
    0xc1, 0x0, 0x18, 0xf2, 0x0, 0x0, 0x0, 0x0,
    0x0, 0x7f, 0xff, 0xff, 0xf8, 0x0, 0x0, 0x0,
    0x0, 0x0, 0x0, 0x13, 0x33, 0x30, 0x0, 0x0,
    0x0, 0x0, 0x0, 0x0, 0x0, 0xe5, 0xe5, 0x0,
    0x0, 0x0, 0x0, 0x0, 0x0, 0x0, 0x8, 0x28,
    0x20, 0x0, 0x0, 0x0, 0x0, 0x0, 0x0,

    /* U+FC33 "ﰳ" */
    0x0, 0x0, 0x0, 0x0, 0x6, 0xd5, 0xe0, 0x0,
    0x0, 0x0, 0x0, 0x0, 0x38, 0x28, 0x0, 0x0,
    0x0, 0x0, 0x0, 0x0, 0x0, 0x0, 0x2, 0xcf,
    0xfc, 0x20, 0x0, 0x2b, 0xff, 0xf1, 0x8, 0x45,
    0xec, 0x0, 0xe, 0xe5, 0x9f, 0x10, 0x0, 0x6,
    0xf1, 0x3, 0xf6, 0x7, 0xf1, 0x0, 0x0, 0x3f,
    0x50, 0x3f, 0x50, 0x7f, 0x10, 0x3, 0xbf, 0xfd,
    0x44, 0xed, 0x59, 0xf1, 0x7, 0xfa, 0x32, 0xcf,
    0xff, 0xff, 0xff, 0x13, 0xf7, 0x0, 0x0, 0x0,
    0x0, 0x0, 0x0, 0x6f, 0x10, 0x0, 0x0, 0x0,
    0x0, 0x0, 0x5, 0xf8, 0x12, 0x10, 0x0, 0x0,
    0x0, 0x0, 0xb, 0xff, 0xf6, 0x0, 0x0, 0x0,
    0x0, 0x0, 0x2, 0x31, 0x0, 0x0, 0x0, 0x0,
    0x0,

    /* U+FC34 "ﰴ" */
    0x0, 0x0, 0x0, 0x0, 0x0, 0x5e, 0x4e, 0x0,
    0x0, 0x0, 0x0, 0x0, 0x0, 0x28, 0x28, 0x0,
    0x0, 0x0, 0x0, 0x0, 0x0, 0x0, 0x0, 0x0,
    0x0, 0x3c, 0xff, 0x80, 0x0, 0x2b, 0xff, 0xf2,
    0x0, 0xcc, 0x48, 0xf5, 0x0, 0xde, 0x58, 0xf2,
    0x0, 0xf7, 0x0, 0xf9, 0x3, 0xf7, 0x6, 0xf2,
    0x0, 0xf7, 0x1, 0xf8, 0x2, 0xf6, 0x6, 0xf2,
    0x1, 0xdc, 0x4b, 0xfb, 0x44, 0xee, 0x58, 0xf2,
    0xe, 0xff, 0xfd, 0x6c, 0xff, 0xff, 0xff, 0xf2,
    0x3f, 0x60, 0x0, 0x0, 0x0, 0x0, 0x0, 0x0,
    0x3f, 0x40, 0x0, 0x0, 0x0, 0x0, 0x0, 0x0,
    0x3f, 0x40, 0x0, 0x0, 0x0, 0x0, 0x0, 0x0,
    0x2d, 0x40, 0x0, 0x0, 0x0, 0x0, 0x0, 0x0,

    /* U+FC35 "ﰵ" */
    0x0, 0x0, 0x0, 0x0, 0x0, 0x0, 0x2, 0xe4,
    0xe3, 0x0, 0x0, 0x0, 0x0, 0x0, 0x0, 0x0,
    0x9, 0x19, 0x10, 0x0, 0x0, 0x0, 0x0, 0x0,
    0x0, 0x0, 0x0, 0x0, 0x0, 0x0, 0x0, 0x0,
    0x0, 0x0, 0x0, 0x9, 0xff, 0xf6, 0x0, 0x0,
    0x0, 0x0, 0x0, 0x0, 0xa, 0xf7, 0x5f, 0x60,
    0x0, 0x0, 0x9, 0xff, 0x50, 0x0, 0xfa, 0x2,
    0xf6, 0x0, 0x0, 0x9, 0xf6, 0xaf, 0x30, 0xf,
    0xa0, 0x2f, 0x60, 0xf7, 0x0, 0xf8, 0x0, 0xbe,
    0x64, 0xbf, 0x66, 0xf6, 0x2f, 0x50, 0xd, 0xfa,
    0x30, 0xaf, 0xff, 0xff, 0xff, 0x63, 0xf5, 0x0,
    0x6, 0xdf, 0x10, 0x0, 0x0, 0x0, 0x0, 0xf,
    0xc1, 0x0, 0x18, 0xf2, 0x0, 0x0, 0x0, 0x0,
    0x0, 0x7f, 0xff, 0xff, 0xf8, 0x0, 0x0, 0x0,
    0x0, 0x0, 0x0, 0x13, 0x33, 0x30, 0x0, 0x0,
    0x0, 0x0, 0x0, 0x0,

    /* U+FC36 "ﰶ" */
    0x0, 0x0, 0x0, 0x0, 0x0, 0x0, 0x2, 0xe4,
    0xe3, 0x0, 0x0, 0x0, 0x0, 0x0, 0x0, 0x0,
    0x9, 0x19, 0x10, 0x0, 0x0, 0x0, 0x0, 0x0,
    0x0, 0x0, 0x0, 0x0, 0x0, 0x0, 0x0, 0x0,
    0x0, 0x0, 0x0, 0x9, 0xff, 0xf6, 0x0, 0x0,
    0x0, 0x0, 0x0, 0x0, 0xa, 0xf7, 0x5f, 0x60,
    0x0, 0x0, 0x9, 0xff, 0x50, 0x0, 0xfa, 0x2,
    0xf6, 0x0, 0x0, 0x9, 0xf6, 0xaf, 0x30, 0xf,
    0xa0, 0x2f, 0x60, 0xf7, 0x0, 0xf8, 0x0, 0xbe,
    0x64, 0xbf, 0x66, 0xf6, 0x2f, 0x50, 0xd, 0xfa,
    0x30, 0xaf, 0xff, 0xff, 0xff, 0x63, 0xf5, 0x0,
    0x6, 0xdf, 0x10, 0x0, 0x0, 0x0, 0x0, 0xf,
    0xc1, 0x0, 0x18, 0xf2, 0x0, 0x0, 0x0, 0x0,
    0x0, 0x7f, 0xff, 0xff, 0xf8, 0x0, 0x0, 0x0,
    0x0, 0x0, 0x0, 0x13, 0x33, 0x30, 0x0, 0x0,
    0x0, 0x0, 0x0, 0x0, 0x0, 0xe5, 0xe5, 0x0,
    0x0, 0x0, 0x0, 0x0, 0x0, 0x0, 0x8, 0x28,
    0x20, 0x0, 0x0, 0x0, 0x0, 0x0, 0x0,

    /* U+FC37 "ﰷ" */
    0x0, 0x0, 0x0, 0x8, 0x60, 0xcc, 0x0, 0x2,
    0xdf, 0x80, 0xcc, 0x0, 0x2e, 0xc2, 0x0, 0xcc,
    0x0, 0xcd, 0x0, 0x0, 0xcc, 0x1, 0xff, 0xfe,
    0x70, 0xcc, 0x0, 0x33, 0x4b, 0xf4, 0xcc, 0x0,
    0x0, 0x1, 0xf7, 0xcc, 0x0, 0x0, 0x0, 0xf8,
    0xcd, 0x44, 0x44, 0x44, 0xf8, 0xcf, 0xff, 0xff,
    0xff, 0xf8,

    /* U+FC38 "ﰸ" */
    0x0, 0x0, 0x0, 0x0, 0x0, 0x4, 0xa0, 0x0,
    0x0, 0x0, 0x0, 0x0, 0x9f, 0xd1, 0x0, 0x0,
    0x0, 0x0, 0xa, 0xf6, 0x0, 0x0, 0x0, 0x0,
    0x0, 0x5f, 0x40, 0x0, 0x2a, 0xff, 0xc2, 0x0,
    0xaf, 0xff, 0xa1, 0x1a, 0x45, 0xec, 0x0, 0x23,
    0x37, 0xfb, 0x0, 0x0, 0x6f, 0x10, 0x0, 0x0,
    0xae, 0x0, 0x0, 0x2f, 0x50, 0x0, 0x0, 0xae,
    0x0, 0x2a, 0xff, 0xd4, 0x44, 0x44, 0xbe, 0x6,
    0xfa, 0x32, 0xcf, 0xff, 0xff, 0xfe, 0x2f, 0x70,
    0x0, 0x0, 0x0, 0x0, 0x0, 0x6f, 0x10, 0x9,
    0x20, 0x0, 0x0, 0x0, 0x5f, 0x70, 0xe, 0x40,
    0x0, 0x0, 0x0, 0xb, 0xf6, 0x0, 0x0, 0x0,
    0x0, 0x0, 0x0, 0x20, 0x0, 0x0, 0x0, 0x0,
    0x0,

    /* U+FC39 "ﰹ" */
    0x0, 0x0, 0x0, 0x0, 0x0, 0x4, 0xa0, 0x0,
    0x0, 0x0, 0x0, 0x0, 0x9f, 0xd1, 0x0, 0x0,
    0x0, 0x0, 0xa, 0xf6, 0x0, 0x0, 0x0, 0x0,
    0x0, 0x5f, 0x40, 0x0, 0x2a, 0xff, 0xc2, 0x0,
    0xaf, 0xff, 0xa1, 0x1a, 0x45, 0xec, 0x0, 0x23,
    0x37, 0xfb, 0x0, 0x0, 0x6f, 0x10, 0x0, 0x0,
    0xae, 0x0, 0x0, 0x2f, 0x50, 0x0, 0x0, 0xae,
    0x0, 0x2a, 0xff, 0xd4, 0x44, 0x44, 0xbe, 0x6,
    0xfa, 0x32, 0xcf, 0xff, 0xff, 0xfe, 0x2f, 0x70,
    0x0, 0x0, 0x0, 0x0, 0x0, 0x6f, 0x10, 0x0,
    0x0, 0x0, 0x0, 0x0, 0x5f, 0x81, 0x21, 0x0,
    0x0, 0x0, 0x0, 0xb, 0xff, 0xf6, 0x0, 0x0,
    0x0, 0x0, 0x0, 0x23, 0x10, 0x0, 0x0, 0x0,
    0x0,

    /* U+FC3A "ﰺ" */
    0x0, 0x0, 0x0, 0x0, 0x0, 0x6, 0xc0, 0x0,
    0x7c, 0x0, 0x0, 0x0, 0xaf, 0xb1, 0x0, 0x47,
    0x0, 0x0, 0xa, 0xf5, 0x0, 0x0, 0x0, 0x0,
    0x0, 0x6f, 0x40, 0x0, 0x2a, 0xff, 0xc2, 0x0,
    0xaf, 0xff, 0xa1, 0x1a, 0x45, 0xec, 0x0, 0x23,
    0x37, 0xfb, 0x0, 0x0, 0x6f, 0x10, 0x0, 0x0,
    0xae, 0x0, 0x0, 0x2f, 0x50, 0x0, 0x0, 0xae,
    0x0, 0x2a, 0xff, 0xd4, 0x44, 0x44, 0xbe, 0x6,
    0xfa, 0x32, 0xcf, 0xff, 0xff, 0xfe, 0x2f, 0x70,
    0x0, 0x0, 0x0, 0x0, 0x0, 0x6f, 0x10, 0x0,
    0x0, 0x0, 0x0, 0x0, 0x5f, 0x81, 0x21, 0x0,
    0x0, 0x0, 0x0, 0xb, 0xff, 0xf6, 0x0, 0x0,
    0x0, 0x0, 0x0, 0x23, 0x10, 0x0, 0x0, 0x0,
    0x0,

    /* U+FC3B "ﰻ" */
    0x0, 0x0, 0x0, 0x0, 0x0, 0x0, 0x8, 0x60,
    0x0, 0x0, 0x0, 0xcc, 0x0, 0x2, 0xdf, 0x80,
    0x0, 0x0, 0x0, 0xcc, 0x0, 0x2e, 0xc2, 0x0,
    0x0, 0x0, 0x0, 0xcc, 0x0, 0xcc, 0x0, 0x0,
    0x0, 0x0, 0x0, 0xcc, 0x1, 0xff, 0xfd, 0x60,
    0x0, 0x0, 0x0, 0xcc, 0x0, 0x33, 0x4b, 0xf4,
    0x0, 0x0, 0x0, 0xcc, 0x0, 0x0, 0x1, 0xf7,
    0xd, 0x90, 0x0, 0xcc, 0x0, 0x0, 0x1, 0xf7,
    0x1f, 0x60, 0x0, 0xcd, 0x44, 0x44, 0x45, 0xf7,
    0x3f, 0x50, 0x0, 0xcf, 0xff, 0xff, 0xff, 0xf7,
    0x2f, 0x60, 0x0, 0xdb, 0x0, 0x0, 0x0, 0x0,
    0xe, 0xd2, 0x6, 0xf6, 0x0, 0x0, 0x0, 0x0,
    0x3, 0xef, 0xff, 0xa0, 0x0, 0x0, 0x0, 0x0,
    0x0, 0x3, 0x31, 0x0, 0x0, 0x0, 0x0, 0x0,

    /* U+FC3C "ﰼ" */
    0x0, 0x0, 0x0, 0x0, 0x0, 0x0, 0x4b, 0x0,
    0x0, 0x0, 0x0, 0x0, 0x0, 0x9f, 0xd2, 0x0,
    0x0, 0x0, 0x0, 0x0, 0xaf, 0x70, 0x0, 0x0,
    0x0, 0x0, 0x0, 0x5f, 0x50, 0x0, 0x0, 0x3c,
    0xff, 0x70, 0xa, 0xff, 0xfb, 0x10, 0xc, 0xc4,
    0x8f, 0x50, 0x23, 0x36, 0xfb, 0x0, 0xf7, 0x0,
    0xf9, 0x0, 0x0, 0xa, 0xf0, 0xf, 0x70, 0x1f,
    0x80, 0x0, 0x0, 0x9f, 0x1, 0xdc, 0x4b, 0xfb,
    0x44, 0x44, 0x4b, 0xf0, 0xef, 0xff, 0xd6, 0xcf,
    0xff, 0xff, 0xff, 0x3f, 0x60, 0x0, 0x0, 0x0,
    0x0, 0x0, 0x3, 0xf4, 0x0, 0x0, 0x0, 0x0,
    0x0, 0x0, 0x3f, 0x40, 0x0, 0x0, 0x0, 0x0,
    0x0, 0x2, 0xd4, 0x0, 0x0, 0x0, 0x0, 0x0,
    0x0,

    /* U+FC3D "ﰽ" */
    0x0, 0x0, 0x0, 0x0, 0x0, 0x0, 0x0, 0x2,
    0xa2, 0x0, 0x0, 0x0, 0x0, 0x0, 0x0, 0x0,
    0x6, 0xfe, 0x40, 0x0, 0x0, 0x0, 0x0, 0x0,
    0x0, 0x5, 0xf9, 0x0, 0x0, 0x0, 0x0, 0x0,
    0x0, 0x0, 0x2, 0xf8, 0x0, 0x0, 0x0, 0x0,
    0x0, 0x0, 0x0, 0x0, 0x6f, 0xff, 0xc3, 0x0,
    0x0, 0x0, 0x0, 0x0, 0x0, 0x1, 0x33, 0x5d,
    0xe0, 0x0, 0x0, 0x0, 0x9f, 0xf5, 0x0, 0x0,
    0x0, 0x6f, 0x20, 0x0, 0x0, 0x9f, 0x6a, 0xf3,
    0x0, 0x0, 0x5, 0xf3, 0xf, 0x70, 0xf, 0x80,
    0xb, 0xe6, 0x44, 0x44, 0x8f, 0x32, 0xf5, 0x0,
    0xdf, 0xa3, 0xa, 0xff, 0xff, 0xff, 0xf3, 0x3f,
    0x50, 0x0, 0x6d, 0xf1, 0x0, 0x0, 0x0, 0x0,
    0x0, 0xfc, 0x10, 0x1, 0x8f, 0x20, 0x0, 0x0,
    0x0, 0x0, 0x7, 0xff, 0xff, 0xff, 0x80, 0x0,
    0x0, 0x0, 0x0, 0x0, 0x1, 0x33, 0x33, 0x0,
    0x0, 0x0, 0x0, 0x0, 0x0,

    /* U+FC3E "ﰾ" */
    0x0, 0x0, 0x0, 0x0, 0x0, 0x0, 0x0, 0x2,
    0xa2, 0x0, 0x0, 0x0, 0x0, 0x0, 0x0, 0x0,
    0x6, 0xfe, 0x40, 0x0, 0x0, 0x0, 0x0, 0x0,
    0x0, 0x5, 0xf9, 0x0, 0x0, 0x0, 0x0, 0x0,
    0x0, 0x0, 0x2, 0xf8, 0x0, 0x0, 0x0, 0x0,
    0x0, 0x0, 0x0, 0x0, 0x6f, 0xff, 0xc3, 0x0,
    0x0, 0x0, 0x0, 0x0, 0x0, 0x1, 0x33, 0x5d,
    0xe0, 0x0, 0x0, 0x0, 0x9f, 0xf5, 0x0, 0x0,
    0x0, 0x6f, 0x20, 0x0, 0x0, 0x9f, 0x6a, 0xf3,
    0x0, 0x0, 0x5, 0xf3, 0xf, 0x70, 0xf, 0x80,
    0xb, 0xe6, 0x44, 0x44, 0x8f, 0x32, 0xf5, 0x0,
    0xdf, 0xa3, 0xa, 0xff, 0xff, 0xff, 0xf3, 0x3f,
    0x50, 0x0, 0x6d, 0xf1, 0x0, 0x0, 0x0, 0x0,
    0x0, 0xfc, 0x10, 0x1, 0x8f, 0x20, 0x0, 0x0,
    0x0, 0x0, 0x7, 0xff, 0xff, 0xff, 0x80, 0x0,
    0x0, 0x0, 0x0, 0x0, 0x1, 0x33, 0x33, 0x0,
    0x0, 0x0, 0x0, 0x0, 0x0, 0x0, 0xe, 0x5e,
    0x50, 0x0, 0x0, 0x0, 0x0, 0x0, 0x0, 0x0,
    0x82, 0x82, 0x0, 0x0, 0x0, 0x0, 0x0, 0x0,

    /* U+FC3F "ﰿ" */
    0x0, 0x0, 0x0, 0x0, 0xe, 0xa0, 0x0, 0x0,
    0x0, 0x0, 0xea, 0x0, 0x0, 0x0, 0x0, 0xe,
    0xa2, 0xbf, 0xfd, 0x20, 0x0, 0xea, 0x19, 0x45,
    0xec, 0x0, 0xe, 0xa0, 0x0, 0x6, 0xf1, 0x0,
    0xea, 0x0, 0x0, 0x3f, 0x50, 0xe, 0xa0, 0x3,
    0xaf, 0xfd, 0x44, 0xfa, 0x7, 0xfa, 0x32, 0xcf,
    0xff, 0xa3, 0xf7, 0x0, 0x0, 0x0, 0x0, 0x6f,
    0x10, 0x9, 0x20, 0x0, 0x5, 0xf7, 0x0, 0xe4,
    0x0, 0x0, 0xb, 0xf6, 0x0, 0x0, 0x0, 0x0,
    0x2, 0x0, 0x0, 0x0, 0x0,

    /* U+FC40 "ﱀ" */
    0x0, 0x0, 0x0, 0x0, 0xe, 0xa0, 0x0, 0x0,
    0x0, 0x0, 0xea, 0x0, 0x0, 0x0, 0x0, 0xe,
    0xa2, 0xbf, 0xfc, 0x20, 0x0, 0xea, 0x19, 0x45,
    0xec, 0x0, 0xe, 0xa0, 0x0, 0x6, 0xf1, 0x0,
    0xea, 0x0, 0x0, 0x3f, 0x50, 0xe, 0xa0, 0x3,
    0xaf, 0xfd, 0x44, 0xfa, 0x7, 0xfa, 0x32, 0xcf,
    0xff, 0xa3, 0xf7, 0x0, 0x0, 0x0, 0x0, 0x6f,
    0x10, 0x0, 0x0, 0x0, 0x5, 0xf8, 0x12, 0x10,
    0x0, 0x0, 0xb, 0xff, 0xf6, 0x0, 0x0, 0x0,
    0x2, 0x31, 0x0, 0x0, 0x0,

    /* U+FC41 "ﱁ" */
    0x0, 0x7c, 0x0, 0x0, 0xe, 0xa0, 0x5, 0x80,
    0x0, 0x0, 0xea, 0x0, 0x0, 0x0, 0x0, 0xe,
    0xa2, 0xbf, 0xfc, 0x20, 0x0, 0xea, 0x19, 0x45,
    0xec, 0x0, 0xe, 0xa0, 0x0, 0x6, 0xf1, 0x0,
    0xea, 0x0, 0x0, 0x3f, 0x50, 0xe, 0xa0, 0x3,
    0xaf, 0xfd, 0x44, 0xfa, 0x7, 0xfa, 0x32, 0xcf,
    0xff, 0xa3, 0xf7, 0x0, 0x0, 0x0, 0x0, 0x6f,
    0x10, 0x0, 0x0, 0x0, 0x5, 0xf8, 0x12, 0x10,
    0x0, 0x0, 0xb, 0xff, 0xf6, 0x0, 0x0, 0x0,
    0x2, 0x31, 0x0, 0x0, 0x0,

    /* U+FC42 "ﱂ" */
    0x0, 0x0, 0x0, 0x0, 0x0, 0xea, 0x0, 0x0,
    0x0, 0x0, 0x0, 0xea, 0x0, 0x0, 0x0, 0x0,
    0x0, 0xea, 0x0, 0x3c, 0xff, 0x70, 0x0, 0xea,
    0x0, 0xcc, 0x48, 0xf5, 0x0, 0xea, 0x0, 0xf7,
    0x0, 0xf9, 0x0, 0xea, 0x0, 0xf7, 0x1, 0xf8,
    0x0, 0xea, 0x1, 0xdc, 0x4b, 0xfb, 0x44, 0xea,
    0xe, 0xff, 0xfd, 0x6c, 0xff, 0xfa, 0x3f, 0x60,
    0x0, 0x0, 0x0, 0x0, 0x3f, 0x40, 0x0, 0x0,
    0x0, 0x0, 0x3f, 0x40, 0x0, 0x0, 0x0, 0x0,
    0x2d, 0x40, 0x0, 0x0, 0x0, 0x0,

    /* U+FC43 "ﱃ" */
    0x0, 0x0, 0x0, 0x0, 0x0, 0x0, 0xa, 0xe0,
    0x0, 0x0, 0x0, 0x0, 0x0, 0x0, 0xae, 0x0,
    0x0, 0x0, 0x0, 0x0, 0x0, 0xa, 0xe0, 0x0,
    0x0, 0x0, 0x0, 0x0, 0x0, 0xae, 0x0, 0x0,
    0x0, 0x0, 0x0, 0x0, 0xa, 0xe0, 0x0, 0x0,
    0x9, 0xff, 0x50, 0x0, 0xae, 0x0, 0x0, 0x9,
    0xf6, 0xaf, 0x30, 0xa, 0xe0, 0xf7, 0x0, 0xf8,
    0x0, 0xbe, 0x64, 0xbe, 0x2f, 0x50, 0xd, 0xfa,
    0x30, 0xaf, 0xff, 0xe3, 0xf5, 0x0, 0x6, 0xdf,
    0x10, 0x0, 0x0, 0xf, 0xc1, 0x0, 0x18, 0xf2,
    0x0, 0x0, 0x0, 0x7f, 0xff, 0xff, 0xf8, 0x0,
    0x0, 0x0, 0x0, 0x13, 0x33, 0x30, 0x0, 0x0,
    0x0, 0x0,

    /* U+FC44 "ﱄ" */
    0x0, 0x0, 0x0, 0x0, 0x0, 0x0, 0xa, 0xe0,
    0x0, 0x0, 0x0, 0x0, 0x0, 0x0, 0xae, 0x0,
    0x0, 0x0, 0x0, 0x0, 0x0, 0xa, 0xe0, 0x0,
    0x0, 0x0, 0x0, 0x0, 0x0, 0xae, 0x0, 0x0,
    0x0, 0x0, 0x0, 0x0, 0xa, 0xe0, 0x0, 0x0,
    0x9, 0xff, 0x50, 0x0, 0xae, 0x0, 0x0, 0x9,
    0xf6, 0xaf, 0x30, 0xa, 0xe0, 0xf7, 0x0, 0xf8,
    0x0, 0xbe, 0x64, 0xbe, 0x2f, 0x50, 0xd, 0xfa,
    0x30, 0xaf, 0xff, 0xe3, 0xf5, 0x0, 0x6, 0xdf,
    0x10, 0x0, 0x0, 0xf, 0xc1, 0x0, 0x18, 0xf2,
    0x0, 0x0, 0x0, 0x7f, 0xff, 0xff, 0xf8, 0x0,
    0x0, 0x0, 0x0, 0x13, 0x33, 0x30, 0x0, 0x0,
    0x0, 0x0, 0x0, 0xe5, 0xe5, 0x0, 0x0, 0x0,
    0x0, 0x0, 0x8, 0x28, 0x20, 0x0, 0x0, 0x0,
    0x0,

    /* U+FC45 "ﱅ" */
    0x0, 0x0, 0x0, 0x0, 0x0, 0x0, 0x0, 0x3,
    0xcf, 0xfc, 0x20, 0x0, 0x7d, 0xfd, 0x30, 0x7,
    0x45, 0xec, 0x0, 0x2f, 0x84, 0xce, 0x0, 0x0,
    0x6, 0xf1, 0x6, 0xf1, 0x6, 0xf3, 0x0, 0x0,
    0x3f, 0x50, 0x5f, 0x10, 0x7f, 0x20, 0x3, 0xbf,
    0xfd, 0x46, 0xf7, 0x6e, 0xc0, 0x7, 0xfa, 0x32,
    0xcf, 0xff, 0xff, 0xb1, 0x3, 0xf7, 0x0, 0x0,
    0x0, 0x0, 0x0, 0x0, 0x6f, 0x10, 0x9, 0x20,
    0x0, 0x0, 0x0, 0x5, 0xf7, 0x0, 0xe4, 0x0,
    0x0, 0x0, 0x0, 0xb, 0xf6, 0x0, 0x0, 0x0,
    0x0, 0x0, 0x0, 0x2, 0x0, 0x0, 0x0, 0x0,
    0x0, 0x0,

    /* U+FC46 "ﱆ" */
    0x0, 0x0, 0x0, 0x0, 0x0, 0x0, 0x0, 0x3,
    0xcf, 0xfc, 0x20, 0x0, 0x7d, 0xfd, 0x30, 0x7,
    0x45, 0xec, 0x0, 0x2f, 0x84, 0xce, 0x0, 0x0,
    0x6, 0xf1, 0x6, 0xf1, 0x6, 0xf3, 0x0, 0x0,
    0x3f, 0x50, 0x5f, 0x10, 0x7f, 0x20, 0x3, 0xbf,
    0xfd, 0x46, 0xf7, 0x6e, 0xc0, 0x7, 0xfa, 0x32,
    0xcf, 0xff, 0xff, 0xb1, 0x3, 0xf7, 0x0, 0x0,
    0x0, 0x0, 0x0, 0x0, 0x6f, 0x10, 0x0, 0x0,
    0x0, 0x0, 0x0, 0x5, 0xf8, 0x12, 0x10, 0x0,
    0x0, 0x0, 0x0, 0xb, 0xff, 0xf6, 0x0, 0x0,
    0x0, 0x0, 0x0, 0x2, 0x31, 0x0, 0x0, 0x0,
    0x0, 0x0,

    /* U+FC47 "ﱇ" */
    0x0, 0x7c, 0x0, 0x0, 0x0, 0x0, 0x0, 0x0,
    0x4, 0x70, 0x0, 0x0, 0x0, 0x0, 0x0, 0x0,
    0x0, 0x0, 0x0, 0x0, 0x0, 0x0, 0x3, 0xcf,
    0xfc, 0x20, 0x0, 0x7d, 0xfd, 0x30, 0x7, 0x45,
    0xec, 0x0, 0x2f, 0x84, 0xce, 0x0, 0x0, 0x6,
    0xf1, 0x6, 0xf1, 0x6, 0xf3, 0x0, 0x0, 0x3f,
    0x50, 0x5f, 0x10, 0x7f, 0x20, 0x3, 0xbf, 0xfd,
    0x46, 0xf7, 0x6e, 0xc0, 0x7, 0xfa, 0x32, 0xcf,
    0xff, 0xff, 0xb1, 0x3, 0xf7, 0x0, 0x0, 0x0,
    0x0, 0x0, 0x0, 0x6f, 0x10, 0x0, 0x0, 0x0,
    0x0, 0x0, 0x5, 0xf8, 0x12, 0x10, 0x0, 0x0,
    0x0, 0x0, 0xb, 0xff, 0xf6, 0x0, 0x0, 0x0,
    0x0, 0x0, 0x2, 0x31, 0x0, 0x0, 0x0, 0x0,
    0x0,

    /* U+FC48 "ﱈ" */
    0x0, 0x0, 0x0, 0x0, 0x0, 0x0, 0x0, 0x0,
    0x0, 0x3c, 0xff, 0x70, 0x0, 0x6d, 0xfd, 0x40,
    0x0, 0xcc, 0x48, 0xf5, 0x1, 0xf9, 0x4c, 0xf0,
    0x0, 0xf7, 0x0, 0xf9, 0x5, 0xf2, 0x5, 0xf4,
    0x0, 0xf7, 0x1, 0xf8, 0x4, 0xf2, 0x6, 0xf3,
    0x1, 0xdc, 0x4b, 0xfb, 0x45, 0xf8, 0x5e, 0xd0,
    0xe, 0xff, 0xfd, 0x6c, 0xff, 0xff, 0xfb, 0x20,
    0x3f, 0x60, 0x0, 0x0, 0x0, 0x0, 0x0, 0x0,
    0x3f, 0x40, 0x0, 0x0, 0x0, 0x0, 0x0, 0x0,
    0x3f, 0x40, 0x0, 0x0, 0x0, 0x0, 0x0, 0x0,
    0x2d, 0x40, 0x0, 0x0, 0x0, 0x0, 0x0, 0x0,

    /* U+FC49 "ﱉ" */
    0x0, 0x0, 0x0, 0x0, 0x0, 0x0, 0x0, 0x0,
    0x0, 0x0, 0x0, 0x0, 0x0, 0x0, 0x0, 0x0,
    0x4c, 0xfe, 0x60, 0x0, 0x0, 0x0, 0x0, 0x0,
    0x0, 0xe, 0xb4, 0x9f, 0x30, 0x0, 0x0, 0x9,
    0xff, 0x50, 0x1, 0xf5, 0x1, 0xf7, 0x0, 0x0,
    0x9, 0xf6, 0xaf, 0x30, 0x1f, 0x60, 0x3f, 0x60,
    0xf7, 0x0, 0xf8, 0x0, 0xbe, 0x64, 0xea, 0x5c,
    0xf1, 0x2f, 0x50, 0xd, 0xfa, 0x30, 0xaf, 0xff,
    0xff, 0xc3, 0x3, 0xf5, 0x0, 0x6, 0xdf, 0x10,
    0x0, 0x0, 0x0, 0x0, 0xf, 0xc1, 0x0, 0x18,
    0xf2, 0x0, 0x0, 0x0, 0x0, 0x0, 0x7f, 0xff,
    0xff, 0xf8, 0x0, 0x0, 0x0, 0x0, 0x0, 0x0,
    0x13, 0x33, 0x30, 0x0, 0x0, 0x0, 0x0, 0x0,
    0x0,

    /* U+FC4A "ﱊ" */
    0x0, 0x0, 0x0, 0x0, 0x0, 0x0, 0x0, 0x0,
    0x0, 0x0, 0x0, 0x0, 0x0, 0x0, 0x0, 0x0,
    0x4c, 0xfe, 0x60, 0x0, 0x0, 0x0, 0x0, 0x0,
    0x0, 0xe, 0xb4, 0x9f, 0x30, 0x0, 0x0, 0x9,
    0xff, 0x50, 0x1, 0xf5, 0x1, 0xf7, 0x0, 0x0,
    0x9, 0xf6, 0xaf, 0x30, 0x1f, 0x60, 0x3f, 0x60,
    0xf7, 0x0, 0xf8, 0x0, 0xbe, 0x64, 0xea, 0x5c,
    0xf1, 0x2f, 0x50, 0xd, 0xfa, 0x30, 0xaf, 0xff,
    0xff, 0xc3, 0x3, 0xf5, 0x0, 0x6, 0xdf, 0x10,
    0x0, 0x0, 0x0, 0x0, 0xf, 0xc1, 0x0, 0x18,
    0xf2, 0x0, 0x0, 0x0, 0x0, 0x0, 0x7f, 0xff,
    0xff, 0xf8, 0x0, 0x0, 0x0, 0x0, 0x0, 0x0,
    0x13, 0x33, 0x30, 0x0, 0x0, 0x0, 0x0, 0x0,
    0x0, 0x0, 0xe5, 0xe5, 0x0, 0x0, 0x0, 0x0,
    0x0, 0x0, 0x0, 0x8, 0x28, 0x20, 0x0, 0x0,
    0x0, 0x0, 0x0, 0x0,

    /* U+FC4B "ﱋ" */
    0x0, 0x0, 0x0, 0x0, 0x4e, 0x10, 0x0, 0x0,
    0x0, 0x2, 0x80, 0x0, 0x0, 0x0, 0x0, 0x0,
    0x2, 0xbe, 0xfc, 0x20, 0x0, 0xe9, 0x9, 0x44,
    0xec, 0x0, 0xe, 0xa0, 0x0, 0x6, 0xf1, 0x0,
    0xea, 0x0, 0x0, 0x3f, 0x50, 0xe, 0xa0, 0x3,
    0xbf, 0xfd, 0x44, 0xfa, 0x7, 0xfa, 0x32, 0xcf,
    0xff, 0xa3, 0xf7, 0x0, 0x0, 0x0, 0x0, 0x6f,
    0x10, 0x9, 0x20, 0x0, 0x5, 0xf7, 0x0, 0xe4,
    0x0, 0x0, 0xb, 0xf6, 0x0, 0x0, 0x0, 0x0,
    0x2, 0x0, 0x0, 0x0, 0x0,

    /* U+FC4C "ﱌ" */
    0x0, 0x0, 0x0, 0x0, 0x4e, 0x10, 0x0, 0x0,
    0x0, 0x2, 0x80, 0x0, 0x0, 0x0, 0x0, 0x0,
    0x2, 0xbe, 0xfb, 0x20, 0x0, 0xe9, 0x9, 0x44,
    0xeb, 0x0, 0xe, 0xa0, 0x0, 0x6, 0xf1, 0x0,
    0xea, 0x0, 0x0, 0x3f, 0x50, 0xe, 0xa0, 0x3,
    0xbf, 0xfd, 0x44, 0xfa, 0x7, 0xfa, 0x32, 0xcf,
    0xff, 0xa3, 0xf7, 0x0, 0x0, 0x0, 0x0, 0x6f,
    0x10, 0x0, 0x0, 0x0, 0x5, 0xf8, 0x12, 0x10,
    0x0, 0x0, 0xb, 0xff, 0xf6, 0x0, 0x0, 0x0,
    0x2, 0x31, 0x0, 0x0, 0x0,

    /* U+FC4D "ﱍ" */
    0x0, 0x7c, 0x0, 0x0, 0x4e, 0x10, 0x4, 0x70,
    0x0, 0x2, 0x80, 0x0, 0x0, 0x0, 0x0, 0x0,
    0x2, 0xbe, 0xfb, 0x20, 0x0, 0xe9, 0x9, 0x44,
    0xeb, 0x0, 0xe, 0xa0, 0x0, 0x6, 0xf1, 0x0,
    0xea, 0x0, 0x0, 0x3f, 0x50, 0xe, 0xa0, 0x3,
    0xbf, 0xfd, 0x44, 0xfa, 0x7, 0xfa, 0x32, 0xcf,
    0xff, 0xa3, 0xf7, 0x0, 0x0, 0x0, 0x0, 0x6f,
    0x10, 0x0, 0x0, 0x0, 0x5, 0xf8, 0x12, 0x10,
    0x0, 0x0, 0xb, 0xff, 0xf6, 0x0, 0x0, 0x0,
    0x2, 0x31, 0x0, 0x0, 0x0,

    /* U+FC4E "ﱎ" */
    0x0, 0x0, 0x0, 0x0, 0x3, 0xf1, 0x0, 0x0,
    0x0, 0x0, 0x1, 0x90, 0x0, 0x0, 0x0, 0x0,
    0x0, 0x0, 0x0, 0x3c, 0xff, 0x80, 0x0, 0xea,
    0x0, 0xcc, 0x48, 0xf5, 0x0, 0xea, 0x0, 0xf7,
    0x0, 0xf9, 0x0, 0xea, 0x0, 0xf7, 0x1, 0xf8,
    0x0, 0xea, 0x1, 0xdc, 0x4b, 0xfb, 0x44, 0xea,
    0xe, 0xff, 0xfd, 0x6c, 0xff, 0xfa, 0x3f, 0x60,
    0x0, 0x0, 0x0, 0x0, 0x3f, 0x40, 0x0, 0x0,
    0x0, 0x0, 0x3f, 0x40, 0x0, 0x0, 0x0, 0x0,
    0x2d, 0x40, 0x0, 0x0, 0x0, 0x0,

    /* U+FC4F "ﱏ" */
    0x0, 0x0, 0x0, 0x0, 0x0, 0x0, 0xe, 0x40,
    0x0, 0x0, 0x0, 0x0, 0x0, 0x0, 0x82, 0x0,
    0x0, 0x0, 0x0, 0x0, 0x0, 0x0, 0x0, 0x0,
    0x0, 0x0, 0x0, 0x0, 0x0, 0x8b, 0x0, 0x0,
    0x0, 0x0, 0x0, 0x0, 0xa, 0xe0, 0x0, 0x0,
    0x9, 0xff, 0x50, 0x0, 0xae, 0x0, 0x0, 0x9,
    0xf6, 0xaf, 0x30, 0xa, 0xe0, 0xf7, 0x0, 0xf8,
    0x0, 0xbe, 0x64, 0xbe, 0x2f, 0x50, 0xd, 0xfa,
    0x30, 0xaf, 0xff, 0xe3, 0xf5, 0x0, 0x6, 0xdf,
    0x10, 0x0, 0x0, 0xf, 0xc1, 0x0, 0x18, 0xf2,
    0x0, 0x0, 0x0, 0x7f, 0xff, 0xff, 0xf8, 0x0,
    0x0, 0x0, 0x0, 0x13, 0x33, 0x30, 0x0, 0x0,
    0x0, 0x0,

    /* U+FC50 "ﱐ" */
    0x0, 0x0, 0x0, 0x0, 0x0, 0x0, 0xe, 0x40,
    0x0, 0x0, 0x0, 0x0, 0x0, 0x0, 0x82, 0x0,
    0x0, 0x0, 0x0, 0x0, 0x0, 0x0, 0x0, 0x0,
    0x0, 0x0, 0x0, 0x0, 0x0, 0x8b, 0x0, 0x0,
    0x0, 0x0, 0x0, 0x0, 0xa, 0xe0, 0x0, 0x0,
    0x9, 0xff, 0x50, 0x0, 0xae, 0x0, 0x0, 0x9,
    0xf6, 0xaf, 0x30, 0xa, 0xe0, 0xf7, 0x0, 0xf8,
    0x0, 0xbe, 0x64, 0xbe, 0x2f, 0x50, 0xd, 0xfa,
    0x30, 0xaf, 0xff, 0xe3, 0xf5, 0x0, 0x6, 0xdf,
    0x10, 0x0, 0x0, 0xf, 0xc1, 0x0, 0x18, 0xf2,
    0x0, 0x0, 0x0, 0x7f, 0xff, 0xff, 0xf8, 0x0,
    0x0, 0x0, 0x0, 0x13, 0x33, 0x30, 0x0, 0x0,
    0x0, 0x0, 0x0, 0xe5, 0xe5, 0x0, 0x0, 0x0,
    0x0, 0x0, 0x8, 0x28, 0x20, 0x0, 0x0, 0x0,
    0x0,

    /* U+FC51 "ﱑ" */
    0x0, 0x0, 0x0, 0x0, 0x0, 0x0, 0x0, 0x0,
    0x0, 0x0, 0x0, 0x0, 0x0, 0x6d, 0xff, 0xfb,
    0x20, 0x0, 0x0, 0x0, 0x0, 0x4, 0x74, 0x46,
    0xef, 0x21, 0x9e, 0xfd, 0x20, 0x0, 0x0, 0x10,
    0x2, 0xf9, 0x3e, 0x55, 0xec, 0x0, 0x8, 0xff,
    0xc1, 0xb, 0xd0, 0x0, 0x6, 0xf1, 0x5, 0xf8,
    0x5f, 0x90, 0xae, 0x0, 0x0, 0x2f, 0x50, 0x7f,
    0x10, 0xdb, 0xa, 0xe0, 0x1, 0x8e, 0xfd, 0x46,
    0xfa, 0x4d, 0xc4, 0xbe, 0x5, 0xfa, 0x32, 0xcf,
    0xff, 0xff, 0xff, 0xff, 0xe2, 0xf7, 0x0, 0x0,
    0x0, 0x0, 0x0, 0x0, 0x0, 0x6f, 0x10, 0x9,
    0x20, 0x0, 0x0, 0x0, 0x0, 0x5, 0xf7, 0x0,
    0xe4, 0x0, 0x0, 0x0, 0x0, 0x0, 0xb, 0xf6,
    0x0, 0x0, 0x0, 0x0, 0x0, 0x0, 0x0, 0x2,
    0x0, 0x0, 0x0, 0x0, 0x0, 0x0, 0x0,

    /* U+FC52 "ﱒ" */
    0x0, 0x0, 0x0, 0x0, 0x0, 0x0, 0x0, 0x0,
    0x0, 0x0, 0x0, 0x0, 0x0, 0x0, 0x5d, 0xff,
    0xfb, 0x30, 0x0, 0x0, 0x0, 0x0, 0x0, 0x36,
    0x44, 0x6d, 0xf2, 0x0, 0x3c, 0xff, 0x70, 0x0,
    0x0, 0x0, 0x1, 0xfa, 0x0, 0xcc, 0x48, 0xf4,
    0x0, 0x8f, 0xfd, 0x20, 0xbd, 0x0, 0xf7, 0x0,
    0xf9, 0x4, 0xf9, 0x5f, 0xa0, 0x9e, 0x0, 0xf7,
    0x1, 0xf8, 0x6, 0xf2, 0xc, 0xc0, 0x9e, 0x1,
    0xdc, 0x4b, 0xfb, 0x45, 0xfb, 0x4d, 0xd4, 0xbe,
    0xe, 0xff, 0xfd, 0x6c, 0xff, 0xff, 0xff, 0xff,
    0xfe, 0x3f, 0x60, 0x0, 0x0, 0x0, 0x0, 0x0,
    0x0, 0x0, 0x3f, 0x40, 0x0, 0x0, 0x0, 0x0,
    0x0, 0x0, 0x0, 0x3f, 0x40, 0x0, 0x0, 0x0,
    0x0, 0x0, 0x0, 0x0, 0x2d, 0x40, 0x0, 0x0,
    0x0, 0x0, 0x0, 0x0, 0x0,

    /* U+FC53 "ﱓ" */
    0x0, 0x0, 0x0, 0x0, 0x0, 0x0, 0x0, 0x0,
    0x0, 0x0, 0x0, 0x0, 0x0, 0x0, 0x0, 0x0,
    0x0, 0x3, 0xcf, 0xff, 0xc4, 0x0, 0x0, 0x0,
    0x0, 0x0, 0x0, 0x0, 0x1, 0xa5, 0x45, 0xcf,
    0x50, 0x0, 0x0, 0x0, 0x0, 0x0, 0x0, 0x0,
    0x1, 0x0, 0xd, 0xd0, 0x0, 0x0, 0x0, 0x0,
    0x0, 0x0, 0x5, 0xef, 0xe4, 0x7, 0xf1, 0x0,
    0x0, 0x0, 0x9f, 0xf5, 0x0, 0x1f, 0xb4, 0xdd,
    0x6, 0xf2, 0x0, 0x0, 0x9, 0xf6, 0xaf, 0x30,
    0x3f, 0x60, 0x8f, 0x6, 0xf2, 0xf, 0x70, 0xf,
    0x80, 0xb, 0xe6, 0x4e, 0xd5, 0xaf, 0x48, 0xf2,
    0x2f, 0x50, 0xd, 0xfa, 0x30, 0xaf, 0xff, 0xff,
    0xff, 0xff, 0xf2, 0x3f, 0x50, 0x0, 0x6d, 0xf1,
    0x0, 0x0, 0x0, 0x0, 0x0, 0x0, 0xf, 0xc1,
    0x0, 0x18, 0xf2, 0x0, 0x0, 0x0, 0x0, 0x0,
    0x0, 0x7, 0xff, 0xff, 0xff, 0x80, 0x0, 0x0,
    0x0, 0x0, 0x0, 0x0, 0x0, 0x13, 0x33, 0x30,
    0x0, 0x0, 0x0, 0x0, 0x0, 0x0, 0x0,

    /* U+FC54 "ﱔ" */
    0x0, 0x0, 0x0, 0x0, 0x0, 0x0, 0x0, 0x0,
    0x0, 0x0, 0x0, 0x0, 0x0, 0x0, 0x0, 0x0,
    0x0, 0x3, 0xcf, 0xff, 0xc4, 0x0, 0x0, 0x0,
    0x0, 0x0, 0x0, 0x0, 0x1, 0xa5, 0x45, 0xcf,
    0x50, 0x0, 0x0, 0x0, 0x0, 0x0, 0x0, 0x0,
    0x1, 0x0, 0xd, 0xd0, 0x0, 0x0, 0x0, 0x0,
    0x0, 0x0, 0x5, 0xef, 0xe4, 0x7, 0xf1, 0x0,
    0x0, 0x0, 0x9f, 0xf5, 0x0, 0x1f, 0xb4, 0xdd,
    0x6, 0xf2, 0x0, 0x0, 0x9, 0xf6, 0xaf, 0x30,
    0x3f, 0x60, 0x8f, 0x6, 0xf2, 0xf, 0x70, 0xf,
    0x80, 0xb, 0xe6, 0x4e, 0xd5, 0xaf, 0x48, 0xf2,
    0x2f, 0x50, 0xd, 0xfa, 0x30, 0xaf, 0xff, 0xff,
    0xff, 0xff, 0xf2, 0x3f, 0x50, 0x0, 0x6d, 0xf1,
    0x0, 0x0, 0x0, 0x0, 0x0, 0x0, 0xf, 0xc1,
    0x0, 0x18, 0xf2, 0x0, 0x0, 0x0, 0x0, 0x0,
    0x0, 0x7, 0xff, 0xff, 0xff, 0x80, 0x0, 0x0,
    0x0, 0x0, 0x0, 0x0, 0x0, 0x13, 0x33, 0x30,
    0x0, 0x0, 0x0, 0x0, 0x0, 0x0, 0x0, 0x0,
    0xe, 0x5e, 0x50, 0x0, 0x0, 0x0, 0x0, 0x0,
    0x0, 0x0, 0x0, 0x8, 0x28, 0x20, 0x0, 0x0,
    0x0, 0x0, 0x0, 0x0, 0x0,

    /* U+FC55 "ﱕ" */
    0x2b, 0xef, 0xc2, 0x0, 0x4, 0xf4, 0x9, 0x44,
    0xec, 0x0, 0x4, 0xf4, 0x0, 0x0, 0x6f, 0x10,
    0x4, 0xf4, 0x0, 0x0, 0x3f, 0x50, 0x4, 0xf4,
    0x0, 0x3b, 0xff, 0xd4, 0x47, 0xf4, 0x7, 0xfa,
    0x32, 0xcf, 0xff, 0xf4, 0x3f, 0x70, 0x0, 0x0,
    0x0, 0x0, 0x6f, 0x10, 0x9, 0x20, 0xd6, 0xc7,
    0x5f, 0x70, 0xe, 0x40, 0x83, 0x74, 0xb, 0xf6,
    0x0, 0x0, 0x0, 0x0, 0x0, 0x20, 0x0, 0x0,
    0x0, 0x0,

    /* U+FC56 "ﱖ" */
    0x2b, 0xef, 0xb2, 0x0, 0x4, 0xf4, 0x9, 0x44,
    0xeb, 0x0, 0x4, 0xf4, 0x0, 0x0, 0x6f, 0x10,
    0x4, 0xf4, 0x0, 0x0, 0x3f, 0x50, 0x4, 0xf4,
    0x0, 0x3b, 0xff, 0xd4, 0x47, 0xf4, 0x7, 0xfa,
    0x32, 0xcf, 0xff, 0xf4, 0x3f, 0x70, 0x0, 0x0,
    0x0, 0x0, 0x6f, 0x10, 0x0, 0x0, 0xd6, 0xc7,
    0x5f, 0x81, 0x33, 0x0, 0x83, 0x74, 0xb, 0xff,
    0xf7, 0x0, 0x0, 0x0, 0x0, 0x23, 0x10, 0x0,
    0x0, 0x0,

    /* U+FC57 "ﱗ" */
    0x0, 0x7c, 0x0, 0x0, 0x0, 0x0, 0x0, 0x47,
    0x0, 0x0, 0x0, 0x0, 0x0, 0x0, 0x0, 0x0,
    0x0, 0x0, 0x2b, 0xef, 0xb2, 0x0, 0x4, 0xf4,
    0x9, 0x44, 0xeb, 0x0, 0x4, 0xf4, 0x0, 0x0,
    0x6f, 0x10, 0x4, 0xf4, 0x0, 0x0, 0x3f, 0x50,
    0x4, 0xf4, 0x0, 0x3b, 0xff, 0xd4, 0x47, 0xf4,
    0x7, 0xfa, 0x32, 0xcf, 0xff, 0xf4, 0x3f, 0x70,
    0x0, 0x0, 0x0, 0x0, 0x6f, 0x10, 0x0, 0x0,
    0xd6, 0xc7, 0x5f, 0x81, 0x33, 0x0, 0x83, 0x74,
    0xb, 0xff, 0xf7, 0x0, 0x0, 0x0, 0x0, 0x23,
    0x10, 0x0, 0x0, 0x0,

    /* U+FC58 "ﱘ" */
    0x0, 0x0, 0x0, 0x0, 0x0, 0x1, 0x0, 0x3,
    0xcf, 0xf8, 0x0, 0x3, 0xf5, 0x0, 0xcc, 0x48,
    0xf5, 0x0, 0x3f, 0x50, 0xf, 0x70, 0xf, 0x90,
    0x3, 0xf5, 0x0, 0xf7, 0x1, 0xf8, 0x0, 0x3f,
    0x50, 0x1d, 0xc4, 0xbf, 0xb4, 0x46, 0xf5, 0xe,
    0xff, 0xfd, 0x6c, 0xff, 0xff, 0x53, 0xf6, 0x0,
    0x0, 0x0, 0x0, 0x0, 0x3f, 0x40, 0x0, 0x0,
    0xc, 0x7c, 0x73, 0xf4, 0x0, 0x0, 0x0, 0x74,
    0x74, 0x2d, 0x40, 0x0, 0x0, 0x0, 0x0, 0x0,

    /* U+FC59 "ﱙ" */
    0x0, 0x0, 0x0, 0x0, 0x0, 0x0, 0x0, 0xf8,
    0x0, 0x0, 0x0, 0x0, 0x0, 0x0, 0x0, 0xf8,
    0x0, 0x0, 0x0, 0x9f, 0xf5, 0x0, 0x0, 0xf8,
    0x0, 0x0, 0x9, 0xf6, 0xaf, 0x30, 0x0, 0xf8,
    0xf, 0x70, 0xf, 0x80, 0xb, 0xe6, 0x44, 0xf8,
    0x2f, 0x50, 0xd, 0xfa, 0x30, 0xaf, 0xff, 0xf8,
    0x3f, 0x50, 0x0, 0x6d, 0xf1, 0x0, 0x0, 0x0,
    0xf, 0xc1, 0x0, 0x18, 0xf2, 0x0, 0x9a, 0x8b,
    0x7, 0xff, 0xff, 0xff, 0x80, 0x0, 0x56, 0x46,
    0x0, 0x13, 0x33, 0x30, 0x0, 0x0, 0x0, 0x0,

    /* U+FC5A "ﱚ" */
    0x0, 0x0, 0x0, 0x0, 0x0, 0x0, 0x0, 0xf8,
    0x0, 0x0, 0x0, 0x0, 0x0, 0x0, 0x0, 0xf8,
    0x0, 0x0, 0x0, 0x9f, 0xf5, 0x0, 0x0, 0xf8,
    0x0, 0x0, 0x9, 0xf6, 0xaf, 0x30, 0x0, 0xf8,
    0xf, 0x70, 0xf, 0x80, 0xb, 0xe6, 0x44, 0xf8,
    0x2f, 0x50, 0xd, 0xfa, 0x30, 0xaf, 0xff, 0xf8,
    0x3f, 0x50, 0x0, 0x6d, 0xf1, 0x0, 0x0, 0x0,
    0xf, 0xc1, 0x0, 0x18, 0xf2, 0x0, 0x9a, 0x8b,
    0x7, 0xff, 0xff, 0xff, 0x80, 0x0, 0x56, 0x46,
    0x0, 0x13, 0x33, 0x30, 0x0, 0x0, 0x0, 0x0,
    0x0, 0xe, 0x5e, 0x50, 0x0, 0x0, 0x0, 0x0,
    0x0, 0x8, 0x28, 0x20, 0x0, 0x0, 0x0, 0x0,

    /* U+FC5B "ﱛ" */
    0x0, 0x30, 0x0, 0x0, 0x1b, 0x0, 0x0, 0x1,
    0xb0, 0x0, 0x0, 0x28, 0x0, 0x0, 0x5, 0xe0,
    0x0, 0x0, 0x0, 0x0, 0x0, 0x0, 0x92, 0x0,
    0x0, 0x1f, 0xf3, 0x0, 0x0, 0x2e, 0xe0, 0x0,
    0x0, 0x4f, 0x70, 0x0, 0x0, 0xcc, 0x1, 0x44,
    0x4a, 0xf0, 0x7f, 0xff, 0xff, 0x10,

    /* U+FC5C "ﱜ" */
    0x0, 0x7, 0x50, 0x0, 0x75, 0x0, 0x2, 0x10,
    0x0, 0x67, 0x0, 0xc, 0xc0, 0x0, 0xcc, 0x0,
    0xc, 0xc0, 0x0, 0xcc, 0x0, 0xc, 0xc0, 0x0,
    0xcc, 0x2, 0x2f, 0xa4, 0xff, 0xe2, 0x1, 0x30,
    0x0,

    /* U+FC5D "ﱝ" */
    0x0, 0x0, 0x0, 0x0, 0x10, 0x0, 0xa2, 0x0,
    0x4d, 0xfb, 0x0, 0xa2, 0x4, 0xfa, 0x55, 0x0,
    0x30, 0xe, 0x90, 0x0, 0x0, 0x0, 0x3f, 0x60,
    0x0, 0xc, 0x60, 0xd, 0xf8, 0x0, 0x2f, 0x50,
    0x0, 0xaf, 0xa0, 0x3f, 0x50, 0x0, 0x7, 0xf4,
    0x1f, 0xc1, 0x0, 0x18, 0xf3, 0x7, 0xff, 0xff,
    0xff, 0x90, 0x0, 0x13, 0x33, 0x30, 0x0,

    /* U+FC5E "ﱞ" */
    0x0, 0x9, 0xa0, 0x7, 0x1a, 0xb0, 0x17, 0xab,
    0x40, 0x1, 0x22, 0x50, 0xb, 0x64, 0xb0, 0x9,
    0x99, 0x80,

    /* U+FC5F "ﱟ" */
    0x11, 0x1, 0xb6, 0x4b, 0x99, 0x98, 0x5, 0xa4,
    0x46, 0x52, 0x4b, 0x71, 0x0, 0x0,

    /* U+FC60 "ﱠ" */
    0x0, 0x11, 0x3a, 0xa2, 0x42, 0x1, 0xb6, 0x4b,
    0x99, 0x98,

    /* U+FC61 "ﱡ" */
    0x2, 0xb6, 0x5, 0x79, 0x7a, 0x90, 0x12, 0x25,
    0xb6, 0x4b, 0x99, 0x98,

    /* U+FC62 "ﱢ" */
    0x11, 0x1, 0xb6, 0x4b, 0x99, 0x98, 0x3, 0x93,
    0x58, 0x20,

    /* U+FC63 "ﱣ" */
    0x2, 0x10, 0x7, 0x50, 0x7, 0x50, 0x12, 0x25,
    0xb6, 0x4b, 0x99, 0x98,

    /* U+FC64 "ﱤ" */
    0x0, 0x0, 0x0, 0x9, 0x90, 0x0, 0x0, 0x0,
    0x1, 0xa0, 0x0, 0x0, 0x0, 0x0, 0x2d, 0xa1,
    0x0, 0x0, 0x0, 0x0, 0x0, 0x0, 0x0, 0x8,
    0x90, 0x3, 0xb3, 0x0, 0x0, 0xcc, 0x0, 0x4f,
    0x40, 0x0, 0xc, 0xc0, 0x4, 0xf4, 0x0, 0x0,
    0xcc, 0x0, 0x4f, 0x40, 0x0, 0xc, 0xd4, 0x47,
    0xf7, 0x30, 0x0, 0xcf, 0xff, 0xff, 0xfe, 0x0,
    0xc, 0xc0, 0x0, 0x0, 0x0, 0x32, 0xf9, 0x0,
    0x0, 0x0, 0x4f, 0xfe, 0x20, 0x0, 0x0, 0x0,
    0x13, 0x0, 0x0, 0x0, 0x0,

    /* U+FC65 "ﱥ" */
    0x0, 0x0, 0x0, 0x9, 0xa0, 0x0, 0x0, 0x64,
    0x1, 0xa0, 0x0, 0x0, 0xb, 0x80, 0x2c, 0x91,
    0x0, 0x0, 0x0, 0x0, 0x0, 0x0, 0x0, 0x9,
    0xa0, 0x3, 0xd3, 0x0, 0x0, 0xcc, 0x0, 0x4f,
    0x40, 0x0, 0xc, 0xc0, 0x4, 0xf4, 0x0, 0x0,
    0xcc, 0x0, 0x4f, 0x40, 0x0, 0xc, 0xd4, 0x47,
    0xf7, 0x30, 0x0, 0xcf, 0xff, 0xff, 0xfe, 0x0,
    0xc, 0xc0, 0x0, 0x0, 0x0, 0x32, 0xf9, 0x0,
    0x0, 0x0, 0x4f, 0xfe, 0x20, 0x0, 0x0, 0x0,
    0x13, 0x0, 0x0, 0x0, 0x0,

    /* U+FC66 "ﱦ" */
    0x0, 0x0, 0x0, 0x0, 0x5, 0xa3, 0x0, 0x0,
    0x0, 0x0, 0x0, 0xb, 0x10, 0x0, 0x0, 0x0,
    0x0, 0x0, 0xa, 0xa5, 0x0, 0x0, 0x0, 0x0,
    0x0, 0x0, 0x0, 0x0, 0x0, 0x3c, 0xff, 0x80,
    0x0, 0xea, 0x0, 0x0, 0xcc, 0x48, 0xf5, 0x0,
    0xea, 0x0, 0x0, 0xf7, 0x0, 0xf9, 0x0, 0xea,
    0x0, 0x0, 0xf7, 0x1, 0xf8, 0x0, 0xea, 0x0,
    0x1, 0xdc, 0x4b, 0xfb, 0x44, 0xec, 0x41, 0xe,
    0xff, 0xfd, 0x6c, 0xff, 0xff, 0xf4, 0x3f, 0x60,
    0x0, 0x0, 0x0, 0x0, 0x0, 0x3f, 0x40, 0x0,
    0x0, 0x0, 0x0, 0x0, 0x3f, 0x40, 0x0, 0x0,
    0x0, 0x0, 0x0, 0x2d, 0x40, 0x0, 0x0, 0x0,
    0x0, 0x0,

    /* U+FC67 "ﱧ" */
    0x0, 0x0, 0x0, 0x0, 0x0, 0xa9, 0x0, 0x0,
    0x0, 0x0, 0x0, 0x3, 0x90, 0x0, 0x0, 0x4,
    0x60, 0x0, 0x4, 0xda, 0x0, 0x0, 0x8, 0xb0,
    0x0, 0x0, 0x0, 0x0, 0x0, 0x0, 0x0, 0xcc,
    0x0, 0x6f, 0x30, 0x0, 0x0, 0x0, 0xcc, 0x0,
    0x6f, 0x30, 0x0, 0x0, 0x0, 0xcc, 0x0, 0x6f,
    0x30, 0xd, 0x90, 0x0, 0xcc, 0x0, 0x6f, 0x30,
    0x1f, 0x60, 0x0, 0xcd, 0x44, 0x8f, 0x63, 0x3f,
    0x50, 0x0, 0xcf, 0xff, 0xff, 0xfc, 0x2f, 0x60,
    0x0, 0xdb, 0x0, 0x0, 0x0, 0xd, 0xd2, 0x6,
    0xf6, 0x0, 0x0, 0x0, 0x3, 0xef, 0xff, 0xa0,
    0x0, 0x0, 0x0, 0x0, 0x3, 0x31, 0x0, 0x0,
    0x0, 0x0,

    /* U+FC68 "ﱨ" */
    0x0, 0x0, 0x0, 0x0, 0x0, 0x0, 0x2a, 0x60,
    0x0, 0x0, 0x0, 0x0, 0x0, 0x0, 0x7, 0x40,
    0x0, 0x0, 0x0, 0x0, 0x0, 0x0, 0x0, 0x7c,
    0x80, 0x0, 0x0, 0x0, 0x0, 0x0, 0x0, 0x0,
    0x0, 0x0, 0x0, 0x0, 0x0, 0x0, 0x0, 0x0,
    0x6, 0x80, 0x0, 0x0, 0x0, 0x0, 0x0, 0x0,
    0x0, 0xae, 0x0, 0x0, 0x0, 0x0, 0x9f, 0xf5,
    0x0, 0xa, 0xe0, 0x0, 0x0, 0x0, 0x9f, 0x6a,
    0xf3, 0x0, 0xae, 0x0, 0xf, 0x70, 0xf, 0x80,
    0xb, 0xe6, 0x4b, 0xe4, 0x22, 0xf5, 0x0, 0xdf,
    0xa3, 0xa, 0xff, 0xff, 0xf8, 0x3f, 0x50, 0x0,
    0x6d, 0xf1, 0x0, 0x0, 0x0, 0x0, 0xfc, 0x10,
    0x1, 0x8f, 0x20, 0x0, 0x0, 0x0, 0x7, 0xff,
    0xff, 0xff, 0x80, 0x0, 0x0, 0x0, 0x0, 0x1,
    0x33, 0x33, 0x0, 0x0, 0x0, 0x0, 0x0,

    /* U+FC69 "ﱩ" */
    0x0, 0x0, 0x0, 0x0, 0x0, 0x0, 0x2a, 0x60,
    0x0, 0x0, 0x0, 0x0, 0x0, 0x0, 0x7, 0x40,
    0x0, 0x0, 0x0, 0x0, 0x0, 0x0, 0x0, 0x7c,
    0x80, 0x0, 0x0, 0x0, 0x0, 0x0, 0x0, 0x0,
    0x0, 0x0, 0x0, 0x0, 0x0, 0x0, 0x0, 0x0,
    0x6, 0x80, 0x0, 0x0, 0x0, 0x0, 0x0, 0x0,
    0x0, 0xae, 0x0, 0x0, 0x0, 0x0, 0x9f, 0xf5,
    0x0, 0xa, 0xe0, 0x0, 0x0, 0x0, 0x9f, 0x6a,
    0xf3, 0x0, 0xae, 0x0, 0xf, 0x70, 0xf, 0x80,
    0xb, 0xe6, 0x4b, 0xe4, 0x22, 0xf5, 0x0, 0xdf,
    0xa3, 0xa, 0xff, 0xff, 0xf8, 0x3f, 0x50, 0x0,
    0x6d, 0xf1, 0x0, 0x0, 0x0, 0x0, 0xfc, 0x10,
    0x1, 0x8f, 0x20, 0x0, 0x0, 0x0, 0x7, 0xff,
    0xff, 0xff, 0x80, 0x0, 0x0, 0x0, 0x0, 0x1,
    0x33, 0x33, 0x0, 0x0, 0x0, 0x0, 0x0, 0x0,
    0xe, 0x5e, 0x50, 0x0, 0x0, 0x0, 0x0, 0x0,
    0x0, 0x82, 0x82, 0x0, 0x0, 0x0, 0x0, 0x0,

    /* U+FC6A "ﱪ" */
    0x0, 0xc, 0xc0, 0x4, 0xf4, 0x0, 0x0, 0xcc,
    0x0, 0x4f, 0x40, 0x0, 0xc, 0xc0, 0x4, 0xf4,
    0x0, 0x0, 0xcc, 0x0, 0x4f, 0x40, 0x0, 0xc,
    0xd4, 0x47, 0xf7, 0x30, 0x0, 0xcf, 0xff, 0xff,
    0xfe, 0x0, 0xc, 0xc0, 0x0, 0x0, 0x0, 0x22,
    0xf9, 0x0, 0x14, 0x0, 0x4f, 0xfe, 0x20, 0x7,
    0xf0, 0x0, 0x13, 0x0, 0x0, 0x2, 0x0,

    /* U+FC6B "ﱫ" */
    0x0, 0x6, 0x40, 0x0, 0x0, 0x0, 0x0, 0xb8,
    0x0, 0x0, 0x0, 0x0, 0x0, 0x0, 0x0, 0x0,
    0x0, 0x0, 0x9a, 0x0, 0x3d, 0x30, 0x0, 0xc,
    0xc0, 0x4, 0xf4, 0x0, 0x0, 0xcc, 0x0, 0x4f,
    0x40, 0x0, 0xc, 0xc0, 0x4, 0xf4, 0x0, 0x0,
    0xcd, 0x44, 0x7f, 0x73, 0x0, 0xc, 0xff, 0xff,
    0xff, 0xe0, 0x0, 0xcc, 0x0, 0x0, 0x0, 0x2,
    0x2f, 0x90, 0x1, 0x40, 0x4, 0xff, 0xe2, 0x0,
    0x7f, 0x0, 0x1, 0x30, 0x0, 0x0, 0x20, 0x0,

    /* U+FC6C "ﱬ" */
    0x0, 0x0, 0x0, 0x0, 0x0, 0x0, 0x0, 0x0,
    0x3c, 0xff, 0x80, 0x0, 0xea, 0x0, 0x0, 0xcc,
    0x48, 0xf5, 0x0, 0xea, 0x0, 0x0, 0xf7, 0x0,
    0xf9, 0x0, 0xea, 0x0, 0x0, 0xf7, 0x1, 0xf8,
    0x0, 0xea, 0x0, 0x1, 0xdc, 0x4b, 0xfb, 0x44,
    0xec, 0x41, 0xe, 0xff, 0xfd, 0x6c, 0xff, 0xff,
    0xf4, 0x3f, 0x60, 0x0, 0x0, 0x0, 0x0, 0x0,
    0x3f, 0x40, 0x0, 0x0, 0x0, 0x82, 0x0, 0x3f,
    0x40, 0x0, 0x0, 0x0, 0xe4, 0x0, 0x2d, 0x40,
    0x0, 0x0, 0x0, 0x0, 0x0,

    /* U+FC6D "ﱭ" */
    0x0, 0x4, 0x60, 0x0, 0x0, 0x0, 0x0, 0x0,
    0x8, 0xb0, 0x0, 0x0, 0x0, 0x0, 0x0, 0x0,
    0x0, 0xcc, 0x0, 0x6f, 0x30, 0x0, 0x0, 0x0,
    0xcc, 0x0, 0x6f, 0x30, 0x0, 0x0, 0x0, 0xcc,
    0x0, 0x6f, 0x30, 0xd, 0x90, 0x0, 0xcc, 0x0,
    0x6f, 0x30, 0x1f, 0x60, 0x0, 0xcd, 0x44, 0x8f,
    0x63, 0x3f, 0x50, 0x0, 0xcf, 0xff, 0xff, 0xfc,
    0x2f, 0x60, 0x0, 0xdb, 0x0, 0x0, 0x0, 0xd,
    0xd2, 0x6, 0xf6, 0x0, 0x24, 0x0, 0x3, 0xef,
    0xff, 0xa0, 0x0, 0x8d, 0x0, 0x0, 0x3, 0x31,
    0x0, 0x0, 0x1, 0x0,

    /* U+FC6E "ﱮ" */
    0x0, 0x0, 0x0, 0x0, 0x0, 0x0, 0xa, 0xe0,
    0x0, 0x0, 0x0, 0x0, 0x0, 0x0, 0x0, 0xae,
    0x0, 0x0, 0x0, 0x0, 0x9f, 0xf5, 0x0, 0xa,
    0xe0, 0x0, 0x0, 0x0, 0x9f, 0x6a, 0xf3, 0x0,
    0xae, 0x0, 0xf, 0x70, 0xf, 0x80, 0xb, 0xe6,
    0x4b, 0xe4, 0x22, 0xf5, 0x0, 0xdf, 0xa3, 0xa,
    0xff, 0xff, 0xf8, 0x3f, 0x50, 0x0, 0x6d, 0xf1,
    0x0, 0x0, 0x0, 0x0, 0xfc, 0x10, 0x1, 0x8f,
    0x20, 0x0, 0x42, 0x0, 0x7, 0xff, 0xff, 0xff,
    0x80, 0x0, 0xd, 0x90, 0x0, 0x1, 0x33, 0x33,
    0x0, 0x0, 0x0, 0x10, 0x0,

    /* U+FC6F "ﱯ" */
    0x0, 0x0, 0x0, 0x0, 0x0, 0x0, 0xa, 0xe0,
    0x0, 0x0, 0x0, 0x0, 0x0, 0x0, 0x0, 0xae,
    0x0, 0x0, 0x0, 0x0, 0x9f, 0xf5, 0x0, 0xa,
    0xe0, 0x0, 0x0, 0x0, 0x9f, 0x6a, 0xf3, 0x0,
    0xae, 0x0, 0xf, 0x70, 0xf, 0x80, 0xb, 0xe6,
    0x4b, 0xe4, 0x22, 0xf5, 0x0, 0xdf, 0xa3, 0xa,
    0xff, 0xff, 0xf8, 0x3f, 0x50, 0x0, 0x6d, 0xf1,
    0x0, 0x0, 0x0, 0x0, 0xfc, 0x10, 0x1, 0x8f,
    0x20, 0x0, 0x42, 0x0, 0x7, 0xff, 0xff, 0xff,
    0x80, 0x0, 0xd, 0x90, 0x0, 0x1, 0x33, 0x33,
    0x0, 0x0, 0x0, 0x10, 0x0, 0x0, 0xe, 0x5e,
    0x50, 0x0, 0x0, 0x0, 0x0, 0x0, 0x0, 0x82,
    0x82, 0x0, 0x0, 0x0, 0x0, 0x0,

    /* U+FC70 "ﱰ" */
    0x0, 0x0, 0x0, 0x3e, 0x4f, 0x10, 0x0, 0x0,
    0x0, 0x19, 0x19, 0x0, 0x0, 0x0, 0x0, 0x0,
    0x0, 0x0, 0x0, 0x8, 0x80, 0x0, 0xa7, 0x0,
    0x0, 0xc, 0xc0, 0x0, 0xea, 0x0, 0x0, 0xc,
    0xc0, 0x0, 0xea, 0x0, 0x0, 0xc, 0xc0, 0x0,
    0xea, 0x0, 0x0, 0xc, 0xd4, 0x44, 0xfb, 0x42,
    0x0, 0xc, 0xff, 0xff, 0xff, 0xf7, 0x0, 0xc,
    0xc0, 0x0, 0x0, 0x0, 0x3, 0x2f, 0x90, 0x0,
    0x0, 0x0, 0x4f, 0xfe, 0x20, 0x0, 0x0, 0x0,
    0x1, 0x30, 0x0, 0x0, 0x0, 0x0,

    /* U+FC71 "ﱱ" */
    0x0, 0x6, 0x40, 0x3e, 0x4f, 0x10, 0x0, 0xb,
    0x80, 0x19, 0x19, 0x0, 0x0, 0x0, 0x0, 0x0,
    0x0, 0x0, 0x0, 0x9, 0xa0, 0x0, 0xc8, 0x0,
    0x0, 0xc, 0xc0, 0x0, 0xea, 0x0, 0x0, 0xc,
    0xc0, 0x0, 0xea, 0x0, 0x0, 0xc, 0xc0, 0x0,
    0xea, 0x0, 0x0, 0xc, 0xd4, 0x44, 0xfb, 0x42,
    0x0, 0xc, 0xff, 0xff, 0xff, 0xf7, 0x0, 0xc,
    0xc0, 0x0, 0x0, 0x0, 0x3, 0x2f, 0x90, 0x0,
    0x0, 0x0, 0x4f, 0xfe, 0x20, 0x0, 0x0, 0x0,
    0x1, 0x30, 0x0, 0x0, 0x0, 0x0,

    /* U+FC72 "ﱲ" */
    0x0, 0x0, 0x0, 0x0, 0xd, 0x6c, 0x70, 0x0,
    0x0, 0x0, 0x0, 0x7, 0x37, 0x40, 0x0, 0x0,
    0x0, 0x0, 0x0, 0x1, 0x0, 0x0, 0x3c, 0xff,
    0x80, 0x0, 0x8f, 0x0, 0x0, 0xcc, 0x48, 0xf5,
    0x0, 0x8f, 0x0, 0x0, 0xf7, 0x0, 0xf9, 0x0,
    0x8f, 0x0, 0x0, 0xf7, 0x1, 0xf8, 0x0, 0x8f,
    0x0, 0x1, 0xdc, 0x4b, 0xfb, 0x44, 0xaf, 0x43,
    0xe, 0xff, 0xfd, 0x6c, 0xff, 0xff, 0xfe, 0x3f,
    0x60, 0x0, 0x0, 0x0, 0x0, 0x0, 0x3f, 0x40,
    0x0, 0x0, 0x0, 0x0, 0x0, 0x3f, 0x40, 0x0,
    0x0, 0x0, 0x0, 0x0, 0x2d, 0x40, 0x0, 0x0,
    0x0, 0x0, 0x0,

    /* U+FC73 "ﱳ" */
    0x0, 0x0, 0x0, 0x0, 0x5, 0xe4, 0xe0, 0x0,
    0x0, 0x46, 0x0, 0x0, 0x28, 0x28, 0x0, 0x0,
    0x8, 0xb0, 0x0, 0x0, 0x0, 0x0, 0x0, 0x0,
    0x0, 0xc, 0xc0, 0x0, 0xf8, 0x0, 0x0, 0x0,
    0x0, 0xcc, 0x0, 0xf, 0x80, 0x0, 0x0, 0x0,
    0xc, 0xc0, 0x0, 0xf8, 0x0, 0xd, 0x90, 0x0,
    0xcc, 0x0, 0xf, 0x80, 0x1, 0xf6, 0x0, 0xc,
    0xd4, 0x44, 0xfa, 0x41, 0x3f, 0x50, 0x0, 0xcf,
    0xff, 0xff, 0xff, 0x62, 0xf6, 0x0, 0xd, 0xb0,
    0x0, 0x0, 0x0, 0xd, 0xd2, 0x6, 0xf6, 0x0,
    0x0, 0x0, 0x0, 0x3e, 0xff, 0xfa, 0x0, 0x0,
    0x0, 0x0, 0x0, 0x3, 0x31, 0x0, 0x0, 0x0,
    0x0, 0x0,

    /* U+FC74 "ﱴ" */
    0x0, 0x0, 0x0, 0x0, 0x0, 0x0, 0x9a, 0x8b,
    0x0, 0x0, 0x0, 0x0, 0x0, 0x0, 0x0, 0x56,
    0x46, 0x0, 0x0, 0x0, 0x0, 0x0, 0x0, 0x0,
    0x0, 0x0, 0x0, 0x0, 0x0, 0x0, 0x0, 0x0,
    0x0, 0x2, 0x92, 0x0, 0x0, 0x0, 0x0, 0x0,
    0x0, 0x0, 0x4, 0xf4, 0x0, 0x0, 0x0, 0x0,
    0x9f, 0xf5, 0x0, 0x4, 0xf4, 0x0, 0x0, 0x0,
    0x9, 0xf6, 0xaf, 0x30, 0x4, 0xf4, 0x0, 0xf,
    0x70, 0xf, 0x80, 0xb, 0xe6, 0x47, 0xf7, 0x40,
    0x2f, 0x50, 0xd, 0xfa, 0x30, 0xaf, 0xff, 0xff,
    0xf2, 0x3f, 0x50, 0x0, 0x6d, 0xf1, 0x0, 0x0,
    0x0, 0x0, 0xf, 0xc1, 0x0, 0x18, 0xf2, 0x0,
    0x0, 0x0, 0x0, 0x7, 0xff, 0xff, 0xff, 0x80,
    0x0, 0x0, 0x0, 0x0, 0x0, 0x13, 0x33, 0x30,
    0x0, 0x0, 0x0, 0x0, 0x0,

    /* U+FC75 "ﱵ" */
    0x0, 0x0, 0x0, 0x0, 0x0, 0x0, 0x9a, 0x8b,
    0x0, 0x0, 0x0, 0x0, 0x0, 0x0, 0x0, 0x56,
    0x46, 0x0, 0x0, 0x0, 0x0, 0x0, 0x0, 0x0,
    0x0, 0x0, 0x0, 0x0, 0x0, 0x0, 0x0, 0x0,
    0x0, 0x2, 0x92, 0x0, 0x0, 0x0, 0x0, 0x0,
    0x0, 0x0, 0x4, 0xf4, 0x0, 0x0, 0x0, 0x0,
    0x9f, 0xf5, 0x0, 0x4, 0xf4, 0x0, 0x0, 0x0,
    0x9, 0xf6, 0xaf, 0x30, 0x4, 0xf4, 0x0, 0xf,
    0x70, 0xf, 0x80, 0xb, 0xe6, 0x47, 0xf7, 0x40,
    0x2f, 0x50, 0xd, 0xfa, 0x30, 0xaf, 0xff, 0xff,
    0xf2, 0x3f, 0x50, 0x0, 0x6d, 0xf1, 0x0, 0x0,
    0x0, 0x0, 0xf, 0xc1, 0x0, 0x18, 0xf2, 0x0,
    0x0, 0x0, 0x0, 0x7, 0xff, 0xff, 0xff, 0x80,
    0x0, 0x0, 0x0, 0x0, 0x0, 0x13, 0x33, 0x30,
    0x0, 0x0, 0x0, 0x0, 0x0, 0x0, 0xe, 0x5e,
    0x50, 0x0, 0x0, 0x0, 0x0, 0x0, 0x0, 0x8,
    0x28, 0x20, 0x0, 0x0, 0x0, 0x0, 0x0,

    /* U+FC76 "ﱶ" */
    0x0, 0x0, 0x0, 0x0, 0x0, 0x0, 0x0, 0x0,
    0x0, 0x2, 0xf0, 0x0, 0x0, 0x0, 0x0, 0x0,
    0x30, 0x0, 0x0, 0x0, 0x0, 0x3e, 0x4f, 0x20,
    0x0, 0x0, 0x0, 0x18, 0x19, 0x0, 0x0, 0x0,
    0x0, 0x0, 0x0, 0x0, 0x0, 0x9, 0x90, 0x0,
    0xb8, 0x0, 0x0, 0xc, 0xc0, 0x0, 0xea, 0x0,
    0x0, 0xc, 0xc0, 0x0, 0xea, 0x0, 0x0, 0xc,
    0xc0, 0x0, 0xea, 0x0, 0x0, 0xc, 0xd4, 0x44,
    0xfb, 0x42, 0x0, 0xc, 0xff, 0xff, 0xff, 0xf7,
    0x0, 0xc, 0xc0, 0x0, 0x0, 0x0, 0x3, 0x2f,
    0x90, 0x0, 0x0, 0x0, 0x4f, 0xfe, 0x20, 0x0,
    0x0, 0x0, 0x1, 0x30, 0x0, 0x0, 0x0, 0x0,

    /* U+FC77 "ﱷ" */
    0x0, 0x0, 0x0, 0x0, 0x0, 0x0, 0x0, 0x0,
    0x0, 0x2, 0xf0, 0x0, 0x0, 0x0, 0x0, 0x0,
    0x30, 0x0, 0x0, 0x6, 0x40, 0x3e, 0x4f, 0x20,
    0x0, 0xb, 0x80, 0x18, 0x19, 0x0, 0x0, 0x0,
    0x0, 0x0, 0x0, 0x0, 0x0, 0x9, 0xa0, 0x0,
    0xc8, 0x0, 0x0, 0xc, 0xc0, 0x0, 0xea, 0x0,
    0x0, 0xc, 0xc0, 0x0, 0xea, 0x0, 0x0, 0xc,
    0xc0, 0x0, 0xea, 0x0, 0x0, 0xc, 0xd4, 0x44,
    0xfb, 0x42, 0x0, 0xc, 0xff, 0xff, 0xff, 0xf7,
    0x0, 0xc, 0xc0, 0x0, 0x0, 0x0, 0x3, 0x2f,
    0x90, 0x0, 0x0, 0x0, 0x4f, 0xfe, 0x20, 0x0,
    0x0, 0x0, 0x1, 0x30, 0x0, 0x0, 0x0, 0x0,

    /* U+FC78 "ﱸ" */
    0x0, 0x0, 0x0, 0x0, 0x0, 0x0, 0x0, 0x0,
    0x0, 0x0, 0x0, 0x0, 0xc7, 0x0, 0x0, 0x0,
    0x0, 0x0, 0x0, 0x21, 0x0, 0x0, 0x0, 0x0,
    0x0, 0xc, 0x7c, 0x70, 0x0, 0x0, 0x0, 0x0,
    0x7, 0x36, 0x40, 0x0, 0x0, 0x0, 0x0, 0x0,
    0x1, 0x0, 0x0, 0x3c, 0xff, 0x80, 0x0, 0x8f,
    0x0, 0x0, 0xcc, 0x48, 0xf5, 0x0, 0x8f, 0x0,
    0x0, 0xf7, 0x0, 0xf9, 0x0, 0x8f, 0x0, 0x0,
    0xf7, 0x1, 0xf8, 0x0, 0x8f, 0x0, 0x1, 0xdc,
    0x4b, 0xfb, 0x44, 0xaf, 0x43, 0xe, 0xff, 0xfd,
    0x6c, 0xff, 0xff, 0xfe, 0x3f, 0x60, 0x0, 0x0,
    0x0, 0x0, 0x0, 0x3f, 0x40, 0x0, 0x0, 0x0,
    0x0, 0x0, 0x3f, 0x40, 0x0, 0x0, 0x0, 0x0,
    0x0, 0x2d, 0x40, 0x0, 0x0, 0x0, 0x0, 0x0,

    /* U+FC79 "ﱹ" */
    0x0, 0x0, 0x0, 0x0, 0x0, 0x0, 0x0, 0x0,
    0x0, 0x0, 0x0, 0x0, 0x4, 0xf0, 0x0, 0x0,
    0x0, 0x0, 0x0, 0x0, 0x3, 0x0, 0x0, 0x0,
    0x0, 0x0, 0x0, 0x5e, 0x4e, 0x0, 0x0, 0x4,
    0x60, 0x0, 0x2, 0x82, 0x80, 0x0, 0x0, 0x8b,
    0x0, 0x0, 0x0, 0x0, 0x0, 0x0, 0x0, 0x0,
    0xcc, 0x0, 0xf, 0x80, 0x0, 0x0, 0x0, 0xc,
    0xc0, 0x0, 0xf8, 0x0, 0x0, 0x0, 0x0, 0xcc,
    0x0, 0xf, 0x80, 0x0, 0xd9, 0x0, 0xc, 0xc0,
    0x0, 0xf8, 0x0, 0x1f, 0x60, 0x0, 0xcd, 0x44,
    0x4f, 0xa4, 0x13, 0xf5, 0x0, 0xc, 0xff, 0xff,
    0xff, 0xf6, 0x2f, 0x60, 0x0, 0xdb, 0x0, 0x0,
    0x0, 0x0, 0xdd, 0x20, 0x6f, 0x60, 0x0, 0x0,
    0x0, 0x3, 0xef, 0xff, 0xa0, 0x0, 0x0, 0x0,
    0x0, 0x0, 0x33, 0x10, 0x0, 0x0, 0x0, 0x0,

    /* U+FC7A "ﱺ" */
    0x0, 0x0, 0x0, 0x0, 0x0, 0x0, 0x0, 0x0,
    0x0, 0x0, 0x0, 0x0, 0x0, 0x0, 0x0, 0x8,
    0xb0, 0x0, 0x0, 0x0, 0x0, 0x0, 0x0, 0x0,
    0x1, 0x20, 0x0, 0x0, 0x0, 0x0, 0x0, 0x0,
    0x0, 0x9a, 0x8b, 0x0, 0x0, 0x0, 0x0, 0x0,
    0x0, 0x0, 0x56, 0x46, 0x0, 0x0, 0x0, 0x0,
    0x0, 0x0, 0x0, 0x0, 0x0, 0x0, 0x0, 0x0,
    0x0, 0x0, 0x0, 0x0, 0x2, 0xa2, 0x0, 0x0,
    0x0, 0x0, 0x0, 0x0, 0x0, 0x4, 0xf4, 0x0,
    0x0, 0x0, 0x0, 0x9f, 0xf5, 0x0, 0x4, 0xf4,
    0x0, 0x0, 0x0, 0x9, 0xf6, 0xaf, 0x30, 0x4,
    0xf4, 0x0, 0xf, 0x70, 0xf, 0x80, 0xb, 0xe6,
    0x47, 0xf7, 0x40, 0x2f, 0x50, 0xd, 0xfa, 0x30,
    0xaf, 0xff, 0xff, 0xf2, 0x3f, 0x50, 0x0, 0x6d,
    0xf1, 0x0, 0x0, 0x0, 0x0, 0xf, 0xc1, 0x0,
    0x18, 0xf2, 0x0, 0x0, 0x0, 0x0, 0x7, 0xff,
    0xff, 0xff, 0x80, 0x0, 0x0, 0x0, 0x0, 0x0,
    0x13, 0x33, 0x30, 0x0, 0x0, 0x0, 0x0, 0x0,

    /* U+FC7B "ﱻ" */
    0x0, 0x0, 0x0, 0x0, 0x0, 0x0, 0x0, 0x0,
    0x0, 0x0, 0x0, 0x0, 0x0, 0x0, 0x0, 0x8,
    0xb0, 0x0, 0x0, 0x0, 0x0, 0x0, 0x0, 0x0,
    0x1, 0x20, 0x0, 0x0, 0x0, 0x0, 0x0, 0x0,
    0x0, 0x9a, 0x8b, 0x0, 0x0, 0x0, 0x0, 0x0,
    0x0, 0x0, 0x56, 0x46, 0x0, 0x0, 0x0, 0x0,
    0x0, 0x0, 0x0, 0x0, 0x0, 0x0, 0x0, 0x0,
    0x0, 0x0, 0x0, 0x0, 0x2, 0xa2, 0x0, 0x0,
    0x0, 0x0, 0x0, 0x0, 0x0, 0x4, 0xf4, 0x0,
    0x0, 0x0, 0x0, 0x9f, 0xf5, 0x0, 0x4, 0xf4,
    0x0, 0x0, 0x0, 0x9, 0xf6, 0xaf, 0x30, 0x4,
    0xf4, 0x0, 0xf, 0x70, 0xf, 0x80, 0xb, 0xe6,
    0x47, 0xf7, 0x40, 0x2f, 0x50, 0xd, 0xfa, 0x30,
    0xaf, 0xff, 0xff, 0xf2, 0x3f, 0x50, 0x0, 0x6d,
    0xf1, 0x0, 0x0, 0x0, 0x0, 0xf, 0xc1, 0x0,
    0x18, 0xf2, 0x0, 0x0, 0x0, 0x0, 0x7, 0xff,
    0xff, 0xff, 0x80, 0x0, 0x0, 0x0, 0x0, 0x0,
    0x13, 0x33, 0x30, 0x0, 0x0, 0x0, 0x0, 0x0,
    0x0, 0xe, 0x5e, 0x50, 0x0, 0x0, 0x0, 0x0,
    0x0, 0x0, 0x8, 0x28, 0x20, 0x0, 0x0, 0x0,
    0x0, 0x0,

    /* U+FC7C "ﱼ" */
    0x0, 0x0, 0x0, 0x0, 0x0, 0x0, 0x0, 0x19,
    0x10, 0x0, 0x0, 0x0, 0x0, 0x0, 0x0, 0x0,
    0x0, 0x2f, 0x20, 0x0, 0x0, 0x0, 0x0, 0x0,
    0x0, 0x0, 0x0, 0x0, 0x0, 0x0, 0x0, 0x0,
    0x0, 0x0, 0x0, 0x0, 0x0, 0x9f, 0xff, 0x60,
    0x0, 0x0, 0x0, 0x0, 0x0, 0x0, 0xa, 0xf7,
    0x5f, 0x60, 0x0, 0x0, 0x0, 0x9f, 0xf5, 0x0,
    0xf, 0xa0, 0x2f, 0x60, 0x0, 0x0, 0x9, 0xf6,
    0xaf, 0x30, 0xf, 0xa0, 0x2f, 0x60, 0xf, 0x70,
    0xf, 0x80, 0xb, 0xe6, 0x4b, 0xf6, 0x6f, 0x83,
    0x2f, 0x50, 0xd, 0xfa, 0x30, 0xaf, 0xff, 0xff,
    0xff, 0xfd, 0x3f, 0x50, 0x0, 0x6d, 0xf1, 0x0,
    0x0, 0x0, 0x0, 0x0, 0xf, 0xc1, 0x0, 0x18,
    0xf2, 0x0, 0x0, 0x0, 0x0, 0x0, 0x7, 0xff,
    0xff, 0xff, 0x80, 0x0, 0x0, 0x0, 0x0, 0x0,
    0x0, 0x13, 0x33, 0x30, 0x0, 0x0, 0x0, 0x0,
    0x0, 0x0,

    /* U+FC7D "ﱽ" */
    0x0, 0x0, 0x0, 0x0, 0x0, 0x0, 0x0, 0x19,
    0x10, 0x0, 0x0, 0x0, 0x0, 0x0, 0x0, 0x0,
    0x0, 0x2f, 0x20, 0x0, 0x0, 0x0, 0x0, 0x0,
    0x0, 0x0, 0x0, 0x0, 0x0, 0x0, 0x0, 0x0,
    0x0, 0x0, 0x0, 0x0, 0x0, 0x9f, 0xff, 0x60,
    0x0, 0x0, 0x0, 0x0, 0x0, 0x0, 0xa, 0xf7,
    0x5f, 0x60, 0x0, 0x0, 0x0, 0x9f, 0xf5, 0x0,
    0xf, 0xa0, 0x2f, 0x60, 0x0, 0x0, 0x9, 0xf6,
    0xaf, 0x30, 0xf, 0xa0, 0x2f, 0x60, 0xf, 0x70,
    0xf, 0x80, 0xb, 0xe6, 0x4b, 0xf6, 0x6f, 0x83,
    0x2f, 0x50, 0xd, 0xfa, 0x30, 0xaf, 0xff, 0xff,
    0xff, 0xfd, 0x3f, 0x50, 0x0, 0x6d, 0xf1, 0x0,
    0x0, 0x0, 0x0, 0x0, 0xf, 0xc1, 0x0, 0x18,
    0xf2, 0x0, 0x0, 0x0, 0x0, 0x0, 0x7, 0xff,
    0xff, 0xff, 0x80, 0x0, 0x0, 0x0, 0x0, 0x0,
    0x0, 0x13, 0x33, 0x30, 0x0, 0x0, 0x0, 0x0,
    0x0, 0x0, 0x0, 0xe, 0x5e, 0x50, 0x0, 0x0,
    0x0, 0x0, 0x0, 0x0, 0x0, 0x8, 0x28, 0x20,
    0x0, 0x0, 0x0, 0x0, 0x0, 0x0,

    /* U+FC7E "ﱾ" */
    0x0, 0x0, 0x0, 0x0, 0x0, 0x0, 0x2, 0xe4,
    0xe3, 0x0, 0x0, 0x0, 0x0, 0x0, 0x0, 0x0,
    0x0, 0x91, 0x91, 0x0, 0x0, 0x0, 0x0, 0x0,
    0x0, 0x0, 0x0, 0x0, 0x0, 0x0, 0x0, 0x0,
    0x0, 0x0, 0x0, 0x0, 0x0, 0x9f, 0xff, 0x60,
    0x0, 0x0, 0x0, 0x0, 0x0, 0x0, 0xa, 0xf7,
    0x5f, 0x60, 0x0, 0x0, 0x0, 0x9f, 0xf5, 0x0,
    0xf, 0xa0, 0x2f, 0x60, 0x0, 0x0, 0x9, 0xf6,
    0xaf, 0x30, 0xf, 0xa0, 0x2f, 0x60, 0xf, 0x70,
    0xf, 0x80, 0xb, 0xe6, 0x4b, 0xf6, 0x6f, 0x83,
    0x2f, 0x50, 0xd, 0xfa, 0x30, 0xaf, 0xff, 0xff,
    0xff, 0xfd, 0x3f, 0x50, 0x0, 0x6d, 0xf1, 0x0,
    0x0, 0x0, 0x0, 0x0, 0xf, 0xc1, 0x0, 0x18,
    0xf2, 0x0, 0x0, 0x0, 0x0, 0x0, 0x7, 0xff,
    0xff, 0xff, 0x80, 0x0, 0x0, 0x0, 0x0, 0x0,
    0x0, 0x13, 0x33, 0x30, 0x0, 0x0, 0x0, 0x0,
    0x0, 0x0,

    /* U+FC7F "ﱿ" */
    0x0, 0x0, 0x0, 0x0, 0x0, 0x0, 0x2, 0xe4,
    0xe3, 0x0, 0x0, 0x0, 0x0, 0x0, 0x0, 0x0,
    0x0, 0x91, 0x91, 0x0, 0x0, 0x0, 0x0, 0x0,
    0x0, 0x0, 0x0, 0x0, 0x0, 0x0, 0x0, 0x0,
    0x0, 0x0, 0x0, 0x0, 0x0, 0x9f, 0xff, 0x60,
    0x0, 0x0, 0x0, 0x0, 0x0, 0x0, 0xa, 0xf7,
    0x5f, 0x60, 0x0, 0x0, 0x0, 0x9f, 0xf5, 0x0,
    0xf, 0xa0, 0x2f, 0x60, 0x0, 0x0, 0x9, 0xf6,
    0xaf, 0x30, 0xf, 0xa0, 0x2f, 0x60, 0xf, 0x70,
    0xf, 0x80, 0xb, 0xe6, 0x4b, 0xf6, 0x6f, 0x83,
    0x2f, 0x50, 0xd, 0xfa, 0x30, 0xaf, 0xff, 0xff,
    0xff, 0xfd, 0x3f, 0x50, 0x0, 0x6d, 0xf1, 0x0,
    0x0, 0x0, 0x0, 0x0, 0xf, 0xc1, 0x0, 0x18,
    0xf2, 0x0, 0x0, 0x0, 0x0, 0x0, 0x7, 0xff,
    0xff, 0xff, 0x80, 0x0, 0x0, 0x0, 0x0, 0x0,
    0x0, 0x13, 0x33, 0x30, 0x0, 0x0, 0x0, 0x0,
    0x0, 0x0, 0x0, 0xe, 0x5e, 0x50, 0x0, 0x0,
    0x0, 0x0, 0x0, 0x0, 0x0, 0x8, 0x28, 0x20,
    0x0, 0x0, 0x0, 0x0, 0x0, 0x0,

    /* U+FC80 "ﲀ" */
    0x0, 0x0, 0x0, 0x7, 0x60, 0x0, 0xcc, 0x0,
    0x2, 0xdf, 0x80, 0x0, 0xcc, 0x0, 0x2e, 0xc2,
    0x0, 0x0, 0xcc, 0x0, 0xcd, 0x0, 0x0, 0x0,
    0xcc, 0x1, 0xff, 0xfe, 0x70, 0x0, 0xcc, 0x0,
    0x33, 0x4b, 0xf4, 0x0, 0xcc, 0x0, 0x0, 0x1,
    0xf7, 0x0, 0xcc, 0x0, 0x0, 0x0, 0xf8, 0x0,
    0xcd, 0x44, 0x44, 0x44, 0xfa, 0x40, 0xcf, 0xff,
    0xff, 0xff, 0xff, 0xf2,

    /* U+FC81 "ﲁ" */
    0x0, 0x0, 0x0, 0x0, 0x0, 0x0, 0x8, 0x60,
    0x0, 0x0, 0x0, 0x0, 0xcc, 0x0, 0x2, 0xdf,
    0x80, 0x0, 0x0, 0x0, 0x0, 0xcc, 0x0, 0x2e,
    0xc2, 0x0, 0x0, 0x0, 0x0, 0x0, 0xcc, 0x0,
    0xcc, 0x0, 0x0, 0x0, 0x0, 0x0, 0x0, 0xcc,
    0x1, 0xff, 0xfd, 0x60, 0x0, 0x0, 0x0, 0x0,
    0xcc, 0x0, 0x33, 0x4b, 0xf4, 0x0, 0x0, 0x0,
    0x0, 0xcc, 0x0, 0x0, 0x1, 0xf7, 0x0, 0xd,
    0x90, 0x0, 0xcc, 0x0, 0x0, 0x1, 0xf7, 0x0,
    0x1f, 0x60, 0x0, 0xcd, 0x44, 0x44, 0x45, 0xf9,
    0x40, 0x3f, 0x50, 0x0, 0xcf, 0xff, 0xff, 0xff,
    0xff, 0xf1, 0x2f, 0x60, 0x0, 0xdb, 0x0, 0x0,
    0x0, 0x0, 0x0, 0xe, 0xd2, 0x6, 0xf6, 0x0,
    0x0, 0x0, 0x0, 0x0, 0x3, 0xef, 0xff, 0xa0,
    0x0, 0x0, 0x0, 0x0, 0x0, 0x0, 0x3, 0x31,
    0x0, 0x0, 0x0, 0x0, 0x0, 0x0,

    /* U+FC82 "ﲂ" */
    0x0, 0x0, 0x0, 0x0, 0x0, 0x0, 0x4b, 0x0,
    0x0, 0x0, 0x0, 0x0, 0x0, 0x0, 0x9f, 0xd2,
    0x0, 0x0, 0x0, 0x0, 0x0, 0x0, 0xaf, 0x70,
    0x0, 0x0, 0x0, 0x0, 0x0, 0x0, 0x5f, 0x50,
    0x0, 0x0, 0x0, 0x3c, 0xff, 0x70, 0xa, 0xff,
    0xfb, 0x10, 0x0, 0xc, 0xc4, 0x8f, 0x50, 0x23,
    0x36, 0xfb, 0x0, 0x0, 0xf7, 0x0, 0xf9, 0x0,
    0x0, 0xa, 0xf0, 0x0, 0xf, 0x70, 0x1f, 0x80,
    0x0, 0x0, 0x9f, 0x0, 0x1, 0xdc, 0x4b, 0xfb,
    0x44, 0x44, 0x4b, 0xf4, 0x20, 0xef, 0xff, 0xd6,
    0xcf, 0xff, 0xff, 0xff, 0xf9, 0x3f, 0x60, 0x0,
    0x0, 0x0, 0x0, 0x0, 0x0, 0x3, 0xf4, 0x0,
    0x0, 0x0, 0x0, 0x0, 0x0, 0x0, 0x3f, 0x40,
    0x0, 0x0, 0x0, 0x0, 0x0, 0x0, 0x2, 0xd4,
    0x0, 0x0, 0x0, 0x0, 0x0, 0x0, 0x0,

    /* U+FC83 "ﲃ" */
    0x0, 0x0, 0x0, 0x0, 0x0, 0x0, 0x0, 0x2,
    0xa2, 0x0, 0x0, 0x0, 0x0, 0x0, 0x0, 0x0,
    0x0, 0x6f, 0xe4, 0x0, 0x0, 0x0, 0x0, 0x0,
    0x0, 0x0, 0x5, 0xf9, 0x0, 0x0, 0x0, 0x0,
    0x0, 0x0, 0x0, 0x0, 0x2f, 0x80, 0x0, 0x0,
    0x0, 0x0, 0x0, 0x0, 0x0, 0x0, 0x6f, 0xff,
    0xc3, 0x0, 0x0, 0x0, 0x0, 0x0, 0x0, 0x0,
    0x13, 0x35, 0xde, 0x0, 0x0, 0x0, 0x0, 0x9f,
    0xf5, 0x0, 0x0, 0x0, 0x6f, 0x20, 0x0, 0x0,
    0x9, 0xf6, 0xaf, 0x30, 0x0, 0x0, 0x5f, 0x30,
    0xf, 0x70, 0xf, 0x80, 0xb, 0xe6, 0x44, 0x44,
    0x8f, 0x63, 0x2f, 0x50, 0xd, 0xfa, 0x30, 0xaf,
    0xff, 0xff, 0xff, 0xfc, 0x3f, 0x50, 0x0, 0x6d,
    0xf1, 0x0, 0x0, 0x0, 0x0, 0x0, 0xf, 0xc1,
    0x0, 0x18, 0xf2, 0x0, 0x0, 0x0, 0x0, 0x0,
    0x7, 0xff, 0xff, 0xff, 0x80, 0x0, 0x0, 0x0,
    0x0, 0x0, 0x0, 0x13, 0x33, 0x30, 0x0, 0x0,
    0x0, 0x0, 0x0, 0x0,

    /* U+FC84 "ﲄ" */
    0x0, 0x0, 0x0, 0x0, 0x0, 0x0, 0x0, 0x2,
    0xa2, 0x0, 0x0, 0x0, 0x0, 0x0, 0x0, 0x0,
    0x0, 0x6f, 0xe4, 0x0, 0x0, 0x0, 0x0, 0x0,
    0x0, 0x0, 0x5, 0xf9, 0x0, 0x0, 0x0, 0x0,
    0x0, 0x0, 0x0, 0x0, 0x2f, 0x80, 0x0, 0x0,
    0x0, 0x0, 0x0, 0x0, 0x0, 0x0, 0x6f, 0xff,
    0xc3, 0x0, 0x0, 0x0, 0x0, 0x0, 0x0, 0x0,
    0x13, 0x35, 0xde, 0x0, 0x0, 0x0, 0x0, 0x9f,
    0xf5, 0x0, 0x0, 0x0, 0x6f, 0x20, 0x0, 0x0,
    0x9, 0xf6, 0xaf, 0x30, 0x0, 0x0, 0x5f, 0x30,
    0xf, 0x70, 0xf, 0x80, 0xb, 0xe6, 0x44, 0x44,
    0x8f, 0x63, 0x2f, 0x50, 0xd, 0xfa, 0x30, 0xaf,
    0xff, 0xff, 0xff, 0xfc, 0x3f, 0x50, 0x0, 0x6d,
    0xf1, 0x0, 0x0, 0x0, 0x0, 0x0, 0xf, 0xc1,
    0x0, 0x18, 0xf2, 0x0, 0x0, 0x0, 0x0, 0x0,
    0x7, 0xff, 0xff, 0xff, 0x80, 0x0, 0x0, 0x0,
    0x0, 0x0, 0x0, 0x13, 0x33, 0x30, 0x0, 0x0,
    0x0, 0x0, 0x0, 0x0, 0x0, 0xe, 0x5e, 0x50,
    0x0, 0x0, 0x0, 0x0, 0x0, 0x0, 0x0, 0x8,
    0x28, 0x20, 0x0, 0x0, 0x0, 0x0, 0x0, 0x0,

    /* U+FC85 "ﲅ" */
    0x0, 0x0, 0x0, 0x0, 0x0, 0xea, 0x0, 0x0,
    0x0, 0x0, 0x0, 0x0, 0xea, 0x0, 0x0, 0x0,
    0x0, 0x0, 0x0, 0xea, 0x0, 0x0, 0x3c, 0xff,
    0x70, 0x0, 0xea, 0x0, 0x0, 0xcc, 0x48, 0xf5,
    0x0, 0xea, 0x0, 0x0, 0xf7, 0x0, 0xf9, 0x0,
    0xea, 0x0, 0x0, 0xf7, 0x1, 0xf8, 0x0, 0xea,
    0x0, 0x1, 0xdc, 0x4b, 0xfb, 0x44, 0xec, 0x41,
    0xe, 0xff, 0xfd, 0x6c, 0xff, 0xff, 0xf4, 0x3f,
    0x60, 0x0, 0x0, 0x0, 0x0, 0x0, 0x3f, 0x40,
    0x0, 0x0, 0x0, 0x0, 0x0, 0x3f, 0x40, 0x0,
    0x0, 0x0, 0x0, 0x0, 0x2d, 0x40, 0x0, 0x0,
    0x0, 0x0, 0x0,

    /* U+FC86 "ﲆ" */
    0x0, 0x0, 0x0, 0x0, 0x0, 0x0, 0xa, 0xe0,
    0x0, 0x0, 0x0, 0x0, 0x0, 0x0, 0x0, 0xae,
    0x0, 0x0, 0x0, 0x0, 0x0, 0x0, 0x0, 0xa,
    0xe0, 0x0, 0x0, 0x0, 0x0, 0x0, 0x0, 0x0,
    0xae, 0x0, 0x0, 0x0, 0x0, 0x0, 0x0, 0x0,
    0xa, 0xe0, 0x0, 0x0, 0x0, 0x9, 0xff, 0x50,
    0x0, 0xae, 0x0, 0x0, 0x0, 0x9, 0xf6, 0xaf,
    0x30, 0xa, 0xe0, 0x0, 0xf7, 0x0, 0xf8, 0x0,
    0xbe, 0x64, 0xbe, 0x42, 0x2f, 0x50, 0xd, 0xfa,
    0x30, 0xaf, 0xff, 0xff, 0x83, 0xf5, 0x0, 0x6,
    0xdf, 0x10, 0x0, 0x0, 0x0, 0xf, 0xc1, 0x0,
    0x18, 0xf2, 0x0, 0x0, 0x0, 0x0, 0x7f, 0xff,
    0xff, 0xf8, 0x0, 0x0, 0x0, 0x0, 0x0, 0x13,
    0x33, 0x30, 0x0, 0x0, 0x0, 0x0, 0x0,

    /* U+FC87 "ﲇ" */
    0x0, 0x0, 0x0, 0x0, 0x0, 0x0, 0xa, 0xe0,
    0x0, 0x0, 0x0, 0x0, 0x0, 0x0, 0x0, 0xae,
    0x0, 0x0, 0x0, 0x0, 0x0, 0x0, 0x0, 0xa,
    0xe0, 0x0, 0x0, 0x0, 0x0, 0x0, 0x0, 0x0,
    0xae, 0x0, 0x0, 0x0, 0x0, 0x0, 0x0, 0x0,
    0xa, 0xe0, 0x0, 0x0, 0x0, 0x9, 0xff, 0x50,
    0x0, 0xae, 0x0, 0x0, 0x0, 0x9, 0xf6, 0xaf,
    0x30, 0xa, 0xe0, 0x0, 0xf7, 0x0, 0xf8, 0x0,
    0xbe, 0x64, 0xbe, 0x42, 0x2f, 0x50, 0xd, 0xfa,
    0x30, 0xaf, 0xff, 0xff, 0x83, 0xf5, 0x0, 0x6,
    0xdf, 0x10, 0x0, 0x0, 0x0, 0xf, 0xc1, 0x0,
    0x18, 0xf2, 0x0, 0x0, 0x0, 0x0, 0x7f, 0xff,
    0xff, 0xf8, 0x0, 0x0, 0x0, 0x0, 0x0, 0x13,
    0x33, 0x30, 0x0, 0x0, 0x0, 0x0, 0x0, 0x0,
    0xe5, 0xe5, 0x0, 0x0, 0x0, 0x0, 0x0, 0x0,
    0x8, 0x28, 0x20, 0x0, 0x0, 0x0, 0x0, 0x0,

    /* U+FC88 "ﲈ" */
    0xcc, 0x0, 0x0, 0x0, 0x0, 0xc, 0xc0, 0x0,
    0x0, 0x0, 0x0, 0xcc, 0x0, 0x0, 0x0, 0x0,
    0xc, 0xc0, 0x1, 0xaf, 0xfa, 0x0, 0xcc, 0x0,
    0x9e, 0x56, 0xf8, 0xc, 0xc0, 0xc, 0xa0, 0xc,
    0xc0, 0xcc, 0x0, 0xcb, 0x0, 0xdc, 0xc, 0xd4,
    0x4a, 0xe4, 0x9f, 0xd4, 0xcf, 0xff, 0xff, 0xfe,
    0x7a, 0xf0,

    /* U+FC89 "ﲉ" */
    0x0, 0x0, 0x0, 0x0, 0x0, 0x0, 0x0, 0x0,
    0x0, 0x3, 0xcf, 0xf7, 0x0, 0x6, 0xdf, 0xd4,
    0x0, 0x0, 0xcc, 0x48, 0xf5, 0x1, 0xf9, 0x4c,
    0xe0, 0x0, 0xf, 0x70, 0xf, 0x90, 0x5f, 0x20,
    0x5f, 0x40, 0x0, 0xf7, 0x1, 0xf8, 0x4, 0xf2,
    0x6, 0xf3, 0x0, 0x1d, 0xc4, 0xbf, 0xb4, 0x5f,
    0x85, 0xef, 0x71, 0xe, 0xff, 0xfd, 0x6c, 0xff,
    0xff, 0xfb, 0x7e, 0x63, 0xf6, 0x0, 0x0, 0x0,
    0x0, 0x0, 0x0, 0x0, 0x3f, 0x40, 0x0, 0x0,
    0x0, 0x0, 0x0, 0x0, 0x3, 0xf4, 0x0, 0x0,
    0x0, 0x0, 0x0, 0x0, 0x0, 0x2d, 0x40, 0x0,
    0x0, 0x0, 0x0, 0x0, 0x0, 0x0,

    /* U+FC8A "ﲊ" */
    0x0, 0x0, 0x0, 0x9, 0xa0, 0x0, 0x0, 0x0,
    0x0, 0x55, 0x0, 0x0, 0x0, 0x0, 0x0, 0x0,
    0x0, 0x0, 0x9a, 0x0, 0x3d, 0x30, 0x0, 0xc,
    0xc0, 0x4, 0xf4, 0x0, 0x0, 0xcc, 0x0, 0x4f,
    0x40, 0x0, 0xc, 0xc0, 0x4, 0xf4, 0x0, 0x0,
    0xcd, 0x44, 0x7f, 0x73, 0x0, 0xc, 0xff, 0xff,
    0xff, 0xe0, 0x0, 0xcc, 0x0, 0x0, 0x0, 0x3,
    0x2f, 0x90, 0x0, 0x0, 0x4, 0xff, 0xe2, 0x0,
    0x0, 0x0, 0x1, 0x30, 0x0, 0x0, 0x0, 0x0,

    /* U+FC8B "ﲋ" */
    0x0, 0x6, 0x40, 0x9, 0xa0, 0x0, 0x0, 0xb8,
    0x0, 0x55, 0x0, 0x0, 0x0, 0x0, 0x0, 0x0,
    0x0, 0x0, 0x9a, 0x0, 0x3d, 0x30, 0x0, 0xc,
    0xc0, 0x4, 0xf4, 0x0, 0x0, 0xcc, 0x0, 0x4f,
    0x40, 0x0, 0xc, 0xc0, 0x4, 0xf4, 0x0, 0x0,
    0xcd, 0x44, 0x7f, 0x73, 0x0, 0xc, 0xff, 0xff,
    0xff, 0xe0, 0x0, 0xcc, 0x0, 0x0, 0x0, 0x3,
    0x2f, 0x90, 0x0, 0x0, 0x4, 0xff, 0xe2, 0x0,
    0x0, 0x0, 0x1, 0x30, 0x0, 0x0, 0x0, 0x0,

    /* U+FC8C "ﲌ" */
    0x0, 0x0, 0x0, 0x0, 0x3, 0xf1, 0x0, 0x0,
    0x0, 0x0, 0x0, 0x1, 0x90, 0x0, 0x0, 0x0,
    0x0, 0x0, 0x0, 0x0, 0x0, 0x0, 0x3c, 0xff,
    0x80, 0x0, 0xea, 0x0, 0x0, 0xcc, 0x48, 0xf5,
    0x0, 0xea, 0x0, 0x0, 0xf7, 0x0, 0xf9, 0x0,
    0xea, 0x0, 0x0, 0xf7, 0x1, 0xf8, 0x0, 0xea,
    0x0, 0x1, 0xdc, 0x4b, 0xfb, 0x44, 0xec, 0x41,
    0xe, 0xff, 0xfd, 0x6c, 0xff, 0xff, 0xf4, 0x3f,
    0x60, 0x0, 0x0, 0x0, 0x0, 0x0, 0x3f, 0x40,
    0x0, 0x0, 0x0, 0x0, 0x0, 0x3f, 0x40, 0x0,
    0x0, 0x0, 0x0, 0x0, 0x2d, 0x40, 0x0, 0x0,
    0x0, 0x0, 0x0,

    /* U+FC8D "ﲍ" */
    0x0, 0x0, 0x0, 0x0, 0x0, 0xa9, 0x0, 0x0,
    0x4, 0x60, 0x0, 0x0, 0x65, 0x0, 0x0, 0x8,
    0xb0, 0x0, 0x0, 0x0, 0x0, 0x0, 0x0, 0x0,
    0xcc, 0x0, 0x6f, 0x30, 0x0, 0x0, 0x0, 0xcc,
    0x0, 0x6f, 0x30, 0x0, 0x0, 0x0, 0xcc, 0x0,
    0x6f, 0x30, 0xd, 0x90, 0x0, 0xcc, 0x0, 0x6f,
    0x30, 0x1f, 0x60, 0x0, 0xcd, 0x44, 0x8f, 0x63,
    0x3f, 0x50, 0x0, 0xcf, 0xff, 0xff, 0xfc, 0x2f,
    0x60, 0x0, 0xdb, 0x0, 0x0, 0x0, 0xd, 0xd2,
    0x6, 0xf6, 0x0, 0x0, 0x0, 0x3, 0xef, 0xff,
    0xa0, 0x0, 0x0, 0x0, 0x0, 0x3, 0x31, 0x0,
    0x0, 0x0, 0x0,

    /* U+FC8E "ﲎ" */
    0x0, 0x0, 0x0, 0x0, 0x0, 0x0, 0xe, 0x40,
    0x0, 0x0, 0x0, 0x0, 0x0, 0x0, 0x0, 0x82,
    0x0, 0x0, 0x0, 0x0, 0x0, 0x0, 0x0, 0x0,
    0x0, 0x0, 0x0, 0x0, 0x0, 0x0, 0x0, 0x0,
    0x69, 0x0, 0x0, 0x0, 0x0, 0x0, 0x0, 0x0,
    0xa, 0xe0, 0x0, 0x0, 0x0, 0x9, 0xff, 0x50,
    0x0, 0xae, 0x0, 0x0, 0x0, 0x9, 0xf6, 0xaf,
    0x30, 0xa, 0xe0, 0x0, 0xf7, 0x0, 0xf8, 0x0,
    0xbe, 0x64, 0xbe, 0x42, 0x2f, 0x50, 0xd, 0xfa,
    0x30, 0xaf, 0xff, 0xff, 0x83, 0xf5, 0x0, 0x6,
    0xdf, 0x10, 0x0, 0x0, 0x0, 0xf, 0xc1, 0x0,
    0x18, 0xf2, 0x0, 0x0, 0x0, 0x0, 0x7f, 0xff,
    0xff, 0xf8, 0x0, 0x0, 0x0, 0x0, 0x0, 0x13,
    0x33, 0x30, 0x0, 0x0, 0x0, 0x0, 0x0,

    /* U+FC8F "ﲏ" */
    0x0, 0x0, 0x0, 0x0, 0x0, 0x0, 0xe, 0x40,
    0x0, 0x0, 0x0, 0x0, 0x0, 0x0, 0x0, 0x82,
    0x0, 0x0, 0x0, 0x0, 0x0, 0x0, 0x0, 0x0,
    0x0, 0x0, 0x0, 0x0, 0x0, 0x0, 0x0, 0x0,
    0x69, 0x0, 0x0, 0x0, 0x0, 0x0, 0x0, 0x0,
    0xa, 0xe0, 0x0, 0x0, 0x0, 0x9, 0xff, 0x50,
    0x0, 0xae, 0x0, 0x0, 0x0, 0x9, 0xf6, 0xaf,
    0x30, 0xa, 0xe0, 0x0, 0xf7, 0x0, 0xf8, 0x0,
    0xbe, 0x64, 0xbe, 0x42, 0x2f, 0x50, 0xd, 0xfa,
    0x30, 0xaf, 0xff, 0xff, 0x83, 0xf5, 0x0, 0x6,
    0xdf, 0x10, 0x0, 0x0, 0x0, 0xf, 0xc1, 0x0,
    0x18, 0xf2, 0x0, 0x0, 0x0, 0x0, 0x7f, 0xff,
    0xff, 0xf8, 0x0, 0x0, 0x0, 0x0, 0x0, 0x13,
    0x33, 0x30, 0x0, 0x0, 0x0, 0x0, 0x0, 0x0,
    0xe5, 0xe5, 0x0, 0x0, 0x0, 0x0, 0x0, 0x0,
    0x8, 0x28, 0x20, 0x0, 0x0, 0x0, 0x0, 0x0,

    /* U+FC90 "ﲐ" */
    0x0, 0x30, 0x0, 0x0, 0x0, 0x0, 0x0, 0xa,
    0x20, 0x0, 0x0, 0x0, 0x0, 0x0, 0xa2, 0x0,
    0x0, 0x0, 0x0, 0x0, 0x0, 0x0, 0x9, 0xff,
    0x50, 0x0, 0x0, 0x0, 0x9, 0xf6, 0xaf, 0x30,
    0x0, 0xf7, 0x0, 0xf8, 0x0, 0xbe, 0x50, 0x2f,
    0x50, 0xd, 0xfa, 0x30, 0xaf, 0x3, 0xf5, 0x0,
    0x6, 0xdf, 0x10, 0x0, 0xf, 0xc1, 0x0, 0x18,
    0xf2, 0x0, 0x0, 0x7f, 0xff, 0xff, 0xf8, 0x0,
    0x0, 0x0, 0x13, 0x33, 0x30, 0x0, 0x0, 0x0,

    /* U+FC91 "ﲑ" */
    0x0, 0xc, 0xc0, 0x0, 0xea, 0x0, 0x0, 0xc,
    0xc0, 0x0, 0xea, 0x0, 0x0, 0xc, 0xc0, 0x0,
    0xea, 0x0, 0x0, 0xc, 0xc0, 0x0, 0xea, 0x0,
    0x0, 0xc, 0xd4, 0x44, 0xfb, 0x42, 0x0, 0xc,
    0xff, 0xff, 0xff, 0xf7, 0x0, 0xc, 0xc0, 0x0,
    0x0, 0x0, 0x4, 0x2f, 0x90, 0x1e, 0x4e, 0x40,
    0x4f, 0xfe, 0x20, 0x9, 0x28, 0x20, 0x1, 0x30,
    0x0, 0x0, 0x0, 0x0,

    /* U+FC92 "ﲒ" */
    0x0, 0x6, 0x40, 0x0, 0x0, 0x0, 0x0, 0xb,
    0x80, 0x0, 0x0, 0x0, 0x0, 0x0, 0x0, 0x0,
    0x0, 0x0, 0x0, 0x9, 0xa0, 0x0, 0xc8, 0x0,
    0x0, 0xc, 0xc0, 0x0, 0xea, 0x0, 0x0, 0xc,
    0xc0, 0x0, 0xea, 0x0, 0x0, 0xc, 0xc0, 0x0,
    0xea, 0x0, 0x0, 0xc, 0xd4, 0x44, 0xfb, 0x42,
    0x0, 0xc, 0xff, 0xff, 0xff, 0xf7, 0x0, 0xc,
    0xc0, 0x0, 0x0, 0x0, 0x4, 0x2f, 0x90, 0x1e,
    0x4e, 0x40, 0x4f, 0xfe, 0x20, 0x9, 0x28, 0x20,
    0x1, 0x30, 0x0, 0x0, 0x0, 0x0,

    /* U+FC93 "ﲓ" */
    0x0, 0x0, 0x0, 0x0, 0x0, 0x1, 0x0, 0x0,
    0x3c, 0xff, 0x80, 0x0, 0x8f, 0x0, 0x0, 0xcc,
    0x48, 0xf5, 0x0, 0x8f, 0x0, 0x0, 0xf7, 0x0,
    0xf9, 0x0, 0x8f, 0x0, 0x0, 0xf7, 0x1, 0xf8,
    0x0, 0x8f, 0x0, 0x1, 0xdc, 0x4b, 0xfb, 0x44,
    0xaf, 0x43, 0xe, 0xff, 0xfd, 0x6c, 0xff, 0xff,
    0xfe, 0x3f, 0x60, 0x0, 0x0, 0x0, 0x0, 0x0,
    0x3f, 0x40, 0x0, 0x0, 0xa, 0xa9, 0xa0, 0x3f,
    0x40, 0x0, 0x0, 0x5, 0x55, 0x60, 0x2d, 0x40,
    0x0, 0x0, 0x0, 0x0, 0x0,

    /* U+FC94 "ﲔ" */
    0x0, 0x4, 0x60, 0x0, 0x0, 0x0, 0x0, 0x0,
    0x0, 0x8b, 0x0, 0x0, 0x0, 0x0, 0x0, 0x0,
    0x0, 0x0, 0xcc, 0x0, 0xf, 0x80, 0x0, 0x0,
    0x0, 0xc, 0xc0, 0x0, 0xf8, 0x0, 0x0, 0x0,
    0x0, 0xcc, 0x0, 0xf, 0x80, 0x0, 0xd9, 0x0,
    0xc, 0xc0, 0x0, 0xf8, 0x0, 0x1f, 0x60, 0x0,
    0xcd, 0x44, 0x4f, 0xa4, 0x13, 0xf5, 0x0, 0xc,
    0xff, 0xff, 0xff, 0xf6, 0x2f, 0x60, 0x0, 0xdb,
    0x0, 0x0, 0x0, 0x0, 0xdd, 0x20, 0x6f, 0x60,
    0x2f, 0x4e, 0x30, 0x3, 0xef, 0xff, 0xa0, 0x1,
    0x91, 0x91, 0x0, 0x0, 0x33, 0x10, 0x0, 0x0,
    0x0, 0x0,

    /* U+FC95 "ﲕ" */
    0x0, 0x0, 0x0, 0x0, 0x0, 0x0, 0x4, 0xf4,
    0x0, 0x0, 0x0, 0x0, 0x0, 0x0, 0x0, 0x4,
    0xf4, 0x0, 0x0, 0x0, 0x0, 0x9f, 0xf5, 0x0,
    0x4, 0xf4, 0x0, 0x0, 0x0, 0x9, 0xf6, 0xaf,
    0x30, 0x4, 0xf4, 0x0, 0xf, 0x70, 0xf, 0x80,
    0xb, 0xe6, 0x47, 0xf7, 0x40, 0x2f, 0x50, 0xd,
    0xfa, 0x30, 0xaf, 0xff, 0xff, 0xf2, 0x3f, 0x50,
    0x0, 0x6d, 0xf1, 0x0, 0x0, 0x0, 0x0, 0xf,
    0xc1, 0x0, 0x18, 0xf2, 0x0, 0x6d, 0x5e, 0x0,
    0x7, 0xff, 0xff, 0xff, 0x80, 0x0, 0x38, 0x38,
    0x0, 0x0, 0x13, 0x33, 0x30, 0x0, 0x0, 0x0,
    0x0, 0x0,

    /* U+FC96 "ﲖ" */
    0x0, 0x0, 0x0, 0x0, 0x0, 0x0, 0x4, 0xf4,
    0x0, 0x0, 0x0, 0x0, 0x0, 0x0, 0x0, 0x4,
    0xf4, 0x0, 0x0, 0x0, 0x0, 0x9f, 0xf5, 0x0,
    0x4, 0xf4, 0x0, 0x0, 0x0, 0x9, 0xf6, 0xaf,
    0x30, 0x4, 0xf4, 0x0, 0xf, 0x70, 0xf, 0x80,
    0xb, 0xe6, 0x47, 0xf7, 0x40, 0x2f, 0x50, 0xd,
    0xfa, 0x30, 0xaf, 0xff, 0xff, 0xf2, 0x3f, 0x50,
    0x0, 0x6d, 0xf1, 0x0, 0x0, 0x0, 0x0, 0xf,
    0xc1, 0x0, 0x18, 0xf2, 0x0, 0x6d, 0x5e, 0x0,
    0x7, 0xff, 0xff, 0xff, 0x80, 0x0, 0x38, 0x38,
    0x0, 0x0, 0x13, 0x33, 0x30, 0x0, 0x0, 0x0,
    0x0, 0x0, 0x0, 0xe, 0x5e, 0x50, 0x0, 0x0,
    0x0, 0x0, 0x0, 0x0, 0x8, 0x28, 0x20, 0x0,
    0x0, 0x0, 0x0, 0x0,

    /* U+FC97 "ﲗ" */
    0x0, 0x0, 0x0, 0x0, 0xa, 0x90, 0x0, 0x0,
    0x0, 0x0, 0x39, 0x0, 0x0, 0x0, 0x0, 0x0,
    0x3d, 0xa0, 0x0, 0x0, 0x0, 0x0, 0x0, 0x0,
    0x3, 0xdf, 0xe8, 0x0, 0x5, 0xf2, 0x1, 0x63,
    0x7f, 0x50, 0x6, 0xf2, 0x0, 0x0, 0xe, 0x90,
    0x6, 0xf2, 0x0, 0x0, 0xa, 0xd0, 0x6, 0xf2,
    0x4, 0x44, 0x48, 0xf6, 0x48, 0xf2, 0x2f, 0xff,
    0xff, 0xff, 0xff, 0xf2, 0x0, 0x0, 0x0, 0x0,
    0x0, 0x0, 0x0, 0x6, 0x50, 0x0, 0x0, 0x0,
    0x0, 0xb, 0x80, 0x0, 0x0, 0x0,

    /* U+FC98 "ﲘ" */
    0x0, 0x0, 0x0, 0x0, 0xa, 0x90, 0x0, 0x0,
    0x0, 0x0, 0x39, 0x0, 0x0, 0x0, 0x0, 0x0,
    0x3d, 0xa0, 0x0, 0x0, 0x0, 0x0, 0x0, 0x0,
    0x3, 0xdf, 0xe8, 0x0, 0x5, 0xf2, 0x1, 0x63,
    0x7f, 0x50, 0x6, 0xf2, 0x0, 0x0, 0xe, 0x90,
    0x6, 0xf2, 0x0, 0x0, 0xa, 0xd0, 0x6, 0xf2,
    0x4, 0x44, 0x48, 0xf6, 0x48, 0xf2, 0x2f, 0xff,
    0xff, 0xff, 0xff, 0xf2,

    /* U+FC99 "ﲙ" */
    0x0, 0x0, 0x0, 0x0, 0xa, 0x80, 0x0, 0x2e,
    0x20, 0x0, 0x39, 0x0, 0x0, 0x1c, 0x10, 0x0,
    0x3d, 0xa0, 0x0, 0x0, 0x0, 0x0, 0x0, 0x0,
    0x3, 0xdf, 0xe8, 0x0, 0x5, 0xf2, 0x1, 0x63,
    0x7f, 0x50, 0x6, 0xf2, 0x0, 0x0, 0xe, 0x90,
    0x6, 0xf2, 0x0, 0x0, 0xa, 0xd0, 0x6, 0xf2,
    0x4, 0x44, 0x48, 0xf6, 0x48, 0xf2, 0x2f, 0xff,
    0xff, 0xff, 0xff, 0xf2,

    /* U+FC9A "ﲚ" */
    0x0, 0x0, 0x0, 0x0, 0x5, 0xb3, 0x0, 0x0,
    0x0, 0x0, 0xb, 0x0, 0x0, 0x0, 0x0, 0x0,
    0xa, 0xa5, 0x0, 0x0, 0x0, 0x0, 0x0, 0x0,
    0x0, 0x3c, 0xff, 0x80, 0x0, 0xea, 0x0, 0xcc,
    0x48, 0xf5, 0x0, 0xea, 0x0, 0xf7, 0x0, 0xf9,
    0x0, 0xea, 0x0, 0xf7, 0x1, 0xf8, 0x0, 0xea,
    0x4, 0xdc, 0x4b, 0xfb, 0x44, 0xea, 0x2f, 0xff,
    0xfd, 0x6c, 0xff, 0xfa,

    /* U+FC9B "ﲛ" */
    0x0, 0x0, 0x0, 0x0, 0x0, 0x0, 0x4b, 0x40,
    0x0, 0x0, 0x0, 0x0, 0x0, 0xa, 0x20, 0x0,
    0x2c, 0xef, 0xeb, 0x40, 0x0, 0x9b, 0x60, 0x0,
    0x94, 0x23, 0xaf, 0x60, 0x0, 0x0, 0x0, 0x0,
    0x10, 0x0, 0xbe, 0x0, 0x8, 0x70, 0x4, 0xef,
    0xe5, 0x5, 0xf3, 0x0, 0xdb, 0x0, 0xfc, 0x4c,
    0xf0, 0x4f, 0x40, 0xd, 0xb0, 0x1f, 0x70, 0x6f,
    0x14, 0xf4, 0x0, 0xdb, 0x4, 0xde, 0x59, 0xf5,
    0x7f, 0x74, 0x4d, 0xb2, 0xff, 0xff, 0xff, 0xff,
    0xff, 0xff, 0xfb,

    /* U+FC9C "ﲜ" */
    0x3, 0xdf, 0xe8, 0x0, 0x5, 0xf2, 0x1, 0x63,
    0x7f, 0x50, 0x6, 0xf2, 0x0, 0x0, 0xe, 0x90,
    0x6, 0xf2, 0x0, 0x0, 0xa, 0xd0, 0x6, 0xf2,
    0x4, 0x44, 0x48, 0xf6, 0x48, 0xf2, 0x2f, 0xff,
    0xff, 0xff, 0xff, 0xf2, 0x0, 0x0, 0x0, 0x0,
    0x0, 0x0, 0x0, 0x6, 0x50, 0x0, 0x8, 0x20,
    0x0, 0xb, 0x80, 0x0, 0xe, 0x40,

    /* U+FC9D "ﲝ" */
    0x3, 0xdf, 0xe8, 0x0, 0x5, 0xf2, 0x1, 0x63,
    0x7f, 0x50, 0x6, 0xf2, 0x0, 0x0, 0xe, 0x90,
    0x6, 0xf2, 0x0, 0x0, 0xa, 0xd0, 0x6, 0xf2,
    0x4, 0x44, 0x48, 0xf6, 0x48, 0xf2, 0x2f, 0xff,
    0xff, 0xff, 0xff, 0xf2, 0x0, 0x0, 0x0, 0x0,
    0x0, 0x0, 0x0, 0x0, 0x0, 0x0, 0x8, 0x20,
    0x0, 0x0, 0x0, 0x0, 0xe, 0x40,

    /* U+FC9E "ﲞ" */
    0x0, 0x2f, 0x20, 0x0, 0x0, 0x0, 0x0, 0x19,
    0x0, 0x0, 0x0, 0x0, 0x0, 0x0, 0x0, 0x0,
    0x0, 0x0, 0x3, 0xdf, 0xe8, 0x0, 0x5, 0xf2,
    0x1, 0x63, 0x7f, 0x50, 0x6, 0xf2, 0x0, 0x0,
    0xe, 0x90, 0x6, 0xf2, 0x0, 0x0, 0xa, 0xd0,
    0x6, 0xf2, 0x4, 0x44, 0x48, 0xf6, 0x48, 0xf2,
    0x2f, 0xff, 0xff, 0xff, 0xff, 0xf2, 0x0, 0x0,
    0x0, 0x0, 0x0, 0x0, 0x0, 0x0, 0x0, 0x0,
    0x8, 0x20, 0x0, 0x0, 0x0, 0x0, 0xe, 0x40,

    /* U+FC9F "ﲟ" */
    0x0, 0x0, 0x0, 0x0, 0x0, 0x0, 0x0, 0x3c,
    0xff, 0x80, 0x0, 0xea, 0x0, 0xcc, 0x48, 0xf5,
    0x0, 0xea, 0x0, 0xf7, 0x0, 0xf9, 0x0, 0xea,
    0x0, 0xf7, 0x1, 0xf8, 0x0, 0xea, 0x4, 0xdc,
    0x4b, 0xfb, 0x44, 0xea, 0x2f, 0xff, 0xfd, 0x6c,
    0xff, 0xfa, 0x0, 0x0, 0x0, 0x0, 0x0, 0x0,
    0x0, 0x0, 0x0, 0x0, 0x4, 0x70, 0x0, 0x0,
    0x0, 0x0, 0x7, 0xc0,

    /* U+FCA0 "ﲠ" */
    0x0, 0x0, 0x0, 0x0, 0x0, 0x0, 0x0, 0x0,
    0x2, 0xcf, 0xff, 0xd6, 0x0, 0x0, 0x0, 0x0,
    0xa, 0x54, 0x5b, 0xf7, 0x0, 0x0, 0x0, 0x0,
    0x1, 0x0, 0xb, 0xf0, 0x0, 0x77, 0x0, 0x4e,
    0xfe, 0x50, 0x5f, 0x30, 0xd, 0xb0, 0xf, 0xc4,
    0xcf, 0x4, 0xf4, 0x0, 0xdb, 0x1, 0xf7, 0x6,
    0xf1, 0x4f, 0x40, 0xd, 0xb0, 0x4d, 0xe5, 0x9f,
    0x57, 0xf7, 0x44, 0xdb, 0x2f, 0xff, 0xff, 0xff,
    0xff, 0xff, 0xff, 0xb0, 0x0, 0x0, 0x0, 0x0,
    0x0, 0x0, 0x0, 0x0, 0x0, 0x0, 0x0, 0x0,
    0x0, 0x38, 0x0, 0x0, 0x0, 0x0, 0x0, 0x0,
    0x6, 0xe0,

    /* U+FCA1 "ﲡ" */
    0x0, 0x0, 0x0, 0x0, 0xa9, 0x9a, 0x0, 0x0,
    0x0, 0x0, 0x55, 0x55, 0x0, 0x0, 0x0, 0x0,
    0x0, 0x0, 0x3, 0xdf, 0xe8, 0x0, 0x5, 0xf2,
    0x1, 0x63, 0x7f, 0x50, 0x6, 0xf2, 0x0, 0x0,
    0xe, 0x90, 0x6, 0xf2, 0x0, 0x0, 0xa, 0xd0,
    0x6, 0xf2, 0x4, 0x44, 0x48, 0xf6, 0x48, 0xf2,
    0x2f, 0xff, 0xff, 0xff, 0xff, 0xf2, 0x0, 0x0,
    0x0, 0x0, 0x0, 0x0, 0x0, 0x6, 0x50, 0x0,
    0x0, 0x0, 0x0, 0xb, 0x80, 0x0, 0x0, 0x0,

    /* U+FCA2 "ﲢ" */
    0x0, 0x0, 0x0, 0x0, 0xa9, 0x9a, 0x0, 0x0,
    0x0, 0x0, 0x55, 0x55, 0x0, 0x0, 0x0, 0x0,
    0x0, 0x0, 0x3, 0xdf, 0xe8, 0x0, 0x5, 0xf2,
    0x1, 0x63, 0x7f, 0x50, 0x6, 0xf2, 0x0, 0x0,
    0xe, 0x90, 0x6, 0xf2, 0x0, 0x0, 0xa, 0xd0,
    0x6, 0xf2, 0x4, 0x44, 0x48, 0xf6, 0x48, 0xf2,
    0x2f, 0xff, 0xff, 0xff, 0xff, 0xf2,

    /* U+FCA3 "ﲣ" */
    0x0, 0x2f, 0x20, 0x0, 0xa9, 0x9a, 0x0, 0x19,
    0x0, 0x0, 0x55, 0x55, 0x0, 0x0, 0x0, 0x0,
    0x0, 0x0, 0x3, 0xdf, 0xe8, 0x0, 0x5, 0xf2,
    0x1, 0x63, 0x7f, 0x50, 0x6, 0xf2, 0x0, 0x0,
    0xe, 0x90, 0x6, 0xf2, 0x0, 0x0, 0xa, 0xd0,
    0x6, 0xf2, 0x4, 0x44, 0x48, 0xf6, 0x48, 0xf2,
    0x2f, 0xff, 0xff, 0xff, 0xff, 0xf2,

    /* U+FCA4 "ﲤ" */
    0x0, 0x0, 0x0, 0x0, 0x3f, 0x4f, 0x20, 0x0,
    0x0, 0x0, 0x1, 0x91, 0x91, 0x0, 0x0, 0x0,
    0x0, 0x0, 0x0, 0x0, 0x3, 0xcf, 0xf8, 0x0,
    0xe, 0xa0, 0x0, 0xcc, 0x48, 0xf5, 0x0, 0xea,
    0x0, 0xf, 0x70, 0xf, 0x90, 0xe, 0xa0, 0x0,
    0xf7, 0x1, 0xf8, 0x0, 0xea, 0x0, 0x4d, 0xc4,
    0xbf, 0xb4, 0x4e, 0xa0, 0x2f, 0xff, 0xfd, 0x6c,
    0xff, 0xfa, 0x0,

    /* U+FCA5 "ﲥ" */
    0x0, 0x0, 0x0, 0x0, 0x0, 0x2, 0xf4, 0xf3,
    0x0, 0x2b, 0xff, 0xfd, 0x60, 0x0, 0x91, 0x91,
    0x0, 0xa, 0x54, 0x5b, 0xf7, 0x0, 0x0, 0x0,
    0x0, 0x0, 0x10, 0x0, 0xbf, 0x0, 0x7, 0x70,
    0x0, 0x4e, 0xfe, 0x50, 0x5f, 0x30, 0xd, 0xb0,
    0x0, 0xfc, 0x4c, 0xf0, 0x4f, 0x40, 0xd, 0xb0,
    0x1, 0xf7, 0x6, 0xf1, 0x4f, 0x40, 0xd, 0xb0,
    0x4, 0xde, 0x59, 0xf5, 0x7f, 0x74, 0x4d, 0xb0,
    0x2f, 0xff, 0xff, 0xff, 0xff, 0xff, 0xff, 0xb0,

    /* U+FCA6 "ﲦ" */
    0x0, 0x0, 0x0, 0x0, 0x0, 0x0, 0x0, 0x0,
    0x0, 0x0, 0x0, 0x1f, 0x10, 0x0, 0x0, 0x0,
    0x0, 0x3f, 0x4f, 0x20, 0x0, 0x0, 0x0, 0x1,
    0x91, 0x91, 0x0, 0x0, 0x0, 0x0, 0x0, 0x0,
    0x0, 0x3, 0xcf, 0xf8, 0x0, 0xe, 0xa0, 0x0,
    0xcc, 0x48, 0xf5, 0x0, 0xea, 0x0, 0xf, 0x70,
    0xf, 0x90, 0xe, 0xa0, 0x0, 0xf7, 0x1, 0xf8,
    0x0, 0xea, 0x0, 0x4d, 0xc4, 0xbf, 0xb4, 0x4e,
    0xa0, 0x2f, 0xff, 0xfd, 0x6c, 0xff, 0xfa, 0x0,

    /* U+FCA7 "ﲧ" */
    0x0, 0x0, 0x0, 0x0, 0x0, 0x0, 0x0, 0x0,
    0x3d, 0xff, 0x90, 0x1, 0xcf, 0xfb, 0x0, 0x1,
    0x74, 0x8f, 0x50, 0x8, 0x46, 0xf8, 0x0, 0x0,
    0x0, 0xe9, 0x0, 0x0, 0xc, 0xc0, 0x0, 0x0,
    0xa, 0xd0, 0x0, 0x0, 0x8f, 0x0, 0x44, 0x44,
    0x8f, 0x64, 0x44, 0x46, 0xf6, 0x2f, 0xff, 0xff,
    0xff, 0xff, 0xff, 0xff, 0x90, 0x0, 0x0, 0x0,
    0x0, 0x0, 0x0, 0x0, 0x0, 0x0, 0x0, 0x0,
    0x0, 0x46, 0x0, 0x0, 0x0, 0x0, 0x0, 0x0,
    0x8, 0xb0, 0x0,

    /* U+FCA8 "ﲨ" */
    0x0, 0x0, 0x0, 0x0, 0x0, 0x0, 0x0, 0x0,
    0x0, 0x3c, 0xff, 0x80, 0x7, 0xef, 0xe5, 0x0,
    0x0, 0xcc, 0x48, 0xf5, 0x4, 0x54, 0xcf, 0x0,
    0x0, 0xf7, 0x0, 0xf9, 0x0, 0x0, 0x4f, 0x40,
    0x0, 0xf7, 0x1, 0xf8, 0x0, 0x0, 0x1f, 0x70,
    0x4, 0xdc, 0x4c, 0xfb, 0x44, 0x44, 0x4c, 0xd0,
    0x2f, 0xff, 0xfd, 0x6c, 0xff, 0xff, 0xff, 0xf1,
    0x0, 0x0, 0x0, 0x0, 0x0, 0x0, 0x0, 0x0,
    0x0, 0x0, 0x0, 0x0, 0x0, 0x9, 0x10, 0x0,
    0x0, 0x0, 0x0, 0x0, 0x0, 0x1f, 0x30, 0x0,

    /* U+FCA9 "ﲩ" */
    0x0, 0x0, 0x0, 0x0, 0x0, 0x0, 0x0, 0x0,
    0x3d, 0xff, 0x90, 0x1, 0xcf, 0xfb, 0x0, 0x1,
    0x74, 0x8f, 0x50, 0x8, 0x46, 0xf8, 0x0, 0x0,
    0x0, 0xe9, 0x0, 0x0, 0xc, 0xc0, 0x0, 0x0,
    0xa, 0xd0, 0x0, 0x0, 0x8f, 0x0, 0x44, 0x44,
    0x8f, 0x64, 0x44, 0x46, 0xf6, 0x2f, 0xff, 0xff,
    0xff, 0xff, 0xff, 0xff, 0x90, 0x0, 0x0, 0x0,
    0x0, 0x0, 0x0, 0x0, 0x0, 0x6, 0x50, 0x0,
    0x0, 0x0, 0x0, 0x0, 0x0, 0xb8, 0x0, 0x0,
    0x0, 0x0, 0x0,

    /* U+FCAA "ﲪ" */
    0x0, 0x0, 0x0, 0x0, 0x0, 0x0, 0x0, 0x0,
    0x0, 0x3c, 0xff, 0x80, 0x7, 0xef, 0xe5, 0x0,
    0x0, 0xcc, 0x48, 0xf5, 0x4, 0x54, 0xcf, 0x0,
    0x0, 0xf7, 0x0, 0xf9, 0x0, 0x0, 0x4f, 0x40,
    0x0, 0xf7, 0x1, 0xf8, 0x0, 0x0, 0x1f, 0x70,
    0x4, 0xdc, 0x4c, 0xfb, 0x44, 0x44, 0x4c, 0xd0,
    0x2f, 0xff, 0xfd, 0x6c, 0xff, 0xff, 0xff, 0xf1,

    /* U+FCAB "ﲫ" */
    0x0, 0x0, 0x0, 0x0, 0x0, 0xe4, 0x0, 0x0,
    0x0, 0x0, 0x0, 0x0, 0x8, 0x20, 0x0, 0x0,
    0x0, 0x0, 0x0, 0x0, 0x0, 0x0, 0x0, 0x3d,
    0xff, 0x90, 0x1, 0xcf, 0xfb, 0x0, 0x1, 0x74,
    0x8f, 0x50, 0x8, 0x46, 0xf8, 0x0, 0x0, 0x0,
    0xe9, 0x0, 0x0, 0xc, 0xc0, 0x0, 0x0, 0xa,
    0xd0, 0x0, 0x0, 0x8f, 0x0, 0x44, 0x44, 0x8f,
    0x64, 0x44, 0x46, 0xf6, 0x2f, 0xff, 0xff, 0xff,
    0xff, 0xff, 0xff, 0x90, 0x0, 0x0, 0x0, 0x0,
    0x0, 0x0, 0x0, 0x0, 0x6, 0x50, 0x0, 0x0,
    0x0, 0x0, 0x0, 0x0, 0xb8, 0x0, 0x0, 0x0,
    0x0, 0x0,

    /* U+FCAC "ﲬ" */
    0x0, 0x0, 0x0, 0x0, 0x0, 0x7c, 0x0, 0x0,
    0x0, 0x0, 0x0, 0x0, 0x0, 0x46, 0x0, 0x0,
    0x0, 0x0, 0x0, 0x0, 0x0, 0x0, 0x0, 0x0,
    0x0, 0x3c, 0xff, 0x80, 0x7, 0xef, 0xe5, 0x0,
    0x0, 0xcc, 0x48, 0xf5, 0x4, 0x54, 0xcf, 0x0,
    0x0, 0xf7, 0x0, 0xf9, 0x0, 0x0, 0x4f, 0x40,
    0x0, 0xf7, 0x1, 0xf8, 0x0, 0x0, 0x1f, 0x70,
    0x4, 0xdc, 0x4c, 0xfb, 0x44, 0x44, 0x4c, 0xd0,
    0x2f, 0xff, 0xfd, 0x6c, 0xff, 0xff, 0xff, 0xf1,

    /* U+FCAD "ﲭ" */
    0x3, 0xdf, 0xe8, 0x0, 0x0, 0x0, 0x0, 0x0,
    0xd, 0xa0, 0x16, 0x37, 0xf5, 0x0, 0x5f, 0x30,
    0x8f, 0x0, 0xdb, 0x0, 0x0, 0xe, 0x90, 0x5,
    0xf3, 0x8, 0xf0, 0xd, 0xb0, 0x0, 0x0, 0xad,
    0x0, 0x5f, 0x30, 0x8f, 0x0, 0xdb, 0x4, 0x44,
    0x48, 0xf6, 0x48, 0xf6, 0x4d, 0xf9, 0x4e, 0xb2,
    0xff, 0xff, 0xff, 0xff, 0xff, 0xff, 0xd5, 0xcf,
    0xfb, 0x0, 0x0, 0x0, 0x0, 0x0, 0x0, 0x0,
    0x0, 0x0, 0x0, 0x0, 0x65, 0x0, 0x0, 0x0,
    0x0, 0x0, 0x0, 0x0, 0x0, 0xb, 0x80, 0x0,
    0x0, 0x0, 0x0, 0x0, 0x0, 0x0,

    /* U+FCAE "ﲮ" */
    0x3, 0xdf, 0xe8, 0x0, 0x0, 0x0, 0x0, 0x0,
    0xd, 0xa0, 0x16, 0x37, 0xf5, 0x0, 0x5f, 0x30,
    0x8f, 0x0, 0xdb, 0x0, 0x0, 0xe, 0x90, 0x5,
    0xf3, 0x8, 0xf0, 0xd, 0xb0, 0x0, 0x0, 0xad,
    0x0, 0x5f, 0x30, 0x8f, 0x0, 0xdb, 0x4, 0x44,
    0x48, 0xf6, 0x48, 0xf6, 0x4d, 0xf9, 0x4e, 0xb2,
    0xff, 0xff, 0xff, 0xff, 0xff, 0xff, 0xd5, 0xcf,
    0xfb,

    /* U+FCAF "ﲯ" */
    0x0, 0x2f, 0x20, 0x0, 0x0, 0x0, 0x0, 0x0,
    0x0, 0x0, 0x1, 0x90, 0x0, 0x0, 0x0, 0x0,
    0x0, 0x0, 0x0, 0x0, 0x0, 0x0, 0x0, 0x0,
    0x0, 0x0, 0x0, 0x0, 0x0, 0x3d, 0xfe, 0x80,
    0x0, 0x0, 0x0, 0x0, 0x0, 0xda, 0x1, 0x63,
    0x7f, 0x50, 0x5, 0xf3, 0x8, 0xf0, 0xd, 0xb0,
    0x0, 0x0, 0xe9, 0x0, 0x5f, 0x30, 0x8f, 0x0,
    0xdb, 0x0, 0x0, 0xa, 0xd0, 0x5, 0xf3, 0x8,
    0xf0, 0xd, 0xb0, 0x44, 0x44, 0x8f, 0x64, 0x8f,
    0x64, 0xdf, 0x94, 0xeb, 0x2f, 0xff, 0xff, 0xff,
    0xff, 0xff, 0xfd, 0x5c, 0xff, 0xb0,

    /* U+FCB0 "ﲰ" */
    0x0, 0x0, 0x0, 0x0, 0x0, 0x0, 0x0, 0x0,
    0x0, 0x10, 0x0, 0x3c, 0xff, 0x80, 0x0, 0x11,
    0x0, 0x21, 0x6, 0xf2, 0x0, 0xcc, 0x48, 0xf5,
    0x0, 0xdb, 0x0, 0xf8, 0x6, 0xf2, 0x0, 0xf7,
    0x0, 0xf9, 0x0, 0xdb, 0x0, 0xf8, 0x6, 0xf2,
    0x0, 0xf7, 0x1, 0xf8, 0x0, 0xdb, 0x0, 0xf8,
    0x6, 0xf2, 0x4, 0xdc, 0x4b, 0xfb, 0x44, 0xec,
    0x48, 0xfe, 0x58, 0xf2, 0x2f, 0xff, 0xfd, 0x6c,
    0xff, 0xff, 0xff, 0x98, 0xff, 0xf2,

    /* U+FCB1 "ﲱ" */
    0x3, 0xce, 0xd7, 0x0, 0x6, 0xe0, 0x5c, 0xeb,
    0x30, 0x0, 0x62, 0x6f, 0x40, 0x7, 0xf7, 0xb2,
    0x3c, 0xe0, 0x0, 0x0, 0xe, 0x90, 0x7, 0xfb,
    0x0, 0x5, 0xf3, 0x0, 0x0, 0xa, 0xd0, 0x7,
    0xf3, 0x0, 0x4, 0xf4, 0x4, 0x44, 0x48, 0xf6,
    0x49, 0xf5, 0x44, 0x47, 0xf4, 0x2f, 0xff, 0xff,
    0xff, 0xff, 0xff, 0xff, 0xff, 0xf4,

    /* U+FCB2 "ﲲ" */
    0x0, 0x2f, 0x20, 0x0, 0x0, 0x0, 0x0, 0x0,
    0x0, 0x0, 0x19, 0x0, 0x0, 0x0, 0x0, 0x0,
    0x0, 0x0, 0x0, 0x0, 0x0, 0x0, 0x0, 0x0,
    0x0, 0x0, 0x0, 0x3, 0xce, 0xd7, 0x0, 0x6,
    0xe0, 0x5c, 0xeb, 0x30, 0x0, 0x62, 0x6f, 0x40,
    0x7, 0xf7, 0xb2, 0x3c, 0xe0, 0x0, 0x0, 0xe,
    0x90, 0x7, 0xfb, 0x0, 0x5, 0xf3, 0x0, 0x0,
    0xa, 0xd0, 0x7, 0xf3, 0x0, 0x4, 0xf4, 0x4,
    0x44, 0x48, 0xf6, 0x49, 0xf5, 0x44, 0x47, 0xf4,
    0x2f, 0xff, 0xff, 0xff, 0xff, 0xff, 0xff, 0xff,
    0xf4,

    /* U+FCB3 "ﲳ" */
    0x0, 0x2a, 0xed, 0x60, 0x0, 0xe8, 0x1a, 0xed,
    0x80, 0x0, 0xcc, 0x27, 0xf4, 0x0, 0xf9, 0xd5,
    0x26, 0xf6, 0x0, 0xf7, 0x0, 0xf9, 0x0, 0xff,
    0x40, 0x0, 0xda, 0x0, 0xf7, 0x1, 0xf8, 0x0,
    0xfa, 0x0, 0x0, 0xdb, 0x4, 0xdc, 0x4b, 0xfb,
    0x44, 0xfa, 0x44, 0x44, 0xdb, 0x2f, 0xff, 0xfd,
    0x6c, 0xff, 0xff, 0xff, 0xff, 0xfb,

    /* U+FCB4 "ﲴ" */
    0x0, 0x0, 0x0, 0x0, 0x0, 0x0, 0x6d, 0x0,
    0x0, 0x0, 0x0, 0x0, 0x0, 0x0, 0x0, 0x37,
    0x0, 0x0, 0x0, 0x0, 0x0, 0x0, 0x0, 0x0,
    0x0, 0x0, 0x0, 0x3, 0xce, 0xd7, 0x0, 0x6,
    0xe0, 0x5c, 0xeb, 0x30, 0x0, 0x62, 0x6f, 0x40,
    0x7, 0xf7, 0xb2, 0x3c, 0xe0, 0x0, 0x0, 0xe,
    0x90, 0x7, 0xfb, 0x0, 0x5, 0xf3, 0x0, 0x0,
    0xa, 0xd0, 0x7, 0xf3, 0x0, 0x4, 0xf4, 0x4,
    0x44, 0x48, 0xf6, 0x49, 0xf5, 0x44, 0x47, 0xf4,
    0x2f, 0xff, 0xff, 0xff, 0xff, 0xff, 0xff, 0xff,
    0xf4, 0x0, 0x0, 0x0, 0x0, 0x0, 0x0, 0x0,
    0x0, 0x0, 0x0, 0x6, 0x50, 0x0, 0x0, 0x0,
    0x0, 0x0, 0x0, 0x0, 0xb, 0x80, 0x0, 0x0,
    0x0, 0x0, 0x0, 0x0,

    /* U+FCB5 "ﲵ" */
    0x0, 0x0, 0x0, 0x0, 0x0, 0x0, 0x6d, 0x0,
    0x0, 0x0, 0x0, 0x0, 0x0, 0x0, 0x0, 0x37,
    0x0, 0x0, 0x0, 0x0, 0x0, 0x0, 0x0, 0x0,
    0x0, 0x0, 0x0, 0x3, 0xce, 0xd7, 0x0, 0x6,
    0xe0, 0x5c, 0xeb, 0x30, 0x0, 0x62, 0x6f, 0x40,
    0x7, 0xf7, 0xb2, 0x3c, 0xe0, 0x0, 0x0, 0xe,
    0x90, 0x7, 0xfb, 0x0, 0x5, 0xf3, 0x0, 0x0,
    0xa, 0xd0, 0x7, 0xf3, 0x0, 0x4, 0xf4, 0x4,
    0x44, 0x48, 0xf6, 0x49, 0xf5, 0x44, 0x47, 0xf4,
    0x2f, 0xff, 0xff, 0xff, 0xff, 0xff, 0xff, 0xff,
    0xf4,

    /* U+FCB6 "ﲶ" */
    0x0, 0x2f, 0x20, 0x0, 0x0, 0x0, 0x6d, 0x0,
    0x0, 0x0, 0x19, 0x0, 0x0, 0x0, 0x0, 0x37,
    0x0, 0x0, 0x0, 0x0, 0x0, 0x0, 0x0, 0x0,
    0x0, 0x0, 0x0, 0x3, 0xce, 0xd7, 0x0, 0x6,
    0xe0, 0x5c, 0xeb, 0x30, 0x0, 0x62, 0x6f, 0x40,
    0x7, 0xf7, 0xb2, 0x3c, 0xe0, 0x0, 0x0, 0xe,
    0x90, 0x7, 0xfb, 0x0, 0x5, 0xf3, 0x0, 0x0,
    0xa, 0xd0, 0x7, 0xf3, 0x0, 0x4, 0xf4, 0x4,
    0x44, 0x48, 0xf6, 0x49, 0xf5, 0x44, 0x47, 0xf4,
    0x2f, 0xff, 0xff, 0xff, 0xff, 0xff, 0xff, 0xff,
    0xf4,

    /* U+FCB7 "ﲷ" */
    0x0, 0x0, 0x0, 0x0, 0x0, 0x0, 0xe, 0x50,
    0x0, 0x0, 0x0, 0x0, 0x0, 0x0, 0x0, 0x8,
    0x20, 0x0, 0x0, 0x0, 0x0, 0x0, 0x0, 0x0,
    0x0, 0x0, 0x0, 0x0, 0x2a, 0xed, 0x60, 0x0,
    0xe8, 0x1a, 0xed, 0x80, 0x0, 0xcc, 0x27, 0xf4,
    0x0, 0xf9, 0xd5, 0x26, 0xf6, 0x0, 0xf7, 0x0,
    0xf9, 0x0, 0xff, 0x40, 0x0, 0xda, 0x0, 0xf7,
    0x1, 0xf8, 0x0, 0xfa, 0x0, 0x0, 0xdb, 0x4,
    0xdc, 0x4b, 0xfb, 0x44, 0xfa, 0x44, 0x44, 0xdb,
    0x2f, 0xff, 0xfd, 0x6c, 0xff, 0xff, 0xff, 0xff,
    0xfb,

    /* U+FCB8 "ﲸ" */
    0x0, 0x0, 0x0, 0x0, 0x3, 0xf5, 0x0, 0x0,
    0x0, 0x0, 0x0, 0x0, 0x0, 0x3, 0xf5, 0x0,
    0x0, 0x0, 0x0, 0x0, 0x0, 0x0, 0x3, 0xf5,
    0x0, 0x0, 0x0, 0x3, 0xdf, 0xf9, 0x0, 0x3,
    0xf5, 0x4d, 0xfe, 0x70, 0x1, 0x74, 0x8f, 0x50,
    0x3, 0xf8, 0xd5, 0x4b, 0xf3, 0x0, 0x0, 0xe,
    0x90, 0x3, 0xfe, 0x20, 0x1, 0xf7, 0x0, 0x0,
    0xb, 0xd0, 0x3, 0xf7, 0x0, 0x0, 0xf7, 0x4,
    0x44, 0x48, 0xf6, 0x47, 0xf7, 0x44, 0x44, 0xf7,
    0x2f, 0xff, 0xff, 0xff, 0xff, 0xff, 0xff, 0xff,
    0xf7,

    /* U+FCB9 "ﲹ" */
    0x0, 0x0, 0x0, 0x0, 0x0, 0xcc, 0x0, 0xc7,
    0x0, 0x0, 0x0, 0x0, 0x0, 0x0, 0xcc, 0x0,
    0x42, 0x0, 0x0, 0x0, 0x0, 0x0, 0x0, 0xcc,
    0x0, 0x0, 0x0, 0x0, 0x3c, 0xff, 0x80, 0x0,
    0xcc, 0xa, 0xff, 0xc1, 0x0, 0xcc, 0x48, 0xf5,
    0x0, 0xcc, 0xb9, 0x46, 0xfa, 0x0, 0xf7, 0x0,
    0xf9, 0x0, 0xcf, 0x80, 0x0, 0xae, 0x0, 0xf7,
    0x1, 0xf8, 0x0, 0xce, 0x0, 0x0, 0x9f, 0x4,
    0xdc, 0x4b, 0xfb, 0x44, 0xdd, 0x44, 0x44, 0xaf,
    0x2f, 0xff, 0xfd, 0x6c, 0xff, 0xff, 0xff, 0xff,
    0xff,

    /* U+FCBA "ﲺ" */
    0x0, 0x0, 0x0, 0x0, 0x0, 0x0, 0x0, 0x0,
    0x3d, 0xff, 0x90, 0x0, 0x1a, 0xff, 0xd0, 0x1,
    0x74, 0x8f, 0x50, 0xa, 0xf5, 0x45, 0x0, 0x0,
    0x0, 0xe9, 0x0, 0xf9, 0x0, 0x0, 0x0, 0x0,
    0xb, 0xd0, 0xe, 0xa0, 0x0, 0x0, 0x44, 0x44,
    0x8f, 0x64, 0x9f, 0x64, 0x40, 0x2f, 0xff, 0xff,
    0xff, 0xff, 0xff, 0xff, 0x30, 0x0, 0x0, 0x0,
    0x0, 0x0, 0x0, 0x0, 0x0, 0x6, 0x50, 0x0,
    0x0, 0x0, 0x0, 0x0, 0x0, 0xb8, 0x0, 0x0,
    0x0, 0x0, 0x0,

    /* U+FCBB "ﲻ" */
    0x0, 0x0, 0x0, 0x0, 0x0, 0x0, 0x0, 0x0,
    0x3, 0xcf, 0xf8, 0x0, 0x5, 0xdf, 0xf5, 0x0,
    0xcc, 0x48, 0xf5, 0x3, 0xfa, 0x45, 0x20, 0xf,
    0x70, 0xf, 0x90, 0x7f, 0x10, 0x0, 0x0, 0xf7,
    0x1, 0xf8, 0x6, 0xf1, 0x0, 0x0, 0x4d, 0xc4,
    0xbf, 0xb4, 0x4e, 0xb4, 0x43, 0x2f, 0xff, 0xfd,
    0x6c, 0xff, 0xff, 0xff, 0xb0,

    /* U+FCBC "ﲼ" */
    0x0, 0x0, 0x0, 0x0, 0x0, 0x19, 0x0, 0x0,
    0x0, 0x0, 0x0, 0x0, 0x3, 0xf1, 0x0, 0x0,
    0x0, 0x0, 0x0, 0x0, 0x0, 0x0, 0x0, 0x3d,
    0xff, 0x90, 0x0, 0x1a, 0xff, 0xd0, 0x1, 0x74,
    0x8f, 0x50, 0xa, 0xf5, 0x45, 0x0, 0x0, 0x0,
    0xe9, 0x0, 0xf9, 0x0, 0x0, 0x0, 0x0, 0xb,
    0xd0, 0xe, 0xa0, 0x0, 0x0, 0x44, 0x44, 0x8f,
    0x64, 0x9f, 0x64, 0x40, 0x2f, 0xff, 0xff, 0xff,
    0xff, 0xff, 0xff, 0x30, 0x0, 0x0, 0x0, 0x0,
    0x0, 0x0, 0x0, 0x0, 0x6, 0x50, 0x0, 0x0,
    0x0, 0x0, 0x0, 0x0, 0xb8, 0x0, 0x0, 0x0,
    0x0, 0x0,

    /* U+FCBD "ﲽ" */
    0x0, 0x0, 0x0, 0x0, 0x0, 0x6, 0x50, 0x0,
    0x0, 0x0, 0x0, 0x0, 0x0, 0xa9, 0x0, 0x0,
    0x0, 0x0, 0x0, 0x0, 0x0, 0x0, 0x0, 0x3,
    0xcf, 0xf8, 0x0, 0x5, 0xdf, 0xf5, 0x0, 0xcc,
    0x48, 0xf5, 0x3, 0xfa, 0x45, 0x20, 0xf, 0x70,
    0xf, 0x90, 0x7f, 0x10, 0x0, 0x0, 0xf7, 0x1,
    0xf8, 0x6, 0xf1, 0x0, 0x0, 0x4d, 0xc4, 0xbf,
    0xb4, 0x4e, 0xb4, 0x43, 0x2f, 0xff, 0xfd, 0x6c,
    0xff, 0xff, 0xff, 0xb0,

    /* U+FCBE "ﲾ" */
    0x0, 0x0, 0x0, 0x0, 0x0, 0x8, 0x30, 0x0,
    0x0, 0x0, 0x0, 0x0, 0x0, 0xd6, 0x0, 0x0,
    0x0, 0x0, 0x0, 0x0, 0x0, 0x0, 0x0, 0x3e,
    0xff, 0x90, 0x0, 0x7, 0xef, 0xfa, 0x0, 0x64,
    0x8f, 0x50, 0x5, 0xfa, 0x4e, 0xa0, 0x0, 0x0,
    0xe9, 0x0, 0xbe, 0x0, 0xea, 0x0, 0x0, 0xb,
    0xd0, 0xa, 0xe0, 0xe, 0xa0, 0x44, 0x44, 0x8f,
    0x64, 0x8f, 0x94, 0xea, 0x2f, 0xff, 0xff, 0xff,
    0xff, 0xff, 0xff, 0xa0, 0x0, 0x0, 0x0, 0x0,
    0x0, 0x0, 0x0, 0x0, 0x6, 0x50, 0x0, 0x0,
    0x0, 0x0, 0x0, 0x0, 0xb8, 0x0, 0x0, 0x0,
    0x0, 0x0,

    /* U+FCBF "ﲿ" */
    0x0, 0x0, 0x0, 0x0, 0x0, 0x8, 0x30, 0x0,
    0x0, 0x0, 0x0, 0x0, 0x0, 0xd6, 0x0, 0x0,
    0x0, 0x0, 0x0, 0x0, 0x0, 0x0, 0x0, 0x3e,
    0xff, 0x90, 0x0, 0x7, 0xef, 0xfa, 0x0, 0x64,
    0x8f, 0x50, 0x5, 0xfa, 0x4e, 0xa0, 0x0, 0x0,
    0xe9, 0x0, 0xbe, 0x0, 0xea, 0x0, 0x0, 0xb,
    0xd0, 0xa, 0xe0, 0xe, 0xa0, 0x44, 0x44, 0x8f,
    0x64, 0x8f, 0x94, 0xea, 0x2f, 0xff, 0xff, 0xff,
    0xff, 0xff, 0xff, 0xa0,

    /* U+FCC0 "ﳀ" */
    0x0, 0x2f, 0x20, 0x0, 0x0, 0x8, 0x30, 0x0,
    0x1, 0x90, 0x0, 0x0, 0x0, 0xd6, 0x0, 0x0,
    0x0, 0x0, 0x0, 0x0, 0x0, 0x0, 0x0, 0x3e,
    0xff, 0x90, 0x0, 0x7, 0xef, 0xfa, 0x0, 0x64,
    0x8f, 0x50, 0x5, 0xfa, 0x4e, 0xa0, 0x0, 0x0,
    0xe9, 0x0, 0xbe, 0x0, 0xea, 0x0, 0x0, 0xb,
    0xd0, 0xa, 0xe0, 0xe, 0xa0, 0x44, 0x44, 0x8f,
    0x64, 0x8f, 0x94, 0xea, 0x2f, 0xff, 0xff, 0xff,
    0xff, 0xff, 0xff, 0xa0,

    /* U+FCC1 "ﳁ" */
    0x0, 0x0, 0x0, 0x0, 0x0, 0x3, 0x80, 0x0,
    0x0, 0x0, 0x0, 0x0, 0x0, 0x5, 0xe0, 0x0,
    0x0, 0x0, 0x0, 0x0, 0x0, 0x0, 0x0, 0x0,
    0x0, 0x3c, 0xff, 0x80, 0x0, 0x2b, 0xff, 0xf2,
    0x0, 0xcc, 0x48, 0xf5, 0x0, 0xde, 0x58, 0xf2,
    0x0, 0xf7, 0x0, 0xf9, 0x3, 0xf6, 0x6, 0xf2,
    0x0, 0xf7, 0x1, 0xf8, 0x3, 0xf6, 0x6, 0xf2,
    0x4, 0xdc, 0x4b, 0xfb, 0x44, 0xed, 0x59, 0xf2,
    0x2f, 0xff, 0xfd, 0x6c, 0xff, 0xff, 0xff, 0xf2,

    /* U+FCC2 "ﳂ" */
    0x0, 0x0, 0x0, 0x0, 0x0, 0xd6, 0xc7, 0x0,
    0x0, 0x0, 0x0, 0x0, 0x7, 0x37, 0x40, 0x0,
    0x0, 0x0, 0x0, 0x0, 0x0, 0x0, 0x0, 0x3e,
    0xff, 0x90, 0x0, 0x7, 0xef, 0xfa, 0x0, 0x64,
    0x8f, 0x50, 0x5, 0xfa, 0x4e, 0xa0, 0x0, 0x0,
    0xe9, 0x0, 0xbe, 0x0, 0xea, 0x0, 0x0, 0xb,
    0xd0, 0xa, 0xe0, 0xe, 0xa0, 0x44, 0x44, 0x8f,
    0x64, 0x8f, 0x94, 0xea, 0x2f, 0xff, 0xff, 0xff,
    0xff, 0xff, 0xff, 0xa0,

    /* U+FCC3 "ﳃ" */
    0x0, 0x0, 0x0, 0x0, 0x0, 0x5e, 0x5e, 0x0,
    0x0, 0x0, 0x0, 0x0, 0x0, 0x28, 0x28, 0x0,
    0x0, 0x0, 0x0, 0x0, 0x0, 0x0, 0x0, 0x0,
    0x0, 0x3c, 0xff, 0x80, 0x0, 0x2b, 0xff, 0xf2,
    0x0, 0xcc, 0x48, 0xf5, 0x0, 0xde, 0x58, 0xf2,
    0x0, 0xf7, 0x0, 0xf9, 0x3, 0xf6, 0x6, 0xf2,
    0x0, 0xf7, 0x1, 0xf8, 0x3, 0xf6, 0x6, 0xf2,
    0x4, 0xdc, 0x4b, 0xfb, 0x44, 0xed, 0x59, 0xf2,
    0x2f, 0xff, 0xfd, 0x6c, 0xff, 0xff, 0xff, 0xf2,

    /* U+FCC4 "ﳄ" */
    0x0, 0x0, 0x0, 0x0, 0x0, 0x1, 0x86, 0x0,
    0x0, 0x0, 0x0, 0x0, 0x3, 0xef, 0x70, 0x0,
    0x0, 0x0, 0x0, 0x2, 0xec, 0x20, 0x0, 0x0,
    0x0, 0x0, 0x0, 0xcc, 0x0, 0x0, 0x2, 0xcf,
    0xf9, 0x0, 0x2f, 0xff, 0xd6, 0x0, 0x18, 0x38,
    0xf5, 0x0, 0x33, 0x4b, 0xf3, 0x0, 0x0, 0xe,
    0x90, 0x0, 0x0, 0x2f, 0x70, 0x0, 0x0, 0xbd,
    0x0, 0x0, 0x1, 0xf7, 0x4, 0x44, 0x48, 0xf6,
    0x44, 0x44, 0x5f, 0x72, 0xff, 0xff, 0xff, 0xff,
    0xff, 0xff, 0xf7, 0x0, 0x0, 0x0, 0x0, 0x0,
    0x0, 0x0, 0x0, 0x0, 0x65, 0x0, 0x0, 0x0,
    0x0, 0x0, 0x0, 0xb, 0x80, 0x0, 0x0, 0x0,
    0x0, 0x0,

    /* U+FCC5 "ﳅ" */
    0x0, 0x0, 0x0, 0x0, 0x0, 0x1, 0x86, 0x0,
    0x0, 0x0, 0x0, 0x0, 0x3, 0xef, 0x70, 0x0,
    0x0, 0x0, 0x0, 0x2, 0xec, 0x20, 0x0, 0x0,
    0x0, 0x0, 0x0, 0xcc, 0x0, 0x0, 0x2, 0xcf,
    0xf9, 0x0, 0x2f, 0xff, 0xd6, 0x0, 0x18, 0x38,
    0xf5, 0x0, 0x33, 0x4b, 0xf3, 0x0, 0x0, 0xe,
    0x90, 0x0, 0x0, 0x2f, 0x70, 0x0, 0x0, 0xbd,
    0x0, 0x0, 0x1, 0xf7, 0x4, 0x44, 0x48, 0xf6,
    0x44, 0x44, 0x5f, 0x72, 0xff, 0xff, 0xff, 0xff,
    0xff, 0xff, 0xf7,

    /* U+FCC6 "ﳆ" */
    0x0, 0x0, 0x0, 0x0, 0x0, 0x1, 0x96, 0x0,
    0x2, 0xf2, 0x0, 0x0, 0x3, 0xef, 0x70, 0x0,
    0x19, 0x0, 0x0, 0x2, 0xfc, 0x10, 0x0, 0x0,
    0x0, 0x0, 0x0, 0xdc, 0x0, 0x0, 0x2, 0xcf,
    0xf9, 0x0, 0x2f, 0xff, 0xd6, 0x0, 0x18, 0x38,
    0xf5, 0x0, 0x33, 0x4b, 0xf3, 0x0, 0x0, 0xe,
    0x90, 0x0, 0x0, 0x2f, 0x70, 0x0, 0x0, 0xbd,
    0x0, 0x0, 0x1, 0xf7, 0x4, 0x44, 0x48, 0xf6,
    0x44, 0x44, 0x5f, 0x72, 0xff, 0xff, 0xff, 0xff,
    0xff, 0xff, 0xf7,

    /* U+FCC7 "ﳇ" */
    0x0, 0x0, 0x0, 0x0, 0x5, 0x90, 0x0, 0x8f,
    0x0, 0x0, 0xaf, 0xc0, 0x0, 0x8f, 0x0, 0xb,
    0xf5, 0x0, 0x0, 0x8f, 0x0, 0x7f, 0x30, 0x0,
    0x0, 0x8f, 0x0, 0xcf, 0xff, 0xa0, 0x0, 0x8f,
    0x0, 0x23, 0x37, 0xf9, 0x0, 0x8f, 0x0, 0x0,
    0x0, 0xcc, 0x0, 0x8f, 0x0, 0x0, 0x0, 0xbc,
    0x4, 0xaf, 0x44, 0x44, 0x44, 0xcc, 0x2f, 0xff,
    0xff, 0xff, 0xff, 0xfc,

    /* U+FCC8 "ﳈ" */
    0x0, 0x0, 0x0, 0x0, 0x0, 0x0, 0x4a, 0x0,
    0x0, 0x0, 0x0, 0x0, 0x0, 0x9f, 0xd2, 0x0,
    0x0, 0x0, 0x0, 0x0, 0xaf, 0x60, 0x0, 0x0,
    0x0, 0x0, 0x0, 0x6f, 0x50, 0x0, 0x0, 0x3c,
    0xff, 0x80, 0xa, 0xff, 0xfb, 0x10, 0xc, 0xc4,
    0x8f, 0x50, 0x23, 0x36, 0xfb, 0x0, 0xf7, 0x0,
    0xf9, 0x0, 0x0, 0xa, 0xe0, 0xf, 0x70, 0x1f,
    0x80, 0x0, 0x0, 0x9f, 0x4, 0xdc, 0x4b, 0xfb,
    0x44, 0x44, 0x4b, 0xf2, 0xff, 0xff, 0xd6, 0xcf,
    0xff, 0xff, 0xff,

    /* U+FCC9 "ﳉ" */
    0x0, 0x0, 0x0, 0x0, 0x6, 0xf2, 0x0, 0x0,
    0x0, 0x0, 0x6, 0xf2, 0x0, 0x0, 0x0, 0x0,
    0x6, 0xf2, 0x3, 0xdf, 0xf9, 0x0, 0x6, 0xf2,
    0x1, 0x74, 0x8f, 0x50, 0x6, 0xf2, 0x0, 0x0,
    0xe, 0x90, 0x6, 0xf2, 0x0, 0x0, 0xb, 0xd0,
    0x6, 0xf2, 0x4, 0x44, 0x48, 0xf6, 0x48, 0xf2,
    0x2f, 0xff, 0xff, 0xff, 0xff, 0xf2, 0x0, 0x0,
    0x0, 0x0, 0x0, 0x0, 0x0, 0x6, 0x50, 0x0,
    0x0, 0x0, 0x0, 0xb, 0x80, 0x0, 0x0, 0x0,

    /* U+FCCA "ﳊ" */
    0x0, 0x0, 0x0, 0x0, 0x6, 0xf2, 0x0, 0x0,
    0x0, 0x0, 0x6, 0xf2, 0x0, 0x0, 0x0, 0x0,
    0x6, 0xf2, 0x3, 0xdf, 0xf9, 0x0, 0x6, 0xf2,
    0x1, 0x74, 0x8f, 0x50, 0x6, 0xf2, 0x0, 0x0,
    0xe, 0x90, 0x6, 0xf2, 0x0, 0x0, 0xb, 0xd0,
    0x6, 0xf2, 0x4, 0x44, 0x48, 0xf6, 0x48, 0xf2,
    0x2f, 0xff, 0xff, 0xff, 0xff, 0xf2,

    /* U+FCCB "ﳋ" */
    0x0, 0x2f, 0x20, 0x0, 0x6, 0xf2, 0x0, 0x1a,
    0x10, 0x0, 0x6, 0xf2, 0x0, 0x0, 0x0, 0x0,
    0x6, 0xf2, 0x3, 0xdf, 0xf9, 0x0, 0x6, 0xf2,
    0x1, 0x74, 0x8f, 0x50, 0x6, 0xf2, 0x0, 0x0,
    0xe, 0x90, 0x6, 0xf2, 0x0, 0x0, 0xb, 0xd0,
    0x6, 0xf2, 0x4, 0x44, 0x48, 0xf6, 0x48, 0xf2,
    0x2f, 0xff, 0xff, 0xff, 0xff, 0xf2,

    /* U+FCCC "ﳌ" */
    0x0, 0x0, 0x0, 0x0, 0x0, 0xea, 0x0, 0x0,
    0x0, 0x0, 0x0, 0xea, 0x0, 0x0, 0x0, 0x0,
    0x0, 0xea, 0x0, 0x3c, 0xff, 0x80, 0x0, 0xea,
    0x0, 0xcc, 0x48, 0xf5, 0x0, 0xea, 0x0, 0xf7,
    0x0, 0xf9, 0x0, 0xea, 0x0, 0xf7, 0x1, 0xf8,
    0x0, 0xea, 0x4, 0xdc, 0x4b, 0xfb, 0x44, 0xea,
    0x2f, 0xff, 0xfd, 0x6c, 0xff, 0xfa,

    /* U+FCCD "ﳍ" */
    0x0, 0x0, 0x0, 0x0, 0x0, 0x0, 0xd, 0xb0,
    0x2, 0xcf, 0xff, 0xd6, 0x0, 0x0, 0xdb, 0x0,
    0xa, 0x54, 0x5b, 0xf7, 0x0, 0xd, 0xb0, 0x0,
    0x1, 0x0, 0xb, 0xf0, 0x0, 0xdb, 0x0, 0x4e,
    0xfe, 0x50, 0x5f, 0x30, 0xd, 0xb0, 0xf, 0xc4,
    0xcf, 0x4, 0xf4, 0x0, 0xdb, 0x1, 0xf7, 0x6,
    0xf1, 0x4f, 0x40, 0xd, 0xb0, 0x4d, 0xe5, 0x9f,
    0x57, 0xf7, 0x44, 0xdb, 0x2f, 0xff, 0xff, 0xff,
    0xff, 0xff, 0xff, 0xb0,

    /* U+FCCE "ﳎ" */
    0x0, 0x0, 0x0, 0x0, 0x0, 0x0, 0x0, 0x0,
    0x3e, 0xff, 0x90, 0x0, 0x2b, 0xff, 0x90, 0x0,
    0x63, 0x8f, 0x50, 0x9, 0xe5, 0x6f, 0x70, 0x0,
    0x0, 0xe9, 0x0, 0xda, 0x0, 0xdc, 0x0, 0x0,
    0xb, 0xd0, 0xc, 0xa0, 0xe, 0xb0, 0x44, 0x44,
    0x8f, 0x64, 0xbe, 0x4a, 0xf5, 0x2f, 0xff, 0xff,
    0xff, 0xff, 0xff, 0xe6, 0x0, 0x0, 0x0, 0x0,
    0x0, 0x0, 0x0, 0x0, 0x0, 0x6, 0x50, 0x0,
    0x0, 0x0, 0x0, 0x0, 0x0, 0xb8, 0x0, 0x0,
    0x0, 0x0, 0x0,

    /* U+FCCF "ﳏ" */
    0x0, 0x0, 0x0, 0x0, 0x0, 0x0, 0x0, 0x0,
    0x3e, 0xff, 0x90, 0x0, 0x2b, 0xff, 0x90, 0x0,
    0x63, 0x8f, 0x50, 0x9, 0xe5, 0x6f, 0x70, 0x0,
    0x0, 0xe9, 0x0, 0xda, 0x0, 0xdc, 0x0, 0x0,
    0xb, 0xd0, 0xc, 0xa0, 0xe, 0xb0, 0x44, 0x44,
    0x8f, 0x64, 0xbe, 0x4a, 0xf5, 0x2f, 0xff, 0xff,
    0xff, 0xff, 0xff, 0xe6, 0x0,

    /* U+FCD0 "ﳐ" */
    0x0, 0x2f, 0x20, 0x0, 0x0, 0x0, 0x0, 0x0,
    0x1, 0x90, 0x0, 0x0, 0x0, 0x0, 0x0, 0x0,
    0x0, 0x0, 0x0, 0x0, 0x0, 0x0, 0x0, 0x3e,
    0xff, 0x90, 0x0, 0x2b, 0xff, 0x90, 0x0, 0x63,
    0x8f, 0x50, 0x9, 0xe5, 0x6f, 0x70, 0x0, 0x0,
    0xe9, 0x0, 0xda, 0x0, 0xdc, 0x0, 0x0, 0xb,
    0xd0, 0xc, 0xa0, 0xe, 0xb0, 0x44, 0x44, 0x8f,
    0x64, 0xbe, 0x4a, 0xf5, 0x2f, 0xff, 0xff, 0xff,
    0xff, 0xff, 0xe6, 0x0,

    /* U+FCD1 "ﳑ" */
    0x0, 0x0, 0x0, 0x0, 0x0, 0x0, 0x0, 0x0,
    0x0, 0x3c, 0xff, 0x80, 0x0, 0x7d, 0xfd, 0x30,
    0x0, 0xcc, 0x48, 0xf5, 0x2, 0xf9, 0x4c, 0xe0,
    0x0, 0xf7, 0x0, 0xf9, 0x5, 0xf1, 0x5, 0xf3,
    0x0, 0xf7, 0x1, 0xf8, 0x5, 0xf2, 0x6, 0xf2,
    0x4, 0xdc, 0x4b, 0xfb, 0x45, 0xf7, 0x6e, 0xd0,
    0x2f, 0xff, 0xfd, 0x6c, 0xff, 0xff, 0xfb, 0x10,

    /* U+FCD2 "ﳒ" */
    0x0, 0x0, 0x0, 0x0, 0xb, 0x80, 0x0, 0x0,
    0x0, 0x0, 0x6, 0x40, 0x0, 0x0, 0x0, 0x0,
    0x0, 0x0, 0x3, 0xdf, 0xe8, 0x0, 0x5, 0xf2,
    0x1, 0x63, 0x7f, 0x50, 0x6, 0xf2, 0x0, 0x0,
    0xe, 0x90, 0x6, 0xf2, 0x0, 0x0, 0xa, 0xd0,
    0x6, 0xf2, 0x4, 0x44, 0x48, 0xf6, 0x48, 0xf2,
    0x2f, 0xff, 0xff, 0xff, 0xff, 0xf2, 0x0, 0x0,
    0x0, 0x0, 0x0, 0x0, 0x0, 0x6, 0x50, 0x0,
    0x0, 0x0, 0x0, 0xb, 0x80, 0x0, 0x0, 0x0,

    /* U+FCD3 "ﳓ" */
    0x0, 0x0, 0x0, 0x0, 0xb, 0x80, 0x0, 0x0,
    0x0, 0x0, 0x6, 0x40, 0x0, 0x0, 0x0, 0x0,
    0x0, 0x0, 0x3, 0xdf, 0xe8, 0x0, 0x5, 0xf2,
    0x1, 0x63, 0x7f, 0x50, 0x6, 0xf2, 0x0, 0x0,
    0xe, 0x90, 0x6, 0xf2, 0x0, 0x0, 0xa, 0xd0,
    0x6, 0xf2, 0x4, 0x44, 0x48, 0xf6, 0x48, 0xf2,
    0x2f, 0xff, 0xff, 0xff, 0xff, 0xf2,

    /* U+FCD4 "ﳔ" */
    0x0, 0x2f, 0x20, 0x0, 0xb, 0x80, 0x0, 0x19,
    0x0, 0x0, 0x6, 0x40, 0x0, 0x0, 0x0, 0x0,
    0x0, 0x0, 0x3, 0xdf, 0xe8, 0x0, 0x5, 0xf2,
    0x1, 0x63, 0x7f, 0x50, 0x6, 0xf2, 0x0, 0x0,
    0xe, 0x90, 0x6, 0xf2, 0x0, 0x0, 0xa, 0xd0,
    0x6, 0xf2, 0x4, 0x44, 0x48, 0xf6, 0x48, 0xf2,
    0x2f, 0xff, 0xff, 0xff, 0xff, 0xf2,

    /* U+FCD5 "ﳕ" */
    0x0, 0x0, 0x0, 0x0, 0x3, 0xe1, 0x0, 0x0,
    0x0, 0x0, 0x1, 0x90, 0x0, 0x0, 0x0, 0x0,
    0x0, 0x0, 0x0, 0x3c, 0xff, 0x80, 0x0, 0xea,
    0x0, 0xcc, 0x48, 0xf5, 0x0, 0xea, 0x0, 0xf7,
    0x0, 0xf9, 0x0, 0xea, 0x0, 0xf7, 0x1, 0xf8,
    0x0, 0xea, 0x4, 0xdc, 0x4b, 0xfb, 0x44, 0xea,
    0x2f, 0xff, 0xfd, 0x6c, 0xff, 0xfa,

    /* U+FCD6 "ﳖ" */
    0x0, 0x0, 0x0, 0x0, 0x0, 0x0, 0x2f, 0x20,
    0x2, 0xcf, 0xff, 0xd6, 0x0, 0x1, 0x91, 0x0,
    0xa, 0x54, 0x5b, 0xf7, 0x0, 0x0, 0x0, 0x0,
    0x1, 0x0, 0xb, 0xf0, 0x0, 0x77, 0x0, 0x4e,
    0xfe, 0x50, 0x5f, 0x30, 0xd, 0xb0, 0xf, 0xc4,
    0xcf, 0x4, 0xf4, 0x0, 0xdb, 0x1, 0xf7, 0x6,
    0xf1, 0x4f, 0x40, 0xd, 0xb0, 0x4d, 0xe5, 0x9f,
    0x57, 0xf7, 0x44, 0xdb, 0x2f, 0xff, 0xff, 0xff,
    0xff, 0xff, 0xff, 0xb0,

    /* U+FCD7 "ﳗ" */
    0x0, 0x0, 0x0, 0x0, 0x0, 0x0, 0x0, 0x0,
    0x0, 0x0, 0x0, 0x0, 0x0, 0x0, 0xbe, 0xff,
    0xd7, 0x0, 0x0, 0x0, 0x0, 0x0, 0x0, 0x85,
    0x44, 0x9f, 0x90, 0x1, 0xbf, 0xf9, 0x0, 0x0,
    0x0, 0x0, 0x8, 0xf2, 0x3, 0xb4, 0x8f, 0x50,
    0x2, 0xcf, 0xf8, 0x3, 0xf5, 0x0, 0x0, 0xe,
    0x90, 0xc, 0xe5, 0xaf, 0x21, 0xf6, 0x0, 0x0,
    0xb, 0xd0, 0xe, 0xa0, 0x4f, 0x41, 0xf6, 0x4,
    0x44, 0x48, 0xf6, 0x4b, 0xf6, 0x7f, 0x75, 0xf6,
    0x2f, 0xff, 0xff, 0xff, 0xff, 0xff, 0xff, 0xff,
    0xf6, 0x0, 0x0, 0x0, 0x0, 0x0, 0x0, 0x0,
    0x0, 0x0, 0x0, 0x6, 0x50, 0x0, 0x0, 0x0,
    0x0, 0x0, 0x0, 0x0, 0xb, 0x80, 0x0, 0x0,
    0x0, 0x0, 0x0, 0x0,

    /* U+FCD8 "ﳘ" */
    0x0, 0x0, 0x0, 0x0, 0x0, 0x0, 0x0, 0x0,
    0x0, 0x0, 0x0, 0x0, 0x0, 0x0, 0x6d, 0xff,
    0xfb, 0x20, 0x0, 0x0, 0x0, 0x0, 0x0, 0x36,
    0x44, 0x6d, 0xf2, 0x0, 0x3c, 0xff, 0x70, 0x0,
    0x0, 0x0, 0x1, 0xf9, 0x0, 0xcc, 0x48, 0xf4,
    0x0, 0x8f, 0xfd, 0x20, 0xbd, 0x0, 0xf7, 0x0,
    0xf9, 0x5, 0xf9, 0x5f, 0x90, 0x9e, 0x0, 0xf7,
    0x1, 0xf8, 0x7, 0xf2, 0xc, 0xb0, 0x9e, 0x4,
    0xdc, 0x4b, 0xfb, 0x46, 0xfb, 0x4d, 0xc4, 0xbe,
    0x2f, 0xff, 0xfd, 0x6c, 0xff, 0xff, 0xff, 0xff,
    0xfe,

    /* U+FCD9 "ﳙ" */
    0x0, 0x0, 0x3, 0x0, 0x0, 0x0, 0x0, 0x0,
    0xc0, 0x0, 0x0, 0x0, 0x0, 0xc, 0x0, 0x0,
    0x0, 0x0, 0x0, 0x0, 0x0, 0x0, 0x0, 0x2c,
    0xff, 0xfd, 0x60, 0x0, 0x0, 0xa5, 0x45, 0xbf,
    0x70, 0x0, 0x0, 0x0, 0x0, 0xbf, 0x0, 0x4,
    0xdf, 0xf6, 0x5, 0xf3, 0x0, 0xfc, 0x4c, 0xf0,
    0x4f, 0x40, 0x1f, 0x70, 0x6f, 0x14, 0xf4, 0x4,
    0xde, 0x59, 0xf5, 0x7f, 0x42, 0xff, 0xff, 0xff,
    0xff, 0xf4,

    /* U+FCDA "ﳚ" */
    0x3, 0xdf, 0xe8, 0x0, 0x0, 0xbd, 0x0, 0x16,
    0x37, 0xf5, 0x0, 0xb, 0xd0, 0x0, 0x0, 0xe,
    0x90, 0x0, 0xbd, 0x0, 0x0, 0x0, 0xad, 0x0,
    0xb, 0xd0, 0x4, 0x44, 0x48, 0xf6, 0x44, 0xcd,
    0x2, 0xff, 0xff, 0xff, 0xff, 0xff, 0xd0, 0x0,
    0x0, 0x0, 0x0, 0x0, 0x0, 0x0, 0x0, 0x65,
    0x0, 0x5, 0xe4, 0xe0, 0x0, 0xb, 0x80, 0x0,
    0x28, 0x29, 0x0,

    /* U+FCDB "ﳛ" */
    0x3, 0xdf, 0xe8, 0x0, 0x0, 0xbd, 0x0, 0x16,
    0x37, 0xf5, 0x0, 0xb, 0xd0, 0x0, 0x0, 0xe,
    0x90, 0x0, 0xbd, 0x0, 0x0, 0x0, 0xad, 0x0,
    0xb, 0xd0, 0x4, 0x44, 0x48, 0xf6, 0x44, 0xcd,
    0x2, 0xff, 0xff, 0xff, 0xff, 0xff, 0xd0, 0x0,
    0x0, 0x0, 0x0, 0x0, 0x0, 0x0, 0x0, 0x0,
    0x0, 0x5, 0xe4, 0xe0, 0x0, 0x0, 0x0, 0x0,
    0x28, 0x29, 0x0,

    /* U+FCDC "ﳜ" */
    0x0, 0x2f, 0x20, 0x0, 0x0, 0x0, 0x0, 0x1,
    0x90, 0x0, 0x0, 0x0, 0x0, 0x0, 0x0, 0x0,
    0x0, 0x0, 0x0, 0x0, 0x3d, 0xfe, 0x80, 0x0,
    0xb, 0xd0, 0x1, 0x63, 0x7f, 0x50, 0x0, 0xbd,
    0x0, 0x0, 0x0, 0xe9, 0x0, 0xb, 0xd0, 0x0,
    0x0, 0xa, 0xd0, 0x0, 0xbd, 0x0, 0x44, 0x44,
    0x8f, 0x64, 0x4c, 0xd0, 0x2f, 0xff, 0xff, 0xff,
    0xff, 0xfd, 0x0, 0x0, 0x0, 0x0, 0x0, 0x0,
    0x0, 0x0, 0x0, 0x0, 0x0, 0x5e, 0x4e, 0x0,
    0x0, 0x0, 0x0, 0x2, 0x82, 0x90,

    /* U+FCDD "ﳝ" */
    0x0, 0x0, 0x0, 0x0, 0x0, 0x1, 0x0, 0x3,
    0xcf, 0xf8, 0x0, 0x4, 0xf4, 0x0, 0xcc, 0x48,
    0xf5, 0x0, 0x4f, 0x40, 0xf, 0x70, 0xf, 0x90,
    0x4, 0xf4, 0x0, 0xf7, 0x1, 0xf8, 0x0, 0x4f,
    0x40, 0x4d, 0xc4, 0xbf, 0xb4, 0x47, 0xf4, 0x2f,
    0xff, 0xfd, 0x6c, 0xff, 0xff, 0x40, 0x0, 0x0,
    0x0, 0x0, 0x0, 0x0, 0x0, 0x0, 0x0, 0x0,
    0xd, 0x6c, 0x70, 0x0, 0x0, 0x0, 0x0, 0x73,
    0x74,

    /* U+FCDE "ﳞ" */
    0x0, 0x0, 0x0, 0x0, 0x0, 0x0, 0x0, 0x0,
    0x0, 0x2c, 0xff, 0xfd, 0x60, 0x0, 0x0, 0x0,
    0x0, 0xa, 0x54, 0x5b, 0xf7, 0x0, 0x0, 0x0,
    0x0, 0x0, 0x10, 0x0, 0xbf, 0x0, 0x1, 0x93,
    0x0, 0x4e, 0xfe, 0x50, 0x5f, 0x30, 0x2, 0xf6,
    0x0, 0xfc, 0x4c, 0xf0, 0x4f, 0x40, 0x2, 0xf6,
    0x1, 0xf7, 0x6, 0xf1, 0x4f, 0x40, 0x2, 0xf6,
    0x4, 0xde, 0x59, 0xf5, 0x7f, 0x74, 0x46, 0xf6,
    0x2f, 0xff, 0xff, 0xff, 0xff, 0xff, 0xff, 0xf6,
    0x0, 0x0, 0x0, 0x0, 0x0, 0x0, 0x0, 0x0,
    0x0, 0x0, 0x0, 0x0, 0x0, 0x0, 0xb8, 0xb8,
    0x0, 0x0, 0x0, 0x0, 0x0, 0x0, 0x64, 0x64,

    /* U+FCDF "ﳟ" */
    0x0, 0x0, 0x0, 0x0, 0x5, 0xa3, 0x0, 0x0,
    0x0, 0x0, 0x0, 0xb, 0x0, 0x0, 0x0, 0x0,
    0x0, 0x0, 0xa, 0xa5, 0x0, 0x0, 0x0, 0x0,
    0x0, 0x0, 0x0, 0x0, 0x0, 0x3c, 0xff, 0x80,
    0x0, 0xea, 0x0, 0x0, 0xcc, 0x48, 0xf5, 0x0,
    0xea, 0x0, 0x0, 0xf7, 0x0, 0xf9, 0x0, 0xea,
    0x0, 0x0, 0xf7, 0x1, 0xf8, 0x0, 0xea, 0x0,
    0x4, 0xdc, 0x4b, 0xfb, 0x44, 0xeb, 0x41, 0x2f,
    0xff, 0xfd, 0x6c, 0xff, 0xff, 0xf4,

    /* U+FCE0 "ﳠ" */
    0x0, 0x0, 0x0, 0x0, 0x0, 0x0, 0x4a, 0x40,
    0x0, 0x0, 0x0, 0x10, 0x0, 0x0, 0xa, 0x20,
    0x0, 0x0, 0x2c, 0xff, 0xfd, 0x60, 0x0, 0x8a,
    0x60, 0x0, 0x0, 0xb6, 0x45, 0xbf, 0x70, 0x0,
    0x0, 0x0, 0x0, 0x0, 0x10, 0x0, 0xbf, 0x0,
    0x7, 0x70, 0x0, 0x4, 0xef, 0xe5, 0x5, 0xf3,
    0x0, 0xdb, 0x0, 0x0, 0xfc, 0x4c, 0xf0, 0x4f,
    0x40, 0xd, 0xb0, 0x0, 0x1f, 0x70, 0x6f, 0x14,
    0xf4, 0x0, 0xdb, 0x0, 0x4, 0xde, 0x59, 0xf5,
    0x7f, 0x74, 0x4d, 0xc4, 0x12, 0xff, 0xff, 0xff,
    0xff, 0xff, 0xff, 0xff, 0xf5,

    /* U+FCE1 "ﳡ" */
    0x0, 0x0, 0x0, 0x0, 0x0, 0x0, 0x0, 0x0,
    0x3c, 0xff, 0x80, 0x0, 0xea, 0x0, 0x0, 0xcc,
    0x48, 0xf5, 0x0, 0xea, 0x0, 0x0, 0xf7, 0x0,
    0xf9, 0x0, 0xea, 0x0, 0x0, 0xf7, 0x1, 0xf8,
    0x0, 0xea, 0x0, 0x4, 0xdc, 0x4b, 0xfb, 0x44,
    0xeb, 0x41, 0x2f, 0xff, 0xfd, 0x6c, 0xff, 0xff,
    0xf4, 0x0, 0x0, 0x0, 0x0, 0x0, 0x0, 0x0,
    0x0, 0x0, 0x0, 0x0, 0x0, 0x92, 0x0, 0x0,
    0x0, 0x0, 0x0, 0x0, 0xe4, 0x0,

    /* U+FCE2 "ﳢ" */
    0x0, 0x0, 0x0, 0x0, 0x0, 0x0, 0x0, 0x0,
    0x0, 0x2, 0xcf, 0xff, 0xd6, 0x0, 0x0, 0x0,
    0x0, 0x0, 0xa, 0x54, 0x5b, 0xf7, 0x0, 0x0,
    0x0, 0x0, 0x0, 0x1, 0x0, 0xb, 0xf0, 0x0,
    0x77, 0x0, 0x0, 0x4e, 0xfe, 0x50, 0x5f, 0x30,
    0xd, 0xb0, 0x0, 0xf, 0xc4, 0xcf, 0x4, 0xf4,
    0x0, 0xdb, 0x0, 0x1, 0xf7, 0x6, 0xf1, 0x4f,
    0x40, 0xd, 0xb0, 0x0, 0x4d, 0xe5, 0x9f, 0x57,
    0xf7, 0x44, 0xdc, 0x41, 0x2f, 0xff, 0xff, 0xff,
    0xff, 0xff, 0xff, 0xff, 0x50, 0x0, 0x0, 0x0,
    0x0, 0x0, 0x0, 0x0, 0x0, 0x0, 0x0, 0x0,
    0x0, 0x0, 0x0, 0x8, 0x20, 0x0, 0x0, 0x0,
    0x0, 0x0, 0x0, 0x0, 0xe5, 0x0,

    /* U+FCE3 "ﳣ" */
    0x0, 0x0, 0x0, 0x0, 0xd, 0x6c, 0x70, 0x0,
    0x0, 0x0, 0x0, 0x7, 0x37, 0x40, 0x0, 0x0,
    0x0, 0x0, 0x0, 0x1, 0x0, 0x0, 0x3c, 0xff,
    0x80, 0x0, 0x8f, 0x0, 0x0, 0xcc, 0x48, 0xf5,
    0x0, 0x8f, 0x0, 0x0, 0xf7, 0x0, 0xf9, 0x0,
    0x8f, 0x0, 0x0, 0xf7, 0x1, 0xf8, 0x0, 0x8f,
    0x0, 0x4, 0xdc, 0x4b, 0xfb, 0x44, 0xaf, 0x43,
    0x2f, 0xff, 0xfd, 0x6c, 0xff, 0xff, 0xfe,

    /* U+FCE4 "ﳤ" */
    0x0, 0x0, 0x0, 0x0, 0x0, 0x0, 0xc7, 0xb8,
    0x0, 0x1, 0xae, 0xff, 0xd6, 0x0, 0x7, 0x46,
    0x40, 0x0, 0x1a, 0x54, 0x5b, 0xf7, 0x0, 0x0,
    0x0, 0x0, 0x0, 0x1, 0x0, 0xb, 0xf0, 0x0,
    0x49, 0x0, 0x0, 0x4e, 0xfe, 0x50, 0x5f, 0x30,
    0x7, 0xf1, 0x0, 0xf, 0xc4, 0xcf, 0x4, 0xf4,
    0x0, 0x7f, 0x10, 0x1, 0xf7, 0x6, 0xf1, 0x4f,
    0x40, 0x7, 0xf1, 0x0, 0x4d, 0xe5, 0x9f, 0x57,
    0xf7, 0x44, 0x9f, 0x54, 0x2f, 0xff, 0xff, 0xff,
    0xff, 0xff, 0xff, 0xff, 0xf0,

    /* U+FCE5 "ﳥ" */
    0x0, 0x0, 0x0, 0x0, 0x0, 0x0, 0x0, 0x0,
    0x0, 0x0, 0x0, 0x0, 0xc7, 0x0, 0x0, 0x0,
    0x0, 0x0, 0x0, 0x21, 0x0, 0x0, 0x0, 0x0,
    0x0, 0xd, 0x7c, 0x70, 0x0, 0x0, 0x0, 0x0,
    0x7, 0x36, 0x40, 0x0, 0x0, 0x0, 0x0, 0x0,
    0x1, 0x0, 0x0, 0x3c, 0xff, 0x80, 0x0, 0x8f,
    0x0, 0x0, 0xcc, 0x48, 0xf5, 0x0, 0x8f, 0x0,
    0x0, 0xf7, 0x0, 0xf9, 0x0, 0x8f, 0x0, 0x0,
    0xf7, 0x1, 0xf8, 0x0, 0x8f, 0x0, 0x4, 0xdc,
    0x4b, 0xfb, 0x44, 0xaf, 0x43, 0x2f, 0xff, 0xfd,
    0x6c, 0xff, 0xff, 0xfe,

    /* U+FCE6 "ﳦ" */
    0x0, 0x0, 0x0, 0x0, 0x0, 0x0, 0x0, 0x0,
    0x0, 0x0, 0x0, 0x0, 0x0, 0x0, 0x0, 0xb8,
    0x0, 0x0, 0x0, 0x0, 0x0, 0x0, 0x0, 0x2,
    0x10, 0x0, 0x0, 0x0, 0x0, 0x0, 0x0, 0xb,
    0x8b, 0x80, 0x0, 0x1a, 0xef, 0xfd, 0x60, 0x0,
    0x64, 0x64, 0x0, 0x0, 0xa5, 0x45, 0xbf, 0x70,
    0x0, 0x0, 0x0, 0x0, 0x0, 0x10, 0x0, 0xbf,
    0x0, 0x4, 0x90, 0x0, 0x4, 0xef, 0xe5, 0x5,
    0xf3, 0x0, 0x7f, 0x10, 0x0, 0xfc, 0x4c, 0xf0,
    0x4f, 0x40, 0x7, 0xf1, 0x0, 0x1f, 0x70, 0x6f,
    0x14, 0xf4, 0x0, 0x7f, 0x10, 0x4, 0xde, 0x59,
    0xf5, 0x7f, 0x74, 0x49, 0xf5, 0x42, 0xff, 0xff,
    0xff, 0xff, 0xff, 0xff, 0xff, 0xff,

    /* U+FCE7 "ﳧ" */
    0x0, 0x0, 0x0, 0x0, 0x0, 0x0, 0x0, 0x0,
    0x0, 0x10, 0x0, 0x3, 0xcf, 0xf8, 0x0, 0x1,
    0x10, 0x2, 0x10, 0x6f, 0x20, 0x0, 0xcc, 0x48,
    0xf5, 0x0, 0xdb, 0x0, 0xf8, 0x6, 0xf2, 0x0,
    0xf, 0x70, 0xf, 0x90, 0xd, 0xb0, 0xf, 0x80,
    0x6f, 0x20, 0x0, 0xf7, 0x1, 0xf8, 0x0, 0xdb,
    0x0, 0xf8, 0x6, 0xf2, 0x0, 0x4d, 0xc4, 0xbf,
    0xb4, 0x4e, 0xc4, 0x8f, 0xe5, 0x8f, 0x63, 0x2f,
    0xff, 0xfd, 0x6c, 0xff, 0xff, 0xff, 0x98, 0xff,
    0xff, 0xc0,

    /* U+FCE8 "ﳨ" */
    0x0, 0x0, 0x0, 0x0, 0x0, 0x0, 0x0, 0x0,
    0x0, 0x0, 0x0, 0x0, 0x0, 0x2c, 0xff, 0xfd,
    0x60, 0x0, 0x0, 0x0, 0x0, 0x0, 0x0, 0x0,
    0x0, 0xa, 0x54, 0x5b, 0xf7, 0x0, 0x0, 0x0,
    0x0, 0x0, 0x0, 0x0, 0x0, 0x0, 0x10, 0x0,
    0xbf, 0x0, 0x0, 0x0, 0x0, 0x0, 0x29, 0x20,
    0x0, 0x4e, 0xfe, 0x50, 0x5f, 0x30, 0x6, 0x60,
    0x7, 0x40, 0x4f, 0x40, 0x0, 0xfc, 0x4c, 0xf0,
    0x4f, 0x40, 0xc, 0xc0, 0xf, 0x90, 0x4f, 0x40,
    0x1, 0xf7, 0x6, 0xf1, 0x4f, 0x40, 0xc, 0xc0,
    0xf, 0x90, 0x4f, 0x40, 0x4, 0xde, 0x59, 0xf5,
    0x7f, 0x74, 0x4d, 0xd4, 0x7f, 0xe5, 0x7f, 0x73,
    0x2f, 0xff, 0xff, 0xff, 0xff, 0xff, 0xff, 0xff,
    0xfa, 0x7e, 0xff, 0xfe,

    /* U+FCE9 "ﳩ" */
    0x0, 0x0, 0x0, 0x0, 0x0, 0x0, 0x0, 0xd4,
    0x0, 0x0, 0x0, 0x0, 0x0, 0x0, 0x0, 0x0,
    0x0, 0x87, 0x93, 0x0, 0x0, 0x0, 0x0, 0x0,
    0x0, 0x0, 0x0, 0xd, 0x5c, 0x50, 0x10, 0x0,
    0x3, 0xcf, 0xf8, 0x0, 0x1, 0x10, 0x2, 0x10,
    0x6f, 0x20, 0x0, 0xcc, 0x48, 0xf5, 0x0, 0xdb,
    0x0, 0xf8, 0x6, 0xf2, 0x0, 0xf, 0x70, 0xf,
    0x90, 0xd, 0xb0, 0xf, 0x80, 0x6f, 0x20, 0x0,
    0xf7, 0x1, 0xf8, 0x0, 0xdb, 0x0, 0xf8, 0x6,
    0xf2, 0x0, 0x4d, 0xc4, 0xbf, 0xb4, 0x4e, 0xc4,
    0x8f, 0xe5, 0x8f, 0x63, 0x2f, 0xff, 0xfd, 0x6c,
    0xff, 0xff, 0xff, 0x98, 0xff, 0xff, 0xc0,

    /* U+FCEA "ﳪ" */
    0x0, 0x0, 0x0, 0x0, 0x0, 0x0, 0x0, 0x0,
    0xb, 0x60, 0x0, 0x0, 0x0, 0x2c, 0xff, 0xfd,
    0x60, 0x0, 0x0, 0x0, 0x77, 0x94, 0x0, 0x0,
    0x0, 0x8, 0x53, 0x5b, 0xf7, 0x0, 0x0, 0x0,
    0xd6, 0xc7, 0x0, 0x0, 0x0, 0x0, 0x10, 0x0,
    0xbf, 0x0, 0x0, 0x0, 0x0, 0x0, 0x4e, 0x30,
    0x0, 0x4e, 0xfe, 0x50, 0x5f, 0x30, 0x6, 0x60,
    0x7, 0x40, 0x4f, 0x40, 0x0, 0xfc, 0x4c, 0xf0,
    0x4f, 0x40, 0xc, 0xc0, 0xf, 0x90, 0x4f, 0x40,
    0x1, 0xf7, 0x6, 0xf1, 0x4f, 0x40, 0xc, 0xc0,
    0xf, 0x90, 0x4f, 0x40, 0x4, 0xde, 0x59, 0xf5,
    0x7f, 0x74, 0x4d, 0xd4, 0x7f, 0xe5, 0x7f, 0x73,
    0x2f, 0xff, 0xff, 0xff, 0xff, 0xff, 0xff, 0xff,
    0xfa, 0x7e, 0xff, 0xfe,

    /* U+FCEB "ﳫ" */
    0x0, 0x0, 0x0, 0x0, 0x5, 0x90, 0x0, 0x0,
    0x8f, 0x0, 0x0, 0xaf, 0xc0, 0x0, 0x0, 0x8f,
    0x0, 0xb, 0xf5, 0x0, 0x0, 0x0, 0x8f, 0x0,
    0x7f, 0x30, 0x0, 0x0, 0x0, 0x8f, 0x0, 0xcf,
    0xff, 0xa0, 0x0, 0x0, 0x8f, 0x0, 0x23, 0x37,
    0xf9, 0x0, 0x0, 0x8f, 0x0, 0x0, 0x0, 0xcc,
    0x0, 0x0, 0x8f, 0x0, 0x0, 0x0, 0xbc, 0x0,
    0x4, 0xaf, 0x44, 0x44, 0x44, 0xcd, 0x41, 0x2f,
    0xff, 0xff, 0xff, 0xff, 0xff, 0xf6,

    /* U+FCEC "ﳬ" */
    0x0, 0x0, 0x0, 0x0, 0x0, 0x0, 0x4a, 0x0,
    0x0, 0x0, 0x0, 0x0, 0x0, 0x0, 0x9f, 0xd2,
    0x0, 0x0, 0x0, 0x0, 0x0, 0x0, 0xaf, 0x60,
    0x0, 0x0, 0x0, 0x0, 0x0, 0x0, 0x6f, 0x50,
    0x0, 0x0, 0x0, 0x3c, 0xff, 0x80, 0xa, 0xff,
    0xfb, 0x10, 0x0, 0xc, 0xc4, 0x8f, 0x50, 0x23,
    0x36, 0xfb, 0x0, 0x0, 0xf7, 0x0, 0xf9, 0x0,
    0x0, 0xa, 0xe0, 0x0, 0xf, 0x70, 0x1f, 0x80,
    0x0, 0x0, 0x9f, 0x0, 0x4, 0xdc, 0x4b, 0xfb,
    0x44, 0x44, 0x4b, 0xf4, 0x22, 0xff, 0xff, 0xd6,
    0xcf, 0xff, 0xff, 0xff, 0xf8,

    /* U+FCED "ﳭ" */
    0x0, 0x0, 0x0, 0x0, 0x0, 0xea, 0x0, 0x0,
    0x0, 0x0, 0x0, 0x0, 0xea, 0x0, 0x0, 0x0,
    0x0, 0x0, 0x0, 0xea, 0x0, 0x0, 0x3c, 0xff,
    0x80, 0x0, 0xea, 0x0, 0x0, 0xcc, 0x48, 0xf5,
    0x0, 0xea, 0x0, 0x0, 0xf7, 0x0, 0xf9, 0x0,
    0xea, 0x0, 0x0, 0xf7, 0x1, 0xf8, 0x0, 0xea,
    0x0, 0x4, 0xdc, 0x4b, 0xfb, 0x44, 0xeb, 0x41,
    0x2f, 0xff, 0xfd, 0x6c, 0xff, 0xff, 0xf4,

    /* U+FCEE "ﳮ" */
    0x0, 0x0, 0x0, 0x0, 0x3, 0xe1, 0x0, 0x0,
    0x0, 0x0, 0x0, 0x1, 0x90, 0x0, 0x0, 0x0,
    0x0, 0x0, 0x0, 0x0, 0x0, 0x0, 0x3c, 0xff,
    0x80, 0x0, 0xea, 0x0, 0x0, 0xcc, 0x48, 0xf5,
    0x0, 0xea, 0x0, 0x0, 0xf7, 0x0, 0xf9, 0x0,
    0xea, 0x0, 0x0, 0xf7, 0x1, 0xf8, 0x0, 0xea,
    0x0, 0x4, 0xdc, 0x4b, 0xfb, 0x44, 0xeb, 0x41,
    0x2f, 0xff, 0xfd, 0x6c, 0xff, 0xff, 0xf4,

    /* U+FCEF "ﳯ" */
    0x0, 0x0, 0x0, 0x0, 0x0, 0x0, 0x2f, 0x20,
    0x0, 0x1, 0xae, 0xff, 0xd6, 0x0, 0x1, 0x91,
    0x0, 0x0, 0xa, 0x54, 0x5b, 0xf7, 0x0, 0x0,
    0x0, 0x0, 0x0, 0x1, 0x0, 0xb, 0xf0, 0x0,
    0x77, 0x0, 0x0, 0x4e, 0xfe, 0x50, 0x5f, 0x30,
    0xd, 0xb0, 0x0, 0xf, 0xc4, 0xcf, 0x4, 0xf4,
    0x0, 0xdb, 0x0, 0x1, 0xf7, 0x6, 0xf1, 0x4f,
    0x40, 0xd, 0xb0, 0x0, 0x4d, 0xe5, 0x9f, 0x57,
    0xf7, 0x44, 0xdc, 0x41, 0x2f, 0xff, 0xff, 0xff,
    0xff, 0xff, 0xff, 0xff, 0x50,

    /* U+FCF0 "ﳰ" */
    0x0, 0x0, 0x0, 0x0, 0x0, 0x1, 0x0, 0x0,
    0x3c, 0xff, 0x80, 0x0, 0x8f, 0x0, 0x0, 0xcc,
    0x48, 0xf5, 0x0, 0x8f, 0x0, 0x0, 0xf7, 0x0,
    0xf9, 0x0, 0x8f, 0x0, 0x0, 0xf7, 0x1, 0xf8,
    0x0, 0x8f, 0x0, 0x4, 0xdc, 0x4b, 0xfb, 0x44,
    0xaf, 0x43, 0x2f, 0xff, 0xfd, 0x6c, 0xff, 0xff,
    0xfe, 0x0, 0x0, 0x0, 0x0, 0x0, 0x0, 0x0,
    0x0, 0x0, 0x0, 0x0, 0xa, 0x99, 0xa0, 0x0,
    0x0, 0x0, 0x0, 0x6, 0x55, 0x50,

    /* U+FCF1 "ﳱ" */
    0x0, 0x0, 0x0, 0x0, 0x0, 0x0, 0x0, 0x0,
    0x0, 0x2, 0xcf, 0xff, 0xd6, 0x0, 0x0, 0x0,
    0x0, 0x0, 0xa, 0x54, 0x5b, 0xf7, 0x0, 0x0,
    0x0, 0x0, 0x0, 0x1, 0x0, 0xb, 0xf0, 0x0,
    0x49, 0x0, 0x0, 0x4e, 0xfe, 0x50, 0x5f, 0x30,
    0x7, 0xf1, 0x0, 0xf, 0xc4, 0xcf, 0x4, 0xf4,
    0x0, 0x7f, 0x10, 0x1, 0xf7, 0x6, 0xf1, 0x4f,
    0x40, 0x7, 0xf1, 0x0, 0x4d, 0xe5, 0x9f, 0x57,
    0xf7, 0x44, 0x9f, 0x54, 0x2f, 0xff, 0xff, 0xff,
    0xff, 0xff, 0xff, 0xff, 0xf0, 0x0, 0x0, 0x0,
    0x0, 0x0, 0x0, 0x0, 0x0, 0x0, 0x0, 0x0,
    0x0, 0x0, 0x0, 0x9a, 0x8b, 0x0, 0x0, 0x0,
    0x0, 0x0, 0x0, 0x5, 0x64, 0x60,

    /* U+FCF2 "ﳲ" */
    0x0, 0x0, 0x0, 0x1, 0x7b, 0x40, 0x3, 0x40,
    0x0, 0xb, 0x36, 0xa0, 0x8, 0xa8, 0xa0, 0x0,
    0x0, 0x0, 0x0, 0x0, 0x0, 0x0, 0x0, 0x0,
    0x4, 0x44, 0x30, 0x2f, 0xff, 0xc0,

    /* U+FCF3 "ﳳ" */
    0x0, 0x1a, 0x70, 0x0, 0x38, 0xa0, 0x5, 0xaa,
    0x10, 0x2, 0x13, 0x50, 0xb, 0x36, 0xa0, 0x7,
    0xa8, 0x90, 0x0, 0x0, 0x0, 0x0, 0x0, 0x0,
    0x0, 0x0, 0x0, 0x4, 0x44, 0x30, 0x2f, 0xff,
    0xc0,

    /* U+FCF4 "ﳴ" */
    0x19, 0x72, 0xb0, 0xa8, 0xa7, 0x0, 0x39, 0x20,
    0x78, 0x20, 0x0, 0x0, 0x0, 0x0, 0x0, 0x0,
    0x0, 0x0, 0x44, 0x43, 0x2f, 0xff, 0xc0,

    /* U+FCF5 "ﳵ" */
    0x0, 0x0, 0x0, 0x0, 0x0, 0x0, 0x8, 0xf0,
    0x0, 0x0, 0x0, 0x0, 0x0, 0x0, 0x0, 0x0,
    0x0, 0x8, 0xf0, 0x0, 0x0, 0x0, 0x0, 0x0,
    0x0, 0x0, 0x0, 0x0, 0x8, 0xf0, 0x0, 0x0,
    0x0, 0x0, 0x0, 0x0, 0x0, 0x0, 0x0, 0x8,
    0xf0, 0x6e, 0xfd, 0x40, 0x0, 0x0, 0x0, 0x0,
    0x0, 0x0, 0x8, 0xf5, 0xc4, 0x5d, 0xe0, 0x0,
    0x0, 0x0, 0x9f, 0xf5, 0x0, 0x8, 0xfb, 0x0,
    0x6, 0xf2, 0x0, 0x0, 0x9, 0xf6, 0xaf, 0x30,
    0x8, 0xf4, 0x0, 0x5, 0xf3, 0xf, 0x70, 0xf,
    0x80, 0xb, 0xe6, 0x4a, 0xf4, 0x44, 0x47, 0xf3,
    0x2f, 0x50, 0xd, 0xfa, 0x30, 0xaf, 0xff, 0xff,
    0xff, 0xff, 0xf3, 0x3f, 0x50, 0x0, 0x6d, 0xf1,
    0x0, 0x0, 0x0, 0x0, 0x0, 0x0, 0xf, 0xc1,
    0x0, 0x18, 0xf2, 0x0, 0x0, 0x0, 0x0, 0x0,
    0x0, 0x7, 0xff, 0xff, 0xff, 0x80, 0x0, 0x0,
    0x0, 0x0, 0x0, 0x0, 0x0, 0x13, 0x33, 0x30,
    0x0, 0x0, 0x0, 0x0, 0x0, 0x0, 0x0,

    /* U+FCF6 "ﳶ" */
    0x0, 0x0, 0x0, 0x0, 0x0, 0x0, 0x8, 0xf0,
    0x0, 0x0, 0x0, 0x0, 0x0, 0x0, 0x0, 0x0,
    0x0, 0x8, 0xf0, 0x0, 0x0, 0x0, 0x0, 0x0,
    0x0, 0x0, 0x0, 0x0, 0x8, 0xf0, 0x0, 0x0,
    0x0, 0x0, 0x0, 0x0, 0x0, 0x0, 0x0, 0x8,
    0xf0, 0x6e, 0xfd, 0x40, 0x0, 0x0, 0x0, 0x0,
    0x0, 0x0, 0x8, 0xf5, 0xc4, 0x5d, 0xe0, 0x0,
    0x0, 0x0, 0x9f, 0xf5, 0x0, 0x8, 0xfb, 0x0,
    0x6, 0xf2, 0x0, 0x0, 0x9, 0xf6, 0xaf, 0x30,
    0x8, 0xf4, 0x0, 0x5, 0xf3, 0xf, 0x70, 0xf,
    0x80, 0xb, 0xe6, 0x4a, 0xf4, 0x44, 0x47, 0xf3,
    0x2f, 0x50, 0xd, 0xfa, 0x30, 0xaf, 0xff, 0xff,
    0xff, 0xff, 0xf3, 0x3f, 0x50, 0x0, 0x6d, 0xf1,
    0x0, 0x0, 0x0, 0x0, 0x0, 0x0, 0xf, 0xc1,
    0x0, 0x18, 0xf2, 0x0, 0x0, 0x0, 0x0, 0x0,
    0x0, 0x7, 0xff, 0xff, 0xff, 0x80, 0x0, 0x0,
    0x0, 0x0, 0x0, 0x0, 0x0, 0x13, 0x33, 0x30,
    0x0, 0x0, 0x0, 0x0, 0x0, 0x0, 0x0, 0x0,
    0xe, 0x5e, 0x50, 0x0, 0x0, 0x0, 0x0, 0x0,
    0x0, 0x0, 0x0, 0x8, 0x28, 0x20, 0x0, 0x0,
    0x0, 0x0, 0x0, 0x0, 0x0,

    /* U+FCF7 "ﳷ" */
    0x0, 0x0, 0x0, 0x0, 0x0, 0x0, 0x0, 0x0,
    0x0, 0x0, 0x0, 0x0, 0x0, 0x0, 0x0, 0x3,
    0xcf, 0xf9, 0x0, 0x0, 0x0, 0x0, 0x0, 0x0,
    0xe, 0xc4, 0x66, 0x0, 0x0, 0x0, 0x9f, 0xf5,
    0x0, 0x3f, 0x40, 0x0, 0x0, 0x0, 0x9, 0xf6,
    0xaf, 0x30, 0x2f, 0x50, 0x0, 0xf, 0x70, 0xf,
    0x80, 0xb, 0xe6, 0x4c, 0xd5, 0x44, 0x2f, 0x50,
    0xd, 0xfa, 0x30, 0xaf, 0xff, 0xff, 0xff, 0x3f,
    0x50, 0x0, 0x6d, 0xf1, 0x0, 0x0, 0x0, 0x0,
    0xf, 0xc1, 0x0, 0x18, 0xf2, 0x0, 0x0, 0x0,
    0x0, 0x7, 0xff, 0xff, 0xff, 0x80, 0x0, 0x0,
    0x0, 0x0, 0x0, 0x13, 0x33, 0x30, 0x0, 0x0,
    0x0, 0x0, 0x0,

    /* U+FCF8 "ﳸ" */
    0x0, 0x0, 0x0, 0x0, 0x0, 0x0, 0x0, 0x0,
    0x0, 0x0, 0x0, 0x0, 0x0, 0x0, 0x0, 0x3,
    0xcf, 0xf9, 0x0, 0x0, 0x0, 0x0, 0x0, 0x0,
    0xe, 0xc4, 0x66, 0x0, 0x0, 0x0, 0x9f, 0xf5,
    0x0, 0x3f, 0x40, 0x0, 0x0, 0x0, 0x9, 0xf6,
    0xaf, 0x30, 0x2f, 0x50, 0x0, 0xf, 0x70, 0xf,
    0x80, 0xb, 0xe6, 0x4c, 0xd5, 0x44, 0x2f, 0x50,
    0xd, 0xfa, 0x30, 0xaf, 0xff, 0xff, 0xff, 0x3f,
    0x50, 0x0, 0x6d, 0xf1, 0x0, 0x0, 0x0, 0x0,
    0xf, 0xc1, 0x0, 0x18, 0xf2, 0x0, 0x0, 0x0,
    0x0, 0x7, 0xff, 0xff, 0xff, 0x80, 0x0, 0x0,
    0x0, 0x0, 0x0, 0x13, 0x33, 0x30, 0x0, 0x0,
    0x0, 0x0, 0x0, 0x0, 0xe, 0x5e, 0x50, 0x0,
    0x0, 0x0, 0x0, 0x0, 0x0, 0x8, 0x28, 0x20,
    0x0, 0x0, 0x0, 0x0, 0x0,

    /* U+FCF9 "ﳹ" */
    0x0, 0x0, 0x0, 0x0, 0x0, 0x0, 0x0, 0x37,
    0x0, 0x0, 0x0, 0x0, 0x0, 0x0, 0x0, 0x0,
    0x6d, 0x0, 0x0, 0x0, 0x0, 0x0, 0x0, 0x0,
    0x0, 0x0, 0x0, 0x0, 0x0, 0x0, 0x0, 0x0,
    0x0, 0x3, 0xcf, 0xf9, 0x0, 0x0, 0x0, 0x0,
    0x0, 0x0, 0xe, 0xc4, 0x66, 0x0, 0x0, 0x0,
    0x9f, 0xf5, 0x0, 0x3f, 0x40, 0x0, 0x0, 0x0,
    0x9, 0xf6, 0xaf, 0x30, 0x2f, 0x50, 0x0, 0xf,
    0x70, 0xf, 0x80, 0xb, 0xe6, 0x4c, 0xd5, 0x44,
    0x2f, 0x50, 0xd, 0xfa, 0x30, 0xaf, 0xff, 0xff,
    0xff, 0x3f, 0x50, 0x0, 0x6d, 0xf1, 0x0, 0x0,
    0x0, 0x0, 0xf, 0xc1, 0x0, 0x18, 0xf2, 0x0,
    0x0, 0x0, 0x0, 0x7, 0xff, 0xff, 0xff, 0x80,
    0x0, 0x0, 0x0, 0x0, 0x0, 0x13, 0x33, 0x30,
    0x0, 0x0, 0x0, 0x0, 0x0,

    /* U+FCFA "ﳺ" */
    0x0, 0x0, 0x0, 0x0, 0x0, 0x0, 0x0, 0x37,
    0x0, 0x0, 0x0, 0x0, 0x0, 0x0, 0x0, 0x0,
    0x6d, 0x0, 0x0, 0x0, 0x0, 0x0, 0x0, 0x0,
    0x0, 0x0, 0x0, 0x0, 0x0, 0x0, 0x0, 0x0,
    0x0, 0x3, 0xcf, 0xf9, 0x0, 0x0, 0x0, 0x0,
    0x0, 0x0, 0xe, 0xc4, 0x66, 0x0, 0x0, 0x0,
    0x9f, 0xf5, 0x0, 0x3f, 0x40, 0x0, 0x0, 0x0,
    0x9, 0xf6, 0xaf, 0x30, 0x2f, 0x50, 0x0, 0xf,
    0x70, 0xf, 0x80, 0xb, 0xe6, 0x4c, 0xd5, 0x44,
    0x2f, 0x50, 0xd, 0xfa, 0x30, 0xaf, 0xff, 0xff,
    0xff, 0x3f, 0x50, 0x0, 0x6d, 0xf1, 0x0, 0x0,
    0x0, 0x0, 0xf, 0xc1, 0x0, 0x18, 0xf2, 0x0,
    0x0, 0x0, 0x0, 0x7, 0xff, 0xff, 0xff, 0x80,
    0x0, 0x0, 0x0, 0x0, 0x0, 0x13, 0x33, 0x30,
    0x0, 0x0, 0x0, 0x0, 0x0, 0x0, 0xe, 0x5e,
    0x50, 0x0, 0x0, 0x0, 0x0, 0x0, 0x0, 0x8,
    0x28, 0x20, 0x0, 0x0, 0x0, 0x0, 0x0,

    /* U+FCFB "ﳻ" */
    0x0, 0x0, 0x0, 0x0, 0x0, 0x0, 0x0, 0x0,
    0x0, 0x0, 0x2f, 0x60, 0x0, 0x0, 0x0, 0x0,
    0x0, 0x0, 0x9f, 0x0, 0xcc, 0x2, 0xf6, 0x0,
    0x0, 0x0, 0x9f, 0xf5, 0x0, 0x9, 0xf0, 0xc,
    0xc0, 0x2f, 0x60, 0x0, 0x0, 0x9f, 0x6a, 0xf3,
    0x0, 0x9f, 0x0, 0xcc, 0x2, 0xf6, 0xf, 0x70,
    0xf, 0x80, 0xb, 0xe6, 0x4b, 0xf4, 0x6f, 0xf6,
    0x5f, 0x62, 0xf5, 0x0, 0xdf, 0xa3, 0xa, 0xff,
    0xff, 0xff, 0xb6, 0xef, 0xf6, 0x3f, 0x50, 0x0,
    0x6d, 0xf1, 0x0, 0x0, 0x0, 0x0, 0x0, 0x0,
    0x0, 0xfc, 0x10, 0x1, 0x8f, 0x20, 0x0, 0x0,
    0x0, 0x0, 0x0, 0x0, 0x7, 0xff, 0xff, 0xff,
    0x80, 0x0, 0x0, 0x0, 0x0, 0x0, 0x0, 0x0,
    0x1, 0x33, 0x33, 0x0, 0x0, 0x0, 0x0, 0x0,
    0x0, 0x0, 0x0,

    /* U+FCFC "ﳼ" */
    0x0, 0x0, 0x0, 0x0, 0x0, 0x0, 0x0, 0x0,
    0x0, 0x0, 0x2f, 0x60, 0x0, 0x0, 0x0, 0x0,
    0x0, 0x0, 0x9f, 0x0, 0xcc, 0x2, 0xf6, 0x0,
    0x0, 0x0, 0x9f, 0xf5, 0x0, 0x9, 0xf0, 0xc,
    0xc0, 0x2f, 0x60, 0x0, 0x0, 0x9f, 0x6a, 0xf3,
    0x0, 0x9f, 0x0, 0xcc, 0x2, 0xf6, 0xf, 0x70,
    0xf, 0x80, 0xb, 0xe6, 0x4b, 0xf4, 0x6f, 0xf6,
    0x5f, 0x62, 0xf5, 0x0, 0xdf, 0xa3, 0xa, 0xff,
    0xff, 0xff, 0xb6, 0xef, 0xf6, 0x3f, 0x50, 0x0,
    0x6d, 0xf1, 0x0, 0x0, 0x0, 0x0, 0x0, 0x0,
    0x0, 0xfc, 0x10, 0x1, 0x8f, 0x20, 0x0, 0x0,
    0x0, 0x0, 0x0, 0x0, 0x7, 0xff, 0xff, 0xff,
    0x80, 0x0, 0x0, 0x0, 0x0, 0x0, 0x0, 0x0,
    0x1, 0x33, 0x33, 0x0, 0x0, 0x0, 0x0, 0x0,
    0x0, 0x0, 0x0, 0x0, 0xe, 0x5e, 0x50, 0x0,
    0x0, 0x0, 0x0, 0x0, 0x0, 0x0, 0x0, 0x0,
    0x82, 0x82, 0x0, 0x0, 0x0, 0x0, 0x0, 0x0,
    0x0, 0x0,

    /* U+FCFD "ﳽ" */
    0x0, 0x0, 0x0, 0x0, 0x0, 0x0, 0x0, 0x0,
    0x8, 0x90, 0x0, 0x0, 0x0, 0x0, 0x0, 0x0,
    0x0, 0x0, 0x0, 0x5, 0x88, 0x60, 0x0, 0x0,
    0x0, 0x0, 0x0, 0x0, 0x0, 0x0, 0x0, 0x9a,
    0x8b, 0x0, 0x0, 0x0, 0x0, 0x0, 0x0, 0x0,
    0x0, 0x0, 0x0, 0x0, 0x2, 0xf6, 0x0, 0x0,
    0x0, 0x0, 0x0, 0x0, 0x7, 0xb0, 0x9, 0x90,
    0x2f, 0x60, 0x0, 0x0, 0x9, 0xff, 0x50, 0x0,
    0x9f, 0x0, 0xcc, 0x2, 0xf6, 0x0, 0x0, 0x9,
    0xf6, 0xaf, 0x30, 0x9, 0xf0, 0xc, 0xc0, 0x2f,
    0x60, 0xf7, 0x0, 0xf8, 0x0, 0xbe, 0x64, 0xbf,
    0x45, 0xff, 0x65, 0xf6, 0x2f, 0x50, 0xd, 0xfa,
    0x30, 0xaf, 0xff, 0xff, 0xfb, 0x6e, 0xff, 0x63,
    0xf5, 0x0, 0x6, 0xdf, 0x10, 0x0, 0x0, 0x0,
    0x0, 0x0, 0x0, 0xf, 0xc1, 0x0, 0x18, 0xf2,
    0x0, 0x0, 0x0, 0x0, 0x0, 0x0, 0x0, 0x7f,
    0xff, 0xff, 0xf8, 0x0, 0x0, 0x0, 0x0, 0x0,
    0x0, 0x0, 0x0, 0x13, 0x33, 0x30, 0x0, 0x0,
    0x0, 0x0, 0x0, 0x0, 0x0, 0x0,

    /* U+FCFE "ﳾ" */
    0x0, 0x0, 0x0, 0x0, 0x0, 0x0, 0x0, 0x0,
    0x8, 0x90, 0x0, 0x0, 0x0, 0x0, 0x0, 0x0,
    0x0, 0x0, 0x0, 0x5, 0x88, 0x60, 0x0, 0x0,
    0x0, 0x0, 0x0, 0x0, 0x0, 0x0, 0x0, 0x9a,
    0x8b, 0x0, 0x0, 0x0, 0x0, 0x0, 0x0, 0x0,
    0x0, 0x0, 0x0, 0x0, 0x2, 0xf6, 0x0, 0x0,
    0x0, 0x0, 0x0, 0x0, 0x7, 0xb0, 0x9, 0x90,
    0x2f, 0x60, 0x0, 0x0, 0x9, 0xff, 0x50, 0x0,
    0x9f, 0x0, 0xcc, 0x2, 0xf6, 0x0, 0x0, 0x9,
    0xf6, 0xaf, 0x30, 0x9, 0xf0, 0xc, 0xc0, 0x2f,
    0x60, 0xf7, 0x0, 0xf8, 0x0, 0xbe, 0x64, 0xbf,
    0x45, 0xff, 0x65, 0xf6, 0x2f, 0x50, 0xd, 0xfa,
    0x30, 0xaf, 0xff, 0xff, 0xfb, 0x6e, 0xff, 0x63,
    0xf5, 0x0, 0x6, 0xdf, 0x10, 0x0, 0x0, 0x0,
    0x0, 0x0, 0x0, 0xf, 0xc1, 0x0, 0x18, 0xf2,
    0x0, 0x0, 0x0, 0x0, 0x0, 0x0, 0x0, 0x7f,
    0xff, 0xff, 0xf8, 0x0, 0x0, 0x0, 0x0, 0x0,
    0x0, 0x0, 0x0, 0x13, 0x33, 0x30, 0x0, 0x0,
    0x0, 0x0, 0x0, 0x0, 0x0, 0x0, 0x0, 0xe5,
    0xe5, 0x0, 0x0, 0x0, 0x0, 0x0, 0x0, 0x0,
    0x0, 0x0, 0x8, 0x28, 0x20, 0x0, 0x0, 0x0,
    0x0, 0x0, 0x0, 0x0, 0x0,

    /* U+FCFF "ﳿ" */
    0x0, 0x0, 0x0, 0x0, 0x0, 0x0, 0x0, 0x0,
    0x0, 0x0, 0x0, 0x0, 0x0, 0x0, 0x0, 0x4,
    0xef, 0xf8, 0x0, 0x0, 0x0, 0x0, 0x0, 0x0,
    0x0, 0x4a, 0x49, 0xf3, 0x0, 0x0, 0x0, 0x9,
    0xff, 0x50, 0x0, 0x0, 0xf, 0x80, 0x0, 0x0,
    0x9, 0xf6, 0xaf, 0x30, 0x0, 0x0, 0xcb, 0x0,
    0xf7, 0x0, 0xf8, 0x0, 0xbe, 0x64, 0x44, 0x4a,
    0xf2, 0x2f, 0x50, 0xd, 0xfa, 0x30, 0xaf, 0xff,
    0xff, 0xff, 0x53, 0xf5, 0x0, 0x6, 0xdf, 0x10,
    0x0, 0x0, 0x0, 0x0, 0xf, 0xc1, 0x0, 0x18,
    0xf2, 0x0, 0x0, 0x0, 0x0, 0x0, 0x7f, 0xff,
    0xff, 0xf8, 0x0, 0x0, 0x0, 0x0, 0x0, 0x0,
    0x13, 0x33, 0x30, 0x0, 0x0, 0x0, 0x0, 0x0,
    0x0,

    /* U+FD00 "ﴀ" */
    0x0, 0x0, 0x0, 0x0, 0x0, 0x0, 0x0, 0x0,
    0x0, 0x0, 0x0, 0x0, 0x0, 0x0, 0x0, 0x4,
    0xef, 0xf8, 0x0, 0x0, 0x0, 0x0, 0x0, 0x0,
    0x0, 0x4a, 0x49, 0xf3, 0x0, 0x0, 0x0, 0x9,
    0xff, 0x50, 0x0, 0x0, 0xf, 0x80, 0x0, 0x0,
    0x9, 0xf6, 0xaf, 0x30, 0x0, 0x0, 0xcb, 0x0,
    0xf7, 0x0, 0xf8, 0x0, 0xbe, 0x64, 0x44, 0x4a,
    0xf2, 0x2f, 0x50, 0xd, 0xfa, 0x30, 0xaf, 0xff,
    0xff, 0xff, 0x53, 0xf5, 0x0, 0x6, 0xdf, 0x10,
    0x0, 0x0, 0x0, 0x0, 0xf, 0xc1, 0x0, 0x18,
    0xf2, 0x0, 0x0, 0x0, 0x0, 0x0, 0x7f, 0xff,
    0xff, 0xf8, 0x0, 0x0, 0x0, 0x0, 0x0, 0x0,
    0x13, 0x33, 0x30, 0x0, 0x0, 0x0, 0x0, 0x0,
    0x0, 0x0, 0xe5, 0xe5, 0x0, 0x0, 0x0, 0x0,
    0x0, 0x0, 0x0, 0x8, 0x28, 0x20, 0x0, 0x0,
    0x0, 0x0, 0x0, 0x0,

    /* U+FD01 "ﴁ" */
    0x0, 0x0, 0x0, 0x0, 0x0, 0x0, 0x0, 0x0,
    0x0, 0x0, 0x0, 0x0, 0x0, 0x0, 0x0, 0x4,
    0xef, 0xf8, 0x0, 0x0, 0x0, 0x0, 0x0, 0x0,
    0x0, 0x4a, 0x49, 0xf3, 0x0, 0x0, 0x0, 0x9,
    0xff, 0x50, 0x0, 0x0, 0xf, 0x80, 0x0, 0x0,
    0x9, 0xf6, 0xaf, 0x30, 0x0, 0x0, 0xcb, 0x0,
    0xf7, 0x0, 0xf8, 0x0, 0xbe, 0x64, 0x44, 0x4a,
    0xf2, 0x2f, 0x50, 0xd, 0xfa, 0x30, 0xaf, 0xff,
    0xff, 0xff, 0x53, 0xf5, 0x0, 0x6, 0xdf, 0x10,
    0x0, 0x0, 0x0, 0x0, 0xf, 0xc1, 0x0, 0x18,
    0xf2, 0x0, 0x0, 0x42, 0x0, 0x0, 0x7f, 0xff,
    0xff, 0xf8, 0x0, 0x0, 0xe, 0x80, 0x0, 0x0,
    0x13, 0x33, 0x30, 0x0, 0x0, 0x0, 0x10, 0x0,
    0x0,

    /* U+FD02 "ﴂ" */
    0x0, 0x0, 0x0, 0x0, 0x0, 0x0, 0x0, 0x0,
    0x0, 0x0, 0x0, 0x0, 0x0, 0x0, 0x0, 0x4,
    0xef, 0xf8, 0x0, 0x0, 0x0, 0x0, 0x0, 0x0,
    0x0, 0x4a, 0x49, 0xf3, 0x0, 0x0, 0x0, 0x9,
    0xff, 0x50, 0x0, 0x0, 0xf, 0x80, 0x0, 0x0,
    0x9, 0xf6, 0xaf, 0x30, 0x0, 0x0, 0xcb, 0x0,
    0xf7, 0x0, 0xf8, 0x0, 0xbe, 0x64, 0x44, 0x4a,
    0xf2, 0x2f, 0x50, 0xd, 0xfa, 0x30, 0xaf, 0xff,
    0xff, 0xff, 0x53, 0xf5, 0x0, 0x6, 0xdf, 0x10,
    0x0, 0x0, 0x0, 0x0, 0xf, 0xc1, 0x0, 0x18,
    0xf2, 0x0, 0x0, 0x42, 0x0, 0x0, 0x7f, 0xff,
    0xff, 0xf8, 0x0, 0x0, 0xe, 0x80, 0x0, 0x0,
    0x13, 0x33, 0x30, 0x0, 0x0, 0x0, 0x10, 0x0,
    0x0, 0x0, 0xe5, 0xe5, 0x0, 0x0, 0x0, 0x0,
    0x0, 0x0, 0x0, 0x8, 0x28, 0x20, 0x0, 0x0,
    0x0, 0x0, 0x0, 0x0,

    /* U+FD03 "ﴃ" */
    0x0, 0x0, 0x0, 0x0, 0x0, 0x0, 0x4, 0xe0,
    0x0, 0x0, 0x0, 0x0, 0x0, 0x0, 0x0, 0x0,
    0x28, 0x0, 0x0, 0x0, 0x0, 0x0, 0x0, 0x0,
    0x0, 0x0, 0x0, 0x0, 0x0, 0x0, 0x0, 0x0,
    0x0, 0x0, 0x4, 0xef, 0xf8, 0x0, 0x0, 0x0,
    0x0, 0x0, 0x0, 0x0, 0x4a, 0x49, 0xf3, 0x0,
    0x0, 0x0, 0x9, 0xff, 0x50, 0x0, 0x0, 0xf,
    0x80, 0x0, 0x0, 0x9, 0xf6, 0xaf, 0x30, 0x0,
    0x0, 0xcb, 0x0, 0xf7, 0x0, 0xf8, 0x0, 0xbe,
    0x64, 0x44, 0x4a, 0xf2, 0x2f, 0x50, 0xd, 0xfa,
    0x30, 0xaf, 0xff, 0xff, 0xff, 0x53, 0xf5, 0x0,
    0x6, 0xdf, 0x10, 0x0, 0x0, 0x0, 0x0, 0xf,
    0xc1, 0x0, 0x18, 0xf2, 0x0, 0x0, 0x0, 0x0,
    0x0, 0x7f, 0xff, 0xff, 0xf8, 0x0, 0x0, 0x0,
    0x0, 0x0, 0x0, 0x13, 0x33, 0x30, 0x0, 0x0,
    0x0, 0x0, 0x0, 0x0,

    /* U+FD04 "ﴄ" */
    0x0, 0x0, 0x0, 0x0, 0x0, 0x0, 0x4, 0xe0,
    0x0, 0x0, 0x0, 0x0, 0x0, 0x0, 0x0, 0x0,
    0x28, 0x0, 0x0, 0x0, 0x0, 0x0, 0x0, 0x0,
    0x0, 0x0, 0x0, 0x0, 0x0, 0x0, 0x0, 0x0,
    0x0, 0x0, 0x4, 0xef, 0xf8, 0x0, 0x0, 0x0,
    0x0, 0x0, 0x0, 0x0, 0x4a, 0x49, 0xf3, 0x0,
    0x0, 0x0, 0x9, 0xff, 0x50, 0x0, 0x0, 0xf,
    0x80, 0x0, 0x0, 0x9, 0xf6, 0xaf, 0x30, 0x0,
    0x0, 0xcb, 0x0, 0xf7, 0x0, 0xf8, 0x0, 0xbe,
    0x64, 0x44, 0x4a, 0xf2, 0x2f, 0x50, 0xd, 0xfa,
    0x30, 0xaf, 0xff, 0xff, 0xff, 0x53, 0xf5, 0x0,
    0x6, 0xdf, 0x10, 0x0, 0x0, 0x0, 0x0, 0xf,
    0xc1, 0x0, 0x18, 0xf2, 0x0, 0x0, 0x0, 0x0,
    0x0, 0x7f, 0xff, 0xff, 0xf8, 0x0, 0x0, 0x0,
    0x0, 0x0, 0x0, 0x13, 0x33, 0x30, 0x0, 0x0,
    0x0, 0x0, 0x0, 0x0, 0x0, 0xe5, 0xe5, 0x0,
    0x0, 0x0, 0x0, 0x0, 0x0, 0x0, 0x8, 0x28,
    0x20, 0x0, 0x0, 0x0, 0x0, 0x0, 0x0,

    /* U+FD05 "ﴅ" */
    0x0, 0x0, 0x0, 0x0, 0x0, 0x0, 0xa, 0xb0,
    0x7d, 0xea, 0x10, 0x0, 0x0, 0x0, 0x0, 0x0,
    0x0, 0xbc, 0x88, 0x24, 0xfa, 0x0, 0x0, 0x0,
    0x9f, 0xf5, 0x0, 0xb, 0xe8, 0x0, 0x9, 0xe0,
    0x0, 0x0, 0x9f, 0x6a, 0xf3, 0x0, 0xbf, 0x10,
    0x0, 0x9f, 0xf, 0x70, 0xf, 0x80, 0xb, 0xe6,
    0x4c, 0xd4, 0x44, 0x4a, 0xf2, 0xf5, 0x0, 0xdf,
    0xa3, 0xa, 0xff, 0xff, 0xff, 0xff, 0xff, 0x3f,
    0x50, 0x0, 0x6d, 0xf1, 0x0, 0x0, 0x0, 0x0,
    0x0, 0x0, 0xfc, 0x10, 0x1, 0x8f, 0x20, 0x0,
    0x0, 0x0, 0x0, 0x0, 0x7, 0xff, 0xff, 0xff,
    0x80, 0x0, 0x0, 0x0, 0x0, 0x0, 0x0, 0x1,
    0x33, 0x33, 0x0, 0x0, 0x0, 0x0, 0x0, 0x0,
    0x0,

    /* U+FD06 "ﴆ" */
    0x0, 0x0, 0x0, 0x0, 0x0, 0x0, 0xa, 0xb0,
    0x7d, 0xea, 0x10, 0x0, 0x0, 0x0, 0x0, 0x0,
    0x0, 0xbc, 0x88, 0x24, 0xfa, 0x0, 0x0, 0x0,
    0x9f, 0xf5, 0x0, 0xb, 0xe8, 0x0, 0x9, 0xe0,
    0x0, 0x0, 0x9f, 0x6a, 0xf3, 0x0, 0xbf, 0x10,
    0x0, 0x9f, 0xf, 0x70, 0xf, 0x80, 0xb, 0xe6,
    0x4c, 0xd4, 0x44, 0x4a, 0xf2, 0xf5, 0x0, 0xdf,
    0xa3, 0xa, 0xff, 0xff, 0xff, 0xff, 0xff, 0x3f,
    0x50, 0x0, 0x6d, 0xf1, 0x0, 0x0, 0x0, 0x0,
    0x0, 0x0, 0xfc, 0x10, 0x1, 0x8f, 0x20, 0x0,
    0x0, 0x0, 0x0, 0x0, 0x7, 0xff, 0xff, 0xff,
    0x80, 0x0, 0x0, 0x0, 0x0, 0x0, 0x0, 0x1,
    0x33, 0x33, 0x0, 0x0, 0x0, 0x0, 0x0, 0x0,
    0x0, 0x0, 0xe, 0x5e, 0x50, 0x0, 0x0, 0x0,
    0x0, 0x0, 0x0, 0x0, 0x0, 0x82, 0x82, 0x0,
    0x0, 0x0, 0x0, 0x0, 0x0, 0x0,

    /* U+FD07 "ﴇ" */
    0x0, 0x0, 0x0, 0x0, 0x0, 0x0, 0x0, 0x0,
    0xa9, 0x0, 0x0, 0x0, 0x0, 0x0, 0x0, 0x0,
    0x0, 0x0, 0x5, 0x50, 0x0, 0x0, 0x0, 0x0,
    0x0, 0x0, 0x0, 0x0, 0x0, 0x0, 0x0, 0x0,
    0x0, 0x0, 0x0, 0x0, 0x0, 0x0, 0xab, 0x7,
    0xde, 0xa1, 0x0, 0x0, 0x0, 0x0, 0x0, 0x0,
    0xb, 0xc8, 0x82, 0x4f, 0xa0, 0x0, 0x0, 0x9,
    0xff, 0x50, 0x0, 0xbe, 0x80, 0x0, 0x9e, 0x0,
    0x0, 0x9, 0xf6, 0xaf, 0x30, 0xb, 0xf1, 0x0,
    0x9, 0xf0, 0xf7, 0x0, 0xf8, 0x0, 0xbe, 0x64,
    0xcd, 0x44, 0x44, 0xaf, 0x2f, 0x50, 0xd, 0xfa,
    0x30, 0xaf, 0xff, 0xff, 0xff, 0xff, 0xf3, 0xf5,
    0x0, 0x6, 0xdf, 0x10, 0x0, 0x0, 0x0, 0x0,
    0x0, 0xf, 0xc1, 0x0, 0x18, 0xf2, 0x0, 0x0,
    0x0, 0x0, 0x0, 0x0, 0x7f, 0xff, 0xff, 0xf8,
    0x0, 0x0, 0x0, 0x0, 0x0, 0x0, 0x0, 0x13,
    0x33, 0x30, 0x0, 0x0, 0x0, 0x0, 0x0, 0x0,
    0x0,

    /* U+FD08 "ﴈ" */
    0x0, 0x0, 0x0, 0x0, 0x0, 0x0, 0x0, 0x0,
    0xa9, 0x0, 0x0, 0x0, 0x0, 0x0, 0x0, 0x0,
    0x0, 0x0, 0x5, 0x50, 0x0, 0x0, 0x0, 0x0,
    0x0, 0x0, 0x0, 0x0, 0x0, 0x0, 0x0, 0x0,
    0x0, 0x0, 0x0, 0x0, 0x0, 0x0, 0xab, 0x7,
    0xde, 0xa1, 0x0, 0x0, 0x0, 0x0, 0x0, 0x0,
    0xb, 0xc8, 0x82, 0x4f, 0xa0, 0x0, 0x0, 0x9,
    0xff, 0x50, 0x0, 0xbe, 0x80, 0x0, 0x9e, 0x0,
    0x0, 0x9, 0xf6, 0xaf, 0x30, 0xb, 0xf1, 0x0,
    0x9, 0xf0, 0xf7, 0x0, 0xf8, 0x0, 0xbe, 0x64,
    0xcd, 0x44, 0x44, 0xaf, 0x2f, 0x50, 0xd, 0xfa,
    0x30, 0xaf, 0xff, 0xff, 0xff, 0xff, 0xf3, 0xf5,
    0x0, 0x6, 0xdf, 0x10, 0x0, 0x0, 0x0, 0x0,
    0x0, 0xf, 0xc1, 0x0, 0x18, 0xf2, 0x0, 0x0,
    0x0, 0x0, 0x0, 0x0, 0x7f, 0xff, 0xff, 0xf8,
    0x0, 0x0, 0x0, 0x0, 0x0, 0x0, 0x0, 0x13,
    0x33, 0x30, 0x0, 0x0, 0x0, 0x0, 0x0, 0x0,
    0x0, 0x0, 0xe5, 0xe5, 0x0, 0x0, 0x0, 0x0,
    0x0, 0x0, 0x0, 0x0, 0x8, 0x28, 0x20, 0x0,
    0x0, 0x0, 0x0, 0x0, 0x0, 0x0,

    /* U+FD09 "ﴉ" */
    0x0, 0x0, 0x0, 0x0, 0x0, 0x0, 0xc, 0x50,
    0x0, 0x0, 0x0, 0x0, 0x0, 0x0, 0x0, 0x8,
    0x79, 0x30, 0x0, 0x0, 0x0, 0x0, 0x0, 0x0,
    0x0, 0xe5, 0xd6, 0x0, 0x2, 0xbe, 0xfc, 0x20,
    0x0, 0x0, 0x0, 0x0, 0x6, 0xf2, 0x9, 0x44,
    0xec, 0x0, 0xe, 0xa0, 0xf, 0x70, 0x6f, 0x20,
    0x0, 0x6, 0xf1, 0x0, 0xea, 0x0, 0xf7, 0x6,
    0xf2, 0x0, 0x0, 0x3f, 0x50, 0xe, 0xa0, 0x1f,
    0x70, 0x6f, 0x20, 0x3, 0xbf, 0xfd, 0x44, 0xec,
    0x49, 0xfd, 0x58, 0xf2, 0x7, 0xfa, 0x32, 0xcf,
    0xff, 0xff, 0xf8, 0x8f, 0xff, 0x23, 0xf7, 0x0,
    0x0, 0x0, 0x0, 0x0, 0x0, 0x0, 0x0, 0x6f,
    0x10, 0x9, 0x20, 0x0, 0x0, 0x0, 0x0, 0x0,
    0x5, 0xf7, 0x0, 0xe4, 0x0, 0x0, 0x0, 0x0,
    0x0, 0x0, 0xb, 0xf6, 0x0, 0x0, 0x0, 0x0,
    0x0, 0x0, 0x0, 0x0, 0x2, 0x0, 0x0, 0x0,
    0x0, 0x0, 0x0, 0x0, 0x0,

    /* U+FD0A "ﴊ" */
    0x0, 0x0, 0x0, 0x0, 0x0, 0x0, 0xc, 0x50,
    0x0, 0x0, 0x0, 0x0, 0x0, 0x0, 0x0, 0x8,
    0x79, 0x30, 0x0, 0x0, 0x0, 0x0, 0x0, 0x0,
    0x0, 0xe5, 0xd6, 0x0, 0x2, 0xbe, 0xfb, 0x20,
    0x0, 0x0, 0x0, 0x0, 0x6, 0xf2, 0x9, 0x44,
    0xeb, 0x0, 0xe, 0xa0, 0xf, 0x70, 0x6f, 0x20,
    0x0, 0x6, 0xf1, 0x0, 0xea, 0x0, 0xf7, 0x6,
    0xf2, 0x0, 0x0, 0x3f, 0x50, 0xe, 0xa0, 0x1f,
    0x70, 0x6f, 0x20, 0x3, 0xbf, 0xfd, 0x44, 0xec,
    0x49, 0xfd, 0x58, 0xf2, 0x7, 0xfa, 0x32, 0xcf,
    0xff, 0xff, 0xf8, 0x8f, 0xff, 0x23, 0xf7, 0x0,
    0x0, 0x0, 0x0, 0x0, 0x0, 0x0, 0x0, 0x6f,
    0x10, 0x0, 0x0, 0x0, 0x0, 0x0, 0x0, 0x0,
    0x5, 0xf8, 0x12, 0x10, 0x0, 0x0, 0x0, 0x0,
    0x0, 0x0, 0xb, 0xff, 0xf6, 0x0, 0x0, 0x0,
    0x0, 0x0, 0x0, 0x0, 0x2, 0x31, 0x0, 0x0,
    0x0, 0x0, 0x0, 0x0, 0x0,

    /* U+FD0B "ﴋ" */
    0x0, 0x7c, 0x0, 0x0, 0x0, 0x0, 0xc, 0x50,
    0x0, 0x0, 0x5, 0x90, 0x0, 0x0, 0x0, 0x8,
    0x79, 0x30, 0x0, 0x0, 0x0, 0x0, 0x0, 0x0,
    0x0, 0xe5, 0xd6, 0x0, 0x2, 0xbe, 0xfb, 0x20,
    0x0, 0x0, 0x0, 0x0, 0x6, 0xf2, 0x9, 0x44,
    0xeb, 0x0, 0xe, 0xa0, 0xf, 0x70, 0x6f, 0x20,
    0x0, 0x6, 0xf1, 0x0, 0xea, 0x0, 0xf7, 0x6,
    0xf2, 0x0, 0x0, 0x3f, 0x50, 0xe, 0xa0, 0x1f,
    0x70, 0x6f, 0x20, 0x3, 0xbf, 0xfd, 0x44, 0xec,
    0x49, 0xfd, 0x58, 0xf2, 0x7, 0xfa, 0x32, 0xcf,
    0xff, 0xff, 0xf8, 0x8f, 0xff, 0x23, 0xf7, 0x0,
    0x0, 0x0, 0x0, 0x0, 0x0, 0x0, 0x0, 0x6f,
    0x10, 0x0, 0x0, 0x0, 0x0, 0x0, 0x0, 0x0,
    0x5, 0xf8, 0x12, 0x10, 0x0, 0x0, 0x0, 0x0,
    0x0, 0x0, 0xb, 0xff, 0xf6, 0x0, 0x0, 0x0,
    0x0, 0x0, 0x0, 0x0, 0x2, 0x31, 0x0, 0x0,
    0x0, 0x0, 0x0, 0x0, 0x0,

    /* U+FD0C "ﴌ" */
    0x0, 0x0, 0x0, 0x0, 0x0, 0x0, 0x0, 0xc5,
    0x0, 0x0, 0x0, 0x0, 0x0, 0x0, 0x0, 0x0,
    0x8, 0x79, 0x40, 0x0, 0x0, 0x0, 0x0, 0x0,
    0x0, 0x0, 0xc, 0x5b, 0x60, 0x10, 0x0, 0x3c,
    0xff, 0x80, 0x0, 0x11, 0x0, 0x21, 0x5, 0xf3,
    0x0, 0xcc, 0x48, 0xf5, 0x0, 0xdb, 0x0, 0xf8,
    0x5, 0xf3, 0x0, 0xf7, 0x0, 0xf9, 0x0, 0xdb,
    0x0, 0xf8, 0x5, 0xf3, 0x0, 0xf7, 0x1, 0xf8,
    0x0, 0xdb, 0x0, 0xf8, 0x5, 0xf3, 0x1, 0xdc,
    0x4b, 0xfb, 0x44, 0xec, 0x48, 0xfe, 0x58, 0xf3,
    0xe, 0xff, 0xfd, 0x6c, 0xff, 0xff, 0xff, 0x97,
    0xef, 0xf3, 0x3f, 0x60, 0x0, 0x0, 0x0, 0x0,
    0x0, 0x0, 0x0, 0x0, 0x3f, 0x40, 0x0, 0x0,
    0x0, 0x0, 0x0, 0x0, 0x0, 0x0, 0x3f, 0x40,
    0x0, 0x0, 0x0, 0x0, 0x0, 0x0, 0x0, 0x0,
    0x2d, 0x40, 0x0, 0x0, 0x0, 0x0, 0x0, 0x0,
    0x0, 0x0,

    /* U+FD0D "ﴍ" */
    0x0, 0x0, 0x0, 0x0, 0x0, 0x2, 0xe0, 0x0,
    0x0, 0x0, 0x0, 0x0, 0x0, 0x2, 0x97, 0x90,
    0x0, 0x0, 0x0, 0x0, 0x0, 0x0, 0x4e, 0x4e,
    0x10, 0x0, 0x0, 0xbc, 0x0, 0x0, 0x0, 0x0,
    0x0, 0xbc, 0x0, 0xc, 0xc0, 0x3, 0xf4, 0x6,
    0xf2, 0xc, 0xc0, 0x0, 0xcc, 0x0, 0x3f, 0x40,
    0x6f, 0x20, 0xcc, 0x0, 0xc, 0xc0, 0x3, 0xf4,
    0x7, 0xf1, 0xc, 0xc0, 0x0, 0xcd, 0x44, 0x7f,
    0x74, 0xcf, 0xa4, 0xdc, 0x0, 0xc, 0xff, 0xff,
    0xff, 0xfd, 0x6b, 0xff, 0xc0, 0x0, 0xcc, 0x0,
    0x0, 0x0, 0x0, 0x0, 0x0, 0x3, 0x2f, 0x90,
    0x0, 0x0, 0x0, 0x0, 0x0, 0x4, 0xff, 0xe2,
    0x0, 0x0, 0x0, 0x0, 0x0, 0x0, 0x1, 0x30,
    0x0, 0x0, 0x0, 0x0, 0x0, 0x0, 0x0,

    /* U+FD0E "ﴎ" */
    0x0, 0xc, 0xc0, 0x0, 0x0, 0x0, 0x0, 0xc,
    0xc0, 0x0, 0xcc, 0x0, 0x3f, 0x40, 0x6f, 0x20,
    0xcc, 0x0, 0xc, 0xc0, 0x3, 0xf4, 0x6, 0xf2,
    0xc, 0xc0, 0x0, 0xcc, 0x0, 0x3f, 0x40, 0x7f,
    0x10, 0xcc, 0x0, 0xc, 0xd4, 0x47, 0xf7, 0x4c,
    0xfa, 0x4d, 0xc0, 0x0, 0xcf, 0xff, 0xff, 0xff,
    0xd6, 0xbf, 0xfc, 0x0, 0xc, 0xc0, 0x0, 0x0,
    0x0, 0x0, 0x0, 0x0, 0x32, 0xf9, 0x0, 0x0,
    0x0, 0x0, 0x0, 0x0, 0x4f, 0xfe, 0x20, 0x0,
    0x0, 0x0, 0x0, 0x0, 0x0, 0x13, 0x0, 0x0,
    0x0, 0x0, 0x0, 0x0, 0x0,

    /* U+FD0F "ﴏ" */
    0x0, 0xb, 0xb0, 0x5, 0xe2, 0x5c, 0xec, 0x40,
    0x0, 0xc, 0xc0, 0x6, 0xf7, 0xb3, 0x2b, 0xf1,
    0x0, 0xc, 0xc0, 0x6, 0xfc, 0x0, 0x4, 0xf4,
    0x0, 0xc, 0xc0, 0x6, 0xf4, 0x0, 0x3, 0xf5,
    0x0, 0xc, 0xd4, 0x48, 0xf6, 0x44, 0x46, 0xf5,
    0x0, 0xc, 0xff, 0xff, 0xff, 0xff, 0xff, 0xf5,
    0x0, 0xc, 0xc0, 0x0, 0x0, 0x0, 0x0, 0x0,
    0x3, 0x2f, 0x90, 0x0, 0x0, 0x0, 0x0, 0x0,
    0x4f, 0xfe, 0x20, 0x0, 0x0, 0x0, 0x0, 0x0,
    0x1, 0x30, 0x0, 0x0, 0x0, 0x0, 0x0, 0x0,

    /* U+FD10 "ﴐ" */
    0x0, 0x0, 0x0, 0x0, 0x0, 0x5e, 0x0, 0x0,
    0x0, 0x0, 0x0, 0x0, 0x0, 0x28, 0x0, 0x0,
    0x0, 0x0, 0x0, 0x0, 0x0, 0x0, 0x0, 0x0,
    0x0, 0xb, 0xb0, 0x5, 0xe2, 0x5c, 0xec, 0x40,
    0x0, 0xc, 0xc0, 0x6, 0xf7, 0xb3, 0x2b, 0xf1,
    0x0, 0xc, 0xc0, 0x6, 0xfc, 0x0, 0x4, 0xf4,
    0x0, 0xc, 0xc0, 0x6, 0xf4, 0x0, 0x3, 0xf5,
    0x0, 0xc, 0xd4, 0x48, 0xf6, 0x44, 0x46, 0xf5,
    0x0, 0xc, 0xff, 0xff, 0xff, 0xff, 0xff, 0xf5,
    0x0, 0xc, 0xc0, 0x0, 0x0, 0x0, 0x0, 0x0,
    0x3, 0x2f, 0x90, 0x0, 0x0, 0x0, 0x0, 0x0,
    0x4f, 0xfe, 0x20, 0x0, 0x0, 0x0, 0x0, 0x0,
    0x1, 0x30, 0x0, 0x0, 0x0, 0x0, 0x0, 0x0,

    /* U+FD11 "ﴑ" */
    0x0, 0x0, 0x0, 0x0, 0x0, 0x0, 0xb, 0xc0,
    0x0, 0x0, 0x0, 0x0, 0x0, 0x0, 0x0, 0x0,
    0x0, 0x0, 0xbc, 0x0, 0x0, 0x0, 0x0, 0x0,
    0x0, 0x0, 0x0, 0x0, 0x0, 0xb, 0xc0, 0x0,
    0x0, 0x0, 0x0, 0x0, 0x0, 0x0, 0x0, 0x0,
    0x0, 0xbc, 0x8, 0xff, 0xc1, 0x0, 0x0, 0x0,
    0x0, 0x0, 0x0, 0x0, 0xb, 0xc8, 0xa4, 0x6f,
    0xa0, 0x0, 0x0, 0x0, 0x9, 0xff, 0x50, 0x0,
    0xbe, 0x90, 0x0, 0xae, 0x0, 0x0, 0x0, 0x9,
    0xf6, 0xaf, 0x30, 0xb, 0xf1, 0x0, 0x9, 0xf0,
    0x0, 0xf7, 0x0, 0xf8, 0x0, 0xbe, 0x64, 0xcd,
    0x44, 0x44, 0xaf, 0x42, 0x2f, 0x50, 0xd, 0xfa,
    0x30, 0xaf, 0xff, 0xff, 0xff, 0xff, 0xff, 0x93,
    0xf5, 0x0, 0x6, 0xdf, 0x10, 0x0, 0x0, 0x0,
    0x0, 0x0, 0x0, 0xf, 0xc1, 0x0, 0x18, 0xf2,
    0x0, 0x0, 0x0, 0x0, 0x0, 0x0, 0x0, 0x7f,
    0xff, 0xff, 0xf8, 0x0, 0x0, 0x0, 0x0, 0x0,
    0x0, 0x0, 0x0, 0x13, 0x33, 0x30, 0x0, 0x0,
    0x0, 0x0, 0x0, 0x0, 0x0, 0x0,

    /* U+FD12 "ﴒ" */
    0x0, 0x0, 0x0, 0x0, 0x0, 0x0, 0xb, 0xc0,
    0x0, 0x0, 0x0, 0x0, 0x0, 0x0, 0x0, 0x0,
    0x0, 0x0, 0xbc, 0x0, 0x0, 0x0, 0x0, 0x0,
    0x0, 0x0, 0x0, 0x0, 0x0, 0xb, 0xc0, 0x0,
    0x0, 0x0, 0x0, 0x0, 0x0, 0x0, 0x0, 0x0,
    0x0, 0xbc, 0x8, 0xff, 0xc1, 0x0, 0x0, 0x0,
    0x0, 0x0, 0x0, 0x0, 0xb, 0xc8, 0xa4, 0x6f,
    0xa0, 0x0, 0x0, 0x0, 0x9, 0xff, 0x50, 0x0,
    0xbe, 0x90, 0x0, 0xae, 0x0, 0x0, 0x0, 0x9,
    0xf6, 0xaf, 0x30, 0xb, 0xf1, 0x0, 0x9, 0xf0,
    0x0, 0xf7, 0x0, 0xf8, 0x0, 0xbe, 0x64, 0xcd,
    0x44, 0x44, 0xaf, 0x42, 0x2f, 0x50, 0xd, 0xfa,
    0x30, 0xaf, 0xff, 0xff, 0xff, 0xff, 0xff, 0x93,
    0xf5, 0x0, 0x6, 0xdf, 0x10, 0x0, 0x0, 0x0,
    0x0, 0x0, 0x0, 0xf, 0xc1, 0x0, 0x18, 0xf2,
    0x0, 0x0, 0x0, 0x0, 0x0, 0x0, 0x0, 0x7f,
    0xff, 0xff, 0xf8, 0x0, 0x0, 0x0, 0x0, 0x0,
    0x0, 0x0, 0x0, 0x13, 0x33, 0x30, 0x0, 0x0,
    0x0, 0x0, 0x0, 0x0, 0x0, 0x0, 0x0, 0xe5,
    0xe5, 0x0, 0x0, 0x0, 0x0, 0x0, 0x0, 0x0,
    0x0, 0x0, 0x8, 0x28, 0x20, 0x0, 0x0, 0x0,
    0x0, 0x0, 0x0, 0x0, 0x0,

    /* U+FD13 "ﴓ" */
    0x0, 0x0, 0x0, 0x0, 0x0, 0x0, 0x0, 0x0,
    0x0, 0x0, 0x0, 0x0, 0x0, 0x0, 0x0, 0x0,
    0x8, 0xdf, 0xfc, 0x40, 0x0, 0x0, 0x0, 0x0,
    0x0, 0x0, 0x8f, 0x83, 0x5f, 0x80, 0x0, 0x0,
    0x0, 0x9f, 0xf5, 0x0, 0x3f, 0x20, 0x1f, 0x40,
    0x0, 0x0, 0x9, 0xf6, 0xaf, 0x30, 0xa, 0xc0,
    0xab, 0x0, 0xf, 0x70, 0xf, 0x80, 0xb, 0xe6,
    0x45, 0xff, 0xe5, 0x40, 0x2f, 0x50, 0xd, 0xfa,
    0x30, 0xaf, 0xff, 0xc7, 0xcf, 0xf3, 0x3f, 0x50,
    0x0, 0x6d, 0xf1, 0x0, 0x0, 0x0, 0x0, 0x0,
    0xf, 0xc1, 0x0, 0x18, 0xf2, 0x0, 0x0, 0x0,
    0x0, 0x0, 0x7, 0xff, 0xff, 0xff, 0x80, 0x0,
    0x0, 0x0, 0x0, 0x0, 0x0, 0x13, 0x33, 0x30,
    0x0, 0x0, 0x0, 0x0, 0x0, 0x0,

    /* U+FD14 "ﴔ" */
    0x0, 0x0, 0x0, 0x0, 0x0, 0x0, 0x0, 0x0,
    0x0, 0x0, 0x0, 0x0, 0x0, 0x0, 0x0, 0x0,
    0x8, 0xdf, 0xfc, 0x40, 0x0, 0x0, 0x0, 0x0,
    0x0, 0x0, 0x8f, 0x83, 0x5f, 0x80, 0x0, 0x0,
    0x0, 0x9f, 0xf5, 0x0, 0x3f, 0x20, 0x1f, 0x40,
    0x0, 0x0, 0x9, 0xf6, 0xaf, 0x30, 0xa, 0xc0,
    0xab, 0x0, 0xf, 0x70, 0xf, 0x80, 0xb, 0xe6,
    0x45, 0xff, 0xe5, 0x40, 0x2f, 0x50, 0xd, 0xfa,
    0x30, 0xaf, 0xff, 0xc7, 0xcf, 0xf3, 0x3f, 0x50,
    0x0, 0x6d, 0xf1, 0x0, 0x0, 0x0, 0x0, 0x0,
    0xf, 0xc1, 0x0, 0x18, 0xf2, 0x0, 0x0, 0x0,
    0x0, 0x0, 0x7, 0xff, 0xff, 0xff, 0x80, 0x0,
    0x0, 0x0, 0x0, 0x0, 0x0, 0x13, 0x33, 0x30,
    0x0, 0x0, 0x0, 0x0, 0x0, 0x0, 0x0, 0xe,
    0x5e, 0x50, 0x0, 0x0, 0x0, 0x0, 0x0, 0x0,
    0x0, 0x8, 0x28, 0x20, 0x0, 0x0, 0x0, 0x0,
    0x0, 0x0,

    /* U+FD15 "ﴕ" */
    0x0, 0x0, 0x0, 0x0, 0x0, 0x0, 0x0, 0xe,
    0x40, 0x0, 0x0, 0x0, 0x0, 0x0, 0x0, 0x0,
    0x0, 0x8, 0x20, 0x0, 0x0, 0x0, 0x0, 0x0,
    0x0, 0x0, 0x0, 0x0, 0x0, 0x0, 0x0, 0x0,
    0x0, 0x0, 0x0, 0x0, 0x8, 0xdf, 0xfc, 0x40,
    0x0, 0x0, 0x0, 0x0, 0x0, 0x0, 0x8f, 0x83,
    0x5f, 0x80, 0x0, 0x0, 0x0, 0x9f, 0xf5, 0x0,
    0x3f, 0x20, 0x1f, 0x40, 0x0, 0x0, 0x9, 0xf6,
    0xaf, 0x30, 0xa, 0xc0, 0xab, 0x0, 0xf, 0x70,
    0xf, 0x80, 0xb, 0xe6, 0x45, 0xff, 0xe5, 0x40,
    0x2f, 0x50, 0xd, 0xfa, 0x30, 0xaf, 0xff, 0xc7,
    0xcf, 0xf3, 0x3f, 0x50, 0x0, 0x6d, 0xf1, 0x0,
    0x0, 0x0, 0x0, 0x0, 0xf, 0xc1, 0x0, 0x18,
    0xf2, 0x0, 0x0, 0x0, 0x0, 0x0, 0x7, 0xff,
    0xff, 0xff, 0x80, 0x0, 0x0, 0x0, 0x0, 0x0,
    0x0, 0x13, 0x33, 0x30, 0x0, 0x0, 0x0, 0x0,
    0x0, 0x0,

    /* U+FD16 "ﴖ" */
    0x0, 0x0, 0x0, 0x0, 0x0, 0x0, 0x0, 0xe,
    0x40, 0x0, 0x0, 0x0, 0x0, 0x0, 0x0, 0x0,
    0x0, 0x8, 0x20, 0x0, 0x0, 0x0, 0x0, 0x0,
    0x0, 0x0, 0x0, 0x0, 0x0, 0x0, 0x0, 0x0,
    0x0, 0x0, 0x0, 0x0, 0x8, 0xdf, 0xfc, 0x40,
    0x0, 0x0, 0x0, 0x0, 0x0, 0x0, 0x8f, 0x83,
    0x5f, 0x80, 0x0, 0x0, 0x0, 0x9f, 0xf5, 0x0,
    0x3f, 0x20, 0x1f, 0x40, 0x0, 0x0, 0x9, 0xf6,
    0xaf, 0x30, 0xa, 0xc0, 0xab, 0x0, 0xf, 0x70,
    0xf, 0x80, 0xb, 0xe6, 0x45, 0xff, 0xe5, 0x40,
    0x2f, 0x50, 0xd, 0xfa, 0x30, 0xaf, 0xff, 0xc7,
    0xcf, 0xf3, 0x3f, 0x50, 0x0, 0x6d, 0xf1, 0x0,
    0x0, 0x0, 0x0, 0x0, 0xf, 0xc1, 0x0, 0x18,
    0xf2, 0x0, 0x0, 0x0, 0x0, 0x0, 0x7, 0xff,
    0xff, 0xff, 0x80, 0x0, 0x0, 0x0, 0x0, 0x0,
    0x0, 0x13, 0x33, 0x30, 0x0, 0x0, 0x0, 0x0,
    0x0, 0x0, 0x0, 0xe, 0x5e, 0x50, 0x0, 0x0,
    0x0, 0x0, 0x0, 0x0, 0x0, 0x8, 0x28, 0x20,
    0x0, 0x0, 0x0, 0x0, 0x0, 0x0,

    /* U+FD17 "ﴗ" */
    0x0, 0x0, 0x0, 0x0, 0x0, 0x0, 0x0, 0x0,
    0x0, 0x0, 0x2f, 0x60, 0x0, 0x0, 0x0, 0x0,
    0x0, 0x0, 0x0, 0x9f, 0x0, 0xcc, 0x2, 0xf6,
    0x0, 0x0, 0x0, 0x0, 0x9f, 0xf5, 0x0, 0x9,
    0xf0, 0xc, 0xc0, 0x2f, 0x60, 0x0, 0x0, 0x0,
    0x9f, 0x6a, 0xf3, 0x0, 0x9f, 0x0, 0xcc, 0x2,
    0xf6, 0x0, 0xf, 0x70, 0xf, 0x80, 0xb, 0xe6,
    0x4b, 0xf4, 0x6f, 0xf6, 0x5f, 0x94, 0x2, 0xf5,
    0x0, 0xdf, 0xa3, 0xa, 0xff, 0xff, 0xff, 0xb6,
    0xef, 0xff, 0xf0, 0x3f, 0x50, 0x0, 0x6d, 0xf1,
    0x0, 0x0, 0x0, 0x0, 0x0, 0x0, 0x0, 0x0,
    0xfc, 0x10, 0x1, 0x8f, 0x20, 0x0, 0x0, 0x0,
    0x0, 0x0, 0x0, 0x0, 0x7, 0xff, 0xff, 0xff,
    0x80, 0x0, 0x0, 0x0, 0x0, 0x0, 0x0, 0x0,
    0x0, 0x1, 0x33, 0x33, 0x0, 0x0, 0x0, 0x0,
    0x0, 0x0, 0x0, 0x0, 0x0,

    /* U+FD18 "ﴘ" */
    0x0, 0x0, 0x0, 0x0, 0x0, 0x0, 0x0, 0x0,
    0x0, 0x0, 0x2f, 0x60, 0x0, 0x0, 0x0, 0x0,
    0x0, 0x0, 0x0, 0x9f, 0x0, 0xcc, 0x2, 0xf6,
    0x0, 0x0, 0x0, 0x0, 0x9f, 0xf5, 0x0, 0x9,
    0xf0, 0xc, 0xc0, 0x2f, 0x60, 0x0, 0x0, 0x0,
    0x9f, 0x6a, 0xf3, 0x0, 0x9f, 0x0, 0xcc, 0x2,
    0xf6, 0x0, 0xf, 0x70, 0xf, 0x80, 0xb, 0xe6,
    0x4b, 0xf4, 0x6f, 0xf6, 0x5f, 0x94, 0x2, 0xf5,
    0x0, 0xdf, 0xa3, 0xa, 0xff, 0xff, 0xff, 0xb6,
    0xef, 0xff, 0xf0, 0x3f, 0x50, 0x0, 0x6d, 0xf1,
    0x0, 0x0, 0x0, 0x0, 0x0, 0x0, 0x0, 0x0,
    0xfc, 0x10, 0x1, 0x8f, 0x20, 0x0, 0x0, 0x0,
    0x0, 0x0, 0x0, 0x0, 0x7, 0xff, 0xff, 0xff,
    0x80, 0x0, 0x0, 0x0, 0x0, 0x0, 0x0, 0x0,
    0x0, 0x1, 0x33, 0x33, 0x0, 0x0, 0x0, 0x0,
    0x0, 0x0, 0x0, 0x0, 0x0, 0x0, 0xe, 0x5e,
    0x50, 0x0, 0x0, 0x0, 0x0, 0x0, 0x0, 0x0,
    0x0, 0x0, 0x0, 0x82, 0x82, 0x0, 0x0, 0x0,
    0x0, 0x0, 0x0, 0x0, 0x0, 0x0,

    /* U+FD19 "ﴙ" */
    0x0, 0x0, 0x0, 0x0, 0x0, 0x0, 0x0, 0x0,
    0x9, 0x80, 0x0, 0x0, 0x0, 0x0, 0x0, 0x0,
    0x0, 0x0, 0x0, 0x0, 0x6, 0x88, 0x50, 0x0,
    0x0, 0x0, 0x0, 0x0, 0x0, 0x0, 0x0, 0x0,
    0x0, 0xa9, 0x9a, 0x0, 0x0, 0x0, 0x0, 0x0,
    0x0, 0x0, 0x0, 0x0, 0x0, 0x0, 0x0, 0x1,
    0xf6, 0x0, 0x0, 0x0, 0x0, 0x0, 0x0, 0x0,
    0x7, 0xb0, 0x9, 0x80, 0x2f, 0x60, 0x0, 0x0,
    0x0, 0x9, 0xff, 0x50, 0x0, 0x9f, 0x0, 0xcc,
    0x2, 0xf6, 0x0, 0x0, 0x0, 0x9, 0xf6, 0xaf,
    0x30, 0x9, 0xf0, 0xc, 0xc0, 0x2f, 0x60, 0x0,
    0xf7, 0x0, 0xf8, 0x0, 0xbe, 0x64, 0xbf, 0x45,
    0xff, 0x65, 0xf9, 0x40, 0x2f, 0x50, 0xd, 0xfa,
    0x30, 0xaf, 0xff, 0xff, 0xfb, 0x6e, 0xff, 0xff,
    0x3, 0xf5, 0x0, 0x6, 0xdf, 0x10, 0x0, 0x0,
    0x0, 0x0, 0x0, 0x0, 0x0, 0xf, 0xc1, 0x0,
    0x18, 0xf2, 0x0, 0x0, 0x0, 0x0, 0x0, 0x0,
    0x0, 0x0, 0x7f, 0xff, 0xff, 0xf8, 0x0, 0x0,
    0x0, 0x0, 0x0, 0x0, 0x0, 0x0, 0x0, 0x13,
    0x33, 0x30, 0x0, 0x0, 0x0, 0x0, 0x0, 0x0,
    0x0, 0x0, 0x0,

    /* U+FD1A "ﴚ" */
    0x0, 0x0, 0x0, 0x0, 0x0, 0x0, 0x0, 0x0,
    0x9, 0x80, 0x0, 0x0, 0x0, 0x0, 0x0, 0x0,
    0x0, 0x0, 0x0, 0x0, 0x6, 0x88, 0x50, 0x0,
    0x0, 0x0, 0x0, 0x0, 0x0, 0x0, 0x0, 0x0,
    0x0, 0xa9, 0x9a, 0x0, 0x0, 0x0, 0x0, 0x0,
    0x0, 0x0, 0x0, 0x0, 0x0, 0x0, 0x0, 0x1,
    0xf6, 0x0, 0x0, 0x0, 0x0, 0x0, 0x0, 0x0,
    0x7, 0xb0, 0x9, 0x80, 0x2f, 0x60, 0x0, 0x0,
    0x0, 0x9, 0xff, 0x50, 0x0, 0x9f, 0x0, 0xcc,
    0x2, 0xf6, 0x0, 0x0, 0x0, 0x9, 0xf6, 0xaf,
    0x30, 0x9, 0xf0, 0xc, 0xc0, 0x2f, 0x60, 0x0,
    0xf7, 0x0, 0xf8, 0x0, 0xbe, 0x64, 0xbf, 0x45,
    0xff, 0x65, 0xf9, 0x40, 0x2f, 0x50, 0xd, 0xfa,
    0x30, 0xaf, 0xff, 0xff, 0xfb, 0x6e, 0xff, 0xff,
    0x3, 0xf5, 0x0, 0x6, 0xdf, 0x10, 0x0, 0x0,
    0x0, 0x0, 0x0, 0x0, 0x0, 0xf, 0xc1, 0x0,
    0x18, 0xf2, 0x0, 0x0, 0x0, 0x0, 0x0, 0x0,
    0x0, 0x0, 0x7f, 0xff, 0xff, 0xf8, 0x0, 0x0,
    0x0, 0x0, 0x0, 0x0, 0x0, 0x0, 0x0, 0x13,
    0x33, 0x30, 0x0, 0x0, 0x0, 0x0, 0x0, 0x0,
    0x0, 0x0, 0x0, 0x0, 0xe5, 0xe5, 0x0, 0x0,
    0x0, 0x0, 0x0, 0x0, 0x0, 0x0, 0x0, 0x0,
    0x8, 0x28, 0x20, 0x0, 0x0, 0x0, 0x0, 0x0,
    0x0, 0x0, 0x0, 0x0,

    /* U+FD1B "ﴛ" */
    0x0, 0x0, 0x0, 0x0, 0x0, 0x0, 0x0, 0x0,
    0x0, 0x0, 0x0, 0x0, 0x0, 0x0, 0x0, 0x0,
    0x4e, 0xff, 0x80, 0x0, 0x0, 0x0, 0x0, 0x0,
    0x0, 0x0, 0x4a, 0x49, 0xf3, 0x0, 0x0, 0x0,
    0x0, 0x9f, 0xf5, 0x0, 0x0, 0x1, 0xf7, 0x0,
    0x0, 0x0, 0x9, 0xf6, 0xaf, 0x30, 0x0, 0x0,
    0xcb, 0x0, 0xf, 0x70, 0xf, 0x80, 0xb, 0xe6,
    0x44, 0x44, 0x9f, 0x50, 0x2f, 0x50, 0xd, 0xfa,
    0x30, 0xaf, 0xff, 0xff, 0xff, 0xf2, 0x3f, 0x50,
    0x0, 0x6d, 0xf1, 0x0, 0x0, 0x0, 0x0, 0x0,
    0xf, 0xc1, 0x0, 0x18, 0xf2, 0x0, 0x0, 0x0,
    0x0, 0x0, 0x7, 0xff, 0xff, 0xff, 0x80, 0x0,
    0x0, 0x0, 0x0, 0x0, 0x0, 0x13, 0x33, 0x30,
    0x0, 0x0, 0x0, 0x0, 0x0, 0x0,

    /* U+FD1C "ﴜ" */
    0x0, 0x0, 0x0, 0x0, 0x0, 0x0, 0x0, 0x0,
    0x0, 0x0, 0x0, 0x0, 0x0, 0x0, 0x0, 0x0,
    0x4e, 0xff, 0x80, 0x0, 0x0, 0x0, 0x0, 0x0,
    0x0, 0x0, 0x4a, 0x49, 0xf3, 0x0, 0x0, 0x0,
    0x0, 0x9f, 0xf5, 0x0, 0x0, 0x1, 0xf7, 0x0,
    0x0, 0x0, 0x9, 0xf6, 0xaf, 0x30, 0x0, 0x0,
    0xcb, 0x0, 0xf, 0x70, 0xf, 0x80, 0xb, 0xe6,
    0x44, 0x44, 0x9f, 0x50, 0x2f, 0x50, 0xd, 0xfa,
    0x30, 0xaf, 0xff, 0xff, 0xff, 0xf2, 0x3f, 0x50,
    0x0, 0x6d, 0xf1, 0x0, 0x0, 0x0, 0x0, 0x0,
    0xf, 0xc1, 0x0, 0x18, 0xf2, 0x0, 0x0, 0x0,
    0x0, 0x0, 0x7, 0xff, 0xff, 0xff, 0x80, 0x0,
    0x0, 0x0, 0x0, 0x0, 0x0, 0x13, 0x33, 0x30,
    0x0, 0x0, 0x0, 0x0, 0x0, 0x0, 0x0, 0xe,
    0x5e, 0x50, 0x0, 0x0, 0x0, 0x0, 0x0, 0x0,
    0x0, 0x8, 0x28, 0x20, 0x0, 0x0, 0x0, 0x0,
    0x0, 0x0,

    /* U+FD1D "ﴝ" */
    0x0, 0x0, 0x0, 0x0, 0x0, 0x0, 0x0, 0x0,
    0x0, 0x0, 0x0, 0x0, 0x0, 0x0, 0x0, 0x0,
    0x4e, 0xff, 0x80, 0x0, 0x0, 0x0, 0x0, 0x0,
    0x0, 0x0, 0x4a, 0x49, 0xf3, 0x0, 0x0, 0x0,
    0x0, 0x9f, 0xf5, 0x0, 0x0, 0x1, 0xf7, 0x0,
    0x0, 0x0, 0x9, 0xf6, 0xaf, 0x30, 0x0, 0x0,
    0xcb, 0x0, 0xf, 0x70, 0xf, 0x80, 0xb, 0xe6,
    0x44, 0x44, 0x9f, 0x50, 0x2f, 0x50, 0xd, 0xfa,
    0x30, 0xaf, 0xff, 0xff, 0xff, 0xf2, 0x3f, 0x50,
    0x0, 0x6d, 0xf1, 0x0, 0x0, 0x0, 0x0, 0x0,
    0xf, 0xc1, 0x0, 0x18, 0xf2, 0x0, 0x0, 0x42,
    0x0, 0x0, 0x7, 0xff, 0xff, 0xff, 0x80, 0x0,
    0x0, 0xe8, 0x0, 0x0, 0x0, 0x13, 0x33, 0x30,
    0x0, 0x0, 0x0, 0x10, 0x0, 0x0,

    /* U+FD1E "ﴞ" */
    0x0, 0x0, 0x0, 0x0, 0x0, 0x0, 0x0, 0x0,
    0x0, 0x0, 0x0, 0x0, 0x0, 0x0, 0x0, 0x0,
    0x4e, 0xff, 0x80, 0x0, 0x0, 0x0, 0x0, 0x0,
    0x0, 0x0, 0x4a, 0x49, 0xf3, 0x0, 0x0, 0x0,
    0x0, 0x9f, 0xf5, 0x0, 0x0, 0x1, 0xf7, 0x0,
    0x0, 0x0, 0x9, 0xf6, 0xaf, 0x30, 0x0, 0x0,
    0xcb, 0x0, 0xf, 0x70, 0xf, 0x80, 0xb, 0xe6,
    0x44, 0x44, 0x9f, 0x50, 0x2f, 0x50, 0xd, 0xfa,
    0x30, 0xaf, 0xff, 0xff, 0xff, 0xf2, 0x3f, 0x50,
    0x0, 0x6d, 0xf1, 0x0, 0x0, 0x0, 0x0, 0x0,
    0xf, 0xc1, 0x0, 0x18, 0xf2, 0x0, 0x0, 0x42,
    0x0, 0x0, 0x7, 0xff, 0xff, 0xff, 0x80, 0x0,
    0x0, 0xe8, 0x0, 0x0, 0x0, 0x13, 0x33, 0x30,
    0x0, 0x0, 0x0, 0x10, 0x0, 0x0, 0x0, 0xe,
    0x5e, 0x50, 0x0, 0x0, 0x0, 0x0, 0x0, 0x0,
    0x0, 0x8, 0x28, 0x20, 0x0, 0x0, 0x0, 0x0,
    0x0, 0x0,

    /* U+FD1F "ﴟ" */
    0x0, 0x0, 0x0, 0x0, 0x0, 0x0, 0x4, 0xe0,
    0x0, 0x0, 0x0, 0x0, 0x0, 0x0, 0x0, 0x0,
    0x2, 0x80, 0x0, 0x0, 0x0, 0x0, 0x0, 0x0,
    0x0, 0x0, 0x0, 0x0, 0x0, 0x0, 0x0, 0x0,
    0x0, 0x0, 0x0, 0x0, 0x4e, 0xff, 0x80, 0x0,
    0x0, 0x0, 0x0, 0x0, 0x0, 0x0, 0x4a, 0x49,
    0xf3, 0x0, 0x0, 0x0, 0x0, 0x9f, 0xf5, 0x0,
    0x0, 0x1, 0xf7, 0x0, 0x0, 0x0, 0x9, 0xf6,
    0xaf, 0x30, 0x0, 0x0, 0xcb, 0x0, 0xf, 0x70,
    0xf, 0x80, 0xb, 0xe6, 0x44, 0x44, 0x9f, 0x50,
    0x2f, 0x50, 0xd, 0xfa, 0x30, 0xaf, 0xff, 0xff,
    0xff, 0xf2, 0x3f, 0x50, 0x0, 0x6d, 0xf1, 0x0,
    0x0, 0x0, 0x0, 0x0, 0xf, 0xc1, 0x0, 0x18,
    0xf2, 0x0, 0x0, 0x0, 0x0, 0x0, 0x7, 0xff,
    0xff, 0xff, 0x80, 0x0, 0x0, 0x0, 0x0, 0x0,
    0x0, 0x13, 0x33, 0x30, 0x0, 0x0, 0x0, 0x0,
    0x0, 0x0,

    /* U+FD20 "ﴠ" */
    0x0, 0x0, 0x0, 0x0, 0x0, 0x0, 0x4, 0xe0,
    0x0, 0x0, 0x0, 0x0, 0x0, 0x0, 0x0, 0x0,
    0x2, 0x80, 0x0, 0x0, 0x0, 0x0, 0x0, 0x0,
    0x0, 0x0, 0x0, 0x0, 0x0, 0x0, 0x0, 0x0,
    0x0, 0x0, 0x0, 0x0, 0x4e, 0xff, 0x80, 0x0,
    0x0, 0x0, 0x0, 0x0, 0x0, 0x0, 0x4a, 0x49,
    0xf3, 0x0, 0x0, 0x0, 0x0, 0x9f, 0xf5, 0x0,
    0x0, 0x1, 0xf7, 0x0, 0x0, 0x0, 0x9, 0xf6,
    0xaf, 0x30, 0x0, 0x0, 0xcb, 0x0, 0xf, 0x70,
    0xf, 0x80, 0xb, 0xe6, 0x44, 0x44, 0x9f, 0x50,
    0x2f, 0x50, 0xd, 0xfa, 0x30, 0xaf, 0xff, 0xff,
    0xff, 0xf2, 0x3f, 0x50, 0x0, 0x6d, 0xf1, 0x0,
    0x0, 0x0, 0x0, 0x0, 0xf, 0xc1, 0x0, 0x18,
    0xf2, 0x0, 0x0, 0x0, 0x0, 0x0, 0x7, 0xff,
    0xff, 0xff, 0x80, 0x0, 0x0, 0x0, 0x0, 0x0,
    0x0, 0x13, 0x33, 0x30, 0x0, 0x0, 0x0, 0x0,
    0x0, 0x0, 0x0, 0xe, 0x5e, 0x50, 0x0, 0x0,
    0x0, 0x0, 0x0, 0x0, 0x0, 0x8, 0x28, 0x20,
    0x0, 0x0, 0x0, 0x0, 0x0, 0x0,

    /* U+FD21 "ﴡ" */
    0x0, 0x0, 0x0, 0x0, 0x0, 0x0, 0xa, 0xb0,
    0x7d, 0xea, 0x10, 0x0, 0x0, 0x0, 0x0, 0x0,
    0x0, 0x0, 0xbc, 0x88, 0x24, 0xfa, 0x0, 0x0,
    0x0, 0x0, 0x9f, 0xf5, 0x0, 0xb, 0xe8, 0x0,
    0x9, 0xe0, 0x0, 0x0, 0x0, 0x9f, 0x6a, 0xf3,
    0x0, 0xbf, 0x10, 0x0, 0x9f, 0x0, 0xf, 0x70,
    0xf, 0x80, 0xb, 0xe6, 0x4c, 0xd4, 0x44, 0x4a,
    0xf4, 0x22, 0xf5, 0x0, 0xdf, 0xa3, 0xa, 0xff,
    0xff, 0xff, 0xff, 0xff, 0xf9, 0x3f, 0x50, 0x0,
    0x6d, 0xf1, 0x0, 0x0, 0x0, 0x0, 0x0, 0x0,
    0x0, 0xfc, 0x10, 0x1, 0x8f, 0x20, 0x0, 0x0,
    0x0, 0x0, 0x0, 0x0, 0x7, 0xff, 0xff, 0xff,
    0x80, 0x0, 0x0, 0x0, 0x0, 0x0, 0x0, 0x0,
    0x1, 0x33, 0x33, 0x0, 0x0, 0x0, 0x0, 0x0,
    0x0, 0x0, 0x0,

    /* U+FD22 "ﴢ" */
    0x0, 0x0, 0x0, 0x0, 0x0, 0x0, 0xa, 0xb0,
    0x7d, 0xea, 0x10, 0x0, 0x0, 0x0, 0x0, 0x0,
    0x0, 0x0, 0xbc, 0x88, 0x24, 0xfa, 0x0, 0x0,
    0x0, 0x0, 0x9f, 0xf5, 0x0, 0xb, 0xe8, 0x0,
    0x9, 0xe0, 0x0, 0x0, 0x0, 0x9f, 0x6a, 0xf3,
    0x0, 0xbf, 0x10, 0x0, 0x9f, 0x0, 0xf, 0x70,
    0xf, 0x80, 0xb, 0xe6, 0x4c, 0xd4, 0x44, 0x4a,
    0xf4, 0x22, 0xf5, 0x0, 0xdf, 0xa3, 0xa, 0xff,
    0xff, 0xff, 0xff, 0xff, 0xf9, 0x3f, 0x50, 0x0,
    0x6d, 0xf1, 0x0, 0x0, 0x0, 0x0, 0x0, 0x0,
    0x0, 0xfc, 0x10, 0x1, 0x8f, 0x20, 0x0, 0x0,
    0x0, 0x0, 0x0, 0x0, 0x7, 0xff, 0xff, 0xff,
    0x80, 0x0, 0x0, 0x0, 0x0, 0x0, 0x0, 0x0,
    0x1, 0x33, 0x33, 0x0, 0x0, 0x0, 0x0, 0x0,
    0x0, 0x0, 0x0, 0x0, 0xe, 0x5e, 0x50, 0x0,
    0x0, 0x0, 0x0, 0x0, 0x0, 0x0, 0x0, 0x0,
    0x82, 0x82, 0x0, 0x0, 0x0, 0x0, 0x0, 0x0,
    0x0, 0x0,

    /* U+FD23 "ﴣ" */
    0x0, 0x0, 0x0, 0x0, 0x0, 0x0, 0x0, 0x0,
    0xa9, 0x0, 0x0, 0x0, 0x0, 0x0, 0x0, 0x0,
    0x0, 0x0, 0x0, 0x5, 0x50, 0x0, 0x0, 0x0,
    0x0, 0x0, 0x0, 0x0, 0x0, 0x0, 0x0, 0x0,
    0x0, 0x0, 0x0, 0x0, 0x0, 0x0, 0x0, 0x0,
    0x0, 0xab, 0x7, 0xde, 0xa1, 0x0, 0x0, 0x0,
    0x0, 0x0, 0x0, 0x0, 0xb, 0xc8, 0x82, 0x4f,
    0xa0, 0x0, 0x0, 0x0, 0x9, 0xff, 0x50, 0x0,
    0xbe, 0x80, 0x0, 0x9e, 0x0, 0x0, 0x0, 0x9,
    0xf6, 0xaf, 0x30, 0xb, 0xf1, 0x0, 0x9, 0xf0,
    0x0, 0xf7, 0x0, 0xf8, 0x0, 0xbe, 0x64, 0xcd,
    0x44, 0x44, 0xaf, 0x42, 0x2f, 0x50, 0xd, 0xfa,
    0x30, 0xaf, 0xff, 0xff, 0xff, 0xff, 0xff, 0x93,
    0xf5, 0x0, 0x6, 0xdf, 0x10, 0x0, 0x0, 0x0,
    0x0, 0x0, 0x0, 0xf, 0xc1, 0x0, 0x18, 0xf2,
    0x0, 0x0, 0x0, 0x0, 0x0, 0x0, 0x0, 0x7f,
    0xff, 0xff, 0xf8, 0x0, 0x0, 0x0, 0x0, 0x0,
    0x0, 0x0, 0x0, 0x13, 0x33, 0x30, 0x0, 0x0,
    0x0, 0x0, 0x0, 0x0, 0x0, 0x0,

    /* U+FD24 "ﴤ" */
    0x0, 0x0, 0x0, 0x0, 0x0, 0x0, 0x0, 0x0,
    0xa9, 0x0, 0x0, 0x0, 0x0, 0x0, 0x0, 0x0,
    0x0, 0x0, 0x0, 0x5, 0x50, 0x0, 0x0, 0x0,
    0x0, 0x0, 0x0, 0x0, 0x0, 0x0, 0x0, 0x0,
    0x0, 0x0, 0x0, 0x0, 0x0, 0x0, 0x0, 0x0,
    0x0, 0xab, 0x7, 0xde, 0xa1, 0x0, 0x0, 0x0,
    0x0, 0x0, 0x0, 0x0, 0xb, 0xc8, 0x82, 0x4f,
    0xa0, 0x0, 0x0, 0x0, 0x9, 0xff, 0x50, 0x0,
    0xbe, 0x80, 0x0, 0x9e, 0x0, 0x0, 0x0, 0x9,
    0xf6, 0xaf, 0x30, 0xb, 0xf1, 0x0, 0x9, 0xf0,
    0x0, 0xf7, 0x0, 0xf8, 0x0, 0xbe, 0x64, 0xcd,
    0x44, 0x44, 0xaf, 0x42, 0x2f, 0x50, 0xd, 0xfa,
    0x30, 0xaf, 0xff, 0xff, 0xff, 0xff, 0xff, 0x93,
    0xf5, 0x0, 0x6, 0xdf, 0x10, 0x0, 0x0, 0x0,
    0x0, 0x0, 0x0, 0xf, 0xc1, 0x0, 0x18, 0xf2,
    0x0, 0x0, 0x0, 0x0, 0x0, 0x0, 0x0, 0x7f,
    0xff, 0xff, 0xf8, 0x0, 0x0, 0x0, 0x0, 0x0,
    0x0, 0x0, 0x0, 0x13, 0x33, 0x30, 0x0, 0x0,
    0x0, 0x0, 0x0, 0x0, 0x0, 0x0, 0x0, 0xe5,
    0xe5, 0x0, 0x0, 0x0, 0x0, 0x0, 0x0, 0x0,
    0x0, 0x0, 0x8, 0x28, 0x20, 0x0, 0x0, 0x0,
    0x0, 0x0, 0x0, 0x0, 0x0,

    /* U+FD25 "ﴥ" */
    0x0, 0x0, 0x0, 0x0, 0x0, 0x0, 0xd, 0x40,
    0x0, 0x0, 0x0, 0x0, 0x0, 0x0, 0x0, 0x0,
    0x87, 0x92, 0x0, 0x0, 0x0, 0x0, 0x0, 0x0,
    0x0, 0x0, 0xe5, 0xe5, 0x0, 0x0, 0x2b, 0xef,
    0xc2, 0x0, 0x0, 0x0, 0x0, 0x0, 0x6f, 0x20,
    0x9, 0x44, 0xec, 0x0, 0xe, 0xa0, 0xf, 0x70,
    0x6f, 0x20, 0x0, 0x0, 0x6f, 0x10, 0xe, 0xa0,
    0xf, 0x70, 0x6f, 0x20, 0x0, 0x0, 0x3f, 0x50,
    0xe, 0xa0, 0x1f, 0x70, 0x6f, 0x20, 0x0, 0x3b,
    0xff, 0xd4, 0x4e, 0xc4, 0x9f, 0xd5, 0x8f, 0x53,
    0x7, 0xfa, 0x32, 0xcf, 0xff, 0xff, 0xf8, 0x8f,
    0xff, 0xfc, 0x3f, 0x70, 0x0, 0x0, 0x0, 0x0,
    0x0, 0x0, 0x0, 0x0, 0x6f, 0x10, 0x9, 0x20,
    0x0, 0x0, 0x0, 0x0, 0x0, 0x0, 0x5f, 0x70,
    0xe, 0x40, 0x0, 0x0, 0x0, 0x0, 0x0, 0x0,
    0xb, 0xf6, 0x0, 0x0, 0x0, 0x0, 0x0, 0x0,
    0x0, 0x0, 0x0, 0x20, 0x0, 0x0, 0x0, 0x0,
    0x0, 0x0, 0x0, 0x0,

    /* U+FD26 "ﴦ" */
    0x0, 0x0, 0x0, 0x0, 0x0, 0x0, 0xd, 0x40,
    0x0, 0x0, 0x0, 0x0, 0x0, 0x0, 0x0, 0x0,
    0x87, 0x92, 0x0, 0x0, 0x0, 0x0, 0x0, 0x0,
    0x0, 0x0, 0xe5, 0xe5, 0x0, 0x0, 0x2b, 0xef,
    0xb2, 0x0, 0x0, 0x0, 0x0, 0x0, 0x6f, 0x20,
    0x9, 0x44, 0xeb, 0x0, 0xe, 0xa0, 0xf, 0x70,
    0x6f, 0x20, 0x0, 0x0, 0x6f, 0x10, 0xe, 0xa0,
    0xf, 0x70, 0x6f, 0x20, 0x0, 0x0, 0x3f, 0x50,
    0xe, 0xa0, 0x1f, 0x70, 0x6f, 0x20, 0x0, 0x3b,
    0xff, 0xd4, 0x4e, 0xc4, 0x9f, 0xd5, 0x8f, 0x53,
    0x7, 0xfa, 0x32, 0xcf, 0xff, 0xff, 0xf8, 0x8f,
    0xff, 0xfc, 0x3f, 0x70, 0x0, 0x0, 0x0, 0x0,
    0x0, 0x0, 0x0, 0x0, 0x6f, 0x10, 0x0, 0x0,
    0x0, 0x0, 0x0, 0x0, 0x0, 0x0, 0x5f, 0x81,
    0x21, 0x0, 0x0, 0x0, 0x0, 0x0, 0x0, 0x0,
    0xb, 0xff, 0xf6, 0x0, 0x0, 0x0, 0x0, 0x0,
    0x0, 0x0, 0x0, 0x23, 0x10, 0x0, 0x0, 0x0,
    0x0, 0x0, 0x0, 0x0,

    /* U+FD27 "ﴧ" */
    0x0, 0x7c, 0x0, 0x0, 0x0, 0x0, 0xd, 0x40,
    0x0, 0x0, 0x0, 0x59, 0x0, 0x0, 0x0, 0x0,
    0x87, 0x92, 0x0, 0x0, 0x0, 0x0, 0x0, 0x0,
    0x0, 0x0, 0xe5, 0xe5, 0x0, 0x0, 0x2b, 0xef,
    0xb2, 0x0, 0x0, 0x0, 0x0, 0x0, 0x6f, 0x20,
    0x9, 0x44, 0xeb, 0x0, 0xe, 0xa0, 0xf, 0x70,
    0x6f, 0x20, 0x0, 0x0, 0x6f, 0x10, 0xe, 0xa0,
    0xf, 0x70, 0x6f, 0x20, 0x0, 0x0, 0x3f, 0x50,
    0xe, 0xa0, 0x1f, 0x70, 0x6f, 0x20, 0x0, 0x3b,
    0xff, 0xd4, 0x4e, 0xc4, 0x9f, 0xd5, 0x8f, 0x53,
    0x7, 0xfa, 0x32, 0xcf, 0xff, 0xff, 0xf8, 0x8f,
    0xff, 0xfc, 0x3f, 0x70, 0x0, 0x0, 0x0, 0x0,
    0x0, 0x0, 0x0, 0x0, 0x6f, 0x10, 0x0, 0x0,
    0x0, 0x0, 0x0, 0x0, 0x0, 0x0, 0x5f, 0x81,
    0x21, 0x0, 0x0, 0x0, 0x0, 0x0, 0x0, 0x0,
    0xb, 0xff, 0xf6, 0x0, 0x0, 0x0, 0x0, 0x0,
    0x0, 0x0, 0x0, 0x23, 0x10, 0x0, 0x0, 0x0,
    0x0, 0x0, 0x0, 0x0,

    /* U+FD28 "ﴨ" */
    0x0, 0x0, 0x0, 0x0, 0x0, 0x0, 0x0, 0xc5,
    0x0, 0x0, 0x0, 0x0, 0x0, 0x0, 0x0, 0x0,
    0x0, 0x87, 0x93, 0x0, 0x0, 0x0, 0x0, 0x0,
    0x0, 0x0, 0x0, 0xd, 0x5c, 0x50, 0x10, 0x0,
    0x3, 0xcf, 0xf8, 0x0, 0x1, 0x10, 0x2, 0x10,
    0x5f, 0x30, 0x0, 0xcc, 0x48, 0xf5, 0x0, 0xdb,
    0x0, 0xf8, 0x5, 0xf3, 0x0, 0xf, 0x70, 0xf,
    0x90, 0xd, 0xb0, 0xf, 0x80, 0x5f, 0x30, 0x0,
    0xf7, 0x1, 0xf8, 0x0, 0xdb, 0x0, 0xf8, 0x5,
    0xf3, 0x0, 0x1d, 0xc4, 0xbf, 0xb4, 0x4e, 0xc4,
    0x8f, 0xe5, 0x8f, 0x63, 0xe, 0xff, 0xfd, 0x6c,
    0xff, 0xff, 0xff, 0x97, 0xef, 0xff, 0xd3, 0xf6,
    0x0, 0x0, 0x0, 0x0, 0x0, 0x0, 0x0, 0x0,
    0x0, 0x3f, 0x40, 0x0, 0x0, 0x0, 0x0, 0x0,
    0x0, 0x0, 0x0, 0x3, 0xf4, 0x0, 0x0, 0x0,
    0x0, 0x0, 0x0, 0x0, 0x0, 0x0, 0x2d, 0x40,
    0x0, 0x0, 0x0, 0x0, 0x0, 0x0, 0x0, 0x0,
    0x0,

    /* U+FD29 "ﴩ" */
    0x0, 0x0, 0x0, 0x0, 0x0, 0x3, 0xe0, 0x0,
    0x0, 0x0, 0x0, 0x0, 0x0, 0x0, 0x2, 0x97,
    0x90, 0x0, 0x0, 0x0, 0x0, 0x0, 0x0, 0x0,
    0x4e, 0x4e, 0x10, 0x0, 0x0, 0x0, 0xbc, 0x0,
    0x0, 0x0, 0x0, 0x0, 0xbc, 0x0, 0x0, 0xc,
    0xc0, 0x3, 0xf4, 0x6, 0xf2, 0xc, 0xc0, 0x0,
    0x0, 0xcc, 0x0, 0x3f, 0x40, 0x6f, 0x20, 0xcc,
    0x0, 0x0, 0xc, 0xc0, 0x3, 0xf4, 0x7, 0xf1,
    0xc, 0xc0, 0x0, 0x0, 0xcd, 0x44, 0x7f, 0x74,
    0xcf, 0xa4, 0xdd, 0x41, 0x0, 0xc, 0xff, 0xff,
    0xff, 0xfd, 0x6b, 0xff, 0xff, 0x60, 0x0, 0xcc,
    0x0, 0x0, 0x0, 0x0, 0x0, 0x0, 0x0, 0x3,
    0x2f, 0x90, 0x0, 0x0, 0x0, 0x0, 0x0, 0x0,
    0x4, 0xff, 0xe2, 0x0, 0x0, 0x0, 0x0, 0x0,
    0x0, 0x0, 0x1, 0x30, 0x0, 0x0, 0x0, 0x0,
    0x0, 0x0, 0x0, 0x0,

    /* U+FD2A "ﴪ" */
    0x0, 0xc, 0xc0, 0x0, 0x0, 0x0, 0x0, 0xc,
    0xc0, 0x0, 0x0, 0xcc, 0x0, 0x3f, 0x40, 0x6f,
    0x20, 0xcc, 0x0, 0x0, 0xc, 0xc0, 0x3, 0xf4,
    0x6, 0xf2, 0xc, 0xc0, 0x0, 0x0, 0xcc, 0x0,
    0x3f, 0x40, 0x7f, 0x10, 0xcc, 0x0, 0x0, 0xc,
    0xd4, 0x47, 0xf7, 0x4c, 0xfa, 0x4d, 0xd4, 0x10,
    0x0, 0xcf, 0xff, 0xff, 0xff, 0xd6, 0xbf, 0xff,
    0xf6, 0x0, 0xc, 0xc0, 0x0, 0x0, 0x0, 0x0,
    0x0, 0x0, 0x0, 0x32, 0xf9, 0x0, 0x0, 0x0,
    0x0, 0x0, 0x0, 0x0, 0x4f, 0xfe, 0x20, 0x0,
    0x0, 0x0, 0x0, 0x0, 0x0, 0x0, 0x13, 0x0,
    0x0, 0x0, 0x0, 0x0, 0x0, 0x0, 0x0,

    /* U+FD2B "ﴫ" */
    0x0, 0xb, 0xb0, 0x5, 0xe2, 0x5c, 0xec, 0x40,
    0x0, 0x0, 0xcc, 0x0, 0x6f, 0x7b, 0x32, 0xbf,
    0x10, 0x0, 0xc, 0xc0, 0x6, 0xfc, 0x0, 0x4,
    0xf4, 0x0, 0x0, 0xcc, 0x0, 0x6f, 0x40, 0x0,
    0x3f, 0x50, 0x0, 0xc, 0xd4, 0x48, 0xf6, 0x44,
    0x46, 0xf8, 0x40, 0x0, 0xcf, 0xff, 0xff, 0xff,
    0xff, 0xff, 0xff, 0x0, 0xc, 0xc0, 0x0, 0x0,
    0x0, 0x0, 0x0, 0x0, 0x32, 0xf9, 0x0, 0x0,
    0x0, 0x0, 0x0, 0x0, 0x4f, 0xfe, 0x20, 0x0,
    0x0, 0x0, 0x0, 0x0, 0x0, 0x13, 0x0, 0x0,
    0x0, 0x0, 0x0, 0x0, 0x0,

    /* U+FD2C "ﴬ" */
    0x0, 0x0, 0x0, 0x0, 0x0, 0x5e, 0x0, 0x0,
    0x0, 0x0, 0x0, 0x0, 0x0, 0x2, 0x80, 0x0,
    0x0, 0x0, 0x0, 0x0, 0x0, 0x0, 0x0, 0x0,
    0x0, 0x0, 0x0, 0xbb, 0x0, 0x5e, 0x25, 0xce,
    0xc4, 0x0, 0x0, 0xc, 0xc0, 0x6, 0xf7, 0xb3,
    0x2b, 0xf1, 0x0, 0x0, 0xcc, 0x0, 0x6f, 0xc0,
    0x0, 0x4f, 0x40, 0x0, 0xc, 0xc0, 0x6, 0xf4,
    0x0, 0x3, 0xf5, 0x0, 0x0, 0xcd, 0x44, 0x8f,
    0x64, 0x44, 0x6f, 0x84, 0x0, 0xc, 0xff, 0xff,
    0xff, 0xff, 0xff, 0xff, 0xf0, 0x0, 0xcc, 0x0,
    0x0, 0x0, 0x0, 0x0, 0x0, 0x3, 0x2f, 0x90,
    0x0, 0x0, 0x0, 0x0, 0x0, 0x4, 0xff, 0xe2,
    0x0, 0x0, 0x0, 0x0, 0x0, 0x0, 0x1, 0x30,
    0x0, 0x0, 0x0, 0x0, 0x0, 0x0, 0x0,

    /* U+FD2D "ﴭ" */
    0x0, 0x0, 0x0, 0x0, 0x0, 0x0, 0x4, 0xd0,
    0x0, 0x0, 0x0, 0x0, 0x0, 0x0, 0x0, 0x3,
    0x97, 0x80, 0x0, 0x0, 0x0, 0x0, 0x0, 0x0,
    0x0, 0x5e, 0x4e, 0x0, 0x0, 0x3d, 0xfe, 0x80,
    0x0, 0x0, 0x0, 0x0, 0x0, 0xda, 0x1, 0x63,
    0x7f, 0x50, 0x5, 0xf3, 0x8, 0xf0, 0xd, 0xb0,
    0x0, 0x0, 0xe9, 0x0, 0x5f, 0x30, 0x8f, 0x0,
    0xdb, 0x0, 0x0, 0xa, 0xd0, 0x5, 0xf3, 0x8,
    0xf0, 0xd, 0xb0, 0x44, 0x44, 0x8f, 0x64, 0x8f,
    0x64, 0xdf, 0x94, 0xeb, 0x2f, 0xff, 0xff, 0xff,
    0xff, 0xff, 0xfd, 0x5c, 0xff, 0xb0, 0x0, 0x0,
    0x0, 0x0, 0x0, 0x0, 0x0, 0x0, 0x0, 0x0,
    0x6, 0x50, 0x0, 0x0, 0x0, 0x0, 0x0, 0x0,
    0x0, 0x0, 0xb8, 0x0, 0x0, 0x0, 0x0, 0x0,
    0x0, 0x0,

    /* U+FD2E "ﴮ" */
    0x0, 0x0, 0x0, 0x0, 0x0, 0x0, 0x4, 0xd0,
    0x0, 0x0, 0x0, 0x0, 0x0, 0x0, 0x0, 0x3,
    0x97, 0x80, 0x0, 0x0, 0x0, 0x0, 0x0, 0x0,
    0x0, 0x5e, 0x4e, 0x0, 0x0, 0x3d, 0xfe, 0x80,
    0x0, 0x0, 0x0, 0x0, 0x0, 0xda, 0x1, 0x63,
    0x7f, 0x50, 0x5, 0xf3, 0x8, 0xf0, 0xd, 0xb0,
    0x0, 0x0, 0xe9, 0x0, 0x5f, 0x30, 0x8f, 0x0,
    0xdb, 0x0, 0x0, 0xa, 0xd0, 0x5, 0xf3, 0x8,
    0xf0, 0xd, 0xb0, 0x44, 0x44, 0x8f, 0x64, 0x8f,
    0x64, 0xdf, 0x94, 0xeb, 0x2f, 0xff, 0xff, 0xff,
    0xff, 0xff, 0xfd, 0x5c, 0xff, 0xb0,

    /* U+FD2F "ﴯ" */
    0x0, 0x2e, 0x20, 0x0, 0x0, 0x0, 0x4, 0xd0,
    0x0, 0x0, 0x1, 0xb1, 0x0, 0x0, 0x0, 0x3,
    0x97, 0x80, 0x0, 0x0, 0x0, 0x0, 0x0, 0x0,
    0x0, 0x5e, 0x4e, 0x0, 0x0, 0x3d, 0xfe, 0x80,
    0x0, 0x0, 0x0, 0x0, 0x0, 0xda, 0x1, 0x63,
    0x7f, 0x50, 0x5, 0xf3, 0x8, 0xf0, 0xd, 0xb0,
    0x0, 0x0, 0xe9, 0x0, 0x5f, 0x30, 0x8f, 0x0,
    0xdb, 0x0, 0x0, 0xa, 0xd0, 0x5, 0xf3, 0x8,
    0xf0, 0xd, 0xb0, 0x44, 0x44, 0x8f, 0x64, 0x8f,
    0x64, 0xdf, 0x94, 0xeb, 0x2f, 0xff, 0xff, 0xff,
    0xff, 0xff, 0xfd, 0x5c, 0xff, 0xb0,

    /* U+FD30 "ﴰ" */
    0x0, 0x0, 0x0, 0x0, 0x0, 0x0, 0x0, 0xc5,
    0x0, 0x0, 0x0, 0x0, 0x0, 0x0, 0x0, 0x0,
    0x8, 0x79, 0x40, 0x0, 0x0, 0x0, 0x0, 0x0,
    0x0, 0x0, 0xc, 0x5c, 0x60, 0x10, 0x0, 0x3c,
    0xff, 0x80, 0x0, 0x11, 0x0, 0x21, 0x6, 0xf2,
    0x0, 0xcc, 0x48, 0xf5, 0x0, 0xdb, 0x0, 0xf8,
    0x6, 0xf2, 0x0, 0xf7, 0x0, 0xf9, 0x0, 0xdb,
    0x0, 0xf8, 0x6, 0xf2, 0x0, 0xf7, 0x1, 0xf8,
    0x0, 0xdb, 0x0, 0xf8, 0x6, 0xf2, 0x4, 0xdc,
    0x4b, 0xfb, 0x44, 0xec, 0x48, 0xfe, 0x58, 0xf2,
    0x2f, 0xff, 0xfd, 0x6c, 0xff, 0xff, 0xff, 0x98,
    0xff, 0xf2,

    /* U+FD31 "ﴱ" */
    0x0, 0x0, 0x0, 0x0, 0x0, 0x0, 0x0, 0x0,
    0x0, 0x0, 0x0, 0x0, 0x2, 0xcf, 0xff, 0xd6,
    0x0, 0x0, 0x0, 0x0, 0x0, 0x0, 0x0, 0x0,
    0xa, 0x54, 0x5b, 0xf7, 0x0, 0x0, 0x0, 0x0,
    0x0, 0x0, 0x0, 0x0, 0x1, 0x0, 0xb, 0xf0,
    0x0, 0x0, 0x0, 0x0, 0x2, 0x92, 0x0, 0x4e,
    0xfe, 0x50, 0x5f, 0x30, 0x6, 0x60, 0x7, 0x40,
    0x4f, 0x40, 0xf, 0xc4, 0xcf, 0x4, 0xf4, 0x0,
    0xcc, 0x0, 0xf9, 0x4, 0xf4, 0x1, 0xf7, 0x6,
    0xf1, 0x4f, 0x40, 0xc, 0xc0, 0xf, 0x90, 0x4f,
    0x40, 0x4d, 0xe5, 0x9f, 0x57, 0xf7, 0x44, 0xdd,
    0x47, 0xfe, 0x57, 0xf4, 0x2f, 0xff, 0xff, 0xff,
    0xff, 0xff, 0xff, 0xff, 0xfa, 0x7e, 0xff, 0x40,

    /* U+FD32 "ﴲ" */
    0x0, 0x0, 0x0, 0x0, 0x0, 0x0, 0x0, 0x0,
    0xb, 0x60, 0x0, 0x0, 0x2, 0xcf, 0xff, 0xd6,
    0x0, 0x0, 0x0, 0x7, 0x88, 0x40, 0x0, 0x0,
    0x8, 0x53, 0x5b, 0xf7, 0x0, 0x0, 0x0, 0xc7,
    0xb8, 0x0, 0x0, 0x0, 0x1, 0x0, 0xb, 0xf0,
    0x0, 0x0, 0x0, 0x0, 0x4, 0xf3, 0x0, 0x4e,
    0xfe, 0x50, 0x5f, 0x30, 0x6, 0x60, 0x7, 0x40,
    0x4f, 0x40, 0xf, 0xc4, 0xcf, 0x4, 0xf4, 0x0,
    0xcc, 0x0, 0xf9, 0x4, 0xf4, 0x1, 0xf7, 0x6,
    0xf1, 0x4f, 0x40, 0xc, 0xc0, 0xf, 0x90, 0x4f,
    0x40, 0x4d, 0xe5, 0x9f, 0x57, 0xf7, 0x44, 0xdd,
    0x47, 0xfe, 0x57, 0xf4, 0x2f, 0xff, 0xff, 0xff,
    0xff, 0xff, 0xff, 0xff, 0xfa, 0x7e, 0xff, 0x40,

    /* U+FD33 "ﴳ" */
    0x0, 0x0, 0x0, 0x0, 0x0, 0xcc, 0x0, 0x0,
    0x0, 0x0, 0x0, 0x0, 0x0, 0x0, 0xcc, 0x0,
    0x0, 0x0, 0x0, 0x0, 0x0, 0x0, 0x0, 0xcc,
    0x0, 0x0, 0x0, 0x0, 0x3c, 0xff, 0x80, 0x0,
    0xcc, 0xa, 0xff, 0xc1, 0x0, 0xcc, 0x48, 0xf5,
    0x0, 0xcc, 0xb9, 0x46, 0xfa, 0x0, 0xf7, 0x0,
    0xf9, 0x0, 0xcf, 0x80, 0x0, 0xae, 0x0, 0xf7,
    0x1, 0xf8, 0x0, 0xce, 0x0, 0x0, 0x9f, 0x4,
    0xdc, 0x4b, 0xfb, 0x44, 0xdd, 0x44, 0x44, 0xaf,
    0x2f, 0xff, 0xfd, 0x6c, 0xff, 0xff, 0xff, 0xff,
    0xff,

    /* U+FD34 "ﴴ" */
    0x3, 0xdf, 0xe8, 0x0, 0x0, 0x0, 0x0, 0x0,
    0xd, 0xa0, 0x0, 0x16, 0x37, 0xf5, 0x0, 0x5f,
    0x30, 0x8f, 0x0, 0xdb, 0x0, 0x0, 0x0, 0xe,
    0x90, 0x5, 0xf3, 0x8, 0xf0, 0xd, 0xb0, 0x0,
    0x0, 0x0, 0xad, 0x0, 0x5f, 0x30, 0x8f, 0x0,
    0xdb, 0x0, 0x4, 0x44, 0x48, 0xf6, 0x48, 0xf6,
    0x4d, 0xf9, 0x4e, 0xc4, 0x12, 0xff, 0xff, 0xff,
    0xff, 0xff, 0xff, 0xd5, 0xcf, 0xff, 0xf5, 0x0,
    0x0, 0x0, 0x0, 0x0, 0x0, 0x0, 0x0, 0x0,
    0x0, 0x0, 0x0, 0x65, 0x0, 0x0, 0x0, 0x0,
    0x0, 0x0, 0x0, 0x0, 0x0, 0xb, 0x80, 0x0,
    0x0, 0x0, 0x0, 0x0, 0x0, 0x0, 0x0,

    /* U+FD35 "ﴵ" */
    0x3, 0xdf, 0xe8, 0x0, 0x0, 0x0, 0x0, 0x0,
    0xd, 0xa0, 0x0, 0x16, 0x37, 0xf5, 0x0, 0x5f,
    0x30, 0x8f, 0x0, 0xdb, 0x0, 0x0, 0x0, 0xe,
    0x90, 0x5, 0xf3, 0x8, 0xf0, 0xd, 0xb0, 0x0,
    0x0, 0x0, 0xad, 0x0, 0x5f, 0x30, 0x8f, 0x0,
    0xdb, 0x0, 0x4, 0x44, 0x48, 0xf6, 0x48, 0xf6,
    0x4d, 0xf9, 0x4e, 0xc4, 0x12, 0xff, 0xff, 0xff,
    0xff, 0xff, 0xff, 0xd5, 0xcf, 0xff, 0xf5,

    /* U+FD36 "ﴶ" */
    0x0, 0x2f, 0x20, 0x0, 0x0, 0x0, 0x0, 0x0,
    0x0, 0x0, 0x0, 0x1, 0x90, 0x0, 0x0, 0x0,
    0x0, 0x0, 0x0, 0x0, 0x0, 0x0, 0x0, 0x0,
    0x0, 0x0, 0x0, 0x0, 0x0, 0x0, 0x0, 0x0,
    0x3d, 0xfe, 0x80, 0x0, 0x0, 0x0, 0x0, 0x0,
    0xda, 0x0, 0x1, 0x63, 0x7f, 0x50, 0x5, 0xf3,
    0x8, 0xf0, 0xd, 0xb0, 0x0, 0x0, 0x0, 0xe9,
    0x0, 0x5f, 0x30, 0x8f, 0x0, 0xdb, 0x0, 0x0,
    0x0, 0xa, 0xd0, 0x5, 0xf3, 0x8, 0xf0, 0xd,
    0xb0, 0x0, 0x44, 0x44, 0x8f, 0x64, 0x8f, 0x64,
    0xdf, 0x94, 0xec, 0x41, 0x2f, 0xff, 0xff, 0xff,
    0xff, 0xff, 0xfd, 0x5c, 0xff, 0xff, 0x50,

    /* U+FD37 "ﴷ" */
    0x0, 0x0, 0x0, 0x0, 0x0, 0x0, 0x5, 0xd0,
    0x0, 0x0, 0x0, 0x0, 0x0, 0x0, 0x0, 0x0,
    0x3, 0x97, 0x80, 0x0, 0x0, 0x0, 0x0, 0x0,
    0x0, 0x0, 0x0, 0x6d, 0x5e, 0x0, 0x0, 0x0,
    0x3d, 0xfe, 0x80, 0x0, 0x0, 0x0, 0x0, 0x0,
    0xda, 0x0, 0x1, 0x63, 0x7f, 0x50, 0x5, 0xf3,
    0x8, 0xf0, 0xd, 0xb0, 0x0, 0x0, 0x0, 0xe9,
    0x0, 0x5f, 0x30, 0x8f, 0x0, 0xdb, 0x0, 0x0,
    0x0, 0xa, 0xd0, 0x5, 0xf3, 0x8, 0xf0, 0xd,
    0xb0, 0x0, 0x44, 0x44, 0x8f, 0x64, 0x8f, 0x64,
    0xdf, 0x94, 0xec, 0x41, 0x2f, 0xff, 0xff, 0xff,
    0xff, 0xff, 0xfd, 0x5c, 0xff, 0xff, 0x50, 0x0,
    0x0, 0x0, 0x0, 0x0, 0x0, 0x0, 0x0, 0x0,
    0x0, 0x0, 0x6, 0x50, 0x0, 0x0, 0x0, 0x0,
    0x0, 0x0, 0x0, 0x0, 0x0, 0xb8, 0x0, 0x0,
    0x0, 0x0, 0x0, 0x0, 0x0, 0x0,

    /* U+FD38 "ﴸ" */
    0x0, 0x0, 0x0, 0x0, 0x0, 0x0, 0x5, 0xd0,
    0x0, 0x0, 0x0, 0x0, 0x0, 0x0, 0x0, 0x0,
    0x3, 0x97, 0x80, 0x0, 0x0, 0x0, 0x0, 0x0,
    0x0, 0x0, 0x0, 0x6d, 0x5e, 0x0, 0x0, 0x0,
    0x3d, 0xfe, 0x80, 0x0, 0x0, 0x0, 0x0, 0x0,
    0xda, 0x0, 0x1, 0x63, 0x7f, 0x50, 0x5, 0xf3,
    0x8, 0xf0, 0xd, 0xb0, 0x0, 0x0, 0x0, 0xe9,
    0x0, 0x5f, 0x30, 0x8f, 0x0, 0xdb, 0x0, 0x0,
    0x0, 0xa, 0xd0, 0x5, 0xf3, 0x8, 0xf0, 0xd,
    0xb0, 0x0, 0x44, 0x44, 0x8f, 0x64, 0x8f, 0x64,
    0xdf, 0x94, 0xec, 0x41, 0x2f, 0xff, 0xff, 0xff,
    0xff, 0xff, 0xfd, 0x5c, 0xff, 0xff, 0x50,

    /* U+FD39 "ﴹ" */
    0x0, 0x2e, 0x20, 0x0, 0x0, 0x0, 0x5, 0xd0,
    0x0, 0x0, 0x0, 0x1, 0xb1, 0x0, 0x0, 0x0,
    0x3, 0x97, 0x80, 0x0, 0x0, 0x0, 0x0, 0x0,
    0x0, 0x0, 0x0, 0x6d, 0x5e, 0x0, 0x0, 0x0,
    0x3d, 0xfe, 0x80, 0x0, 0x0, 0x0, 0x0, 0x0,
    0xda, 0x0, 0x1, 0x63, 0x7f, 0x50, 0x5, 0xf3,
    0x8, 0xf0, 0xd, 0xb0, 0x0, 0x0, 0x0, 0xe9,
    0x0, 0x5f, 0x30, 0x8f, 0x0, 0xdb, 0x0, 0x0,
    0x0, 0xa, 0xd0, 0x5, 0xf3, 0x8, 0xf0, 0xd,
    0xb0, 0x0, 0x44, 0x44, 0x8f, 0x64, 0x8f, 0x64,
    0xdf, 0x94, 0xec, 0x41, 0x2f, 0xff, 0xff, 0xff,
    0xff, 0xff, 0xfd, 0x5c, 0xff, 0xff, 0x50,

    /* U+FD3A "ﴺ" */
    0x0, 0x0, 0x0, 0x0, 0x0, 0xf8, 0x0, 0x0,
    0x0, 0x0, 0x0, 0x0, 0x0, 0x0, 0x0, 0xf8,
    0x0, 0x0, 0x0, 0x0, 0x0, 0x0, 0x0, 0x0,
    0x0, 0xf8, 0x0, 0x0, 0x0, 0x0, 0x0, 0x3c,
    0xff, 0x80, 0x0, 0xf8, 0x2c, 0xff, 0xa0, 0x0,
    0x0, 0xcc, 0x48, 0xf5, 0x0, 0xf9, 0xd7, 0x48,
    0xf7, 0x0, 0x0, 0xf7, 0x0, 0xf9, 0x0, 0xff,
    0x40, 0x0, 0xeb, 0x0, 0x0, 0xf7, 0x1, 0xf8,
    0x0, 0xfb, 0x0, 0x0, 0xdb, 0x0, 0x4, 0xdc,
    0x4b, 0xfb, 0x44, 0xfa, 0x44, 0x44, 0xdc, 0x41,
    0x2f, 0xff, 0xfd, 0x6c, 0xff, 0xff, 0xff, 0xff,
    0xff, 0xf5,

    /* U+FD3B "ﴻ" */
    0x0, 0x0, 0x0, 0x0, 0x0, 0xf8, 0x0, 0xe5,
    0x0, 0x0, 0x0, 0x0, 0x0, 0x0, 0x0, 0xf8,
    0x0, 0x93, 0x0, 0x0, 0x0, 0x0, 0x0, 0x0,
    0x0, 0xf8, 0x0, 0x0, 0x0, 0x0, 0x0, 0x3c,
    0xff, 0x80, 0x0, 0xf8, 0x2c, 0xff, 0xa0, 0x0,
    0x0, 0xcc, 0x48, 0xf5, 0x0, 0xf9, 0xd7, 0x48,
    0xf7, 0x0, 0x0, 0xf7, 0x0, 0xf9, 0x0, 0xff,
    0x40, 0x0, 0xeb, 0x0, 0x0, 0xf7, 0x1, 0xf8,
    0x0, 0xfb, 0x0, 0x0, 0xdb, 0x0, 0x4, 0xdc,
    0x4b, 0xfb, 0x44, 0xfa, 0x44, 0x44, 0xdc, 0x41,
    0x2f, 0xff, 0xfd, 0x6c, 0xff, 0xff, 0xff, 0xff,
    0xff, 0xf5,

    /* U+FD3C "ﴼ" */
    0x2, 0x94, 0x4, 0x96, 0x20, 0x3b, 0x81, 0x1,
    0x0, 0x0, 0xc, 0xc0, 0x0, 0xcc, 0x0, 0xc,
    0xc0, 0x0, 0xcc, 0x0, 0xc, 0xc0, 0x0, 0xcc,
    0x0, 0xc, 0xc0, 0x0, 0xcd, 0x41, 0xc, 0xff,
    0x50,

    /* U+FD3D "ﴽ" */
    0x2, 0x94, 0x49, 0x62, 0x3b, 0x81, 0x10, 0x0,
    0xc, 0xc0, 0xc, 0xc0, 0xc, 0xc0, 0xc, 0xc0,
    0xc, 0xc0, 0xc, 0xc0, 0xc, 0xc0, 0xc, 0xc0,
    0xc, 0xc0,

    /* U+FD3E "﴾" */
    0x0, 0x7, 0x90, 0x2, 0xf4, 0x0, 0x8e, 0x0,
    0xd, 0x90, 0x2a, 0xbb, 0x47, 0x51, 0x77, 0x2a,
    0x8b, 0x40, 0x2b, 0x80, 0x0, 0x9c, 0x0, 0x2,
    0xf3, 0x0, 0x7, 0x80,

    /* U+FD3F "﴿" */
    0x23, 0x0, 0x2, 0xf3, 0x0, 0xa, 0xc0, 0x0,
    0x5f, 0x60, 0x19, 0xdc, 0x56, 0x43, 0x77, 0x19,
    0x9b, 0x50, 0x3b, 0x60, 0x5, 0xf0, 0x0, 0xba,
    0x0, 0x3f, 0x20, 0x1, 0x20, 0x0,

    /* U+FD40 "﵀" */
    0x0, 0x0, 0x0, 0x0, 0x0, 0x0, 0x0, 0x0,
    0x0, 0x0, 0x20, 0x0, 0x0, 0x0, 0x0, 0x0,
    0x0, 0x54, 0x50, 0x70, 0x0, 0x0, 0x0, 0x1,
    0x23, 0x90, 0xa0, 0x0, 0x0, 0x0, 0x4a, 0x25,
    0x70, 0x80, 0x0, 0x0, 0x2, 0x87, 0x5, 0x50,
    0x70, 0x0, 0x0, 0x0, 0x78, 0xba, 0xa0, 0x50,
    0x0, 0x2, 0x70, 0x0, 0x92, 0x6a, 0x20, 0x60,
    0x34, 0x60, 0x4, 0x47, 0x1, 0xeb, 0x74, 0x2a,
    0xab, 0xbc, 0xcd, 0xba, 0x52, 0x5, 0x0, 0x0,
    0x0, 0x0, 0x0, 0x0, 0x33, 0x0, 0x0, 0x0,
    0x0, 0x0, 0x8, 0x80,

    /* U+FD41 "﵁" */
    0x0, 0x0, 0x0, 0x0, 0x0, 0x0, 0x0, 0x0,
    0x0, 0x0, 0x0, 0x2, 0x0, 0x0, 0x0, 0x0,
    0x0, 0x0, 0x0, 0x5, 0x35, 0x7, 0x0, 0x0,
    0x0, 0x0, 0x0, 0x12, 0x39, 0xa, 0x0, 0x0,
    0x0, 0x0, 0x5, 0x93, 0x47, 0x8, 0x0, 0x0,
    0x0, 0x0, 0x28, 0x71, 0x45, 0x7, 0x0, 0x0,
    0x0, 0x0, 0x27, 0x8b, 0xb9, 0x5, 0x0, 0x0,
    0x3, 0x81, 0x31, 0xa3, 0x0, 0x52, 0xa6, 0x31,
    0x36, 0x60, 0x77, 0x0, 0x2b, 0x47, 0x8, 0x56,
    0x1b, 0xab, 0xbc, 0xa9, 0x88, 0xbb, 0xa7, 0x5,
    0x6, 0x10, 0x0, 0x0, 0x38, 0x20, 0x6, 0x91,
    0x0, 0x95, 0x0, 0x0, 0x3a, 0x31, 0x0, 0x0,
    0x0, 0x4, 0x9a, 0xaa, 0x72, 0x75, 0x0, 0x0,

    /* U+FD42 "﵂" */
    0x0, 0x0, 0x0, 0x0, 0x0, 0x0, 0x0, 0x0,
    0x0, 0x0, 0x0, 0x0, 0x30, 0x0, 0x0, 0x0,
    0x0, 0x0, 0x0, 0x1, 0x72, 0x33, 0x30, 0x0,
    0x0, 0x0, 0x0, 0x10, 0x53, 0x66, 0x40, 0x0,
    0x0, 0x0, 0x1, 0xb1, 0x70, 0x64, 0x40, 0x0,
    0x1, 0x0, 0x8, 0x71, 0x50, 0x63, 0x30, 0x0,
    0x54, 0x0, 0x4, 0x7b, 0xbb, 0x32, 0x20, 0x0,
    0x45, 0x4, 0x9, 0x0, 0x0, 0x0, 0x0, 0x0,
    0x25, 0x3d, 0x18, 0x8, 0x41, 0x0, 0x8a, 0x14,
    0x8, 0xdd, 0x88, 0x8b, 0x98, 0x76, 0x13, 0x6a,
    0x0, 0xa3, 0x60, 0x0, 0xa, 0x8b, 0xaa, 0x6,
    0x3, 0x48, 0x20, 0x0, 0x2a, 0x30, 0x0, 0x7,
    0x0, 0x77, 0x10, 0x0, 0xb, 0x80, 0x4, 0xa2,
    0x0, 0x2, 0x8a, 0x99, 0x74, 0x54, 0x0, 0x0,

    /* U+FD43 "﵃" */
    0x0, 0x0, 0x0, 0x0, 0x0, 0x0, 0x0, 0x0,
    0x0, 0x0, 0x0, 0x0, 0x0, 0x2, 0x0, 0x0,
    0x0, 0x0, 0x0, 0x0, 0x0, 0x0, 0x35, 0x41,
    0x60, 0x0, 0x0, 0x0, 0x0, 0x0, 0x1, 0x4,
    0x71, 0x90, 0x0, 0x0, 0x0, 0x0, 0x0, 0x3b,
    0x7, 0x52, 0x80, 0x0, 0x0, 0x0, 0x0, 0x0,
    0xa7, 0x6, 0x32, 0x70, 0x0, 0x0, 0x0, 0x0,
    0x0, 0x57, 0xbb, 0xb0, 0x50, 0x0, 0x0, 0x1,
    0x70, 0x2, 0x6, 0x0, 0x0, 0x0, 0x0, 0x0,
    0x2d, 0x83, 0x4a, 0x8, 0x29, 0x31, 0x41, 0x98,
    0x23, 0x64, 0x99, 0xdd, 0x87, 0x9a, 0x89, 0x57,
    0x6, 0x58, 0x52, 0x0, 0xb4, 0x30, 0x0, 0x2a,
    0xab, 0xa9, 0x6, 0x43, 0x5, 0x48, 0x0, 0x0,
    0x58, 0x20, 0x0, 0x6, 0x22, 0x0, 0x85, 0x0,
    0x0, 0x1c, 0x60, 0x5, 0xa1, 0x0, 0x0, 0x4,
    0x9a, 0x99, 0x73, 0x54, 0x0, 0x0,

    /* U+FD44 "﵄" */
    0x0, 0x0, 0x0, 0x0, 0x0, 0x0, 0x0, 0x0,
    0x0, 0x0, 0x0, 0x0, 0x0, 0x0, 0x20, 0x0,
    0x0, 0x0, 0x0, 0x0, 0x0, 0x0, 0x0, 0x7,
    0x24, 0x15, 0x0, 0x0, 0x0, 0x0, 0x0, 0x0,
    0x1, 0x50, 0x83, 0x70, 0x0, 0x0, 0x0, 0x0,
    0x0, 0xa, 0x47, 0x7, 0x16, 0x0, 0x0, 0x0,
    0x0, 0x0, 0x7, 0x64, 0x50, 0x50, 0x60, 0x0,
    0x0, 0x54, 0x0, 0x0, 0x27, 0xaa, 0xb5, 0x5,
    0x0, 0x0, 0x4, 0x51, 0x60, 0x2, 0x15, 0x0,
    0x0, 0x0, 0x0, 0x0, 0x25, 0x79, 0x15, 0x90,
    0x83, 0x92, 0x14, 0x2a, 0x73, 0x10, 0x8a, 0x99,
    0xcd, 0x87, 0x9a, 0x8a, 0x47, 0x8, 0x56, 0x0,
    0x0, 0x1a, 0x61, 0x0, 0x4, 0x9a, 0xbb, 0x70,
    0x60, 0x0, 0x5, 0x48, 0x0, 0x0, 0x68, 0x10,
    0x0, 0x15, 0x0, 0x0, 0x9, 0x50, 0x0, 0x2,
    0xd4, 0x0, 0x7a, 0x0, 0x0, 0x0, 0x4, 0x9a,
    0x99, 0x72, 0x54, 0x0, 0x0,

    /* U+FD45 "﵅" */
    0x0, 0x0, 0x0, 0x0, 0x0, 0x0, 0x0, 0x0,
    0x0, 0x0, 0x0, 0x0, 0x0, 0x2, 0x0, 0x0,
    0x0, 0x0, 0x0, 0x0, 0x0, 0x0, 0x26, 0x31,
    0x51, 0x0, 0x0, 0x0, 0x0, 0x0, 0x1, 0x5,
    0x63, 0x81, 0x0, 0x0, 0x0, 0x0, 0x0, 0x2c,
    0x7, 0x33, 0x71, 0x0, 0x0, 0x0, 0x0, 0x0,
    0xa8, 0x5, 0x14, 0x60, 0x0, 0x0, 0x0, 0x0,
    0x0, 0x58, 0xbb, 0xb1, 0x40, 0x0, 0x0, 0x3,
    0x30, 0x8, 0x14, 0x7, 0x80, 0x2, 0x0, 0x0,
    0x0, 0x5, 0x36, 0x35, 0x18, 0x2, 0x14, 0x7a,
    0x15, 0x30, 0xc, 0xcc, 0x98, 0x8b, 0x99, 0x86,
    0x22, 0x7c, 0x52, 0x16, 0x84, 0x60, 0x0, 0xb,
    0x8c, 0xab, 0x16, 0x1a, 0x82, 0x68, 0x30, 0x0,
    0x7, 0x50, 0x1, 0x95, 0x0, 0x0, 0x48, 0x20,
    0x0, 0x17, 0x91, 0x0, 0x0, 0x0, 0x0, 0x1,
    0x7a, 0xaa, 0x95, 0x56, 0x0, 0x0,

    /* U+FD46 "﵆" */
    0x0, 0x2, 0x0, 0x0, 0x0, 0x0, 0x0, 0x0,
    0x1, 0x82, 0x58, 0x6, 0x1, 0x45, 0x30, 0x2,
    0x67, 0x6, 0x70, 0x65, 0x21, 0x87, 0x3, 0x77,
    0x60, 0x67, 0x6, 0x85, 0x70, 0x70, 0x6, 0x79,
    0x96, 0x47, 0xac, 0x99, 0x84, 0x0, 0x18, 0x2,
    0x40, 0x17, 0x60, 0x84, 0x0, 0x9, 0x70, 0x8,
    0x97, 0x66, 0x27, 0x0, 0x0, 0x88, 0x66, 0x65,
    0x57, 0xab, 0xa8, 0x30, 0x0, 0x20, 0x4, 0x61,
    0x7, 0x95, 0x57, 0x0, 0x3c, 0x0, 0x0, 0x0,
    0x78, 0x15, 0x80, 0xa, 0x70, 0x0, 0x0, 0x5,
    0x70, 0x9a, 0x0, 0x24, 0x9a, 0xaa, 0xaa, 0x73,
    0x29, 0x40,

    /* U+FD47 "﵇" */
    0x0, 0x0, 0x0, 0x0, 0x30, 0x1, 0x10, 0x40,
    0x50, 0x0, 0x0, 0x0, 0x3, 0x60, 0xa0, 0x7,
    0x10, 0x90, 0x90, 0x0, 0x0, 0x3, 0xa0, 0x42,
    0xa0, 0x0, 0x0, 0x60, 0x80, 0x0, 0x0, 0x2,
    0x58, 0xa, 0x80, 0x63, 0x56, 0x43, 0x70, 0x0,
    0x0, 0xa, 0x95, 0x79, 0x3b, 0xbb, 0xba, 0xba,
    0x50, 0x0, 0x3, 0x77, 0x0, 0x0, 0x0, 0x0,
    0x0, 0x8, 0x6, 0x80, 0x25, 0x65, 0x0, 0x0,
    0x0, 0x0, 0x0, 0x56, 0x7, 0x1, 0x2a, 0x9a,
    0xbb, 0xbb, 0xbb, 0xbb, 0xbb, 0xbb, 0xbe, 0xa7,
    0x0, 0x0, 0x0, 0x0, 0x0, 0x0, 0x3, 0x40,
    0x0, 0x0, 0x0, 0x0, 0x0, 0x0, 0x0, 0x0,
    0x2, 0x10, 0x0, 0x0,

    /* U+FD48 "﵈" */
    0x0, 0x0, 0x0, 0x0, 0x1, 0x20, 0x2, 0x0,
    0x33, 0x10, 0x0, 0x0, 0x0, 0x0, 0x8, 0x15,
    0x50, 0x34, 0x1, 0x87, 0x20, 0x0, 0x0, 0x0,
    0x8, 0x50, 0x65, 0x50, 0x0, 0x0, 0x76, 0x20,
    0x0, 0x0, 0x0, 0x2, 0xb1, 0x48, 0x51, 0x47,
    0x60, 0x67, 0x20, 0x0, 0x0, 0x0, 0x5a, 0x84,
    0xa3, 0x9b, 0xbb, 0xab, 0x8a, 0x10, 0x0, 0x0,
    0x7, 0x61, 0x0, 0x0, 0x0, 0x37, 0x0, 0x16,
    0x1a, 0x30, 0x0, 0x57, 0x72, 0x0, 0x0, 0x0,
    0x67, 0x6, 0x6, 0x70, 0x0, 0x0, 0x8b, 0xdb,
    0xbb, 0xbb, 0xbb, 0xed, 0xbb, 0xbb, 0xdc, 0xa2,
    0x6, 0x90, 0x0, 0x0, 0x0, 0x1, 0x88, 0x1,
    0x0, 0x0, 0x0, 0x24, 0x0, 0x0, 0x0, 0x0,
    0x0, 0x68, 0x46, 0x10, 0x0, 0x0,

    /* U+FD49 "﵉" */
    0x0, 0x0, 0x0, 0x11, 0x0, 0x20, 0x13, 0x31,
    0x0, 0x0, 0x0, 0x9, 0x16, 0x40, 0x44, 0x1,
    0x78, 0x10, 0x0, 0x0, 0x94, 0x6, 0x64, 0x0,
    0x0, 0x7, 0x61, 0x0, 0x1, 0x23, 0xb1, 0x58,
    0x42, 0x37, 0x60, 0x68, 0x10, 0x0, 0x59, 0xa8,
    0x5a, 0x39, 0xbb, 0xba, 0xb8, 0xa1, 0x0, 0x4,
    0xb1, 0x30, 0x0, 0x0, 0x37, 0x0, 0x25, 0x2a,
    0x30, 0x29, 0x88, 0x10, 0x0, 0x7, 0x70, 0x60,
    0x57, 0x0, 0x0, 0xbc, 0xcc, 0xbb, 0xbb, 0xed,
    0xbb, 0xbb, 0xdc, 0xa1, 0x0, 0x0, 0x0, 0x0,
    0x28, 0x80, 0x10, 0x0, 0x0, 0x0, 0x0, 0x0,
    0x0, 0x0, 0x78, 0x56, 0x0, 0x0, 0x0,

    /* U+FD4A "﵊" */
    0x0, 0x0, 0x0, 0x0, 0x2, 0x40, 0x50, 0x2,
    0x0, 0x1, 0x14, 0x55, 0x55, 0x20, 0x9, 0x45,
    0x20, 0x5, 0x91, 0x0, 0x0, 0x0, 0x0, 0x71,
    0x93, 0x3, 0x56, 0x0, 0x0, 0x0, 0x4, 0x35,
    0x71, 0x11, 0x17, 0x8a, 0xab, 0xba, 0xaa, 0x9a,
    0xcd, 0xb9, 0x12, 0x62, 0xa2, 0x65, 0x66, 0x0,
    0x2, 0x63, 0x70, 0xa, 0x41, 0x89, 0x50, 0x17,
    0x96, 0x6, 0x26, 0x2, 0x84, 0x38, 0x6b, 0x78,
    0x87, 0x6b, 0x93, 0x60, 0x0, 0x8, 0x5, 0x50,
    0x0, 0x0, 0x98, 0x24, 0x0, 0x77, 0x58, 0x66,
    0x0, 0x0, 0x7, 0x71, 0x0, 0x7, 0xc4, 0x69,
    0x50, 0x36, 0x41, 0x66, 0x2b, 0x33, 0x74, 0x4b,
    0x69, 0xcc, 0xdc, 0xb8, 0x56, 0x18, 0x25, 0x0,
    0x0, 0x0, 0x0, 0x0, 0x0, 0x1a, 0x71, 0x30,
    0x0, 0x0, 0x0, 0x0, 0x0, 0x6, 0xa1,

    /* U+FD4B "﵋" */
    0x8, 0x42, 0x0, 0x0, 0x0, 0x30, 0x6, 0x96,
    0x30, 0x0, 0x27, 0x63, 0xb, 0x61, 0xdc, 0xcb,
    0xba, 0xb1, 0x0, 0x79, 0x0, 0x0, 0x2, 0x40,
    0x0, 0x0, 0x0, 0x70, 0x3, 0x20, 0x0, 0x7,
    0x23, 0x94, 0x5, 0xa0, 0x40, 0xa, 0x87, 0x58,
    0x15, 0x94, 0x2b, 0xa4, 0x0, 0xc8, 0x9b, 0xb2,

    /* U+FD4C "﵌" */
    0x0, 0x0, 0x1, 0x40, 0x10, 0x10, 0x10, 0x0,
    0x32, 0x0, 0x2, 0x56, 0x3, 0x62, 0x70, 0x70,
    0x54, 0x10, 0x1, 0x80, 0x27, 0x7, 0x52, 0x70,
    0x76, 0x3, 0x94, 0x9, 0x90, 0x0, 0x6, 0x32,
    0x60, 0x68, 0x66, 0x8, 0x4, 0x87, 0x88, 0x89,
    0xb1, 0x5c, 0xac, 0x99, 0x82, 0x6, 0x82, 0x0,
    0x0, 0x60, 0x5, 0x36, 0x38, 0x30, 0x45, 0x77,
    0x0, 0x0, 0x19, 0x95, 0x55, 0x64, 0x21, 0x9,
    0x7a, 0x76, 0x66, 0x66, 0x66, 0x79, 0x9a, 0x60,
    0x3, 0x95, 0x25, 0x55, 0x9, 0x20, 0x28, 0x94,
    0x83, 0x2d, 0x85, 0x25, 0x76, 0x72, 0x87, 0x87,
    0x83, 0x28, 0x57, 0x9b, 0x9b, 0xbb, 0x4a, 0xa7,
    0x65, 0x71, 0xa7, 0x52, 0x0, 0x0, 0x0, 0x59,
    0x13, 0x53, 0x34, 0x92, 0x22, 0x0, 0x0, 0x0,
    0x0, 0x0, 0x0, 0x0, 0x0,

    /* U+FD4D "﵍" */
    0x0, 0x0, 0x0, 0x12, 0x0, 0x20, 0x3, 0x32,
    0x0, 0x0, 0x0, 0x8, 0x14, 0x50, 0x35, 0x0,
    0x87, 0x20, 0x0, 0x0, 0x85, 0x6, 0x55, 0x0,
    0x0, 0x7, 0x53, 0x0, 0x1, 0x13, 0xb1, 0x48,
    0x51, 0x47, 0x60, 0x67, 0x20, 0x0, 0x59, 0xa8,
    0x4a, 0x38, 0xbb, 0xba, 0xb8, 0xa1, 0x0, 0x4,
    0x92, 0x0, 0x0, 0x0, 0x27, 0x0, 0x17, 0x1a,
    0x40, 0x28, 0x20, 0x0, 0x0, 0x6, 0x70, 0x60,
    0x67, 0x0, 0x0, 0xbb, 0xbb, 0xbb, 0xbb, 0xed,
    0xbb, 0xbb, 0xdc, 0xa2, 0x0, 0x0, 0x0, 0x0,
    0x19, 0x80, 0x10, 0x0, 0x0, 0x0, 0x0, 0x0,
    0x0, 0x0, 0x68, 0x47, 0x10, 0x0, 0x0,

    /* U+FD4E "﵎" */
    0x0, 0x0, 0x0, 0x0, 0x0, 0x0, 0x0, 0x88,
    0x2, 0x56, 0x21, 0x40, 0x0, 0x99, 0x22, 0x4,
    0x32, 0xa1, 0x0, 0x78, 0x2a, 0x90, 0x65, 0x26,
    0x0, 0x57, 0x18, 0x90, 0x84, 0xa5, 0x4, 0x25,
    0x84, 0x69, 0x38, 0x90, 0x3b, 0xbd, 0xcb, 0xcd,
    0xb6, 0x65, 0x0, 0x53, 0x52, 0x17, 0x0, 0x13,
    0x0, 0x20, 0x68, 0x27, 0x4, 0x17, 0xa, 0xbb,
    0x51, 0x5a, 0xbb, 0xb4, 0x0, 0x0, 0x4, 0x30,
    0x0, 0x0, 0x0, 0x0, 0x88, 0x0, 0x26, 0x0,

    /* U+FD4F "﵏" */
    0x0, 0x0, 0x0, 0x0, 0x0, 0x0, 0x0, 0x0,
    0x0, 0x0, 0x0, 0x0, 0x10, 0x0, 0x0, 0x0,
    0x0, 0x0, 0x0, 0x3, 0x54, 0x6, 0x0, 0x0,
    0x0, 0x0, 0x0, 0x10, 0x47, 0x1a, 0x0, 0x0,
    0x0, 0x0, 0x3, 0xb0, 0x75, 0x28, 0x0, 0x0,
    0x0, 0x0, 0x9, 0x70, 0x63, 0x27, 0x0, 0x0,
    0x0, 0x0, 0x6, 0x8b, 0xaa, 0x5, 0x0, 0x0,
    0x0, 0xa, 0x0, 0xa0, 0x74, 0x4b, 0x40, 0x32,
    0x0, 0x64, 0x56, 0x71, 0x68, 0x0, 0xdd, 0x47,
    0x0, 0x8c, 0xdd, 0xec, 0xdd, 0xbb, 0x62, 0x6,
    0x5, 0x90, 0xa, 0x54, 0x0, 0x0, 0x0, 0x15,
    0x25, 0x0, 0x3, 0xa2, 0x0, 0x0, 0x6, 0xa0,

    /* U+FD50 "ﵐ" */
    0x0, 0x0, 0x0, 0x0, 0x0, 0x0, 0x0, 0x1,
    0xe4, 0xe4, 0x0, 0x0, 0x0, 0x0, 0x0, 0x0,
    0x0, 0x0, 0x82, 0x82, 0x0, 0x0, 0x0, 0x0,
    0x0, 0x0, 0x0, 0x0, 0x0, 0x0, 0x0, 0x3b,
    0xfe, 0x70, 0x7, 0xef, 0xd4, 0x0, 0xb, 0xc0,
    0x0, 0xcc, 0x37, 0xf4, 0x4, 0x43, 0xcf, 0x0,
    0xb, 0xd0, 0x0, 0xf7, 0x0, 0xf9, 0x0, 0x0,
    0x4f, 0x30, 0xb, 0xd0, 0x0, 0xf7, 0x1, 0xf8,
    0x0, 0x0, 0xf, 0x70, 0xb, 0xd0, 0x4, 0xdc,
    0x4b, 0xfb, 0x44, 0x44, 0x4c, 0xd4, 0x4c, 0xd0,
    0x2f, 0xff, 0xfd, 0x6c, 0xff, 0xff, 0xff, 0xff,
    0xff, 0xd0, 0x0, 0x0, 0x0, 0x0, 0x0, 0x0,
    0x0, 0x0, 0x0, 0x0, 0x0, 0x0, 0x0, 0x0,
    0x0, 0x9, 0x10, 0x0, 0x0, 0x0, 0x0, 0x0,
    0x0, 0x0, 0x0, 0x1f, 0x30, 0x0, 0x0, 0x0,

    /* U+FD51 "ﵑ" */
    0x0, 0x0, 0x0, 0x0, 0x0, 0x0, 0x0, 0xb,
    0x8a, 0x90, 0x0, 0x0, 0x0, 0x0, 0x0, 0x0,
    0x0, 0x6, 0x56, 0x50, 0x0, 0x0, 0x0, 0x0,
    0x0, 0x0, 0x0, 0x0, 0x0, 0x0, 0x2b, 0xef,
    0xc2, 0x0, 0x8e, 0xfd, 0x40, 0x0, 0x6f, 0x20,
    0x9, 0x44, 0xec, 0x0, 0x44, 0x3c, 0xe0, 0x0,
    0x6f, 0x20, 0x0, 0x0, 0x6f, 0x10, 0x0, 0x4,
    0xf3, 0x0, 0x6f, 0x20, 0x0, 0x0, 0x3f, 0x50,
    0x0, 0x1, 0xf7, 0x0, 0x6f, 0x20, 0x0, 0x3b,
    0xff, 0xd4, 0x44, 0x44, 0xdd, 0x44, 0x9f, 0x54,
    0x7, 0xfa, 0x32, 0xcf, 0xff, 0xff, 0xff, 0xff,
    0xff, 0xff, 0x3f, 0x70, 0x0, 0x0, 0x0, 0x0,
    0x0, 0x0, 0x0, 0x0, 0x6f, 0x10, 0x9, 0x20,
    0x0, 0x0, 0x0, 0x0, 0x0, 0x0, 0x5f, 0x70,
    0xe, 0x40, 0x0, 0x0, 0x0, 0x0, 0x0, 0x0,
    0xb, 0xf6, 0x0, 0x0, 0x0, 0x0, 0x0, 0x0,
    0x0, 0x0, 0x0, 0x20, 0x0, 0x0, 0x0, 0x0,
    0x0, 0x0, 0x0, 0x0,

    /* U+FD52 "ﵒ" */
    0x0, 0x0, 0x0, 0x0, 0x0, 0x0, 0x0, 0x8,
    0xb7, 0xc0, 0x0, 0x0, 0x0, 0x0, 0x0, 0x0,
    0x0, 0x46, 0x37, 0x0, 0x0, 0x0, 0x0, 0x0,
    0x0, 0x0, 0x0, 0x0, 0x0, 0x3d, 0xfe, 0x80,
    0x1, 0xcf, 0xfa, 0x0, 0x3, 0xf5, 0x1, 0x63,
    0x7f, 0x50, 0x7, 0x35, 0xf7, 0x0, 0x3f, 0x50,
    0x0, 0x0, 0xe9, 0x0, 0x0, 0xc, 0xc0, 0x3,
    0xf5, 0x0, 0x0, 0xa, 0xd0, 0x0, 0x0, 0x8f,
    0x0, 0x3f, 0x50, 0x44, 0x44, 0x8f, 0x64, 0x44,
    0x46, 0xf8, 0x46, 0xf5, 0x2f, 0xff, 0xff, 0xff,
    0xff, 0xff, 0xff, 0xff, 0xff, 0x50, 0x0, 0x0,
    0x0, 0x0, 0x0, 0x0, 0x0, 0x0, 0x0, 0x0,
    0x6, 0x50, 0x0, 0x0, 0x0, 0x0, 0x0, 0x0,
    0x0, 0x0, 0xb8, 0x0, 0x0, 0x0, 0x0, 0x0,
    0x0, 0x0,

    /* U+FD53 "ﵓ" */
    0x0, 0x0, 0x0, 0x0, 0x0, 0x0, 0x0, 0x1,
    0xe4, 0xe4, 0x0, 0x0, 0x0, 0x0, 0x0, 0x0,
    0x0, 0x0, 0x82, 0x82, 0x0, 0x0, 0x0, 0x0,
    0x0, 0x0, 0x0, 0x0, 0x0, 0x0, 0x0, 0x3b,
    0xfe, 0x70, 0x7, 0xef, 0xd4, 0x0, 0xb, 0xc0,
    0x0, 0xcc, 0x37, 0xf4, 0x4, 0x43, 0xcf, 0x0,
    0xb, 0xd0, 0x0, 0xf7, 0x0, 0xf9, 0x0, 0x0,
    0x4f, 0x30, 0xb, 0xd0, 0x0, 0xf7, 0x1, 0xf8,
    0x0, 0x0, 0xf, 0x70, 0xb, 0xd0, 0x4, 0xdc,
    0x4b, 0xfb, 0x44, 0x44, 0x4c, 0xd4, 0x4c, 0xd0,
    0x2f, 0xff, 0xfd, 0x6c, 0xff, 0xff, 0xff, 0xff,
    0xff, 0xd0,

    /* U+FD54 "ﵔ" */
    0x0, 0x0, 0x0, 0x0, 0x0, 0x7c, 0x0, 0x1,
    0xe4, 0xe4, 0x0, 0x0, 0x0, 0x0, 0x0, 0x46,
    0x0, 0x0, 0x82, 0x82, 0x0, 0x0, 0x0, 0x0,
    0x0, 0x0, 0x0, 0x0, 0x0, 0x0, 0x0, 0x3b,
    0xfe, 0x70, 0x7, 0xef, 0xd4, 0x0, 0xb, 0xc0,
    0x0, 0xcc, 0x37, 0xf4, 0x4, 0x43, 0xcf, 0x0,
    0xb, 0xd0, 0x0, 0xf7, 0x0, 0xf9, 0x0, 0x0,
    0x4f, 0x30, 0xb, 0xd0, 0x0, 0xf7, 0x1, 0xf8,
    0x0, 0x0, 0xf, 0x70, 0xb, 0xd0, 0x4, 0xdc,
    0x4b, 0xfb, 0x44, 0x44, 0x4c, 0xd4, 0x4c, 0xd0,
    0x2f, 0xff, 0xfd, 0x6c, 0xff, 0xff, 0xff, 0xff,
    0xff, 0xd0,

    /* U+FD55 "ﵕ" */
    0x0, 0x0, 0x0, 0x0, 0x0, 0x0, 0x0, 0x1,
    0xe4, 0xe4, 0x0, 0x0, 0x0, 0x0, 0x0, 0x0,
    0x0, 0x0, 0x82, 0x82, 0x0, 0x0, 0x0, 0x0,
    0x0, 0x0, 0x0, 0x0, 0x0, 0x0, 0x3, 0xef,
    0xf9, 0x0, 0x2, 0xbf, 0xfa, 0x0, 0xb, 0xd0,
    0x0, 0x64, 0x8f, 0x50, 0xa, 0xe5, 0x7f, 0x70,
    0xb, 0xd0, 0x0, 0x0, 0xe, 0x90, 0xd, 0xa0,
    0xd, 0xc0, 0xb, 0xd0, 0x0, 0x0, 0xb, 0xd0,
    0xc, 0xa0, 0xe, 0xb0, 0xb, 0xd0, 0x4, 0x44,
    0x48, 0xf6, 0x4b, 0xe4, 0xaf, 0xd5, 0x4c, 0xd0,
    0x2f, 0xff, 0xff, 0xff, 0xff, 0xff, 0xe7, 0xbf,
    0xff, 0xd0, 0x0, 0x0, 0x0, 0x0, 0x0, 0x0,
    0x0, 0x0, 0x0, 0x0, 0x0, 0x6, 0x50, 0x0,
    0x0, 0x0, 0x0, 0x0, 0x0, 0x0, 0x0, 0xb,
    0x80, 0x0, 0x0, 0x0, 0x0, 0x0, 0x0, 0x0,

    /* U+FD56 "ﵖ" */
    0x0, 0x0, 0x0, 0x0, 0x0, 0x0, 0x0, 0x1,
    0xe4, 0xe4, 0x0, 0x0, 0x0, 0x0, 0x0, 0x0,
    0x0, 0x0, 0x82, 0x82, 0x0, 0x0, 0x0, 0x0,
    0x0, 0x0, 0x0, 0x0, 0x0, 0x0, 0x3, 0xef,
    0xf9, 0x0, 0x2, 0xbf, 0xfa, 0x0, 0xb, 0xd0,
    0x0, 0x64, 0x8f, 0x50, 0xa, 0xe5, 0x7f, 0x70,
    0xb, 0xd0, 0x0, 0x0, 0xe, 0x90, 0xd, 0xa0,
    0xd, 0xc0, 0xb, 0xd0, 0x0, 0x0, 0xb, 0xd0,
    0xc, 0xa0, 0xe, 0xb0, 0xb, 0xd0, 0x4, 0x44,
    0x48, 0xf6, 0x4b, 0xe4, 0xaf, 0xd5, 0x4c, 0xd0,
    0x2f, 0xff, 0xff, 0xff, 0xff, 0xff, 0xe7, 0xbf,
    0xff, 0xd0,

    /* U+FD57 "ﵗ" */
    0x0, 0x2f, 0x20, 0x0, 0x0, 0x0, 0x0, 0x1,
    0xe4, 0xe4, 0x0, 0x19, 0x0, 0x0, 0x0, 0x0,
    0x0, 0x0, 0x82, 0x82, 0x0, 0x0, 0x0, 0x0,
    0x0, 0x0, 0x0, 0x0, 0x0, 0x0, 0x3, 0xef,
    0xf9, 0x0, 0x2, 0xbf, 0xfa, 0x0, 0xb, 0xd0,
    0x0, 0x64, 0x8f, 0x50, 0xa, 0xe5, 0x7f, 0x70,
    0xb, 0xd0, 0x0, 0x0, 0xe, 0x90, 0xd, 0xa0,
    0xd, 0xc0, 0xb, 0xd0, 0x0, 0x0, 0xb, 0xd0,
    0xc, 0xa0, 0xe, 0xb0, 0xb, 0xd0, 0x4, 0x44,
    0x48, 0xf6, 0x4b, 0xe4, 0xaf, 0xd5, 0x4c, 0xd0,
    0x2f, 0xff, 0xff, 0xff, 0xff, 0xff, 0xe7, 0xbf,
    0xff, 0xd0,

    /* U+FD58 "ﵘ" */
    0x0, 0x0, 0x0, 0x0, 0x0, 0x0, 0x0, 0x0,
    0x0, 0x0, 0x0, 0x2, 0xbf, 0xfc, 0x20, 0x0,
    0x7e, 0xfd, 0x30, 0xc, 0xff, 0xb1, 0x0, 0x19,
    0x45, 0xec, 0x0, 0x2f, 0x84, 0xce, 0x0, 0x74,
    0x5f, 0x90, 0x0, 0x0, 0x6, 0xf1, 0x6, 0xf1,
    0x6, 0xf3, 0x0, 0x0, 0xad, 0x0, 0x0, 0x0,
    0x3f, 0x50, 0x5f, 0x10, 0x7f, 0x20, 0x0, 0x6,
    0xf1, 0x0, 0x3, 0xaf, 0xfd, 0x46, 0xf7, 0x6e,
    0xf7, 0x44, 0x44, 0x5f, 0x92, 0x7, 0xfa, 0x32,
    0xcf, 0xff, 0xff, 0xb7, 0xef, 0xff, 0xff, 0xff,
    0x83, 0xf7, 0x0, 0x0, 0x0, 0x0, 0x0, 0x0,
    0x0, 0x0, 0x0, 0x0, 0x6f, 0x10, 0x0, 0x0,
    0x0, 0x0, 0x0, 0x0, 0x3, 0x70, 0x0, 0x5,
    0xf8, 0x12, 0x10, 0x0, 0x0, 0x0, 0x0, 0x0,
    0x6d, 0x0, 0x0, 0xb, 0xff, 0xf6, 0x0, 0x0,
    0x0, 0x0, 0x0, 0x0, 0x0, 0x0, 0x0, 0x2,
    0x31, 0x0, 0x0, 0x0, 0x0, 0x0, 0x0, 0x0,
    0x0, 0x0,

    /* U+FD59 "ﵙ" */
    0x0, 0x0, 0x0, 0x0, 0x0, 0x0, 0x0, 0x0,
    0x0, 0x0, 0x0, 0x0, 0x3d, 0xff, 0x90, 0x0,
    0x2b, 0xff, 0x90, 0x5, 0xef, 0xf7, 0x0, 0x1,
    0x74, 0x8f, 0x50, 0xa, 0xe5, 0x6f, 0x70, 0x36,
    0x4a, 0xf2, 0x0, 0x0, 0x0, 0xe9, 0x0, 0xda,
    0x0, 0xdc, 0x0, 0x0, 0x2f, 0x60, 0x0, 0x0,
    0xa, 0xd0, 0xc, 0xa0, 0xe, 0xb0, 0x0, 0x0,
    0xea, 0x0, 0x44, 0x44, 0x8f, 0x64, 0xbe, 0x4a,
    0xfd, 0x54, 0x44, 0x4a, 0xf1, 0x2f, 0xff, 0xff,
    0xff, 0xff, 0xff, 0xe7, 0xbf, 0xff, 0xff, 0xff,
    0x40, 0x0, 0x0, 0x0, 0x0, 0x0, 0x0, 0x0,
    0x0, 0x0, 0x0, 0x0, 0x0, 0x0, 0x0, 0x0,
    0x0, 0x0, 0x0, 0x0, 0x0, 0x83, 0x0, 0x0,
    0x0, 0x0, 0x0, 0x0, 0x0, 0x0, 0x0, 0x0,
    0xe, 0x50, 0x0,

    /* U+FD5A "ﵚ" */
    0x0, 0x0, 0x0, 0x0, 0x0, 0x0, 0x0, 0x0,
    0x0, 0x0, 0x0, 0x0, 0x0, 0x0, 0x0, 0x0,
    0x0, 0x0, 0x0, 0x0, 0x4c, 0xfe, 0x60, 0x9,
    0xff, 0xd4, 0x0, 0x0, 0x0, 0x0, 0x0, 0x0,
    0x0, 0xe, 0xb4, 0xaf, 0x30, 0x87, 0x4d, 0xe0,
    0x0, 0x0, 0x0, 0x9, 0xff, 0x50, 0x1, 0xf5,
    0x1, 0xf7, 0x0, 0x0, 0x6f, 0x20, 0x0, 0x0,
    0x9, 0xf6, 0xaf, 0x30, 0x1f, 0x60, 0x3f, 0x70,
    0x0, 0x2, 0xf6, 0x0, 0xf7, 0x0, 0xf8, 0x0,
    0xbe, 0x64, 0xea, 0x5c, 0xf9, 0x44, 0x44, 0x4d,
    0xc3, 0x2f, 0x50, 0xd, 0xfa, 0x30, 0xaf, 0xff,
    0xff, 0xc6, 0xdf, 0xff, 0xff, 0xff, 0xd3, 0xf5,
    0x0, 0x6, 0xdf, 0x10, 0x0, 0x0, 0x0, 0x0,
    0x0, 0x0, 0x0, 0x0, 0xf, 0xc1, 0x0, 0x18,
    0xf2, 0x0, 0x0, 0x0, 0x0, 0x0, 0x0, 0x0,
    0x0, 0x0, 0x7f, 0xff, 0xff, 0xf8, 0x0, 0x0,
    0x0, 0x0, 0x0, 0x0, 0x0, 0x0, 0x0, 0x0,
    0x13, 0x33, 0x30, 0x0, 0x0, 0x0, 0x0, 0x0,
    0x0, 0x0, 0x0, 0x0, 0x0, 0x0, 0xe5, 0xe5,
    0x0, 0x0, 0x0, 0x0, 0x0, 0x0, 0x0, 0x0,
    0x0, 0x0, 0x0, 0x8, 0x28, 0x20, 0x0, 0x0,
    0x0, 0x0, 0x0, 0x0, 0x0, 0x0, 0x0, 0x0,

    /* U+FD5B "ﵛ" */
    0x0, 0x0, 0x0, 0x0, 0x0, 0x0, 0x0, 0x0,
    0x0, 0x0, 0x0, 0x0, 0x0, 0x0, 0x0, 0x0,
    0x0, 0x0, 0x0, 0x0, 0x4c, 0xfe, 0x60, 0x9,
    0xff, 0xd4, 0x0, 0x0, 0x0, 0x0, 0x0, 0x0,
    0x0, 0xe, 0xb4, 0xaf, 0x30, 0x87, 0x4d, 0xe0,
    0x0, 0x0, 0x0, 0x9, 0xff, 0x50, 0x1, 0xf5,
    0x1, 0xf7, 0x0, 0x0, 0x6f, 0x20, 0x0, 0x0,
    0x9, 0xf6, 0xaf, 0x30, 0x1f, 0x60, 0x3f, 0x70,
    0x0, 0x2, 0xf6, 0x0, 0xf7, 0x0, 0xf8, 0x0,
    0xbe, 0x64, 0xea, 0x5c, 0xf9, 0x44, 0x44, 0x4d,
    0xc3, 0x2f, 0x50, 0xd, 0xfa, 0x30, 0xaf, 0xff,
    0xff, 0xc6, 0xdf, 0xff, 0xff, 0xff, 0xd3, 0xf5,
    0x0, 0x6, 0xdf, 0x10, 0x0, 0x0, 0x0, 0x0,
    0x0, 0x0, 0x0, 0x0, 0xf, 0xc1, 0x0, 0x18,
    0xf2, 0x0, 0x0, 0x0, 0x0, 0x0, 0x0, 0x0,
    0x0, 0x0, 0x7f, 0xff, 0xff, 0xf8, 0x0, 0x0,
    0x0, 0x0, 0x0, 0x0, 0x0, 0x0, 0x0, 0x0,
    0x13, 0x33, 0x30, 0x0, 0x0, 0x0, 0x0, 0x0,
    0x0, 0x0, 0x0, 0x0, 0x0,

    /* U+FD5C "ﵜ" */
    0x3, 0xdf, 0xe8, 0x0, 0x1c, 0xff, 0xa0, 0x0,
    0x0, 0x0, 0x0, 0x0, 0xbd, 0x1, 0x63, 0x7f,
    0x50, 0x7, 0x35, 0xf7, 0x0, 0x2f, 0x50, 0x5f,
    0x30, 0xbd, 0x0, 0x0, 0xe, 0x90, 0x0, 0x0,
    0xcc, 0x0, 0x2f, 0x50, 0x5f, 0x30, 0xbd, 0x0,
    0x0, 0xa, 0xd0, 0x0, 0x0, 0x8f, 0x0, 0x2f,
    0x50, 0x6f, 0x20, 0xbd, 0x4, 0x44, 0x48, 0xf6,
    0x44, 0x44, 0x6f, 0x84, 0x6f, 0x84, 0xcf, 0xa4,
    0xcd, 0x2f, 0xff, 0xff, 0xff, 0xff, 0xff, 0xff,
    0xff, 0xff, 0xff, 0xe6, 0xbf, 0xfd, 0x0, 0x0,
    0x0, 0x0, 0x0, 0x0, 0x0, 0x0, 0x0, 0x0,
    0x0, 0x0, 0x0, 0x0, 0x6, 0x50, 0x0, 0x0,
    0x0, 0x0, 0x0, 0x0, 0x0, 0x0, 0x0, 0x0,
    0x0, 0xb, 0x80, 0x0, 0x0, 0x0, 0x0, 0x0,
    0x0, 0x0, 0x0, 0x0, 0x0,

    /* U+FD5D "ﵝ" */
    0x3, 0xdf, 0xe8, 0x0, 0x1c, 0xff, 0xa0, 0x0,
    0x0, 0x0, 0x0, 0x0, 0xbd, 0x1, 0x63, 0x7f,
    0x50, 0x7, 0x35, 0xf7, 0x0, 0x2f, 0x50, 0x5f,
    0x30, 0xbd, 0x0, 0x0, 0xe, 0x90, 0x0, 0x0,
    0xcc, 0x0, 0x2f, 0x50, 0x5f, 0x30, 0xbd, 0x0,
    0x0, 0xa, 0xd0, 0x0, 0x0, 0x8f, 0x0, 0x2f,
    0x50, 0x6f, 0x20, 0xbd, 0x4, 0x44, 0x48, 0xf6,
    0x44, 0x44, 0x6f, 0x84, 0x6f, 0x84, 0xcf, 0xa4,
    0xcd, 0x2f, 0xff, 0xff, 0xff, 0xff, 0xff, 0xff,
    0xff, 0xff, 0xff, 0xe6, 0xbf, 0xfd, 0x0, 0x0,
    0x0, 0x0, 0x0, 0x0, 0x0, 0x0, 0x0, 0x0,
    0x0, 0x0, 0x0, 0x0, 0x0, 0x0, 0x0, 0x0,
    0x46, 0x0, 0x0, 0x0, 0x0, 0x0, 0x0, 0x0,
    0x0, 0x0, 0x0, 0x0, 0x0, 0x8b, 0x0, 0x0,
    0x0, 0x0, 0x0, 0x0, 0x0,

    /* U+FD5E "ﵞ" */
    0x0, 0x0, 0x0, 0x0, 0x0, 0x0, 0x4d, 0xfe,
    0x70, 0x0, 0x0, 0x0, 0x0, 0x0, 0xf9, 0x0,
    0x0, 0x0, 0x0, 0x0, 0x0, 0x0, 0x39, 0x39,
    0xf3, 0x0, 0x7f, 0x10, 0x9e, 0x0, 0xf9, 0x0,
    0x0, 0x0, 0x0, 0x9f, 0xf5, 0x0, 0x0, 0x0,
    0xf7, 0x0, 0x7f, 0x10, 0x9e, 0x0, 0xf9, 0x0,
    0x0, 0x0, 0x9, 0xf6, 0xaf, 0x30, 0x0, 0x0,
    0xcb, 0x0, 0x7f, 0x10, 0xae, 0x0, 0xf9, 0x0,
    0xf, 0x70, 0xf, 0x80, 0xb, 0xe6, 0x44, 0x44,
    0x9f, 0x54, 0x9f, 0x55, 0xef, 0x74, 0xfb, 0x40,
    0x2f, 0x50, 0xd, 0xfa, 0x30, 0xaf, 0xff, 0xff,
    0xff, 0xff, 0xff, 0xff, 0xc5, 0xdf, 0xff, 0xf3,
    0x3f, 0x50, 0x0, 0x6d, 0xf1, 0x0, 0x0, 0x0,
    0x0, 0x0, 0x0, 0x0, 0x0, 0x0, 0x0, 0x0,
    0xf, 0xc1, 0x0, 0x18, 0xf2, 0x0, 0x0, 0x42,
    0x0, 0x0, 0x0, 0x0, 0x0, 0x0, 0x0, 0x0,
    0x7, 0xff, 0xff, 0xff, 0x80, 0x0, 0x0, 0xe8,
    0x0, 0x0, 0x0, 0x0, 0x0, 0x0, 0x0, 0x0,
    0x0, 0x13, 0x33, 0x30, 0x0, 0x0, 0x0, 0x10,
    0x0, 0x0, 0x0, 0x0, 0x0, 0x0, 0x0, 0x0,

    /* U+FD5F "ﵟ" */
    0x0, 0x0, 0x0, 0x0, 0x0, 0x0, 0x0, 0x0,
    0x0, 0x0, 0x0, 0x0, 0x0, 0x0, 0x2c, 0xff,
    0xd2, 0x0, 0x7, 0xef, 0xd3, 0x0, 0x2, 0x0,
    0x2, 0x0, 0xcc, 0x0, 0x8, 0x45, 0xec, 0x0,
    0x2f, 0x94, 0xde, 0x0, 0x3f, 0x50, 0x6f, 0x20,
    0xcc, 0x0, 0x0, 0x0, 0x6f, 0x10, 0x6f, 0x10,
    0x5f, 0x30, 0x3f, 0x50, 0x6f, 0x20, 0xcc, 0x0,
    0x0, 0x0, 0x3f, 0x50, 0x5f, 0x10, 0x7f, 0x20,
    0x3f, 0x50, 0x6f, 0x20, 0xcc, 0x0, 0x0, 0x3b,
    0xff, 0xd4, 0x6f, 0x76, 0xef, 0x74, 0x6f, 0x74,
    0xcf, 0xa4, 0xdd, 0x41, 0x7, 0xfa, 0x32, 0xcf,
    0xff, 0xff, 0xb7, 0xef, 0xff, 0xff, 0xd6, 0xbf,
    0xff, 0xf6, 0x3f, 0x70, 0x0, 0x0, 0x0, 0x0,
    0x0, 0x0, 0x0, 0x0, 0x0, 0x0, 0x0, 0x0,
    0x6f, 0x10, 0x0, 0x0, 0x0, 0x0, 0x0, 0x0,
    0x0, 0x0, 0x0, 0x0, 0x0, 0x0, 0x5f, 0x81,
    0x21, 0x0, 0x0, 0x0, 0x0, 0x0, 0x0, 0x0,
    0x0, 0x0, 0x0, 0x0, 0xb, 0xff, 0xf6, 0x0,
    0x0, 0x0, 0x0, 0x0, 0x0, 0x0, 0x0, 0x0,
    0x0, 0x0, 0x0, 0x23, 0x10, 0x0, 0x0, 0x0,
    0x0, 0x0, 0x0, 0x0, 0x0, 0x0, 0x0, 0x0,

    /* U+FD60 "ﵠ" */
    0x0, 0x0, 0x0, 0x0, 0x0, 0x0, 0x0, 0x0,
    0x0, 0x0, 0x0, 0x0, 0x1, 0x0, 0x3e, 0xff,
    0x90, 0x0, 0x2b, 0xff, 0xa0, 0x0, 0x11, 0x0,
    0x11, 0x3, 0xf5, 0x0, 0x64, 0x8f, 0x50, 0xa,
    0xe5, 0x7f, 0x70, 0xb, 0xd0, 0xd, 0xa0, 0x3f,
    0x50, 0x0, 0x0, 0xe9, 0x0, 0xda, 0x0, 0xdc,
    0x0, 0xbd, 0x0, 0xda, 0x3, 0xf5, 0x0, 0x0,
    0xb, 0xd0, 0xc, 0xa0, 0xe, 0xb0, 0xb, 0xd0,
    0xe, 0xa0, 0x3f, 0x50, 0x44, 0x44, 0x8f, 0x64,
    0xbe, 0x4a, 0xfd, 0x54, 0xce, 0x46, 0xff, 0x66,
    0xf5, 0x2f, 0xff, 0xff, 0xff, 0xff, 0xff, 0xe7,
    0xbf, 0xff, 0xff, 0xfa, 0x6e, 0xff, 0x50,

    /* U+FD61 "ﵡ" */
    0x0, 0x0, 0x0, 0x0, 0x0, 0x0, 0x0, 0x0,
    0x0, 0x0, 0x0, 0x0, 0x1, 0x0, 0x3e, 0xff,
    0x90, 0x0, 0x2b, 0xff, 0xa0, 0x0, 0x11, 0x0,
    0x11, 0x3, 0xf5, 0x0, 0x64, 0x8f, 0x50, 0xa,
    0xe5, 0x7f, 0x70, 0xb, 0xd0, 0xd, 0xa0, 0x3f,
    0x50, 0x0, 0x0, 0xe9, 0x0, 0xda, 0x0, 0xdc,
    0x0, 0xbd, 0x0, 0xda, 0x3, 0xf5, 0x0, 0x0,
    0xb, 0xd0, 0xc, 0xa0, 0xe, 0xb0, 0xb, 0xd0,
    0xe, 0xa0, 0x3f, 0x50, 0x44, 0x44, 0x8f, 0x64,
    0xbe, 0x4a, 0xfd, 0x54, 0xce, 0x46, 0xff, 0x66,
    0xf5, 0x2f, 0xff, 0xff, 0xff, 0xff, 0xff, 0xe7,
    0xbf, 0xff, 0xff, 0xfa, 0x6e, 0xff, 0x50, 0x0,
    0x0, 0x0, 0x0, 0x0, 0x0, 0x0, 0x0, 0x0,
    0x0, 0x0, 0x0, 0x0, 0x0, 0x6, 0x50, 0x0,
    0x0, 0x0, 0x0, 0x0, 0x0, 0x0, 0x0, 0x0,
    0x0, 0x0, 0x0, 0xb8, 0x0, 0x0, 0x0, 0x0,
    0x0, 0x0, 0x0, 0x0, 0x0, 0x0, 0x0,

    /* U+FD62 "ﵢ" */
    0x0, 0x0, 0x0, 0x0, 0x0, 0x0, 0x0, 0x0,
    0x0, 0x0, 0x0, 0x0, 0x0, 0x0, 0x0, 0x3,
    0xcf, 0xf8, 0x0, 0x7, 0xef, 0xe4, 0x0, 0x2,
    0x0, 0x2, 0x0, 0xbd, 0x0, 0x0, 0xcc, 0x48,
    0xf5, 0x2, 0xf9, 0x4c, 0xf0, 0x3, 0xf5, 0x5,
    0xf2, 0xb, 0xd0, 0x0, 0xf, 0x70, 0xf, 0x90,
    0x5f, 0x20, 0x5f, 0x40, 0x3f, 0x50, 0x5f, 0x20,
    0xbd, 0x0, 0x0, 0xf7, 0x1, 0xf8, 0x4, 0xf2,
    0x6, 0xf3, 0x3, 0xf5, 0x6, 0xf2, 0xb, 0xd0,
    0x0, 0x1d, 0xc4, 0xbf, 0xb4, 0x5f, 0x85, 0xef,
    0x74, 0x6f, 0x84, 0xcf, 0xb4, 0xce, 0x42, 0xe,
    0xff, 0xfd, 0x6c, 0xff, 0xff, 0xfb, 0x7e, 0xff,
    0xff, 0xfe, 0x6b, 0xff, 0xff, 0x73, 0xf6, 0x0,
    0x0, 0x0, 0x0, 0x0, 0x0, 0x0, 0x0, 0x0,
    0x0, 0x0, 0x0, 0x0, 0x3f, 0x40, 0x0, 0x0,
    0x0, 0x0, 0x0, 0x0, 0x0, 0x0, 0x0, 0x0,
    0x0, 0x0, 0x3, 0xf4, 0x0, 0x0, 0x0, 0x0,
    0x0, 0x0, 0x0, 0x0, 0x0, 0x0, 0x0, 0x0,
    0x0, 0x2d, 0x40, 0x0, 0x0, 0x0, 0x0, 0x0,
    0x0, 0x0, 0x0, 0x0, 0x0, 0x0, 0x0, 0x0,

    /* U+FD63 "ﵣ" */
    0x0, 0x0, 0x0, 0x0, 0x0, 0x0, 0x0, 0x0,
    0x0, 0x0, 0x0, 0x0, 0x0, 0x0, 0x3, 0xcf,
    0xf8, 0x0, 0x7, 0xef, 0xd4, 0x0, 0x2, 0x0,
    0x2, 0x0, 0xbd, 0x0, 0xcc, 0x48, 0xf5, 0x2,
    0xf9, 0x4c, 0xe0, 0x3, 0xf5, 0x6, 0xf2, 0xb,
    0xd0, 0xf, 0x70, 0xf, 0x90, 0x5f, 0x10, 0x5f,
    0x30, 0x3f, 0x50, 0x6f, 0x20, 0xbd, 0x0, 0xf7,
    0x1, 0xf8, 0x5, 0xf2, 0x6, 0xf2, 0x3, 0xf5,
    0x6, 0xf2, 0xb, 0xd0, 0x4d, 0xc4, 0xbf, 0xb4,
    0x5f, 0x76, 0xef, 0x74, 0x6f, 0x84, 0xcf, 0xb4,
    0xcd, 0x2f, 0xff, 0xfd, 0x6c, 0xff, 0xff, 0xfb,
    0x7e, 0xff, 0xff, 0xfe, 0x6b, 0xff, 0xd0,

    /* U+FD64 "ﵤ" */
    0x2b, 0xde, 0xb1, 0x0, 0x8d, 0xec, 0x30, 0x0,
    0xc9, 0x19, 0xdd, 0x90, 0x0, 0x7, 0x33, 0xdb,
    0x0, 0x33, 0x2b, 0xe0, 0x0, 0xdb, 0xc6, 0x25,
    0xf8, 0x0, 0x0, 0x0, 0x6f, 0x0, 0x0, 0x4,
    0xf3, 0x0, 0xdf, 0x60, 0x0, 0xcc, 0x0, 0x0,
    0x0, 0x3f, 0x50, 0x0, 0x1, 0xf7, 0x0, 0xdc,
    0x0, 0x0, 0xbd, 0x0, 0x0, 0x3b, 0xff, 0xd4,
    0x44, 0x44, 0xcd, 0x44, 0xec, 0x44, 0x44, 0xce,
    0x42, 0x7, 0xfa, 0x32, 0xcf, 0xff, 0xff, 0xff,
    0xff, 0xff, 0xff, 0xff, 0xff, 0xf7, 0x3f, 0x70,
    0x0, 0x0, 0x0, 0x0, 0x0, 0x0, 0x0, 0x0,
    0x0, 0x0, 0x0, 0x6f, 0x10, 0x0, 0x0, 0x0,
    0x0, 0x0, 0x0, 0x0, 0x0, 0x0, 0x0, 0x0,
    0x5f, 0x81, 0x21, 0x0, 0x0, 0x0, 0x0, 0x0,
    0x0, 0x0, 0x0, 0x0, 0x0, 0xb, 0xff, 0xf6,
    0x0, 0x0, 0x0, 0x0, 0x0, 0x0, 0x0, 0x0,
    0x0, 0x0, 0x0, 0x23, 0x10, 0x0, 0x0, 0x0,
    0x0, 0x0, 0x0, 0x0, 0x0, 0x0, 0x0,

    /* U+FD65 "ﵥ" */
    0x3, 0xce, 0xd7, 0x0, 0x1c, 0xee, 0x90, 0x0,
    0x4e, 0x34, 0xce, 0xc4, 0x0, 0x6, 0x26, 0xf4,
    0x0, 0x62, 0x4f, 0x70, 0x5, 0xf8, 0xc3, 0x2b,
    0xf1, 0x0, 0x0, 0xe, 0x90, 0x0, 0x0, 0xcc,
    0x0, 0x5f, 0xd0, 0x0, 0x3f, 0x50, 0x0, 0x0,
    0xad, 0x0, 0x0, 0x8, 0xf0, 0x5, 0xf5, 0x0,
    0x2, 0xf6, 0x4, 0x44, 0x48, 0xf6, 0x44, 0x44,
    0x6f, 0x84, 0x7f, 0x64, 0x44, 0x5f, 0x62, 0xff,
    0xff, 0xff, 0xff, 0xff, 0xff, 0xff, 0xff, 0xff,
    0xff, 0xff, 0xf6,

    /* U+FD66 "ﵦ" */
    0x0, 0x2a, 0xed, 0x60, 0x0, 0x5c, 0xeb, 0x30,
    0x4, 0xe3, 0x4c, 0xec, 0x40, 0x0, 0x0, 0xcc,
    0x26, 0xf4, 0x1, 0xf7, 0x2b, 0xe0, 0x5, 0xf8,
    0xc3, 0x2b, 0xf1, 0x0, 0x0, 0xf7, 0x0, 0xf9,
    0x5, 0xf1, 0x5, 0xf3, 0x5, 0xfd, 0x0, 0x3,
    0xf5, 0x0, 0x0, 0xf7, 0x1, 0xf8, 0x4, 0xf2,
    0x6, 0xf3, 0x5, 0xf5, 0x0, 0x2, 0xf6, 0x0,
    0x1, 0xdc, 0x4b, 0xfb, 0x45, 0xf8, 0x5e, 0xf7,
    0x48, 0xf6, 0x44, 0x45, 0xf8, 0x40, 0xe, 0xff,
    0xfd, 0x6c, 0xff, 0xff, 0xfb, 0x7e, 0xff, 0xff,
    0xff, 0xff, 0xff, 0xf0, 0x3f, 0x60, 0x0, 0x0,
    0x0, 0x0, 0x0, 0x0, 0x0, 0x0, 0x0, 0x0,
    0x0, 0x0, 0x3f, 0x40, 0x0, 0x0, 0x0, 0x0,
    0x0, 0x0, 0x0, 0x0, 0x0, 0x0, 0x0, 0x0,
    0x3f, 0x40, 0x0, 0x0, 0x0, 0x0, 0x0, 0x0,
    0x0, 0x0, 0x0, 0x0, 0x0, 0x0, 0x2d, 0x40,
    0x0, 0x0, 0x0, 0x0, 0x0, 0x0, 0x0, 0x0,
    0x0, 0x0, 0x0, 0x0,

    /* U+FD67 "ﵧ" */
    0x0, 0x0, 0x0, 0x0, 0x0, 0x0, 0x0, 0x0,
    0x0, 0x0, 0xa, 0x70, 0x0, 0x0, 0x0, 0x0,
    0x0, 0x0, 0x0, 0x0, 0x0, 0x0, 0x0, 0x0,
    0x68, 0x85, 0x0, 0x0, 0x0, 0x0, 0x0, 0x0,
    0x0, 0x0, 0x0, 0x0, 0x0, 0x0, 0xb8, 0xa9,
    0x0, 0x0, 0x0, 0x3b, 0xfe, 0x70, 0x7, 0xef,
    0xd4, 0x0, 0x0, 0x0, 0x0, 0x0, 0x3f, 0x50,
    0x0, 0xcc, 0x37, 0xf4, 0x4, 0x53, 0xbf, 0x0,
    0xa, 0xd0, 0xd, 0xb0, 0x3f, 0x50, 0x0, 0xf7,
    0x0, 0xf9, 0x0, 0x0, 0x4f, 0x40, 0xa, 0xd0,
    0xd, 0xb0, 0x3f, 0x50, 0x0, 0xf7, 0x1, 0xf8,
    0x0, 0x0, 0xf, 0x80, 0xa, 0xd0, 0xe, 0xa0,
    0x3f, 0x50, 0x1, 0xdc, 0x4b, 0xfb, 0x44, 0x44,
    0x4c, 0xe4, 0x4c, 0xe4, 0x6f, 0xf6, 0x6f, 0x84,
    0xe, 0xff, 0xfd, 0x6c, 0xff, 0xff, 0xff, 0xff,
    0xff, 0xff, 0xfa, 0x6e, 0xff, 0xff, 0x3f, 0x60,
    0x0, 0x0, 0x0, 0x0, 0x0, 0x0, 0x0, 0x0,
    0x0, 0x0, 0x0, 0x0, 0x3f, 0x40, 0x0, 0x0,
    0x0, 0x0, 0x0, 0x0, 0x0, 0x0, 0x0, 0x0,
    0x0, 0x0, 0x3f, 0x40, 0x0, 0x0, 0x0, 0x0,
    0x0, 0x0, 0x0, 0x0, 0x0, 0x0, 0x0, 0x0,
    0x2d, 0x40, 0x0, 0x0, 0x0, 0x0, 0x0, 0x0,
    0x0, 0x0, 0x0, 0x0, 0x0, 0x0,

    /* U+FD68 "ﵨ" */
    0x0, 0x0, 0x0, 0x0, 0x0, 0x0, 0x0, 0x0,
    0x0, 0x0, 0x9, 0x80, 0x0, 0x0, 0x0, 0x0,
    0x0, 0x0, 0x0, 0x0, 0x0, 0x0, 0x0, 0x6,
    0x88, 0x50, 0x0, 0x0, 0x0, 0x0, 0x0, 0x0,
    0x0, 0x0, 0x0, 0x0, 0x0, 0xb8, 0xa9, 0x0,
    0x0, 0x3, 0xbf, 0xe7, 0x0, 0x7e, 0xfd, 0x40,
    0x0, 0x0, 0x0, 0x0, 0x3, 0xf5, 0x0, 0xcc,
    0x37, 0xf4, 0x4, 0x43, 0xcf, 0x0, 0xb, 0xd0,
    0xd, 0xa0, 0x3f, 0x50, 0xf, 0x70, 0xf, 0x90,
    0x0, 0x4, 0xf3, 0x0, 0xbd, 0x0, 0xda, 0x3,
    0xf5, 0x0, 0xf7, 0x1, 0xf8, 0x0, 0x0, 0xf,
    0x70, 0xb, 0xd0, 0xe, 0xa0, 0x3f, 0x50, 0x4d,
    0xc4, 0xbf, 0xb4, 0x44, 0x44, 0xcd, 0x44, 0xce,
    0x46, 0xff, 0x66, 0xf5, 0x2f, 0xff, 0xfd, 0x6c,
    0xff, 0xff, 0xff, 0xff, 0xff, 0xff, 0xfa, 0x6e,
    0xff, 0x50,

    /* U+FD69 "ﵩ" */
    0x0, 0x0, 0x0, 0x0, 0x0, 0x0, 0x0, 0x0,
    0x0, 0x0, 0x0, 0x0, 0x6b, 0x0, 0x0, 0x0,
    0x0, 0x0, 0x0, 0x0, 0x0, 0x0, 0x0, 0x0,
    0x0, 0x0, 0x0, 0x4, 0x98, 0x70, 0x0, 0x0,
    0x0, 0x0, 0x0, 0x0, 0x0, 0x0, 0x0, 0x0,
    0x0, 0x0, 0x0, 0x7, 0xc7, 0xc0, 0x0, 0x0,
    0x0, 0x0, 0x0, 0x0, 0x0, 0x0, 0x4d, 0xfe,
    0x70, 0x0, 0x0, 0x0, 0x0, 0x0, 0xf9, 0x0,
    0x0, 0x0, 0x0, 0x0, 0x0, 0x0, 0x39, 0x39,
    0xf3, 0x0, 0x7f, 0x10, 0x9e, 0x0, 0xf9, 0x0,
    0x0, 0x0, 0x0, 0x9f, 0xf5, 0x0, 0x0, 0x0,
    0xf7, 0x0, 0x7f, 0x10, 0x9e, 0x0, 0xf9, 0x0,
    0x0, 0x0, 0x9, 0xf6, 0xaf, 0x30, 0x0, 0x0,
    0xcb, 0x0, 0x7f, 0x10, 0xae, 0x0, 0xf9, 0x0,
    0xf, 0x70, 0xf, 0x80, 0xb, 0xe6, 0x44, 0x44,
    0x9f, 0x54, 0x9f, 0x55, 0xef, 0x74, 0xfb, 0x40,
    0x2f, 0x50, 0xd, 0xfa, 0x30, 0xaf, 0xff, 0xff,
    0xff, 0xff, 0xff, 0xff, 0xc5, 0xdf, 0xff, 0xf3,
    0x3f, 0x50, 0x0, 0x6d, 0xf1, 0x0, 0x0, 0x0,
    0x0, 0x0, 0x0, 0x0, 0x0, 0x0, 0x0, 0x0,
    0xf, 0xc1, 0x0, 0x18, 0xf2, 0x0, 0x0, 0x42,
    0x0, 0x0, 0x0, 0x0, 0x0, 0x0, 0x0, 0x0,
    0x7, 0xff, 0xff, 0xff, 0x80, 0x0, 0x0, 0xe8,
    0x0, 0x0, 0x0, 0x0, 0x0, 0x0, 0x0, 0x0,
    0x0, 0x13, 0x33, 0x30, 0x0, 0x0, 0x0, 0x10,
    0x0, 0x0, 0x0, 0x0, 0x0, 0x0, 0x0, 0x0,
    0x0, 0xe, 0x5e, 0x50, 0x0, 0x0, 0x0, 0x0,
    0x0, 0x0, 0x0, 0x0, 0x0, 0x0, 0x0, 0x0,
    0x0, 0x8, 0x28, 0x20, 0x0, 0x0, 0x0, 0x0,
    0x0, 0x0, 0x0, 0x0, 0x0, 0x0, 0x0, 0x0,

    /* U+FD6A "ﵪ" */
    0x0, 0x7c, 0x0, 0x0, 0x0, 0x0, 0x0, 0x0,
    0x0, 0x0, 0x3e, 0x0, 0x0, 0x0, 0x0, 0x59,
    0x0, 0x0, 0x0, 0x0, 0x0, 0x0, 0x0, 0x2,
    0x97, 0x90, 0x0, 0x0, 0x0, 0x0, 0x0, 0x0,
    0x0, 0x0, 0x0, 0x0, 0x0, 0x4, 0xd4, 0xd1,
    0x0, 0x0, 0x2c, 0xff, 0xd2, 0x0, 0x7, 0xef,
    0xd3, 0x0, 0x2, 0x0, 0x2, 0x0, 0xcc, 0x0,
    0x8, 0x45, 0xec, 0x0, 0x2f, 0x94, 0xde, 0x0,
    0x3f, 0x50, 0x6f, 0x20, 0xcc, 0x0, 0x0, 0x0,
    0x6f, 0x10, 0x6f, 0x10, 0x5f, 0x30, 0x3f, 0x50,
    0x6f, 0x20, 0xcc, 0x0, 0x0, 0x0, 0x3f, 0x50,
    0x5f, 0x10, 0x7f, 0x20, 0x3f, 0x50, 0x6f, 0x20,
    0xcc, 0x0, 0x0, 0x3b, 0xff, 0xd4, 0x6f, 0x76,
    0xef, 0x74, 0x6f, 0x74, 0xcf, 0xa4, 0xdd, 0x41,
    0x7, 0xfa, 0x32, 0xcf, 0xff, 0xff, 0xb7, 0xef,
    0xff, 0xff, 0xd6, 0xbf, 0xff, 0xf6, 0x3f, 0x70,
    0x0, 0x0, 0x0, 0x0, 0x0, 0x0, 0x0, 0x0,
    0x0, 0x0, 0x0, 0x0, 0x6f, 0x10, 0x0, 0x0,
    0x0, 0x0, 0x0, 0x0, 0x0, 0x0, 0x0, 0x0,
    0x0, 0x0, 0x5f, 0x81, 0x21, 0x0, 0x0, 0x0,
    0x0, 0x0, 0x0, 0x0, 0x0, 0x0, 0x0, 0x0,
    0xb, 0xff, 0xf6, 0x0, 0x0, 0x0, 0x0, 0x0,
    0x0, 0x0, 0x0, 0x0, 0x0, 0x0, 0x0, 0x23,
    0x10, 0x0, 0x0, 0x0, 0x0, 0x0, 0x0, 0x0,
    0x0, 0x0, 0x0, 0x0,

    /* U+FD6B "ﵫ" */
    0x0, 0x2e, 0x20, 0x0, 0x0, 0x0, 0x0, 0x0,
    0x0, 0x0, 0x9, 0x80, 0x0, 0x0, 0x1, 0xb1,
    0x0, 0x0, 0x0, 0x0, 0x0, 0x0, 0x0, 0x6,
    0x88, 0x50, 0x0, 0x0, 0x0, 0x0, 0x0, 0x0,
    0x0, 0x0, 0x0, 0x0, 0x0, 0xa8, 0x98, 0x1,
    0x0, 0x3e, 0xff, 0x90, 0x0, 0x2b, 0xff, 0xa0,
    0x0, 0x11, 0x0, 0x11, 0x3, 0xf5, 0x0, 0x64,
    0x8f, 0x50, 0xa, 0xe5, 0x7f, 0x70, 0xb, 0xd0,
    0xd, 0xa0, 0x3f, 0x50, 0x0, 0x0, 0xe9, 0x0,
    0xda, 0x0, 0xdc, 0x0, 0xbd, 0x0, 0xda, 0x3,
    0xf5, 0x0, 0x0, 0xb, 0xd0, 0xc, 0xa0, 0xe,
    0xb0, 0xb, 0xd0, 0xe, 0xa0, 0x3f, 0x50, 0x44,
    0x44, 0x8f, 0x64, 0xbe, 0x4a, 0xfd, 0x54, 0xce,
    0x46, 0xff, 0x66, 0xf5, 0x2f, 0xff, 0xff, 0xff,
    0xff, 0xff, 0xe7, 0xbf, 0xff, 0xff, 0xfa, 0x6e,
    0xff, 0x50,

    /* U+FD6C "ﵬ" */
    0x0, 0x0, 0x0, 0x0, 0x0, 0x0, 0x0, 0x0,
    0x0, 0x0, 0x2, 0xe0, 0x0, 0x0, 0x0, 0x0,
    0x0, 0x0, 0x0, 0x0, 0x0, 0x0, 0x0, 0x0,
    0x2, 0x97, 0x90, 0x0, 0x0, 0x0, 0x0, 0x0,
    0x0, 0x0, 0x0, 0x0, 0x0, 0x0, 0x0, 0x3d,
    0x4e, 0x10, 0x0, 0x0, 0x3, 0xcf, 0xf8, 0x0,
    0x7, 0xef, 0xe4, 0x0, 0x2, 0x0, 0x2, 0x0,
    0xbd, 0x0, 0x0, 0xcc, 0x48, 0xf5, 0x2, 0xf9,
    0x4c, 0xf0, 0x3, 0xf5, 0x5, 0xf2, 0xb, 0xd0,
    0x0, 0xf, 0x70, 0xf, 0x90, 0x5f, 0x20, 0x5f,
    0x40, 0x3f, 0x50, 0x5f, 0x20, 0xbd, 0x0, 0x0,
    0xf7, 0x1, 0xf8, 0x4, 0xf2, 0x6, 0xf3, 0x3,
    0xf5, 0x6, 0xf2, 0xb, 0xd0, 0x0, 0x1d, 0xc4,
    0xbf, 0xb4, 0x5f, 0x85, 0xef, 0x74, 0x6f, 0x84,
    0xcf, 0xb4, 0xce, 0x42, 0xe, 0xff, 0xfd, 0x6c,
    0xff, 0xff, 0xfb, 0x7e, 0xff, 0xff, 0xfe, 0x6b,
    0xff, 0xff, 0x73, 0xf6, 0x0, 0x0, 0x0, 0x0,
    0x0, 0x0, 0x0, 0x0, 0x0, 0x0, 0x0, 0x0,
    0x0, 0x3f, 0x40, 0x0, 0x0, 0x0, 0x0, 0x0,
    0x0, 0x0, 0x0, 0x0, 0x0, 0x0, 0x0, 0x3,
    0xf4, 0x0, 0x0, 0x0, 0x0, 0x0, 0x0, 0x0,
    0x0, 0x0, 0x0, 0x0, 0x0, 0x0, 0x2d, 0x40,
    0x0, 0x0, 0x0, 0x0, 0x0, 0x0, 0x0, 0x0,
    0x0, 0x0, 0x0, 0x0, 0x0,

    /* U+FD6D "ﵭ" */
    0x0, 0x0, 0x0, 0x0, 0x0, 0x0, 0x0, 0x0,
    0x0, 0x0, 0x2, 0xe0, 0x0, 0x0, 0x0, 0x0,
    0x0, 0x0, 0x0, 0x0, 0x0, 0x0, 0x0, 0x1,
    0x97, 0x90, 0x0, 0x0, 0x0, 0x0, 0x0, 0x0,
    0x0, 0x0, 0x0, 0x0, 0x0, 0x3d, 0x4e, 0x10,
    0x0, 0x3, 0xcf, 0xf8, 0x0, 0x7, 0xef, 0xd4,
    0x0, 0x2, 0x0, 0x2, 0x0, 0xbd, 0x0, 0xcc,
    0x48, 0xf5, 0x2, 0xf9, 0x4c, 0xe0, 0x3, 0xf5,
    0x6, 0xf2, 0xb, 0xd0, 0xf, 0x70, 0xf, 0x90,
    0x5f, 0x10, 0x5f, 0x30, 0x3f, 0x50, 0x6f, 0x20,
    0xbd, 0x0, 0xf7, 0x1, 0xf8, 0x5, 0xf2, 0x6,
    0xf2, 0x3, 0xf5, 0x6, 0xf2, 0xb, 0xd0, 0x4d,
    0xc4, 0xbf, 0xb4, 0x5f, 0x76, 0xef, 0x74, 0x6f,
    0x84, 0xcf, 0xb4, 0xcd, 0x2f, 0xff, 0xfd, 0x6c,
    0xff, 0xff, 0xfb, 0x7e, 0xff, 0xff, 0xfe, 0x6b,
    0xff, 0xd0,

    /* U+FD6E "ﵮ" */
    0x0, 0x0, 0x0, 0x0, 0x0, 0x0, 0x0, 0x0,
    0x0, 0x0, 0x0, 0x8, 0xb0, 0x0, 0x0, 0x0,
    0x0, 0x0, 0x0, 0x0, 0x0, 0x0, 0x0, 0x0,
    0x0, 0x0, 0x4, 0x60, 0x0, 0x0, 0x0, 0x0,
    0x0, 0x0, 0x0, 0x0, 0x0, 0x0, 0x0, 0x0,
    0x0, 0x0, 0x0, 0x0, 0x0, 0x0, 0x0, 0x0,
    0x0, 0x0, 0x0, 0x5d, 0xed, 0x60, 0x0, 0x8e,
    0x5, 0xde, 0xb2, 0x0, 0x0, 0x0, 0x0, 0x0,
    0x0, 0x0, 0x39, 0x28, 0xf3, 0x0, 0x9f, 0x5a,
    0x23, 0xdd, 0x0, 0x0, 0x0, 0x0, 0x9f, 0xf5,
    0x0, 0x0, 0x0, 0xf7, 0x0, 0x9f, 0xa0, 0x0,
    0x7f, 0x10, 0x0, 0x0, 0x9, 0xf6, 0xaf, 0x30,
    0x0, 0x0, 0xcb, 0x0, 0x9f, 0x20, 0x0, 0x6f,
    0x20, 0xf, 0x70, 0xf, 0x80, 0xb, 0xe6, 0x44,
    0x44, 0x9f, 0x54, 0xbf, 0x44, 0x44, 0x8f, 0x53,
    0x2f, 0x50, 0xd, 0xfa, 0x30, 0xaf, 0xff, 0xff,
    0xff, 0xff, 0xff, 0xff, 0xff, 0xff, 0xfc, 0x3f,
    0x50, 0x0, 0x6d, 0xf1, 0x0, 0x0, 0x0, 0x0,
    0x0, 0x0, 0x0, 0x0, 0x0, 0x0, 0xf, 0xc1,
    0x0, 0x18, 0xf2, 0x0, 0x0, 0x0, 0x0, 0x0,
    0x0, 0x0, 0x0, 0x0, 0x0, 0x7, 0xff, 0xff,
    0xff, 0x80, 0x0, 0x0, 0x0, 0x0, 0x0, 0x0,
    0x0, 0x0, 0x0, 0x0, 0x0, 0x13, 0x33, 0x30,
    0x0, 0x0, 0x0, 0x0, 0x0, 0x0, 0x0, 0x0,
    0x0, 0x0, 0x0,

    /* U+FD6F "ﵯ" */
    0x0, 0x0, 0x0, 0x0, 0x0, 0x7c, 0x0, 0x0,
    0x0, 0x0, 0xb8, 0x0, 0x0, 0x0, 0x0, 0x0,
    0x0, 0x0, 0x4, 0x60, 0x0, 0x0, 0x0, 0x6,
    0x40, 0x0, 0x0, 0x0, 0x0, 0x0, 0x0, 0x0,
    0x0, 0x0, 0x0, 0x0, 0x0, 0x0, 0x0, 0x0,
    0x0, 0x2, 0xae, 0xd6, 0x0, 0x7d, 0xec, 0x40,
    0x0, 0xca, 0x9, 0xde, 0x90, 0x0, 0x0, 0xcc,
    0x26, 0xf4, 0x3, 0x42, 0xbe, 0x0, 0xd, 0xbb,
    0x72, 0x5f, 0x90, 0x0, 0xf, 0x70, 0xf, 0x90,
    0x0, 0x4, 0xf4, 0x0, 0xdf, 0x60, 0x0, 0xbd,
    0x0, 0x0, 0xf7, 0x1, 0xf8, 0x0, 0x0, 0xf,
    0x80, 0xd, 0xd0, 0x0, 0xa, 0xe0, 0x0, 0x1d,
    0xc4, 0xbf, 0xb4, 0x44, 0x44, 0xce, 0x44, 0xdc,
    0x44, 0x44, 0xbe, 0x42, 0xe, 0xff, 0xfd, 0x6c,
    0xff, 0xff, 0xff, 0xff, 0xff, 0xff, 0xff, 0xff,
    0xff, 0x83, 0xf6, 0x0, 0x0, 0x0, 0x0, 0x0,
    0x0, 0x0, 0x0, 0x0, 0x0, 0x0, 0x0, 0x3f,
    0x40, 0x0, 0x0, 0x0, 0x0, 0x0, 0x0, 0x0,
    0x0, 0x0, 0x0, 0x0, 0x3, 0xf4, 0x0, 0x0,
    0x0, 0x0, 0x0, 0x0, 0x0, 0x0, 0x0, 0x0,
    0x0, 0x0, 0x2d, 0x40, 0x0, 0x0, 0x0, 0x0,
    0x0, 0x0, 0x0, 0x0, 0x0, 0x0, 0x0, 0x0,

    /* U+FD70 "ﵰ" */
    0x0, 0x0, 0x0, 0x0, 0x0, 0x7c, 0x0, 0x0,
    0x0, 0x0, 0xc7, 0x0, 0x0, 0x0, 0x0, 0x0,
    0x0, 0x4, 0x60, 0x0, 0x0, 0x0, 0x6, 0x40,
    0x0, 0x0, 0x0, 0x0, 0x0, 0x0, 0x0, 0x0,
    0x0, 0x0, 0x0, 0x0, 0x0, 0x0, 0x2, 0xae,
    0xd6, 0x0, 0x7d, 0xec, 0x30, 0x0, 0xca, 0x9,
    0xde, 0x90, 0x0, 0xcc, 0x27, 0xf4, 0x3, 0x42,
    0xbe, 0x0, 0xd, 0xbc, 0x72, 0x5f, 0x90, 0xf,
    0x70, 0xf, 0x90, 0x0, 0x4, 0xf3, 0x0, 0xdf,
    0x60, 0x0, 0xbd, 0x0, 0xf7, 0x1, 0xf8, 0x0,
    0x0, 0xf, 0x70, 0xd, 0xd0, 0x0, 0xa, 0xe0,
    0x4d, 0xc4, 0xbf, 0xb4, 0x44, 0x44, 0xcd, 0x44,
    0xec, 0x44, 0x44, 0xbe, 0x2f, 0xff, 0xfd, 0x6c,
    0xff, 0xff, 0xff, 0xff, 0xff, 0xff, 0xff, 0xff,
    0xe0,

    /* U+FD71 "ﵱ" */
    0x0, 0x0, 0x0, 0x0, 0x0, 0x0, 0x0, 0x0,
    0x6f, 0x20, 0x0, 0x0, 0x0, 0x0, 0x0, 0x0,
    0x0, 0x0, 0x0, 0x0, 0x0, 0x6f, 0x20, 0x0,
    0x0, 0x0, 0x0, 0x0, 0x0, 0x0, 0x0, 0x0,
    0x0, 0x0, 0x6f, 0x20, 0x0, 0x0, 0x0, 0x2b,
    0xff, 0xc2, 0x0, 0x7, 0xef, 0xd3, 0x0, 0x6f,
    0x25, 0xef, 0xe5, 0x0, 0x19, 0x45, 0xec, 0x0,
    0x2f, 0x84, 0xce, 0x0, 0x6f, 0x7d, 0x54, 0xcf,
    0x10, 0x0, 0x0, 0x6f, 0x10, 0x6f, 0x10, 0x6f,
    0x30, 0x6f, 0xd1, 0x0, 0x4f, 0x40, 0x0, 0x0,
    0x3f, 0x50, 0x5f, 0x10, 0x7f, 0x20, 0x6f, 0x50,
    0x0, 0x3f, 0x50, 0x0, 0x3a, 0xff, 0xd4, 0x6f,
    0x76, 0xef, 0x74, 0x8f, 0x64, 0x44, 0x6f, 0x84,
    0x7, 0xfa, 0x32, 0xcf, 0xff, 0xff, 0xb7, 0xef,
    0xff, 0xff, 0xff, 0xff, 0xff, 0x3f, 0x70, 0x0,
    0x0, 0x0, 0x0, 0x0, 0x0, 0x0, 0x0, 0x0,
    0x0, 0x0, 0x6f, 0x10, 0x0, 0x0, 0x0, 0x0,
    0x0, 0x0, 0x0, 0x0, 0x0, 0x0, 0x0, 0x5f,
    0x81, 0x21, 0x0, 0x0, 0x0, 0x0, 0x0, 0x0,
    0x0, 0x0, 0x0, 0x0, 0xb, 0xff, 0xf6, 0x0,
    0x0, 0x0, 0x0, 0x0, 0x0, 0x0, 0x0, 0x0,
    0x0, 0x0, 0x23, 0x10, 0x0, 0x0, 0x0, 0x0,
    0x0, 0x0, 0x0, 0x0, 0x0, 0x0,

    /* U+FD72 "ﵲ" */
    0x0, 0x0, 0x0, 0x0, 0x0, 0x0, 0x0, 0x0,
    0x9, 0xf0, 0x0, 0x0, 0x0, 0x0, 0x0, 0x0,
    0x0, 0x0, 0x0, 0x0, 0x0, 0x9, 0xf0, 0x0,
    0x0, 0x0, 0x0, 0x0, 0x0, 0x0, 0x0, 0x0,
    0x0, 0x0, 0x9, 0xf0, 0x0, 0x0, 0x0, 0x3,
    0xdf, 0xf9, 0x0, 0x2, 0xbf, 0xf9, 0x0, 0x9,
    0xf0, 0x8f, 0xfd, 0x30, 0x1, 0x74, 0x8f, 0x50,
    0xa, 0xe5, 0x6f, 0x70, 0x9, 0xf8, 0xb4, 0x5e,
    0xd0, 0x0, 0x0, 0xe, 0x90, 0xd, 0xa0, 0xd,
    0xc0, 0x9, 0xfb, 0x0, 0x7, 0xf1, 0x0, 0x0,
    0xb, 0xd0, 0xc, 0xa0, 0xe, 0xb0, 0x9, 0xf1,
    0x0, 0x6, 0xf2, 0x4, 0x44, 0x48, 0xf6, 0x4b,
    0xe4, 0xaf, 0xc4, 0x4b, 0xf4, 0x44, 0x49, 0xf2,
    0x2f, 0xff, 0xff, 0xff, 0xff, 0xff, 0xe7, 0xbf,
    0xff, 0xff, 0xff, 0xff, 0xf2,

    /* U+FD73 "ﵳ" */
    0x0, 0x0, 0x0, 0x0, 0x0, 0x0, 0x0, 0x0,
    0x1, 0xf7, 0x0, 0x0, 0x0, 0x0, 0x0, 0x0,
    0x0, 0x0, 0x0, 0x0, 0x0, 0x1, 0xf7, 0x0,
    0x0, 0x0, 0x0, 0x0, 0x0, 0x0, 0x0, 0x0,
    0x0, 0x0, 0x1, 0xf7, 0x0, 0x0, 0x0, 0x0,
    0x3c, 0xff, 0x80, 0x0, 0x7e, 0xfd, 0x40, 0x1,
    0xf7, 0x3c, 0xff, 0x80, 0x0, 0xcc, 0x48, 0xf5,
    0x2, 0xf9, 0x4c, 0xe0, 0x1, 0xf8, 0xd6, 0x49,
    0xf5, 0x0, 0xf7, 0x0, 0xf9, 0x5, 0xf1, 0x5,
    0xf3, 0x1, 0xff, 0x30, 0x0, 0xf9, 0x0, 0xf7,
    0x1, 0xf8, 0x5, 0xf2, 0x6, 0xf2, 0x1, 0xf9,
    0x0, 0x0, 0xea, 0x4, 0xdc, 0x4b, 0xfb, 0x45,
    0xf7, 0x6e, 0xf7, 0x45, 0xf9, 0x44, 0x44, 0xea,
    0x2f, 0xff, 0xfd, 0x6c, 0xff, 0xff, 0xfb, 0x7e,
    0xff, 0xff, 0xff, 0xff, 0xfa,

    /* U+FD74 "ﵴ" */
    0x0, 0x0, 0x0, 0x0, 0x0, 0x0, 0x0, 0x0,
    0x0, 0x0, 0x1f, 0x70, 0x0, 0x0, 0x0, 0x0,
    0x0, 0x0, 0x0, 0x0, 0x0, 0x0, 0x0, 0x0,
    0x0, 0x1, 0xf7, 0x0, 0x0, 0x0, 0x0, 0x0,
    0x0, 0x0, 0x0, 0x0, 0x0, 0x0, 0x0, 0x0,
    0x0, 0x1f, 0x70, 0x0, 0x0, 0x0, 0x0, 0x0,
    0x0, 0x0, 0x0, 0x0, 0x0, 0x4c, 0xfe, 0x60,
    0x1, 0xf7, 0x2c, 0xff, 0x90, 0x0, 0x0, 0x0,
    0x0, 0x0, 0x0, 0x0, 0xe, 0xb4, 0xaf, 0x30,
    0x1f, 0x7c, 0x74, 0x9f, 0x50, 0x0, 0x0, 0x0,
    0x9, 0xff, 0x50, 0x1, 0xf5, 0x1, 0xf7, 0x1,
    0xfd, 0x40, 0x0, 0xf9, 0x0, 0x0, 0x0, 0x9,
    0xf6, 0xaf, 0x30, 0x1f, 0x60, 0x3f, 0x70, 0x1f,
    0xb0, 0x0, 0xe, 0xa0, 0x0, 0xf7, 0x0, 0xf8,
    0x0, 0xbe, 0x64, 0xea, 0x5c, 0xf9, 0x45, 0xf9,
    0x44, 0x44, 0xeb, 0x41, 0x2f, 0x50, 0xd, 0xfa,
    0x30, 0xaf, 0xff, 0xff, 0xc6, 0xdf, 0xff, 0xff,
    0xff, 0xff, 0xff, 0x43, 0xf5, 0x0, 0x6, 0xdf,
    0x10, 0x0, 0x0, 0x0, 0x0, 0x0, 0x0, 0x0,
    0x0, 0x0, 0x0, 0xf, 0xc1, 0x0, 0x18, 0xf2,
    0x0, 0x0, 0x0, 0x0, 0x0, 0x0, 0x0, 0x0,
    0x0, 0x0, 0x0, 0x7f, 0xff, 0xff, 0xf8, 0x0,
    0x0, 0x0, 0x0, 0x0, 0x0, 0x0, 0x0, 0x0,
    0x0, 0x0, 0x0, 0x13, 0x33, 0x30, 0x0, 0x0,
    0x0, 0x0, 0x0, 0x0, 0x0, 0x0, 0x0, 0x0,
    0x0, 0x0, 0x0, 0xe5, 0xe5, 0x0, 0x0, 0x0,
    0x0, 0x0, 0x0, 0x0, 0x0, 0x0, 0x0, 0x0,
    0x0, 0x0, 0x8, 0x28, 0x20, 0x0, 0x0, 0x0,
    0x0, 0x0, 0x0, 0x0, 0x0, 0x0, 0x0, 0x0,
    0x0,

    /* U+FD75 "ﵵ" */
    0x0, 0x0, 0x0, 0x0, 0x0, 0x0, 0x0, 0x0,
    0x0, 0x0, 0x0, 0x0, 0x0, 0x3c, 0xff, 0x80,
    0x6, 0xef, 0xe5, 0x0, 0x18, 0xef, 0xfc, 0x40,
    0x0, 0xcc, 0x48, 0xf5, 0x5, 0x64, 0xcf, 0x0,
    0x9f, 0x43, 0x4f, 0x60, 0x0, 0xf7, 0x0, 0xf9,
    0x0, 0x0, 0x4f, 0x40, 0x4f, 0x40, 0x5f, 0x20,
    0x0, 0xf7, 0x1, 0xf8, 0x0, 0x0, 0xf, 0x80,
    0xa, 0xe6, 0xe8, 0x0, 0x1, 0xdc, 0x4b, 0xfb,
    0x44, 0x44, 0x4c, 0xe4, 0x45, 0xff, 0xd4, 0x40,
    0xe, 0xff, 0xfd, 0x6c, 0xff, 0xff, 0xff, 0xff,
    0xff, 0xc8, 0xdf, 0xf2, 0x3f, 0x60, 0x0, 0x0,
    0x0, 0x0, 0x0, 0x0, 0x0, 0x0, 0x0, 0x0,
    0x3f, 0x40, 0x0, 0x0, 0x0, 0x9, 0x10, 0x0,
    0x0, 0x0, 0x0, 0x0, 0x3f, 0x40, 0x0, 0x0,
    0x0, 0x1e, 0x30, 0x0, 0x0, 0x0, 0x0, 0x0,
    0x2d, 0x40, 0x0, 0x0, 0x0, 0x0, 0x0, 0x0,
    0x0, 0x0, 0x0, 0x0,

    /* U+FD76 "ﵶ" */
    0x0, 0x0, 0x0, 0x0, 0x0, 0x0, 0x0, 0x0,
    0x0, 0x0, 0x0, 0x0, 0x0, 0x3c, 0xff, 0x70,
    0x0, 0x6d, 0xfd, 0x40, 0x4, 0xbf, 0xfe, 0xb0,
    0x0, 0xcc, 0x48, 0xf5, 0x1, 0xf9, 0x4c, 0xe0,
    0x1f, 0x93, 0x3a, 0xe0, 0x0, 0xf7, 0x0, 0xf9,
    0x5, 0xf2, 0x5, 0xf4, 0xc, 0xd0, 0xe, 0x90,
    0x0, 0xf7, 0x1, 0xf8, 0x4, 0xf2, 0x6, 0xf3,
    0x3, 0xfb, 0xce, 0x10, 0x1, 0xdc, 0x4b, 0xfb,
    0x45, 0xf8, 0x5e, 0xf7, 0x44, 0xbf, 0xf8, 0x42,
    0xe, 0xff, 0xfd, 0x6c, 0xff, 0xff, 0xfb, 0x7e,
    0xff, 0xe8, 0xae, 0xfa, 0x3f, 0x60, 0x0, 0x0,
    0x0, 0x0, 0x0, 0x0, 0x0, 0x0, 0x0, 0x0,
    0x3f, 0x40, 0x0, 0x0, 0x0, 0x0, 0x0, 0x0,
    0x0, 0x0, 0x0, 0x0, 0x3f, 0x40, 0x0, 0x0,
    0x0, 0x0, 0x0, 0x0, 0x0, 0x0, 0x0, 0x0,
    0x2d, 0x40, 0x0, 0x0, 0x0, 0x0, 0x0, 0x0,
    0x0, 0x0, 0x0, 0x0,

    /* U+FD77 "ﵷ" */
    0x0, 0x0, 0x0, 0x0, 0x0, 0x0, 0x0, 0x0,
    0x0, 0x0, 0x0, 0x0, 0x3, 0xcf, 0xf8, 0x0,
    0x7, 0xef, 0xd4, 0x0, 0x9, 0xff, 0xe1, 0x0,
    0xcc, 0x48, 0xf5, 0x2, 0xf9, 0x4c, 0xe0, 0x8,
    0xf6, 0x46, 0x0, 0xf, 0x70, 0xf, 0x90, 0x5f,
    0x10, 0x5f, 0x30, 0xdb, 0x0, 0x0, 0x0, 0xf7,
    0x1, 0xf8, 0x5, 0xf2, 0x6, 0xf2, 0xb, 0xc0,
    0x0, 0x0, 0x4d, 0xc4, 0xbf, 0xb4, 0x5f, 0x76,
    0xef, 0x74, 0x7f, 0x74, 0x41, 0x2f, 0xff, 0xfd,
    0x6c, 0xff, 0xff, 0xfb, 0x7e, 0xff, 0xff, 0xff,
    0x50,

    /* U+FD78 "ﵸ" */
    0x0, 0x0, 0x0, 0x0, 0x0, 0x0, 0x0, 0x0,
    0x0, 0x0, 0x0, 0x0, 0x0, 0x0, 0x0, 0x0,
    0x0, 0x0, 0x0, 0x0, 0x4c, 0xfe, 0x60, 0x2,
    0xaf, 0xff, 0xc2, 0x0, 0x0, 0x0, 0x0, 0x0,
    0x0, 0xe, 0xb4, 0x9f, 0x30, 0xec, 0x43, 0x7f,
    0x20, 0x0, 0x0, 0x9, 0xff, 0x50, 0x1, 0xf5,
    0x1, 0xf7, 0x8, 0xf1, 0x9, 0xd0, 0x0, 0x0,
    0x9, 0xf6, 0xaf, 0x30, 0x1f, 0x60, 0x3f, 0x70,
    0x1e, 0xb7, 0xf4, 0x0, 0xf7, 0x0, 0xf8, 0x0,
    0xbe, 0x64, 0xea, 0x5c, 0xf9, 0x44, 0x8f, 0xfb,
    0x43, 0x2f, 0x50, 0xd, 0xfa, 0x30, 0xaf, 0xff,
    0xff, 0xc6, 0xdf, 0xff, 0xa8, 0xef, 0xe3, 0xf5,
    0x0, 0x6, 0xdf, 0x10, 0x0, 0x0, 0x0, 0x0,
    0x0, 0x0, 0x0, 0x0, 0xf, 0xc1, 0x0, 0x18,
    0xf2, 0x0, 0x0, 0x0, 0x0, 0x0, 0x0, 0x0,
    0x0, 0x0, 0x7f, 0xff, 0xff, 0xf8, 0x0, 0x0,
    0x0, 0x0, 0x0, 0x0, 0x0, 0x0, 0x0, 0x0,
    0x13, 0x33, 0x30, 0x0, 0x0, 0x0, 0x0, 0x0,
    0x0, 0x0, 0x0, 0x0, 0x0,

    /* U+FD79 "ﵹ" */
    0x0, 0x0, 0x0, 0x0, 0x0, 0x0, 0x0, 0x0,
    0x0, 0x8, 0xb0, 0x0, 0x0, 0x0, 0x0, 0x0,
    0x0, 0x0, 0x0, 0x0, 0x0, 0x4, 0x60, 0x0,
    0x0, 0x0, 0x0, 0x0, 0x0, 0x0, 0x0, 0x0,
    0x0, 0x0, 0x0, 0x0, 0x0, 0x3c, 0xff, 0x70,
    0x0, 0x6d, 0xfd, 0x40, 0x4, 0xbf, 0xfe, 0xb0,
    0x0, 0xcc, 0x48, 0xf5, 0x1, 0xf9, 0x4c, 0xe0,
    0x1f, 0x93, 0x3a, 0xe0, 0x0, 0xf7, 0x0, 0xf9,
    0x5, 0xf2, 0x5, 0xf4, 0xc, 0xd0, 0xe, 0x90,
    0x0, 0xf7, 0x1, 0xf8, 0x4, 0xf2, 0x6, 0xf3,
    0x3, 0xfb, 0xce, 0x10, 0x1, 0xdc, 0x4b, 0xfb,
    0x45, 0xf8, 0x5e, 0xf7, 0x44, 0xbf, 0xf8, 0x42,
    0xe, 0xff, 0xfd, 0x6c, 0xff, 0xff, 0xfb, 0x7e,
    0xff, 0xe8, 0xae, 0xfa, 0x3f, 0x60, 0x0, 0x0,
    0x0, 0x0, 0x0, 0x0, 0x0, 0x0, 0x0, 0x0,
    0x3f, 0x40, 0x0, 0x0, 0x0, 0x0, 0x0, 0x0,
    0x0, 0x0, 0x0, 0x0, 0x3f, 0x40, 0x0, 0x0,
    0x0, 0x0, 0x0, 0x0, 0x0, 0x0, 0x0, 0x0,
    0x2d, 0x40, 0x0, 0x0, 0x0, 0x0, 0x0, 0x0,
    0x0, 0x0, 0x0, 0x0,

    /* U+FD7A "ﵺ" */
    0x0, 0x0, 0x0, 0x0, 0x0, 0x0, 0x0, 0x0,
    0x0, 0x0, 0x0, 0x4e, 0x0, 0x0, 0x0, 0x0,
    0x0, 0x0, 0x0, 0x0, 0x0, 0x0, 0x0, 0x0,
    0x2, 0x80, 0x0, 0x0, 0x0, 0x0, 0x0, 0x0,
    0x0, 0x0, 0x0, 0x0, 0x0, 0x0, 0x0, 0x0,
    0x0, 0x0, 0x0, 0x0, 0x0, 0x0, 0x0, 0x4c,
    0xfe, 0x60, 0x2, 0xaf, 0xff, 0xc2, 0x0, 0x0,
    0x0, 0x0, 0x0, 0x0, 0xe, 0xb4, 0x9f, 0x30,
    0xec, 0x43, 0x7f, 0x20, 0x0, 0x0, 0x9, 0xff,
    0x50, 0x1, 0xf5, 0x1, 0xf7, 0x8, 0xf1, 0x9,
    0xd0, 0x0, 0x0, 0x9, 0xf6, 0xaf, 0x30, 0x1f,
    0x60, 0x3f, 0x70, 0x1e, 0xb7, 0xf4, 0x0, 0xf7,
    0x0, 0xf8, 0x0, 0xbe, 0x64, 0xea, 0x5c, 0xf9,
    0x44, 0x8f, 0xfb, 0x43, 0x2f, 0x50, 0xd, 0xfa,
    0x30, 0xaf, 0xff, 0xff, 0xc6, 0xdf, 0xff, 0xa8,
    0xef, 0xe3, 0xf5, 0x0, 0x6, 0xdf, 0x10, 0x0,
    0x0, 0x0, 0x0, 0x0, 0x0, 0x0, 0x0, 0xf,
    0xc1, 0x0, 0x18, 0xf2, 0x0, 0x0, 0x0, 0x0,
    0x0, 0x0, 0x0, 0x0, 0x0, 0x7f, 0xff, 0xff,
    0xf8, 0x0, 0x0, 0x0, 0x0, 0x0, 0x0, 0x0,
    0x0, 0x0, 0x0, 0x13, 0x33, 0x30, 0x0, 0x0,
    0x0, 0x0, 0x0, 0x0, 0x0, 0x0, 0x0, 0x0,
    0x0, 0xe5, 0xe5, 0x0, 0x0, 0x0, 0x0, 0x0,
    0x0, 0x0, 0x0, 0x0, 0x0, 0x0, 0x8, 0x28,
    0x20, 0x0, 0x0, 0x0, 0x0, 0x0, 0x0, 0x0,
    0x0, 0x0, 0x0,

    /* U+FD7B "ﵻ" */
    0x0, 0x0, 0x0, 0x0, 0x0, 0x0, 0x0, 0x0,
    0x0, 0x0, 0x0, 0x4e, 0x0, 0x0, 0x0, 0x0,
    0x0, 0x0, 0x0, 0x0, 0x0, 0x0, 0x0, 0x0,
    0x2, 0x80, 0x0, 0x0, 0x0, 0x0, 0x0, 0x0,
    0x0, 0x0, 0x0, 0x0, 0x0, 0x0, 0x0, 0x0,
    0x0, 0x0, 0x0, 0x0, 0x0, 0x0, 0x0, 0x4c,
    0xfe, 0x60, 0x2, 0xaf, 0xff, 0xc2, 0x0, 0x0,
    0x0, 0x0, 0x0, 0x0, 0xe, 0xb4, 0x9f, 0x30,
    0xec, 0x43, 0x7f, 0x20, 0x0, 0x0, 0x9, 0xff,
    0x50, 0x1, 0xf5, 0x1, 0xf7, 0x8, 0xf1, 0x9,
    0xd0, 0x0, 0x0, 0x9, 0xf6, 0xaf, 0x30, 0x1f,
    0x60, 0x3f, 0x70, 0x1e, 0xb7, 0xf4, 0x0, 0xf7,
    0x0, 0xf8, 0x0, 0xbe, 0x64, 0xea, 0x5c, 0xf9,
    0x44, 0x8f, 0xfb, 0x43, 0x2f, 0x50, 0xd, 0xfa,
    0x30, 0xaf, 0xff, 0xff, 0xc6, 0xdf, 0xff, 0xa8,
    0xef, 0xe3, 0xf5, 0x0, 0x6, 0xdf, 0x10, 0x0,
    0x0, 0x0, 0x0, 0x0, 0x0, 0x0, 0x0, 0xf,
    0xc1, 0x0, 0x18, 0xf2, 0x0, 0x0, 0x0, 0x0,
    0x0, 0x0, 0x0, 0x0, 0x0, 0x7f, 0xff, 0xff,
    0xf8, 0x0, 0x0, 0x0, 0x0, 0x0, 0x0, 0x0,
    0x0, 0x0, 0x0, 0x13, 0x33, 0x30, 0x0, 0x0,
    0x0, 0x0, 0x0, 0x0, 0x0, 0x0, 0x0, 0x0,

    /* U+FD7C "ﵼ" */
    0x0, 0x0, 0x0, 0x0, 0x0, 0x7c, 0x0, 0x0,
    0x0, 0x19, 0x0, 0x0, 0x0, 0x0, 0x0, 0x0,
    0x0, 0x46, 0x0, 0x0, 0x0, 0x3e, 0x10, 0x0,
    0x0, 0x0, 0x0, 0x0, 0x0, 0x0, 0x0, 0x0,
    0x0, 0x0, 0x0, 0x0, 0x0, 0x3c, 0xff, 0x80,
    0x8, 0xff, 0xe5, 0x0, 0x1, 0xaf, 0xff, 0x40,
    0x0, 0xcc, 0x48, 0xf5, 0x3, 0x54, 0xcf, 0x0,
    0xb, 0xf6, 0x6f, 0x40, 0x0, 0xf7, 0x0, 0xf9,
    0x0, 0x0, 0x4f, 0x40, 0xf, 0x90, 0x3f, 0x40,
    0x0, 0xf7, 0x1, 0xf8, 0x0, 0x0, 0xf, 0x80,
    0xf, 0x80, 0x3f, 0x40, 0x1, 0xdc, 0x4b, 0xfb,
    0x44, 0x44, 0x4c, 0xe4, 0x4c, 0xf6, 0x7f, 0x73,
    0xe, 0xff, 0xfd, 0x6c, 0xff, 0xff, 0xff, 0xff,
    0xff, 0xff, 0xff, 0xfc, 0x3f, 0x60, 0x0, 0x0,
    0x0, 0x0, 0x0, 0x0, 0x0, 0x0, 0x0, 0x0,
    0x3f, 0x40, 0x0, 0x0, 0x0, 0x0, 0x0, 0x0,
    0x0, 0x0, 0x0, 0x0, 0x3f, 0x40, 0x0, 0x0,
    0x0, 0x0, 0x0, 0x0, 0x0, 0x0, 0x0, 0x0,
    0x2d, 0x40, 0x0, 0x0, 0x0, 0x0, 0x0, 0x0,
    0x0, 0x0, 0x0, 0x0,

    /* U+FD7D "ﵽ" */
    0x0, 0x0, 0x0, 0x0, 0x0, 0x7c, 0x0, 0x0,
    0x0, 0x19, 0x0, 0x0, 0x0, 0x0, 0x0, 0x0,
    0x4, 0x60, 0x0, 0x0, 0x3, 0xe1, 0x0, 0x0,
    0x0, 0x0, 0x0, 0x0, 0x0, 0x0, 0x0, 0x0,
    0x0, 0x0, 0x0, 0x3, 0xcf, 0xf8, 0x0, 0x8f,
    0xfe, 0x50, 0x0, 0x1a, 0xff, 0xf4, 0x0, 0xcc,
    0x48, 0xf5, 0x3, 0x54, 0xcf, 0x0, 0xb, 0xf6,
    0x6f, 0x40, 0xf, 0x70, 0xf, 0x90, 0x0, 0x4,
    0xf3, 0x0, 0xf9, 0x4, 0xf4, 0x0, 0xf7, 0x1,
    0xf8, 0x0, 0x0, 0x1f, 0x70, 0xf, 0x80, 0x4f,
    0x40, 0x4d, 0xc4, 0xbf, 0xb4, 0x44, 0x44, 0xcd,
    0x44, 0xcf, 0x67, 0xf4, 0x2f, 0xff, 0xfd, 0x6c,
    0xff, 0xff, 0xff, 0xff, 0xff, 0xff, 0xff, 0x40,

    /* U+FD7E "ﵾ" */
    0x0, 0x0, 0x0, 0x0, 0x0, 0x0, 0x0, 0x0,
    0xb, 0x8a, 0x90, 0x0, 0x0, 0x0, 0x0, 0x0,
    0x0, 0x0, 0x0, 0x0, 0x6, 0x46, 0x50, 0x0,
    0x0, 0x0, 0x0, 0x0, 0x0, 0x0, 0x0, 0x0,
    0x0, 0x0, 0x0, 0x0, 0x2c, 0xff, 0xc2, 0x0,
    0x7, 0xef, 0xd3, 0x0, 0x6, 0xdf, 0xfc, 0x0,
    0x8, 0x45, 0xec, 0x0, 0x2f, 0x84, 0xce, 0x0,
    0x4f, 0xb4, 0xdc, 0x0, 0x0, 0x0, 0x6f, 0x10,
    0x6f, 0x10, 0x6f, 0x30, 0x9f, 0x0, 0xcc, 0x0,
    0x0, 0x0, 0x3f, 0x50, 0x5f, 0x10, 0x7f, 0x20,
    0x9f, 0x0, 0xcc, 0x0, 0x0, 0x3b, 0xff, 0xd4,
    0x6f, 0x76, 0xef, 0x74, 0x7f, 0xa4, 0xdd, 0x41,
    0x7, 0xfa, 0x32, 0xcf, 0xff, 0xff, 0xb7, 0xef,
    0xff, 0xff, 0xff, 0xf3, 0x3f, 0x70, 0x0, 0x0,
    0x0, 0x0, 0x0, 0x0, 0x0, 0x0, 0x0, 0x0,
    0x6f, 0x10, 0x0, 0x0, 0x0, 0x0, 0x0, 0x0,
    0x0, 0x0, 0x0, 0x0, 0x5f, 0x81, 0x21, 0x0,
    0x0, 0x0, 0x0, 0x0, 0x0, 0x0, 0x0, 0x0,
    0xb, 0xff, 0xf6, 0x0, 0x0, 0x0, 0x0, 0x0,
    0x0, 0x0, 0x0, 0x0, 0x0, 0x23, 0x10, 0x0,
    0x0, 0x0, 0x0, 0x0, 0x0, 0x0, 0x0, 0x0,

    /* U+FD7F "ﵿ" */
    0x0, 0x0, 0x0, 0x0, 0x0, 0x0, 0x0, 0x0,
    0x0, 0xa9, 0x99, 0x0, 0x0, 0x0, 0x0, 0x0,
    0x0, 0x0, 0x0, 0x0, 0x0, 0x6, 0x55, 0x50,
    0x0, 0x0, 0x0, 0x0, 0x0, 0x0, 0x0, 0x0,
    0x0, 0x0, 0x0, 0x0, 0x0, 0x0, 0x3, 0xcf,
    0xf8, 0x0, 0x7, 0xef, 0xd4, 0x0, 0x5, 0xdf,
    0xfc, 0x0, 0x0, 0xcc, 0x48, 0xf5, 0x2, 0xf9,
    0x4c, 0xf0, 0x3, 0xfb, 0x4c, 0xc0, 0x0, 0xf,
    0x70, 0xf, 0x90, 0x5f, 0x20, 0x5f, 0x40, 0x8f,
    0x10, 0xcc, 0x0, 0x0, 0xf7, 0x1, 0xf8, 0x4,
    0xf2, 0x6, 0xf3, 0x8, 0xf0, 0xc, 0xc0, 0x0,
    0x1d, 0xc4, 0xbf, 0xb4, 0x5f, 0x85, 0xef, 0x74,
    0x6f, 0xa4, 0xdd, 0x41, 0xe, 0xff, 0xfd, 0x6c,
    0xff, 0xff, 0xfb, 0x7e, 0xff, 0xff, 0xff, 0xff,
    0x43, 0xf6, 0x0, 0x0, 0x0, 0x0, 0x0, 0x0,
    0x0, 0x0, 0x0, 0x0, 0x0, 0x3f, 0x40, 0x0,
    0x0, 0x0, 0x0, 0x0, 0x0, 0x0, 0x0, 0x0,
    0x0, 0x3, 0xf4, 0x0, 0x0, 0x0, 0x0, 0x0,
    0x0, 0x0, 0x0, 0x0, 0x0, 0x0, 0x2d, 0x40,
    0x0, 0x0, 0x0, 0x0, 0x0, 0x0, 0x0, 0x0,
    0x0, 0x0, 0x0,

    /* U+FD80 "ﶀ" */
    0x0, 0x0, 0x0, 0x0, 0x0, 0x0, 0x0, 0x0,
    0xb, 0xd0, 0x0, 0x0, 0x0, 0x0, 0x0, 0x0,
    0x0, 0x0, 0x0, 0xbd, 0x0, 0x0, 0x0, 0x0,
    0x0, 0x0, 0x0, 0x0, 0x0, 0xb, 0xd0, 0x0,
    0x3, 0xcf, 0xf8, 0x0, 0x7e, 0xfe, 0x50, 0x0,
    0xbd, 0x0, 0x0, 0xcc, 0x48, 0xf5, 0x4, 0x64,
    0xcf, 0x0, 0xb, 0xd0, 0x0, 0xf, 0x70, 0xf,
    0x90, 0x0, 0x4, 0xf4, 0x0, 0xbd, 0x0, 0x0,
    0xf7, 0x1, 0xf8, 0x0, 0x0, 0xf, 0x80, 0xb,
    0xd0, 0x0, 0x1d, 0xc4, 0xbf, 0xb4, 0x44, 0x44,
    0xce, 0x44, 0xce, 0x41, 0xe, 0xff, 0xfd, 0x6c,
    0xff, 0xff, 0xff, 0xff, 0xff, 0xff, 0x73, 0xf6,
    0x0, 0x0, 0x0, 0x0, 0x0, 0x0, 0x0, 0x0,
    0x0, 0x3f, 0x40, 0x0, 0x0, 0x0, 0x0, 0x0,
    0x0, 0x0, 0x0, 0x3, 0xf4, 0x0, 0x0, 0x0,
    0x0, 0x0, 0x0, 0x0, 0x0, 0x0, 0x2d, 0x40,
    0x0, 0x0, 0x0, 0x0, 0x0, 0x0, 0x0, 0x0,
    0x0,

    /* U+FD81 "ﶁ" */
    0x0, 0x0, 0x0, 0x0, 0x0, 0x0, 0x0, 0x0,
    0x0, 0x0, 0x7f, 0x10, 0x0, 0x0, 0x0, 0x0,
    0x0, 0x0, 0x0, 0x0, 0x0, 0x0, 0x7f, 0x10,
    0x0, 0x0, 0x0, 0x0, 0x0, 0x0, 0x0, 0x0,
    0x0, 0x0, 0x7f, 0x10, 0x0, 0x0, 0x0, 0x0,
    0x0, 0x0, 0x4e, 0xff, 0x80, 0x0, 0x7f, 0x10,
    0x0, 0x0, 0x0, 0x0, 0x0, 0x0, 0x4a, 0x49,
    0xf3, 0x0, 0x7f, 0x10, 0x0, 0x0, 0x0, 0x9f,
    0xf5, 0x0, 0x0, 0x1, 0xf7, 0x0, 0x7f, 0x10,
    0x0, 0x0, 0x9, 0xf6, 0xaf, 0x30, 0x0, 0x0,
    0xcb, 0x0, 0x7f, 0x10, 0xf, 0x70, 0xf, 0x80,
    0xb, 0xe6, 0x44, 0x44, 0x9f, 0x54, 0x9f, 0x52,
    0x2f, 0x50, 0xd, 0xfa, 0x30, 0xaf, 0xff, 0xff,
    0xff, 0xff, 0xff, 0xfb, 0x3f, 0x50, 0x0, 0x6d,
    0xf1, 0x0, 0x0, 0x0, 0x0, 0x0, 0x0, 0x0,
    0xf, 0xc1, 0x0, 0x18, 0xf2, 0x0, 0x0, 0x0,
    0x0, 0x0, 0x0, 0x0, 0x7, 0xff, 0xff, 0xff,
    0x80, 0x0, 0x0, 0x0, 0x0, 0x0, 0x0, 0x0,
    0x0, 0x13, 0x33, 0x30, 0x0, 0x0, 0x0, 0x0,
    0x0, 0x0, 0x0, 0x0, 0x0, 0xe, 0x5e, 0x50,
    0x0, 0x0, 0x0, 0x0, 0x0, 0x0, 0x0, 0x0,
    0x0, 0x8, 0x28, 0x20, 0x0, 0x0, 0x0, 0x0,
    0x0, 0x0, 0x0, 0x0,

    /* U+FD82 "ﶂ" */
    0x0, 0x0, 0x0, 0x0, 0x0, 0x0, 0x0, 0x0,
    0x0, 0x0, 0x7f, 0x10, 0x0, 0x0, 0x0, 0x0,
    0x0, 0x0, 0x0, 0x0, 0x0, 0x0, 0x7f, 0x10,
    0x0, 0x0, 0x0, 0x0, 0x0, 0x0, 0x0, 0x0,
    0x0, 0x0, 0x7f, 0x10, 0x0, 0x0, 0x0, 0x0,
    0x0, 0x0, 0x4e, 0xff, 0x80, 0x0, 0x7f, 0x10,
    0x0, 0x0, 0x0, 0x0, 0x0, 0x0, 0x4a, 0x49,
    0xf3, 0x0, 0x7f, 0x10, 0x0, 0x0, 0x0, 0x9f,
    0xf5, 0x0, 0x0, 0x1, 0xf7, 0x0, 0x7f, 0x10,
    0x0, 0x0, 0x9, 0xf6, 0xaf, 0x30, 0x0, 0x0,
    0xcb, 0x0, 0x7f, 0x10, 0xf, 0x70, 0xf, 0x80,
    0xb, 0xe6, 0x44, 0x44, 0x9f, 0x54, 0x9f, 0x52,
    0x2f, 0x50, 0xd, 0xfa, 0x30, 0xaf, 0xff, 0xff,
    0xff, 0xff, 0xff, 0xfb, 0x3f, 0x50, 0x0, 0x6d,
    0xf1, 0x0, 0x0, 0x0, 0x0, 0x0, 0x0, 0x0,
    0xf, 0xc1, 0x0, 0x18, 0xf2, 0x0, 0x0, 0x0,
    0x0, 0x0, 0x0, 0x0, 0x7, 0xff, 0xff, 0xff,
    0x80, 0x0, 0x0, 0x0, 0x0, 0x0, 0x0, 0x0,
    0x0, 0x13, 0x33, 0x30, 0x0, 0x0, 0x0, 0x0,
    0x0, 0x0, 0x0, 0x0,

    /* U+FD83 "ﶃ" */
    0x0, 0x0, 0x0, 0x0, 0x0, 0x0, 0x0, 0x0,
    0x3f, 0x50, 0x0, 0x0, 0x0, 0x0, 0x0, 0x0,
    0x0, 0x3, 0xf5, 0x0, 0x0, 0x0, 0x0, 0x0,
    0x0, 0x0, 0x0, 0x3f, 0x50, 0x3d, 0xff, 0x90,
    0x1, 0xcf, 0xfb, 0x0, 0x3, 0xf5, 0x1, 0x74,
    0x8f, 0x50, 0x8, 0x46, 0xf8, 0x0, 0x3f, 0x50,
    0x0, 0x0, 0xe9, 0x0, 0x0, 0xc, 0xc0, 0x3,
    0xf5, 0x0, 0x0, 0xb, 0xd0, 0x0, 0x0, 0x8f,
    0x0, 0x3f, 0x50, 0x44, 0x44, 0x8f, 0x64, 0x44,
    0x46, 0xf8, 0x46, 0xf5, 0x2f, 0xff, 0xff, 0xff,
    0xff, 0xff, 0xff, 0xff, 0xff, 0x50, 0x0, 0x0,
    0x0, 0x0, 0x0, 0x0, 0x0, 0x0, 0x0, 0x0,
    0x6, 0x50, 0x0, 0x0, 0x46, 0x0, 0x0, 0x0,
    0x0, 0x0, 0xb8, 0x0, 0x0, 0x8, 0xb0, 0x0,
    0x0, 0x0,

    /* U+FD84 "ﶄ" */
    0x0, 0x0, 0x0, 0x0, 0x0, 0x0, 0x0, 0x0,
    0xcc, 0x0, 0x0, 0x0, 0x0, 0x0, 0x0, 0x0,
    0x0, 0x0, 0xcc, 0x0, 0x0, 0x0, 0x0, 0x0,
    0x0, 0x0, 0x0, 0x0, 0xcc, 0x0, 0x2b, 0xff,
    0xd2, 0x0, 0x8f, 0xfe, 0x40, 0x0, 0xcc, 0x0,
    0x19, 0x45, 0xec, 0x0, 0x55, 0x4c, 0xf0, 0x0,
    0xcc, 0x0, 0x0, 0x0, 0x6f, 0x10, 0x0, 0x5,
    0xf3, 0x0, 0xcc, 0x0, 0x0, 0x0, 0x3f, 0x50,
    0x0, 0x1, 0xf7, 0x0, 0xcc, 0x0, 0x0, 0x3a,
    0xff, 0xd4, 0x44, 0x44, 0xdd, 0x44, 0xdd, 0x41,
    0x7, 0xfa, 0x32, 0xcf, 0xff, 0xff, 0xff, 0xff,
    0xff, 0xf6, 0x3f, 0x70, 0x0, 0x0, 0x0, 0x0,
    0x0, 0x0, 0x0, 0x0, 0x6f, 0x10, 0x9, 0x20,
    0x0, 0x91, 0x0, 0x0, 0x0, 0x0, 0x5f, 0x70,
    0xe, 0x40, 0x2, 0xf2, 0x0, 0x0, 0x0, 0x0,
    0xb, 0xf6, 0x0, 0x0, 0x0, 0x0, 0x0, 0x0,
    0x0, 0x0, 0x0, 0x20, 0x0, 0x0, 0x0, 0x0,
    0x0, 0x0, 0x0, 0x0,

    /* U+FD85 "ﶅ" */
    0x0, 0x0, 0x0, 0x0, 0x0, 0x7c, 0x0, 0x0,
    0xb, 0xd0, 0x0, 0x0, 0x0, 0x0, 0x0, 0x5,
    0x70, 0x0, 0x0, 0xbd, 0x0, 0x0, 0x0, 0x0,
    0x0, 0x0, 0x0, 0x0, 0x0, 0xb, 0xd0, 0x0,
    0x3, 0xcf, 0xf8, 0x0, 0x7e, 0xfe, 0x50, 0x0,
    0xbd, 0x0, 0x0, 0xcc, 0x48, 0xf5, 0x4, 0x64,
    0xcf, 0x0, 0xb, 0xd0, 0x0, 0xf, 0x70, 0xf,
    0x90, 0x0, 0x4, 0xf4, 0x0, 0xbd, 0x0, 0x0,
    0xf7, 0x1, 0xf8, 0x0, 0x0, 0xf, 0x80, 0xb,
    0xd0, 0x0, 0x1d, 0xc4, 0xbf, 0xb4, 0x44, 0x44,
    0xce, 0x44, 0xce, 0x41, 0xe, 0xff, 0xfd, 0x6c,
    0xff, 0xff, 0xff, 0xff, 0xff, 0xff, 0x73, 0xf6,
    0x0, 0x0, 0x0, 0x0, 0x0, 0x0, 0x0, 0x0,
    0x0, 0x3f, 0x40, 0x0, 0x0, 0x0, 0x0, 0x0,
    0x0, 0x0, 0x0, 0x3, 0xf4, 0x0, 0x0, 0x0,
    0x0, 0x0, 0x0, 0x0, 0x0, 0x0, 0x2d, 0x40,
    0x0, 0x0, 0x0, 0x0, 0x0, 0x0, 0x0, 0x0,
    0x0,

    /* U+FD86 "ﶆ" */
    0x0, 0x0, 0x0, 0x0, 0x0, 0x7c, 0x0, 0x0,
    0xb, 0xd0, 0x0, 0x0, 0x0, 0x0, 0x5, 0x70,
    0x0, 0x0, 0xbd, 0x0, 0x0, 0x0, 0x0, 0x0,
    0x0, 0x0, 0x0, 0xb, 0xd0, 0x3, 0xcf, 0xf8,
    0x0, 0x7e, 0xfe, 0x50, 0x0, 0xbd, 0x0, 0xcc,
    0x48, 0xf5, 0x4, 0x54, 0xcf, 0x0, 0xb, 0xd0,
    0xf, 0x70, 0xf, 0x90, 0x0, 0x4, 0xf3, 0x0,
    0xbd, 0x0, 0xf7, 0x1, 0xf8, 0x0, 0x0, 0x1f,
    0x70, 0xb, 0xd0, 0x4d, 0xc4, 0xbf, 0xb4, 0x44,
    0x44, 0xcd, 0x44, 0xcd, 0x2f, 0xff, 0xfd, 0x6c,
    0xff, 0xff, 0xff, 0xff, 0xff, 0xd0,

    /* U+FD87 "ﶇ" */
    0x0, 0x0, 0x0, 0x0, 0x0, 0x0, 0x0, 0x0,
    0x4f, 0x40, 0x0, 0x0, 0x0, 0x0, 0x0, 0x0,
    0x0, 0x0, 0x4f, 0x40, 0x0, 0x0, 0x0, 0x0,
    0x0, 0x0, 0x0, 0x0, 0x4f, 0x40, 0x3c, 0xff,
    0xc2, 0x0, 0x7, 0xdf, 0xd3, 0x0, 0x4f, 0x40,
    0x7, 0x45, 0xec, 0x0, 0x2f, 0x84, 0xce, 0x0,
    0x4f, 0x40, 0x0, 0x0, 0x6f, 0x10, 0x6f, 0x10,
    0x6f, 0x30, 0x4f, 0x40, 0x0, 0x0, 0x3f, 0x50,
    0x5f, 0x10, 0x7f, 0x20, 0x4f, 0x40, 0x0, 0x3b,
    0xff, 0xd4, 0x6f, 0x76, 0xef, 0x74, 0x7f, 0x73,
    0x7, 0xfa, 0x32, 0xcf, 0xff, 0xff, 0xb7, 0xef,
    0xff, 0xfe, 0x3f, 0x70, 0x0, 0x0, 0x0, 0x0,
    0x0, 0x0, 0x0, 0x0, 0x6f, 0x10, 0x0, 0x0,
    0x0, 0x0, 0x0, 0x0, 0x0, 0x0, 0x5f, 0x81,
    0x21, 0x0, 0x0, 0x0, 0x0, 0x0, 0x0, 0x0,
    0xb, 0xff, 0xf6, 0x0, 0x0, 0x0, 0x0, 0x0,
    0x0, 0x0, 0x0, 0x23, 0x10, 0x0, 0x0, 0x0,
    0x0, 0x0, 0x0, 0x0,

    /* U+FD88 "ﶈ" */
    0x0, 0x0, 0x0, 0x0, 0x0, 0x0, 0x0, 0x0,
    0xb, 0xd0, 0x0, 0x0, 0x0, 0x0, 0x0, 0x0,
    0x0, 0x0, 0xbd, 0x0, 0x0, 0x0, 0x0, 0x0,
    0x0, 0x0, 0x0, 0xb, 0xd0, 0x3e, 0xff, 0x90,
    0x0, 0x2b, 0xff, 0x90, 0x0, 0xbd, 0x0, 0x63,
    0x8f, 0x50, 0x9, 0xe5, 0x6f, 0x70, 0xb, 0xd0,
    0x0, 0x0, 0xe9, 0x0, 0xda, 0x0, 0xdc, 0x0,
    0xbd, 0x0, 0x0, 0xb, 0xd0, 0xc, 0xa0, 0xe,
    0xb0, 0xb, 0xd0, 0x44, 0x44, 0x8f, 0x64, 0xbe,
    0x4a, 0xfd, 0x54, 0xcd, 0x2f, 0xff, 0xff, 0xff,
    0xff, 0xff, 0xe7, 0xbf, 0xff, 0xd0,

    /* U+FD89 "ﶉ" */
    0x0, 0x0, 0x0, 0x0, 0x0, 0x0, 0x0, 0x0,
    0x0, 0x0, 0x0, 0x3, 0xef, 0xf9, 0x0, 0x1d,
    0xff, 0xa0, 0x0, 0x19, 0xff, 0xb1, 0x0, 0x63,
    0x8f, 0x50, 0x6, 0x36, 0xf8, 0x0, 0x7f, 0x55,
    0xfa, 0x0, 0x0, 0xe, 0x90, 0x0, 0x0, 0xcc,
    0x0, 0xbc, 0x0, 0xae, 0x0, 0x0, 0xb, 0xd0,
    0x0, 0x0, 0x8f, 0x0, 0xac, 0x0, 0xcd, 0x4,
    0x44, 0x48, 0xf6, 0x44, 0x44, 0x6f, 0x84, 0x9f,
    0x48, 0xf7, 0x2f, 0xff, 0xff, 0xff, 0xff, 0xff,
    0xff, 0xff, 0xff, 0xfe, 0x80, 0x0, 0x0, 0x0,
    0x0, 0x0, 0x0, 0x0, 0x0, 0x0, 0x0, 0x0,
    0x0, 0x6, 0x50, 0x0, 0x0, 0x0, 0x0, 0x0,
    0x0, 0x0, 0x0, 0x0, 0xb, 0x80, 0x0, 0x0,
    0x0, 0x0, 0x0, 0x0, 0x0, 0x0,

    /* U+FD8A "ﶊ" */
    0x0, 0x0, 0x0, 0x0, 0x0, 0x0, 0x0, 0x0,
    0x0, 0x0, 0x0, 0x0, 0x3, 0xcf, 0xf8, 0x0,
    0x8f, 0xfe, 0x50, 0x0, 0x5d, 0xfe, 0x50, 0x0,
    0xcc, 0x48, 0xf5, 0x3, 0x53, 0xcf, 0x0, 0xf,
    0xa4, 0xaf, 0x20, 0xf, 0x70, 0xf, 0x90, 0x0,
    0x4, 0xf3, 0x3, 0xf4, 0x3, 0xf6, 0x0, 0xf7,
    0x1, 0xf8, 0x0, 0x0, 0x1f, 0x70, 0x2f, 0x40,
    0x4f, 0x50, 0x4d, 0xc4, 0xbf, 0xb4, 0x44, 0x44,
    0xcd, 0x44, 0xf9, 0x5d, 0xe1, 0x2f, 0xff, 0xfd,
    0x6c, 0xff, 0xff, 0xff, 0xff, 0xff, 0xff, 0xc3,
    0x0,

    /* U+FD8B "ﶋ" */
    0x0, 0x0, 0x0, 0x0, 0x0, 0x0, 0x0, 0x0,
    0x0, 0x0, 0x0, 0x0, 0x0, 0x0, 0x0, 0x0,
    0x0, 0x0, 0x0, 0x5, 0xef, 0xf7, 0x0, 0x3,
    0xbf, 0xf8, 0x0, 0x0, 0x0, 0x0, 0x0, 0x0,
    0x0, 0x39, 0x39, 0xf3, 0x0, 0xbd, 0x47, 0xf5,
    0x0, 0x0, 0x0, 0x9, 0xff, 0x50, 0x0, 0x0,
    0x1f, 0x70, 0xf, 0x80, 0xe, 0xa0, 0x0, 0x0,
    0x9, 0xf6, 0xaf, 0x30, 0x0, 0x0, 0xcb, 0x0,
    0xe8, 0x0, 0xf9, 0x0, 0xf7, 0x0, 0xf8, 0x0,
    0xbe, 0x64, 0x44, 0x49, 0xf5, 0x4c, 0xc4, 0xbf,
    0xb3, 0x2f, 0x50, 0xd, 0xfa, 0x30, 0xaf, 0xff,
    0xff, 0xff, 0xff, 0xff, 0xfd, 0x7b, 0xc3, 0xf5,
    0x0, 0x6, 0xdf, 0x10, 0x0, 0x0, 0x0, 0x0,
    0x0, 0x0, 0x0, 0x0, 0xf, 0xc1, 0x0, 0x18,
    0xf2, 0x0, 0x0, 0x0, 0x0, 0x0, 0x0, 0x0,
    0x0, 0x0, 0x7f, 0xff, 0xff, 0xf8, 0x0, 0x0,
    0x0, 0x0, 0x0, 0x0, 0x0, 0x0, 0x0, 0x0,
    0x13, 0x33, 0x30, 0x0, 0x0, 0x0, 0x0, 0x0,
    0x0, 0x0, 0x0, 0x0, 0x0, 0x0, 0xe5, 0xe5,
    0x0, 0x0, 0x0, 0x0, 0x0, 0x0, 0x0, 0x0,
    0x0, 0x0, 0x0, 0x8, 0x28, 0x20, 0x0, 0x0,
    0x0, 0x0, 0x0, 0x0, 0x0, 0x0, 0x0, 0x0,

    /* U+FD8C "ﶌ" */
    0x0, 0x0, 0x0, 0x0, 0x0, 0x0, 0x0, 0x0,
    0x0, 0x0, 0x0, 0x3, 0xef, 0xf9, 0x0, 0x1d,
    0xff, 0xa0, 0x0, 0x19, 0xff, 0xb1, 0x0, 0x63,
    0x8f, 0x50, 0x6, 0x36, 0xf8, 0x0, 0x7f, 0x55,
    0xfa, 0x0, 0x0, 0xe, 0x90, 0x0, 0x0, 0xcc,
    0x0, 0xbc, 0x0, 0xae, 0x0, 0x0, 0xb, 0xd0,
    0x0, 0x0, 0x8f, 0x0, 0xac, 0x0, 0xcd, 0x4,
    0x44, 0x48, 0xf6, 0x44, 0x44, 0x6f, 0x84, 0x9f,
    0x48, 0xf7, 0x2f, 0xff, 0xff, 0xff, 0xff, 0xff,
    0xff, 0xff, 0xff, 0xfe, 0x80, 0x0, 0x0, 0x0,
    0x0, 0x0, 0x0, 0x0, 0x0, 0x0, 0x0, 0x0,
    0x0, 0x0, 0x0, 0x0, 0x0, 0x46, 0x0, 0x0,
    0x0, 0x0, 0x0, 0x0, 0x0, 0x0, 0x0, 0x0,
    0x8b, 0x0, 0x0, 0x0, 0x0, 0x0,

    /* U+FD8D "ﶍ" */
    0x0, 0x0, 0x0, 0x0, 0x0, 0x0, 0x0, 0x0,
    0x0, 0x0, 0x0, 0x0, 0x3, 0xcf, 0xf8, 0x0,
    0x8f, 0xfe, 0x50, 0x0, 0x5d, 0xfe, 0x50, 0x0,
    0xcc, 0x48, 0xf5, 0x3, 0x53, 0xcf, 0x0, 0xf,
    0xa4, 0xaf, 0x20, 0xf, 0x70, 0xf, 0x90, 0x0,
    0x4, 0xf3, 0x3, 0xf4, 0x3, 0xf6, 0x0, 0xf7,
    0x1, 0xf8, 0x0, 0x0, 0x1f, 0x70, 0x2f, 0x40,
    0x4f, 0x50, 0x4d, 0xc4, 0xbf, 0xb4, 0x44, 0x44,
    0xcd, 0x44, 0xf9, 0x5d, 0xe1, 0x2f, 0xff, 0xfd,
    0x6c, 0xff, 0xff, 0xff, 0xff, 0xff, 0xff, 0xc3,
    0x0, 0x0, 0x0, 0x0, 0x0, 0x0, 0x0, 0x0,
    0x0, 0x0, 0x0, 0x0, 0x0, 0x0, 0x0, 0x0,
    0x0, 0x9, 0x10, 0x0, 0x0, 0x0, 0x0, 0x0,
    0x0, 0x0, 0x0, 0x0, 0x1, 0xf3, 0x0, 0x0,
    0x0, 0x0, 0x0,

    /* U+FD8E "ﶎ" */
    0x0, 0x0, 0x0, 0x0, 0x0, 0xe4, 0x0, 0x0,
    0x0, 0x0, 0x0, 0x0, 0x0, 0x0, 0x0, 0x0,
    0x82, 0x0, 0x0, 0x0, 0x0, 0x0, 0x0, 0x0,
    0x0, 0x0, 0x0, 0x0, 0x0, 0x0, 0x0, 0x0,
    0x0, 0x3, 0xef, 0xf9, 0x0, 0x1d, 0xff, 0xa0,
    0x0, 0x19, 0xff, 0xb1, 0x0, 0x63, 0x8f, 0x50,
    0x6, 0x36, 0xf8, 0x0, 0x7f, 0x55, 0xfa, 0x0,
    0x0, 0xe, 0x90, 0x0, 0x0, 0xcc, 0x0, 0xbc,
    0x0, 0xae, 0x0, 0x0, 0xb, 0xd0, 0x0, 0x0,
    0x8f, 0x0, 0xac, 0x0, 0xcd, 0x4, 0x44, 0x48,
    0xf6, 0x44, 0x44, 0x6f, 0x84, 0x9f, 0x48, 0xf7,
    0x2f, 0xff, 0xff, 0xff, 0xff, 0xff, 0xff, 0xff,
    0xff, 0xfe, 0x80, 0x0, 0x0, 0x0, 0x0, 0x0,
    0x0, 0x0, 0x0, 0x0, 0x0, 0x0, 0x0, 0x6,
    0x50, 0x0, 0x0, 0x0, 0x0, 0x0, 0x0, 0x0,
    0x0, 0x0, 0xb, 0x80, 0x0, 0x0, 0x0, 0x0,
    0x0, 0x0, 0x0, 0x0,

    /* U+FD8F "ﶏ" */
    0x0, 0x0, 0x0, 0x0, 0x0, 0x7c, 0x0, 0x0,
    0x0, 0x0, 0x0, 0x0, 0x0, 0x0, 0x0, 0x0,
    0x4, 0x60, 0x0, 0x0, 0x0, 0x0, 0x0, 0x0,
    0x0, 0x0, 0x0, 0x0, 0x0, 0x0, 0x0, 0x0,
    0x0, 0x0, 0x0, 0x3, 0xcf, 0xf8, 0x0, 0x8f,
    0xfe, 0x50, 0x0, 0x5d, 0xfe, 0x50, 0x0, 0xcc,
    0x48, 0xf5, 0x3, 0x53, 0xcf, 0x0, 0xf, 0xa4,
    0xaf, 0x20, 0xf, 0x70, 0xf, 0x90, 0x0, 0x4,
    0xf3, 0x3, 0xf4, 0x3, 0xf6, 0x0, 0xf7, 0x1,
    0xf8, 0x0, 0x0, 0x1f, 0x70, 0x2f, 0x40, 0x4f,
    0x50, 0x4d, 0xc4, 0xbf, 0xb4, 0x44, 0x44, 0xcd,
    0x44, 0xf9, 0x5d, 0xe1, 0x2f, 0xff, 0xfd, 0x6c,
    0xff, 0xff, 0xff, 0xff, 0xff, 0xff, 0xc3, 0x0,

    /* U+FD92 "ﶒ" */
    0x0, 0x2f, 0x20, 0x0, 0x0, 0x0, 0x0, 0x0,
    0x0, 0x0, 0x0, 0x0, 0x19, 0x0, 0x0, 0x0,
    0x0, 0x0, 0x0, 0x0, 0x0, 0x0, 0x0, 0x0,
    0x0, 0x0, 0x0, 0x0, 0x0, 0x0, 0x0, 0x0,
    0x0, 0x3, 0xef, 0xf9, 0x0, 0x1d, 0xff, 0xa0,
    0x0, 0x19, 0xff, 0xb1, 0x0, 0x63, 0x8f, 0x50,
    0x6, 0x36, 0xf8, 0x0, 0x7f, 0x55, 0xfa, 0x0,
    0x0, 0xe, 0x90, 0x0, 0x0, 0xcc, 0x0, 0xbc,
    0x0, 0xae, 0x0, 0x0, 0xb, 0xd0, 0x0, 0x0,
    0x8f, 0x0, 0xac, 0x0, 0xcd, 0x4, 0x44, 0x48,
    0xf6, 0x44, 0x44, 0x6f, 0x84, 0x9f, 0x48, 0xf7,
    0x2f, 0xff, 0xff, 0xff, 0xff, 0xff, 0xff, 0xff,
    0xff, 0xfe, 0x80, 0x0, 0x0, 0x0, 0x0, 0x0,
    0x0, 0x0, 0x0, 0x0, 0x0, 0x0, 0x0, 0x0,
    0x0, 0x0, 0x0, 0x46, 0x0, 0x0, 0x0, 0x0,
    0x0, 0x0, 0x0, 0x0, 0x0, 0x0, 0x8b, 0x0,
    0x0, 0x0, 0x0, 0x0,

    /* U+FD93 "ﶓ" */
    0x0, 0x0, 0x0, 0x0, 0x0, 0x0, 0x0, 0x0,
    0x0, 0x0, 0x0, 0x0, 0x0, 0x0, 0x0, 0x0,
    0x0, 0x0, 0x0, 0x0, 0x0, 0x4, 0xdf, 0xff,
    0xc4, 0x0, 0x0, 0x0, 0x0, 0x0, 0x0, 0x0,
    0x0, 0x0, 0x2, 0x74, 0x35, 0xcf, 0x40, 0x1,
    0xbf, 0xf9, 0x0, 0x2, 0xbf, 0xf9, 0x0, 0x0,
    0x1, 0x0, 0xe, 0xc0, 0x3, 0xa4, 0x8f, 0x50,
    0x9, 0xe5, 0x6f, 0x70, 0x6, 0xef, 0xe3, 0x8,
    0xf0, 0x0, 0x0, 0xe, 0x90, 0xd, 0xa0, 0xd,
    0xb0, 0x2f, 0xa4, 0xec, 0x7, 0xf1, 0x0, 0x0,
    0xb, 0xd0, 0xc, 0xa0, 0xe, 0xb0, 0x4f, 0x40,
    0xae, 0x7, 0xf1, 0x4, 0x44, 0x48, 0xf6, 0x4b,
    0xe4, 0xaf, 0xc4, 0x4f, 0xc4, 0xbe, 0x49, 0xf1,
    0x2f, 0xff, 0xff, 0xff, 0xff, 0xff, 0xe7, 0xbf,
    0xff, 0xff, 0xff, 0xff, 0xf1, 0x0, 0x0, 0x0,
    0x0, 0x0, 0x0, 0x0, 0x0, 0x0, 0x0, 0x0,
    0x0, 0x0, 0x0, 0x6, 0x50, 0x0, 0x0, 0x0,
    0x0, 0x0, 0x0, 0x0, 0x0, 0x0, 0x0, 0x0,
    0xb, 0x80, 0x0, 0x0, 0x0, 0x0, 0x0, 0x0,
    0x0, 0x0, 0x0, 0x0,

    /* U+FD94 "ﶔ" */
    0x0, 0x0, 0x0, 0x0, 0x0, 0x0, 0x0, 0x0,
    0x0, 0x0, 0x0, 0x0, 0x0, 0x0, 0x0, 0x0,
    0x0, 0x0, 0x0, 0x0, 0x0, 0x0, 0xae, 0xff,
    0xe8, 0x0, 0x0, 0x0, 0x0, 0x0, 0x0, 0x0,
    0x0, 0x0, 0x0, 0x65, 0x44, 0x8f, 0xc0, 0x0,
    0x3c, 0xff, 0x70, 0x0, 0x7d, 0xfd, 0x30, 0x0,
    0x0, 0x0, 0x6, 0xf4, 0x0, 0xcc, 0x48, 0xf4,
    0x2, 0xf9, 0x4c, 0xe0, 0x1, 0xbf, 0xf9, 0x0,
    0xf8, 0x0, 0xf7, 0x0, 0xf9, 0x5, 0xf1, 0x5,
    0xf3, 0xa, 0xf5, 0x8f, 0x40, 0xf9, 0x0, 0xf7,
    0x1, 0xf8, 0x5, 0xf2, 0x6, 0xf3, 0xc, 0xc0,
    0x2f, 0x60, 0xf9, 0x4, 0xdc, 0x4b, 0xfb, 0x45,
    0xf7, 0x6e, 0xf7, 0x49, 0xf7, 0x5f, 0x84, 0xf9,
    0x2f, 0xff, 0xfd, 0x6c, 0xff, 0xff, 0xfb, 0x7e,
    0xff, 0xff, 0xff, 0xff, 0xf9,

    /* U+FD95 "ﶕ" */
    0x0, 0x0, 0x0, 0x0, 0x0, 0x0, 0x0, 0x0,
    0x1e, 0x30, 0x0, 0x0, 0x0, 0x0, 0x0, 0x0,
    0x0, 0x0, 0x91, 0x0, 0x0, 0x0, 0x0, 0x0,
    0x0, 0x0, 0x0, 0x0, 0x0, 0x3, 0xbf, 0xe7,
    0x0, 0x7e, 0xfd, 0x40, 0x0, 0xbc, 0x0, 0xcc,
    0x37, 0xf4, 0x4, 0x43, 0xcf, 0x0, 0xb, 0xd0,
    0xf, 0x70, 0xf, 0x90, 0x0, 0x4, 0xf3, 0x0,
    0xbd, 0x0, 0xf7, 0x1, 0xf8, 0x0, 0x0, 0xf,
    0x70, 0xb, 0xd0, 0x4d, 0xc4, 0xbf, 0xb4, 0x44,
    0x44, 0xcd, 0x44, 0xcd, 0x2f, 0xff, 0xfd, 0x6c,
    0xff, 0xff, 0xff, 0xff, 0xff, 0xd0,

    /* U+FD96 "ﶖ" */
    0x0, 0x0, 0x0, 0x0, 0x0, 0x0, 0x0, 0x0,
    0x0, 0x0, 0xc7, 0x0, 0x0, 0x0, 0x0, 0x0,
    0x0, 0x0, 0x0, 0x0, 0x0, 0x0, 0x73, 0x0,
    0x0, 0x0, 0x0, 0x0, 0x0, 0x0, 0x0, 0x0,
    0x0, 0x0, 0x0, 0x0, 0x0, 0x0, 0x0, 0x0,
    0x0, 0x0, 0x4d, 0xfe, 0x70, 0x0, 0x7f, 0x10,
    0x0, 0x0, 0x0, 0x0, 0x0, 0x0, 0x39, 0x39,
    0xf3, 0x0, 0x7f, 0x10, 0x0, 0x0, 0x0, 0x9f,
    0xf5, 0x0, 0x0, 0x0, 0xf7, 0x0, 0x7f, 0x10,
    0x0, 0x0, 0x9, 0xf6, 0xaf, 0x30, 0x0, 0x0,
    0xcb, 0x0, 0x7f, 0x10, 0xf, 0x70, 0xf, 0x80,
    0xb, 0xe6, 0x44, 0x44, 0x9f, 0x54, 0x9f, 0x52,
    0x2f, 0x50, 0xd, 0xfa, 0x30, 0xaf, 0xff, 0xff,
    0xff, 0xff, 0xff, 0xfb, 0x3f, 0x50, 0x0, 0x6d,
    0xf1, 0x0, 0x0, 0x0, 0x0, 0x0, 0x0, 0x0,
    0xf, 0xc1, 0x0, 0x18, 0xf2, 0x0, 0x0, 0x0,
    0x0, 0x0, 0x0, 0x0, 0x7, 0xff, 0xff, 0xff,
    0x80, 0x0, 0x0, 0x0, 0x0, 0x0, 0x0, 0x0,
    0x0, 0x13, 0x33, 0x30, 0x0, 0x0, 0x0, 0x0,
    0x0, 0x0, 0x0, 0x0,

    /* U+FD97 "ﶗ" */
    0x0, 0x0, 0x0, 0x0, 0x0, 0x0, 0x0, 0x0,
    0x1e, 0x30, 0x0, 0x0, 0x0, 0x0, 0x0, 0x0,
    0x0, 0x0, 0x0, 0x81, 0x0, 0x0, 0x0, 0x0,
    0x0, 0x0, 0x0, 0x0, 0x0, 0x0, 0x0, 0x0,
    0x3, 0xbf, 0xe7, 0x0, 0x7e, 0xfd, 0x40, 0x0,
    0xbd, 0x0, 0x0, 0xcc, 0x37, 0xf4, 0x4, 0x53,
    0xbf, 0x0, 0xb, 0xd0, 0x0, 0xf, 0x70, 0xf,
    0x90, 0x0, 0x4, 0xf4, 0x0, 0xbd, 0x0, 0x0,
    0xf7, 0x1, 0xf8, 0x0, 0x0, 0xf, 0x80, 0xb,
    0xd0, 0x0, 0x1d, 0xc4, 0xbf, 0xb4, 0x44, 0x44,
    0xce, 0x44, 0xce, 0x41, 0xe, 0xff, 0xfd, 0x6c,
    0xff, 0xff, 0xff, 0xff, 0xff, 0xff, 0x73, 0xf6,
    0x0, 0x0, 0x0, 0x0, 0x0, 0x0, 0x0, 0x0,
    0x0, 0x3f, 0x40, 0x0, 0x0, 0x0, 0x9, 0x10,
    0x0, 0x0, 0x0, 0x3, 0xf4, 0x0, 0x0, 0x0,
    0x1, 0xe3, 0x0, 0x0, 0x0, 0x0, 0x2d, 0x40,
    0x0, 0x0, 0x0, 0x0, 0x0, 0x0, 0x0, 0x0,
    0x0,

    /* U+FD98 "ﶘ" */
    0x0, 0x0, 0x0, 0x0, 0x0, 0x0, 0x0, 0x0,
    0x1e, 0x30, 0x0, 0x0, 0x0, 0x0, 0x0, 0x0,
    0x0, 0x0, 0x91, 0x0, 0x0, 0x0, 0x0, 0x0,
    0x0, 0x0, 0x0, 0x0, 0x0, 0x3, 0xbf, 0xe7,
    0x0, 0x7e, 0xfd, 0x40, 0x0, 0xbc, 0x0, 0xcc,
    0x37, 0xf4, 0x4, 0x43, 0xcf, 0x0, 0xb, 0xd0,
    0xf, 0x70, 0xf, 0x90, 0x0, 0x4, 0xf3, 0x0,
    0xbd, 0x0, 0xf7, 0x1, 0xf8, 0x0, 0x0, 0xf,
    0x70, 0xb, 0xd0, 0x4d, 0xc4, 0xbf, 0xb4, 0x44,
    0x44, 0xcd, 0x44, 0xcd, 0x2f, 0xff, 0xfd, 0x6c,
    0xff, 0xff, 0xff, 0xff, 0xff, 0xd0, 0x0, 0x0,
    0x0, 0x0, 0x0, 0x0, 0x0, 0x0, 0x0, 0x0,
    0x0, 0x0, 0x0, 0x0, 0x9, 0x10, 0x0, 0x0,
    0x0, 0x0, 0x0, 0x0, 0x0, 0x1, 0xf3, 0x0,
    0x0, 0x0,

    /* U+FD99 "ﶙ" */
    0x0, 0x0, 0x0, 0x0, 0x0, 0x0, 0x0, 0x0,
    0x0, 0x0, 0xc7, 0x0, 0x0, 0x0, 0x0, 0x0,
    0x0, 0x0, 0x0, 0x0, 0x0, 0x0, 0x73, 0x0,
    0x0, 0x0, 0x0, 0x0, 0x0, 0x0, 0x0, 0x0,
    0x0, 0x0, 0x0, 0x0, 0x0, 0x0, 0x0, 0x0,
    0x0, 0x0, 0x4d, 0xfe, 0x70, 0x0, 0x7f, 0x10,
    0x0, 0x0, 0x0, 0x0, 0x0, 0x0, 0x39, 0x39,
    0xf3, 0x0, 0x7f, 0x10, 0x0, 0x0, 0x0, 0x9f,
    0xf5, 0x0, 0x0, 0x0, 0xf7, 0x0, 0x7f, 0x10,
    0x0, 0x0, 0x9, 0xf6, 0xaf, 0x30, 0x0, 0x0,
    0xcb, 0x0, 0x7f, 0x10, 0xf, 0x70, 0xf, 0x80,
    0xb, 0xe6, 0x44, 0x44, 0x9f, 0x54, 0x9f, 0x52,
    0x2f, 0x50, 0xd, 0xfa, 0x30, 0xaf, 0xff, 0xff,
    0xff, 0xff, 0xff, 0xfb, 0x3f, 0x50, 0x0, 0x6d,
    0xf1, 0x0, 0x0, 0x0, 0x0, 0x0, 0x0, 0x0,
    0xf, 0xc1, 0x0, 0x18, 0xf2, 0x0, 0x0, 0x42,
    0x0, 0x0, 0x0, 0x0, 0x7, 0xff, 0xff, 0xff,
    0x80, 0x0, 0x0, 0xe8, 0x0, 0x0, 0x0, 0x0,
    0x0, 0x13, 0x33, 0x30, 0x0, 0x0, 0x0, 0x10,
    0x0, 0x0, 0x0, 0x0,

    /* U+FD9A "ﶚ" */
    0x0, 0x0, 0x0, 0x0, 0x0, 0x0, 0x0, 0x0,
    0x0, 0x0, 0x5e, 0x0, 0x0, 0x0, 0x0, 0x0,
    0x0, 0x0, 0x0, 0x0, 0x0, 0x0, 0x2, 0x80,
    0x0, 0x0, 0x0, 0x0, 0x0, 0x0, 0x0, 0x0,
    0x0, 0x0, 0x0, 0x1, 0x0, 0x0, 0x0, 0x0,
    0x0, 0x0, 0x0, 0x0, 0x4d, 0xfe, 0x60, 0x0,
    0xf9, 0x0, 0x0, 0x0, 0x0, 0x0, 0x0, 0x0,
    0xe, 0xb4, 0xaf, 0x30, 0xf, 0x90, 0x0, 0x0,
    0x0, 0x9, 0xff, 0x50, 0x1, 0xf5, 0x1, 0xf7,
    0x0, 0xf9, 0x0, 0x0, 0x0, 0x9, 0xf6, 0xaf,
    0x30, 0x1f, 0x60, 0x2f, 0x70, 0xf, 0x90, 0x0,
    0xf7, 0x0, 0xf8, 0x0, 0xbe, 0x64, 0xea, 0x5c,
    0xf9, 0x44, 0xfa, 0x40, 0x2f, 0x50, 0xd, 0xfa,
    0x30, 0xaf, 0xff, 0xff, 0xc6, 0xdf, 0xff, 0xff,
    0x33, 0xf5, 0x0, 0x6, 0xdf, 0x10, 0x0, 0x0,
    0x0, 0x0, 0x0, 0x0, 0x0, 0xf, 0xc1, 0x0,
    0x18, 0xf2, 0x0, 0x0, 0x0, 0x0, 0x0, 0x0,
    0x0, 0x0, 0x7f, 0xff, 0xff, 0xf8, 0x0, 0x0,
    0x0, 0x0, 0x0, 0x0, 0x0, 0x0, 0x0, 0x13,
    0x33, 0x30, 0x0, 0x0, 0x0, 0x0, 0x0, 0x0,
    0x0, 0x0, 0x0, 0x0, 0xe5, 0xe5, 0x0, 0x0,
    0x0, 0x0, 0x0, 0x0, 0x0, 0x0, 0x0, 0x0,
    0x8, 0x28, 0x20, 0x0, 0x0, 0x0, 0x0, 0x0,
    0x0, 0x0, 0x0, 0x0,

    /* U+FD9B "ﶛ" */
    0x0, 0x0, 0x0, 0x0, 0x0, 0x0, 0x0, 0x0,
    0x0, 0x0, 0x5e, 0x0, 0x0, 0x0, 0x0, 0x0,
    0x0, 0x0, 0x0, 0x0, 0x0, 0x0, 0x2, 0x80,
    0x0, 0x0, 0x0, 0x0, 0x0, 0x0, 0x0, 0x0,
    0x0, 0x0, 0x0, 0x1, 0x0, 0x0, 0x0, 0x0,
    0x0, 0x0, 0x0, 0x0, 0x4d, 0xfe, 0x60, 0x0,
    0xf9, 0x0, 0x0, 0x0, 0x0, 0x0, 0x0, 0x0,
    0xe, 0xb4, 0xaf, 0x30, 0xf, 0x90, 0x0, 0x0,
    0x0, 0x9, 0xff, 0x50, 0x1, 0xf5, 0x1, 0xf7,
    0x0, 0xf9, 0x0, 0x0, 0x0, 0x9, 0xf6, 0xaf,
    0x30, 0x1f, 0x60, 0x2f, 0x70, 0xf, 0x90, 0x0,
    0xf7, 0x0, 0xf8, 0x0, 0xbe, 0x64, 0xea, 0x5c,
    0xf9, 0x44, 0xfa, 0x40, 0x2f, 0x50, 0xd, 0xfa,
    0x30, 0xaf, 0xff, 0xff, 0xc6, 0xdf, 0xff, 0xff,
    0x33, 0xf5, 0x0, 0x6, 0xdf, 0x10, 0x0, 0x0,
    0x0, 0x0, 0x0, 0x0, 0x0, 0xf, 0xc1, 0x0,
    0x18, 0xf2, 0x0, 0x0, 0x0, 0x0, 0x0, 0x0,
    0x0, 0x0, 0x7f, 0xff, 0xff, 0xf8, 0x0, 0x0,
    0x0, 0x0, 0x0, 0x0, 0x0, 0x0, 0x0, 0x13,
    0x33, 0x30, 0x0, 0x0, 0x0, 0x0, 0x0, 0x0,
    0x0, 0x0, 0x0,

    /* U+FD9C "ﶜ" */
    0x0, 0x0, 0x0, 0x0, 0x0, 0x0, 0x0, 0x0,
    0x0, 0x0, 0x0, 0x0, 0x3c, 0xff, 0x80, 0x0,
    0x7e, 0xfe, 0x40, 0x0, 0xeb, 0x0, 0x0, 0xcc,
    0x48, 0xf5, 0x2, 0xf9, 0x4c, 0xf0, 0x0, 0xeb,
    0x0, 0x0, 0xf7, 0x0, 0xf9, 0x5, 0xf2, 0x5,
    0xf4, 0x0, 0xeb, 0x0, 0x0, 0xf7, 0x1, 0xf8,
    0x4, 0xf2, 0x6, 0xf3, 0x0, 0xeb, 0x0, 0x1,
    0xdc, 0x4b, 0xfb, 0x45, 0xf8, 0x5e, 0xf7, 0x44,
    0xec, 0x42, 0xe, 0xff, 0xfd, 0x6c, 0xff, 0xff,
    0xfb, 0x7e, 0xff, 0xff, 0xf8, 0x3f, 0x60, 0x0,
    0x0, 0x0, 0x0, 0x0, 0x0, 0x0, 0x0, 0x0,
    0x3f, 0x40, 0x0, 0x0, 0x0, 0x0, 0x0, 0x0,
    0xe, 0x4e, 0x50, 0x3f, 0x40, 0x0, 0x0, 0x0,
    0x0, 0x0, 0x0, 0x8, 0x28, 0x20, 0x2d, 0x40,
    0x0, 0x0, 0x0, 0x0, 0x0, 0x0, 0x0, 0x0,
    0x0,

    /* U+FD9D "ﶝ" */
    0x0, 0x0, 0x0, 0x0, 0x0, 0x0, 0x0, 0x0,
    0x0, 0x0, 0x0, 0x3, 0xcf, 0xf8, 0x0, 0x7,
    0xef, 0xd4, 0x0, 0x9, 0xf0, 0x0, 0xcc, 0x48,
    0xf5, 0x2, 0xf9, 0x4c, 0xe0, 0x0, 0x9f, 0x0,
    0xf, 0x70, 0xf, 0x90, 0x5f, 0x10, 0x5f, 0x30,
    0x9, 0xf0, 0x0, 0xf7, 0x1, 0xf8, 0x5, 0xf2,
    0x6, 0xf2, 0x0, 0x9f, 0x0, 0x4d, 0xc4, 0xbf,
    0xb4, 0x5f, 0x76, 0xef, 0x74, 0x4b, 0xf0, 0x2f,
    0xff, 0xfd, 0x6c, 0xff, 0xff, 0xfb, 0x7e, 0xff,
    0xff, 0x0, 0x0, 0x0, 0x0, 0x0, 0x0, 0x0,
    0x0, 0x0, 0x0, 0x0, 0x0, 0x0, 0x0, 0x0,
    0x0, 0x0, 0x0, 0x0, 0x3f, 0x4f, 0x20, 0x0,
    0x0, 0x0, 0x0, 0x0, 0x0, 0x0, 0x1, 0x91,
    0x91,

    /* U+FD9E "ﶞ" */
    0x0, 0x0, 0x0, 0x0, 0x0, 0x0, 0x4, 0xe0,
    0x0, 0x0, 0x0, 0x0, 0x0, 0x0, 0x0, 0x0,
    0x0, 0x0, 0x2, 0x80, 0x0, 0x0, 0x0, 0x0,
    0x0, 0x0, 0x0, 0x0, 0x0, 0x0, 0x0, 0x0,
    0x0, 0x0, 0x0, 0x0, 0x0, 0x0, 0x0, 0x0,
    0x0, 0x0, 0x4d, 0xfe, 0x70, 0x0, 0x7f, 0x10,
    0x0, 0x0, 0x0, 0x0, 0x0, 0x0, 0x39, 0x39,
    0xf3, 0x0, 0x7f, 0x10, 0x0, 0x0, 0x0, 0x9f,
    0xf5, 0x0, 0x0, 0x0, 0xf7, 0x0, 0x7f, 0x10,
    0x0, 0x0, 0x9, 0xf6, 0xaf, 0x30, 0x0, 0x0,
    0xcb, 0x0, 0x7f, 0x10, 0xf, 0x70, 0xf, 0x80,
    0xb, 0xe6, 0x44, 0x44, 0x9f, 0x54, 0x9f, 0x52,
    0x2f, 0x50, 0xd, 0xfa, 0x30, 0xaf, 0xff, 0xff,
    0xff, 0xff, 0xff, 0xfb, 0x3f, 0x50, 0x0, 0x6d,
    0xf1, 0x0, 0x0, 0x0, 0x0, 0x0, 0x0, 0x0,
    0xf, 0xc1, 0x0, 0x18, 0xf2, 0x0, 0x0, 0x0,
    0x0, 0x0, 0x23, 0x0, 0x7, 0xff, 0xff, 0xff,
    0x80, 0x0, 0x0, 0x0, 0x0, 0x0, 0xab, 0x0,
    0x0, 0x13, 0x33, 0x30, 0x0, 0x0, 0x0, 0x0,
    0x0, 0x0, 0x11, 0x0, 0x0, 0xe, 0x5e, 0x50,
    0x0, 0x0, 0x0, 0x0, 0x0, 0x0, 0x0, 0x0,
    0x0, 0x8, 0x28, 0x20, 0x0, 0x0, 0x0, 0x0,
    0x0, 0x0, 0x0, 0x0,

    /* U+FD9F "ﶟ" */
    0x0, 0x0, 0x0, 0x0, 0x0, 0x0, 0x0, 0x0,
    0x0, 0x6, 0xd6, 0xd0, 0x0, 0x0, 0x0, 0x0,
    0x0, 0x0, 0x0, 0x0, 0x0, 0x0, 0x37, 0x38,
    0x0, 0x0, 0x0, 0x0, 0x0, 0x0, 0x0, 0x0,
    0x0, 0x0, 0x0, 0x0, 0x0, 0x0, 0x0, 0x0,
    0x0, 0x0, 0x0, 0x4, 0xdf, 0xe7, 0x0, 0x2,
    0xf6, 0x0, 0x0, 0x0, 0x0, 0x0, 0x0, 0x0,
    0x39, 0x39, 0xf3, 0x0, 0x2f, 0x60, 0x0, 0x0,
    0x0, 0x9, 0xff, 0x50, 0x0, 0x0, 0xf, 0x70,
    0x2, 0xf6, 0x0, 0x0, 0x0, 0x9, 0xf6, 0xaf,
    0x30, 0x0, 0x0, 0xcb, 0x0, 0x2f, 0x60, 0x0,
    0xf7, 0x0, 0xf8, 0x0, 0xbe, 0x64, 0x44, 0x49,
    0xf5, 0x45, 0xf9, 0x41, 0x2f, 0x50, 0xd, 0xfa,
    0x30, 0xaf, 0xff, 0xff, 0xff, 0xff, 0xff, 0xff,
    0x43, 0xf5, 0x0, 0x6, 0xdf, 0x10, 0x0, 0x0,
    0x0, 0x0, 0x0, 0x0, 0x0, 0xf, 0xc1, 0x0,
    0x18, 0xf2, 0x0, 0x0, 0x42, 0x0, 0x0, 0x0,
    0x0, 0x0, 0x7f, 0xff, 0xff, 0xf8, 0x0, 0x0,
    0xe, 0x80, 0x0, 0x0, 0x0, 0x0, 0x0, 0x13,
    0x33, 0x30, 0x0, 0x0, 0x0, 0x10, 0x0, 0x0,
    0x0, 0x0, 0x0, 0x0, 0xe5, 0xe5, 0x0, 0x0,
    0x0, 0x0, 0x0, 0x0, 0x0, 0x0, 0x0, 0x0,
    0x8, 0x28, 0x20, 0x0, 0x0, 0x0, 0x0, 0x0,
    0x0, 0x0, 0x0, 0x0,

    /* U+FDA0 "ﶠ" */
    0x0, 0x0, 0x0, 0x0, 0x0, 0x0, 0x0, 0x0,
    0x0, 0x6, 0xd6, 0xd0, 0x0, 0x0, 0x0, 0x0,
    0x0, 0x0, 0x0, 0x0, 0x0, 0x0, 0x37, 0x38,
    0x0, 0x0, 0x0, 0x0, 0x0, 0x0, 0x0, 0x0,
    0x0, 0x0, 0x0, 0x0, 0x0, 0x0, 0x0, 0x0,
    0x0, 0x0, 0x0, 0x4, 0xdf, 0xe7, 0x0, 0x2,
    0xf6, 0x0, 0x0, 0x0, 0x0, 0x0, 0x0, 0x0,
    0x39, 0x39, 0xf3, 0x0, 0x2f, 0x60, 0x0, 0x0,
    0x0, 0x9, 0xff, 0x50, 0x0, 0x0, 0xf, 0x70,
    0x2, 0xf6, 0x0, 0x0, 0x0, 0x9, 0xf6, 0xaf,
    0x30, 0x0, 0x0, 0xcb, 0x0, 0x2f, 0x60, 0x0,
    0xf7, 0x0, 0xf8, 0x0, 0xbe, 0x64, 0x44, 0x49,
    0xf5, 0x45, 0xf9, 0x41, 0x2f, 0x50, 0xd, 0xfa,
    0x30, 0xaf, 0xff, 0xff, 0xff, 0xff, 0xff, 0xff,
    0x43, 0xf5, 0x0, 0x6, 0xdf, 0x10, 0x0, 0x0,
    0x0, 0x0, 0x0, 0x0, 0x0, 0xf, 0xc1, 0x0,
    0x18, 0xf2, 0x0, 0x0, 0x42, 0x0, 0x0, 0x0,
    0x0, 0x0, 0x7f, 0xff, 0xff, 0xf8, 0x0, 0x0,
    0xe, 0x80, 0x0, 0x0, 0x0, 0x0, 0x0, 0x13,
    0x33, 0x30, 0x0, 0x0, 0x0, 0x10, 0x0, 0x0,
    0x0, 0x0, 0x0,

    /* U+FDA1 "ﶡ" */
    0x0, 0x0, 0x0, 0x0, 0x0, 0x0, 0x4, 0xe0,
    0x0, 0x6, 0xd6, 0xd0, 0x0, 0x0, 0x0, 0x0,
    0x0, 0x0, 0x0, 0x29, 0x0, 0x0, 0x37, 0x38,
    0x0, 0x0, 0x0, 0x0, 0x0, 0x0, 0x0, 0x0,
    0x0, 0x0, 0x0, 0x0, 0x0, 0x0, 0x0, 0x0,
    0x0, 0x0, 0x0, 0x4, 0xdf, 0xe7, 0x0, 0x2,
    0xf6, 0x0, 0x0, 0x0, 0x0, 0x0, 0x0, 0x0,
    0x39, 0x39, 0xf3, 0x0, 0x2f, 0x60, 0x0, 0x0,
    0x0, 0x9, 0xff, 0x50, 0x0, 0x0, 0xf, 0x70,
    0x2, 0xf6, 0x0, 0x0, 0x0, 0x9, 0xf6, 0xaf,
    0x30, 0x0, 0x0, 0xcb, 0x0, 0x2f, 0x60, 0x0,
    0xf7, 0x0, 0xf8, 0x0, 0xbe, 0x64, 0x44, 0x49,
    0xf5, 0x45, 0xf9, 0x41, 0x2f, 0x50, 0xd, 0xfa,
    0x30, 0xaf, 0xff, 0xff, 0xff, 0xff, 0xff, 0xff,
    0x43, 0xf5, 0x0, 0x6, 0xdf, 0x10, 0x0, 0x0,
    0x0, 0x0, 0x0, 0x0, 0x0, 0xf, 0xc1, 0x0,
    0x18, 0xf2, 0x0, 0x0, 0x0, 0x0, 0x0, 0x0,
    0x0, 0x0, 0x7f, 0xff, 0xff, 0xf8, 0x0, 0x0,
    0x0, 0x0, 0x0, 0x0, 0x0, 0x0, 0x0, 0x13,
    0x33, 0x30, 0x0, 0x0, 0x0, 0x0, 0x0, 0x0,
    0x0, 0x0, 0x0, 0x0, 0xe5, 0xe5, 0x0, 0x0,
    0x0, 0x0, 0x0, 0x0, 0x0, 0x0, 0x0, 0x0,
    0x8, 0x28, 0x20, 0x0, 0x0, 0x0, 0x0, 0x0,
    0x0, 0x0, 0x0, 0x0,

    /* U+FDA2 "ﶢ" */
    0x0, 0x0, 0x0, 0x0, 0x0, 0x0, 0x4, 0xe0,
    0x0, 0x6, 0xd6, 0xd0, 0x0, 0x0, 0x0, 0x0,
    0x0, 0x0, 0x0, 0x29, 0x0, 0x0, 0x37, 0x38,
    0x0, 0x0, 0x0, 0x0, 0x0, 0x0, 0x0, 0x0,
    0x0, 0x0, 0x0, 0x0, 0x0, 0x0, 0x0, 0x0,
    0x0, 0x0, 0x0, 0x4, 0xdf, 0xe7, 0x0, 0x2,
    0xf6, 0x0, 0x0, 0x0, 0x0, 0x0, 0x0, 0x0,
    0x39, 0x39, 0xf3, 0x0, 0x2f, 0x60, 0x0, 0x0,
    0x0, 0x9, 0xff, 0x50, 0x0, 0x0, 0xf, 0x70,
    0x2, 0xf6, 0x0, 0x0, 0x0, 0x9, 0xf6, 0xaf,
    0x30, 0x0, 0x0, 0xcb, 0x0, 0x2f, 0x60, 0x0,
    0xf7, 0x0, 0xf8, 0x0, 0xbe, 0x64, 0x44, 0x49,
    0xf5, 0x45, 0xf9, 0x41, 0x2f, 0x50, 0xd, 0xfa,
    0x30, 0xaf, 0xff, 0xff, 0xff, 0xff, 0xff, 0xff,
    0x43, 0xf5, 0x0, 0x6, 0xdf, 0x10, 0x0, 0x0,
    0x0, 0x0, 0x0, 0x0, 0x0, 0xf, 0xc1, 0x0,
    0x18, 0xf2, 0x0, 0x0, 0x0, 0x0, 0x0, 0x0,
    0x0, 0x0, 0x7f, 0xff, 0xff, 0xf8, 0x0, 0x0,
    0x0, 0x0, 0x0, 0x0, 0x0, 0x0, 0x0, 0x13,
    0x33, 0x30, 0x0, 0x0, 0x0, 0x0, 0x0, 0x0,
    0x0, 0x0, 0x0,

    /* U+FDA3 "ﶣ" */
    0x0, 0x0, 0x0, 0x0, 0x0, 0x0, 0x0, 0x0,
    0x0, 0x0, 0xe5, 0xe5, 0x0, 0x0, 0x0, 0x0,
    0x0, 0x0, 0x0, 0x0, 0x0, 0x0, 0x8, 0x28,
    0x30, 0x0, 0x0, 0x0, 0x0, 0x0, 0x0, 0x0,
    0x0, 0x0, 0x0, 0x0, 0x0, 0x0, 0x0, 0x0,
    0x0, 0x0, 0x0, 0x0, 0x4d, 0xfe, 0x60, 0x0,
    0xae, 0x0, 0x0, 0x0, 0x0, 0x0, 0x0, 0x0,
    0xe, 0xb4, 0xaf, 0x30, 0xa, 0xe0, 0x0, 0x0,
    0x0, 0x9, 0xff, 0x50, 0x1, 0xf5, 0x1, 0xf7,
    0x0, 0xae, 0x0, 0x0, 0x0, 0x9, 0xf6, 0xaf,
    0x30, 0x1f, 0x60, 0x2f, 0x70, 0xa, 0xe0, 0x0,
    0xf7, 0x0, 0xf8, 0x0, 0xbe, 0x64, 0xea, 0x5c,
    0xf9, 0x44, 0xbf, 0x43, 0x2f, 0x50, 0xd, 0xfa,
    0x30, 0xaf, 0xff, 0xff, 0xc6, 0xdf, 0xff, 0xff,
    0xc3, 0xf5, 0x0, 0x6, 0xdf, 0x10, 0x0, 0x0,
    0x0, 0x0, 0x0, 0x0, 0x0, 0xf, 0xc1, 0x0,
    0x18, 0xf2, 0x0, 0x0, 0x0, 0x0, 0x0, 0x0,
    0x0, 0x0, 0x7f, 0xff, 0xff, 0xf8, 0x0, 0x0,
    0x0, 0x0, 0x0, 0x0, 0x0, 0x0, 0x0, 0x13,
    0x33, 0x30, 0x0, 0x0, 0x0, 0x0, 0x0, 0x0,
    0x0, 0x0, 0x0, 0x0, 0xe5, 0xe5, 0x0, 0x0,
    0x0, 0x0, 0x0, 0x0, 0x0, 0x0, 0x0, 0x0,
    0x8, 0x28, 0x20, 0x0, 0x0, 0x0, 0x0, 0x0,
    0x0, 0x0, 0x0, 0x0,

    /* U+FDA4 "ﶤ" */
    0x0, 0x0, 0x0, 0x0, 0x0, 0x0, 0x0, 0x0,
    0x0, 0x0, 0xe5, 0xe5, 0x0, 0x0, 0x0, 0x0,
    0x0, 0x0, 0x0, 0x0, 0x0, 0x0, 0x8, 0x28,
    0x30, 0x0, 0x0, 0x0, 0x0, 0x0, 0x0, 0x0,
    0x0, 0x0, 0x0, 0x0, 0x0, 0x0, 0x0, 0x0,
    0x0, 0x0, 0x0, 0x0, 0x4d, 0xfe, 0x60, 0x0,
    0xae, 0x0, 0x0, 0x0, 0x0, 0x0, 0x0, 0x0,
    0xe, 0xb4, 0xaf, 0x30, 0xa, 0xe0, 0x0, 0x0,
    0x0, 0x9, 0xff, 0x50, 0x1, 0xf5, 0x1, 0xf7,
    0x0, 0xae, 0x0, 0x0, 0x0, 0x9, 0xf6, 0xaf,
    0x30, 0x1f, 0x60, 0x2f, 0x70, 0xa, 0xe0, 0x0,
    0xf7, 0x0, 0xf8, 0x0, 0xbe, 0x64, 0xea, 0x5c,
    0xf9, 0x44, 0xbf, 0x43, 0x2f, 0x50, 0xd, 0xfa,
    0x30, 0xaf, 0xff, 0xff, 0xc6, 0xdf, 0xff, 0xff,
    0xc3, 0xf5, 0x0, 0x6, 0xdf, 0x10, 0x0, 0x0,
    0x0, 0x0, 0x0, 0x0, 0x0, 0xf, 0xc1, 0x0,
    0x18, 0xf2, 0x0, 0x0, 0x0, 0x0, 0x0, 0x0,
    0x0, 0x0, 0x7f, 0xff, 0xff, 0xf8, 0x0, 0x0,
    0x0, 0x0, 0x0, 0x0, 0x0, 0x0, 0x0, 0x13,
    0x33, 0x30, 0x0, 0x0, 0x0, 0x0, 0x0, 0x0,
    0x0, 0x0, 0x0,

    /* U+FDA5 "ﶥ" */
    0x0, 0x0, 0x0, 0x0, 0x0, 0x0, 0x0, 0x0,
    0x0, 0x0, 0x0, 0x0, 0x0, 0x0, 0x0, 0x0,
    0x0, 0x0, 0x0, 0x0, 0x4c, 0xfe, 0x60, 0x9,
    0xff, 0xd4, 0x0, 0x0, 0x0, 0x0, 0x0, 0x0,
    0x0, 0xe, 0xb4, 0xaf, 0x30, 0x87, 0x4d, 0xe0,
    0x0, 0x0, 0x0, 0x9, 0xff, 0x50, 0x1, 0xf5,
    0x1, 0xf7, 0x0, 0x0, 0x6f, 0x20, 0x0, 0x0,
    0x9, 0xf6, 0xaf, 0x30, 0x1f, 0x60, 0x3f, 0x70,
    0x0, 0x2, 0xf6, 0x0, 0xf7, 0x0, 0xf8, 0x0,
    0xbe, 0x64, 0xea, 0x5c, 0xf9, 0x44, 0x44, 0x4d,
    0xc3, 0x2f, 0x50, 0xd, 0xfa, 0x30, 0xaf, 0xff,
    0xff, 0xc6, 0xdf, 0xff, 0xff, 0xff, 0xd3, 0xf5,
    0x0, 0x6, 0xdf, 0x10, 0x0, 0x0, 0x0, 0x0,
    0x0, 0x0, 0x0, 0x0, 0xf, 0xc1, 0x0, 0x18,
    0xf2, 0x0, 0x0, 0x0, 0x0, 0x0, 0x0, 0x50,
    0x0, 0x0, 0x7f, 0xff, 0xff, 0xf8, 0x0, 0x0,
    0x0, 0x0, 0x0, 0x0, 0x3f, 0x20, 0x0, 0x0,
    0x13, 0x33, 0x30, 0x0, 0x0, 0x0, 0x0, 0x0,
    0x0, 0x0, 0x20, 0x0, 0x0, 0x0, 0xe5, 0xe5,
    0x0, 0x0, 0x0, 0x0, 0x0, 0x0, 0x0, 0x0,
    0x0, 0x0, 0x0, 0x8, 0x28, 0x20, 0x0, 0x0,
    0x0, 0x0, 0x0, 0x0, 0x0, 0x0, 0x0, 0x0,

    /* U+FDA6 "ﶦ" */
    0x0, 0x0, 0x0, 0x0, 0x0, 0x0, 0x0, 0x0,
    0x0, 0x0, 0x0, 0x0, 0x0, 0x0, 0x0, 0x0,
    0x0, 0x0, 0x0, 0x4e, 0xff, 0x80, 0x3, 0xdf,
    0xfa, 0x0, 0x0, 0x0, 0x0, 0x0, 0x0, 0x0,
    0x4a, 0x49, 0xf3, 0x1, 0xb4, 0x8f, 0x60, 0x0,
    0x0, 0x0, 0x9f, 0xf5, 0x0, 0x0, 0x1, 0xf8,
    0x0, 0x0, 0xe, 0xa0, 0x0, 0x0, 0x9, 0xf6,
    0xaf, 0x30, 0x0, 0x0, 0xcb, 0x0, 0x0, 0xa,
    0xe0, 0xf, 0x70, 0xf, 0x80, 0xb, 0xe6, 0x44,
    0x44, 0x9f, 0x54, 0x44, 0x48, 0xf4, 0x2f, 0x50,
    0xd, 0xfa, 0x30, 0xaf, 0xff, 0xff, 0xff, 0xff,
    0xff, 0xff, 0xf8, 0x3f, 0x50, 0x0, 0x6d, 0xf1,
    0x0, 0x0, 0x0, 0x0, 0x0, 0x0, 0x0, 0x0,
    0xf, 0xc1, 0x0, 0x18, 0xf2, 0x0, 0x0, 0x0,
    0x0, 0x0, 0x3, 0x30, 0x0, 0x7, 0xff, 0xff,
    0xff, 0x80, 0x0, 0x0, 0x0, 0x0, 0x0, 0xb,
    0xa0, 0x0, 0x0, 0x13, 0x33, 0x30, 0x0, 0x0,
    0x0, 0x0, 0x0, 0x0, 0x1, 0x10, 0x0,

    /* U+FDA7 "ﶧ" */
    0x0, 0x0, 0x0, 0x0, 0x0, 0x0, 0x0, 0x0,
    0x0, 0x0, 0x0, 0x0, 0x0, 0x0, 0x0, 0x0,
    0x0, 0x0, 0x0, 0x0, 0x4c, 0xfe, 0x60, 0x9,
    0xff, 0xd4, 0x0, 0x0, 0x0, 0x0, 0x0, 0x0,
    0x0, 0xe, 0xb4, 0xaf, 0x30, 0x87, 0x4d, 0xe0,
    0x0, 0x0, 0x0, 0x9, 0xff, 0x50, 0x1, 0xf5,
    0x1, 0xf7, 0x0, 0x0, 0x6f, 0x20, 0x0, 0x0,
    0x9, 0xf6, 0xaf, 0x30, 0x1f, 0x60, 0x3f, 0x70,
    0x0, 0x2, 0xf6, 0x0, 0xf7, 0x0, 0xf8, 0x0,
    0xbe, 0x64, 0xea, 0x5c, 0xf9, 0x44, 0x44, 0x4d,
    0xc3, 0x2f, 0x50, 0xd, 0xfa, 0x30, 0xaf, 0xff,
    0xff, 0xc6, 0xdf, 0xff, 0xff, 0xff, 0xd3, 0xf5,
    0x0, 0x6, 0xdf, 0x10, 0x0, 0x0, 0x0, 0x0,
    0x0, 0x0, 0x0, 0x0, 0xf, 0xc1, 0x0, 0x18,
    0xf2, 0x0, 0x0, 0x0, 0x0, 0x0, 0x0, 0x50,
    0x0, 0x0, 0x7f, 0xff, 0xff, 0xf8, 0x0, 0x0,
    0x0, 0x0, 0x0, 0x0, 0x3f, 0x20, 0x0, 0x0,
    0x13, 0x33, 0x30, 0x0, 0x0, 0x0, 0x0, 0x0,
    0x0, 0x0, 0x20, 0x0, 0x0,

    /* U+FDA8 "ﶨ" */
    0x0, 0x0, 0x0, 0x0, 0x0, 0x0, 0x4, 0xe0,
    0x0, 0x0, 0x0, 0x0, 0x0, 0x0, 0x0, 0x0,
    0x0, 0x0, 0x0, 0x0, 0x0, 0x0, 0x2, 0x80,
    0x0, 0x0, 0x0, 0x0, 0x0, 0x0, 0x0, 0x0,
    0x0, 0x0, 0x0, 0x0, 0x0, 0x0, 0x0, 0x0,
    0x0, 0x0, 0x0, 0x0, 0x0, 0x0, 0x0, 0x0,
    0x0, 0x0, 0x0, 0x0, 0x0, 0x0, 0x4d, 0xfe,
    0x70, 0x0, 0x0, 0x0, 0x0, 0x0, 0xf9, 0x0,
    0x0, 0x0, 0x0, 0x0, 0x0, 0x0, 0x39, 0x39,
    0xf3, 0x0, 0x7f, 0x10, 0x9e, 0x0, 0xf9, 0x0,
    0x0, 0x0, 0x0, 0x9f, 0xf5, 0x0, 0x0, 0x0,
    0xf7, 0x0, 0x7f, 0x10, 0x9e, 0x0, 0xf9, 0x0,
    0x0, 0x0, 0x9, 0xf6, 0xaf, 0x30, 0x0, 0x0,
    0xcb, 0x0, 0x7f, 0x10, 0xae, 0x0, 0xf9, 0x0,
    0xf, 0x70, 0xf, 0x80, 0xb, 0xe6, 0x44, 0x44,
    0x9f, 0x54, 0x9f, 0x55, 0xef, 0x74, 0xfb, 0x40,
    0x2f, 0x50, 0xd, 0xfa, 0x30, 0xaf, 0xff, 0xff,
    0xff, 0xff, 0xff, 0xff, 0xc5, 0xdf, 0xff, 0xf3,
    0x3f, 0x50, 0x0, 0x6d, 0xf1, 0x0, 0x0, 0x0,
    0x0, 0x0, 0x0, 0x0, 0x0, 0x0, 0x0, 0x0,
    0xf, 0xc1, 0x0, 0x18, 0xf2, 0x0, 0x0, 0x0,
    0x0, 0x0, 0x0, 0x0, 0x0, 0x0, 0x0, 0x0,
    0x7, 0xff, 0xff, 0xff, 0x80, 0x0, 0x0, 0x0,
    0x0, 0x0, 0x0, 0x0, 0x0, 0x0, 0x0, 0x0,
    0x0, 0x13, 0x33, 0x30, 0x0, 0x0, 0x0, 0x0,
    0x0, 0x0, 0x0, 0x0, 0x0, 0x0, 0x0, 0x0,

    /* U+FDA9 "ﶩ" */
    0x0, 0x0, 0x0, 0x0, 0x0, 0x0, 0x5d, 0xed,
    0x60, 0x0, 0x8e, 0x5, 0xde, 0xb2, 0x0, 0x0,
    0x0, 0x0, 0x0, 0x0, 0x0, 0x39, 0x28, 0xf3,
    0x0, 0x9f, 0x5a, 0x23, 0xdd, 0x0, 0x0, 0x0,
    0x0, 0x9f, 0xf5, 0x0, 0x0, 0x0, 0xf7, 0x0,
    0x9f, 0xa0, 0x0, 0x7f, 0x10, 0x0, 0x0, 0x9,
    0xf6, 0xaf, 0x30, 0x0, 0x0, 0xcb, 0x0, 0x9f,
    0x20, 0x0, 0x6f, 0x20, 0xf, 0x70, 0xf, 0x80,
    0xb, 0xe6, 0x44, 0x44, 0x9f, 0x54, 0xbf, 0x44,
    0x44, 0x8f, 0x53, 0x2f, 0x50, 0xd, 0xfa, 0x30,
    0xaf, 0xff, 0xff, 0xff, 0xff, 0xff, 0xff, 0xff,
    0xff, 0xfc, 0x3f, 0x50, 0x0, 0x6d, 0xf1, 0x0,
    0x0, 0x0, 0x0, 0x0, 0x0, 0x0, 0x0, 0x0,
    0x0, 0xf, 0xc1, 0x0, 0x18, 0xf2, 0x0, 0x0,
    0x0, 0x0, 0x0, 0x0, 0x0, 0x0, 0x0, 0x0,
    0x7, 0xff, 0xff, 0xff, 0x80, 0x0, 0x0, 0x0,
    0x0, 0x0, 0x0, 0x0, 0x0, 0x0, 0x0, 0x0,
    0x13, 0x33, 0x30, 0x0, 0x0, 0x0, 0x0, 0x0,
    0x0, 0x0, 0x0, 0x0, 0x0, 0x0, 0x0, 0xe,
    0x5e, 0x50, 0x0, 0x0, 0x0, 0x0, 0x0, 0x0,
    0x0, 0x0, 0x0, 0x0, 0x0, 0x0, 0x8, 0x28,
    0x20, 0x0, 0x0, 0x0, 0x0, 0x0, 0x0, 0x0,
    0x0, 0x0, 0x0, 0x0,

    /* U+FDAA "ﶪ" */
    0x0, 0x0, 0x0, 0x0, 0x0, 0x0, 0x0, 0x0,
    0x0, 0x0, 0x0, 0x0, 0x6b, 0x0, 0x0, 0x0,
    0x0, 0x0, 0x0, 0x0, 0x0, 0x0, 0x0, 0x0,
    0x0, 0x0, 0x0, 0x4, 0x98, 0x70, 0x0, 0x0,
    0x0, 0x0, 0x0, 0x0, 0x0, 0x0, 0x0, 0x0,
    0x0, 0x0, 0x0, 0x7, 0xc7, 0xc0, 0x0, 0x0,
    0x0, 0x0, 0x0, 0x0, 0x0, 0x0, 0x4d, 0xfe,
    0x70, 0x0, 0x0, 0x0, 0x0, 0x0, 0xf9, 0x0,
    0x0, 0x0, 0x0, 0x0, 0x0, 0x0, 0x39, 0x39,
    0xf3, 0x0, 0x7f, 0x10, 0x9e, 0x0, 0xf9, 0x0,
    0x0, 0x0, 0x0, 0x9f, 0xf5, 0x0, 0x0, 0x0,
    0xf7, 0x0, 0x7f, 0x10, 0x9e, 0x0, 0xf9, 0x0,
    0x0, 0x0, 0x9, 0xf6, 0xaf, 0x30, 0x0, 0x0,
    0xcb, 0x0, 0x7f, 0x10, 0xae, 0x0, 0xf9, 0x0,
    0xf, 0x70, 0xf, 0x80, 0xb, 0xe6, 0x44, 0x44,
    0x9f, 0x54, 0x9f, 0x55, 0xef, 0x74, 0xfb, 0x40,
    0x2f, 0x50, 0xd, 0xfa, 0x30, 0xaf, 0xff, 0xff,
    0xff, 0xff, 0xff, 0xff, 0xc5, 0xdf, 0xff, 0xf3,
    0x3f, 0x50, 0x0, 0x6d, 0xf1, 0x0, 0x0, 0x0,
    0x0, 0x0, 0x0, 0x0, 0x0, 0x0, 0x0, 0x0,
    0xf, 0xc1, 0x0, 0x18, 0xf2, 0x0, 0x0, 0x0,
    0x0, 0x0, 0x0, 0x0, 0x0, 0x0, 0x0, 0x0,
    0x7, 0xff, 0xff, 0xff, 0x80, 0x0, 0x0, 0x0,
    0x0, 0x0, 0x0, 0x0, 0x0, 0x0, 0x0, 0x0,
    0x0, 0x13, 0x33, 0x30, 0x0, 0x0, 0x0, 0x0,
    0x0, 0x0, 0x0, 0x0, 0x0, 0x0, 0x0, 0x0,
    0x0, 0xe, 0x5e, 0x50, 0x0, 0x0, 0x0, 0x0,
    0x0, 0x0, 0x0, 0x0, 0x0, 0x0, 0x0, 0x0,
    0x0, 0x8, 0x28, 0x20, 0x0, 0x0, 0x0, 0x0,
    0x0, 0x0, 0x0, 0x0, 0x0, 0x0, 0x0, 0x0,

    /* U+FDAB "ﶫ" */
    0x0, 0x0, 0x0, 0x0, 0x0, 0x0, 0x0, 0x0,
    0x0, 0x0, 0x0, 0x8, 0xb0, 0x0, 0x0, 0x0,
    0x0, 0x0, 0x0, 0x0, 0x0, 0x0, 0x0, 0x0,
    0x0, 0x0, 0x4, 0x60, 0x0, 0x0, 0x0, 0x0,
    0x0, 0x0, 0x0, 0x0, 0x0, 0x0, 0x0, 0x0,
    0x0, 0x0, 0x0, 0x0, 0x0, 0x0, 0x0, 0x0,
    0x0, 0x0, 0x0, 0x5d, 0xed, 0x60, 0x0, 0x8e,
    0x5, 0xde, 0xb2, 0x0, 0x0, 0x0, 0x0, 0x0,
    0x0, 0x0, 0x39, 0x28, 0xf3, 0x0, 0x9f, 0x5a,
    0x23, 0xdd, 0x0, 0x0, 0x0, 0x0, 0x9f, 0xf5,
    0x0, 0x0, 0x0, 0xf7, 0x0, 0x9f, 0xa0, 0x0,
    0x7f, 0x10, 0x0, 0x0, 0x9, 0xf6, 0xaf, 0x30,
    0x0, 0x0, 0xcb, 0x0, 0x9f, 0x20, 0x0, 0x6f,
    0x20, 0xf, 0x70, 0xf, 0x80, 0xb, 0xe6, 0x44,
    0x44, 0x9f, 0x54, 0xbf, 0x44, 0x44, 0x8f, 0x53,
    0x2f, 0x50, 0xd, 0xfa, 0x30, 0xaf, 0xff, 0xff,
    0xff, 0xff, 0xff, 0xff, 0xff, 0xff, 0xfc, 0x3f,
    0x50, 0x0, 0x6d, 0xf1, 0x0, 0x0, 0x0, 0x0,
    0x0, 0x0, 0x0, 0x0, 0x0, 0x0, 0xf, 0xc1,
    0x0, 0x18, 0xf2, 0x0, 0x0, 0x0, 0x0, 0x0,
    0x0, 0x0, 0x0, 0x0, 0x0, 0x7, 0xff, 0xff,
    0xff, 0x80, 0x0, 0x0, 0x0, 0x0, 0x0, 0x0,
    0x0, 0x0, 0x0, 0x0, 0x0, 0x13, 0x33, 0x30,
    0x0, 0x0, 0x0, 0x0, 0x0, 0x0, 0x0, 0x0,
    0x0, 0x0, 0x0, 0x0, 0xe, 0x5e, 0x50, 0x0,
    0x0, 0x0, 0x0, 0x0, 0x0, 0x0, 0x0, 0x0,
    0x0, 0x0, 0x0, 0x8, 0x28, 0x20, 0x0, 0x0,
    0x0, 0x0, 0x0, 0x0, 0x0, 0x0, 0x0, 0x0,
    0x0,

    /* U+FDAC "ﶬ" */
    0x0, 0x0, 0x0, 0x0, 0x0, 0x0, 0x0, 0x0,
    0x0, 0x0, 0x7f, 0x10, 0x0, 0x0, 0x0, 0x0,
    0x0, 0x0, 0x0, 0x0, 0x0, 0x0, 0x7f, 0x10,
    0x0, 0x0, 0x0, 0x0, 0x0, 0x0, 0x0, 0x0,
    0x0, 0x0, 0x7f, 0x10, 0x0, 0x0, 0x0, 0x0,
    0x0, 0x0, 0x4e, 0xff, 0x80, 0x0, 0x7f, 0x10,
    0x0, 0x0, 0x0, 0x0, 0x0, 0x0, 0x4a, 0x49,
    0xf3, 0x0, 0x7f, 0x10, 0x0, 0x0, 0x0, 0x9f,
    0xf5, 0x0, 0x0, 0x1, 0xf7, 0x0, 0x7f, 0x10,
    0x0, 0x0, 0x9, 0xf6, 0xaf, 0x30, 0x0, 0x0,
    0xcb, 0x0, 0x7f, 0x10, 0xf, 0x70, 0xf, 0x80,
    0xb, 0xe6, 0x44, 0x44, 0x9f, 0x54, 0x9f, 0x52,
    0x2f, 0x50, 0xd, 0xfa, 0x30, 0xaf, 0xff, 0xff,
    0xff, 0xff, 0xff, 0xfb, 0x3f, 0x50, 0x0, 0x6d,
    0xf1, 0x0, 0x0, 0x0, 0x0, 0x0, 0x0, 0x0,
    0xf, 0xc1, 0x0, 0x18, 0xf2, 0x0, 0x0, 0x42,
    0x0, 0x0, 0x0, 0x0, 0x7, 0xff, 0xff, 0xff,
    0x80, 0x0, 0x0, 0xe8, 0x0, 0x0, 0x0, 0x0,
    0x0, 0x13, 0x33, 0x30, 0x0, 0x0, 0x0, 0x10,
    0x0, 0x0, 0x0, 0x0, 0x0, 0xe, 0x5e, 0x50,
    0x0, 0x0, 0x0, 0x0, 0x0, 0x0, 0x0, 0x0,
    0x0, 0x8, 0x28, 0x20, 0x0, 0x0, 0x0, 0x0,
    0x0, 0x0, 0x0, 0x0,

    /* U+FDAD "ﶭ" */
    0x0, 0x0, 0x0, 0x0, 0x0, 0x0, 0x0, 0x0,
    0x0, 0x0, 0xf, 0x90, 0x0, 0x0, 0x0, 0x0,
    0x0, 0x0, 0x0, 0x0, 0x0, 0x0, 0x0, 0xf9,
    0x0, 0x0, 0x0, 0x0, 0x0, 0x0, 0x0, 0x0,
    0x0, 0x0, 0x0, 0xf, 0x90, 0x0, 0x0, 0x0,
    0x0, 0x0, 0x0, 0x0, 0x4c, 0xfe, 0x60, 0x0,
    0xf9, 0x0, 0x0, 0x0, 0x0, 0x0, 0x0, 0x0,
    0xe, 0xb4, 0x9f, 0x30, 0xf, 0x90, 0x0, 0x0,
    0x0, 0x9, 0xff, 0x50, 0x1, 0xf5, 0x1, 0xf7,
    0x0, 0xf9, 0x0, 0x0, 0x0, 0x9, 0xf6, 0xaf,
    0x30, 0x1f, 0x60, 0x3f, 0x70, 0xf, 0x90, 0x0,
    0xf7, 0x0, 0xf8, 0x0, 0xbe, 0x64, 0xea, 0x5c,
    0xf9, 0x44, 0xfa, 0x40, 0x2f, 0x50, 0xd, 0xfa,
    0x30, 0xaf, 0xff, 0xff, 0xc6, 0xdf, 0xff, 0xff,
    0x33, 0xf5, 0x0, 0x6, 0xdf, 0x10, 0x0, 0x0,
    0x0, 0x0, 0x0, 0x0, 0x0, 0xf, 0xc1, 0x0,
    0x18, 0xf2, 0x0, 0x0, 0x0, 0x0, 0x0, 0x0,
    0x0, 0x0, 0x7f, 0xff, 0xff, 0xf8, 0x0, 0x0,
    0x0, 0x0, 0x0, 0x0, 0x0, 0x0, 0x0, 0x13,
    0x33, 0x30, 0x0, 0x0, 0x0, 0x0, 0x0, 0x0,
    0x0, 0x0, 0x0, 0x0, 0xe5, 0xe5, 0x0, 0x0,
    0x0, 0x0, 0x0, 0x0, 0x0, 0x0, 0x0, 0x0,
    0x8, 0x28, 0x20, 0x0, 0x0, 0x0, 0x0, 0x0,
    0x0, 0x0, 0x0, 0x0,

    /* U+FDAE "ﶮ" */
    0x0, 0x0, 0x0, 0x0, 0x0, 0x0, 0x4d, 0xfe,
    0x70, 0x0, 0x2f, 0x60, 0x0, 0x0, 0x0, 0x0,
    0x0, 0x0, 0x3, 0x93, 0x9f, 0x30, 0x2, 0xf6,
    0x0, 0x0, 0x0, 0x0, 0x9f, 0xf5, 0x0, 0x0,
    0x0, 0xf7, 0x0, 0x2f, 0x60, 0x0, 0x0, 0x0,
    0x9f, 0x6a, 0xf3, 0x0, 0x0, 0xc, 0xb0, 0x2,
    0xf6, 0x0, 0xf, 0x70, 0xf, 0x80, 0xb, 0xe6,
    0x44, 0x44, 0x9f, 0x54, 0x5f, 0x94, 0x12, 0xf5,
    0x0, 0xdf, 0xa3, 0xa, 0xff, 0xff, 0xff, 0xff,
    0xff, 0xff, 0xf4, 0x3f, 0x50, 0x0, 0x6d, 0xf1,
    0x0, 0x0, 0x0, 0x0, 0x0, 0x0, 0x0, 0x0,
    0xfc, 0x10, 0x1, 0x8f, 0x20, 0x0, 0x0, 0x0,
    0x0, 0x4e, 0x4e, 0x10, 0x7, 0xff, 0xff, 0xff,
    0x80, 0x0, 0x0, 0x0, 0x0, 0x2, 0x91, 0x90,
    0x0, 0x1, 0x33, 0x33, 0x0, 0x0, 0x0, 0x0,
    0x0, 0x0, 0x0, 0x0, 0x0, 0x0, 0xe, 0x5e,
    0x50, 0x0, 0x0, 0x0, 0x0, 0x0, 0x0, 0x0,
    0x0, 0x0, 0x0, 0x82, 0x82, 0x0, 0x0, 0x0,
    0x0, 0x0, 0x0, 0x0, 0x0, 0x0,

    /* U+FDAF "ﶯ" */
    0x0, 0x0, 0x0, 0x0, 0x0, 0x0, 0x4d, 0xfe,
    0x70, 0x0, 0x2f, 0x60, 0x0, 0x0, 0x0, 0x0,
    0x0, 0x0, 0x3, 0x93, 0x9f, 0x30, 0x2, 0xf6,
    0x0, 0x0, 0x0, 0x0, 0x9f, 0xf5, 0x0, 0x0,
    0x0, 0xf7, 0x0, 0x2f, 0x60, 0x0, 0x0, 0x0,
    0x9f, 0x6a, 0xf3, 0x0, 0x0, 0xc, 0xb0, 0x2,
    0xf6, 0x0, 0xf, 0x70, 0xf, 0x80, 0xb, 0xe6,
    0x44, 0x44, 0x9f, 0x54, 0x5f, 0x94, 0x12, 0xf5,
    0x0, 0xdf, 0xa3, 0xa, 0xff, 0xff, 0xff, 0xff,
    0xff, 0xff, 0xf4, 0x3f, 0x50, 0x0, 0x6d, 0xf1,
    0x0, 0x0, 0x0, 0x0, 0x0, 0x0, 0x0, 0x0,
    0xfc, 0x10, 0x1, 0x8f, 0x20, 0x0, 0x4, 0x20,
    0x0, 0x4e, 0x4e, 0x10, 0x7, 0xff, 0xff, 0xff,
    0x80, 0x0, 0x0, 0xe8, 0x0, 0x2, 0x91, 0x90,
    0x0, 0x1, 0x33, 0x33, 0x0, 0x0, 0x0, 0x1,
    0x0, 0x0, 0x0, 0x0, 0x0, 0x0, 0xe, 0x5e,
    0x50, 0x0, 0x0, 0x0, 0x0, 0x0, 0x0, 0x0,
    0x0, 0x0, 0x0, 0x82, 0x82, 0x0, 0x0, 0x0,
    0x0, 0x0, 0x0, 0x0, 0x0, 0x0,

    /* U+FDB0 "ﶰ" */
    0x0, 0x0, 0x0, 0x0, 0x0, 0x0, 0x0, 0x0,
    0x0, 0x0, 0x0, 0x0, 0x0, 0x0, 0x0, 0x0,
    0x0, 0x0, 0x0, 0x4d, 0xfe, 0x60, 0x0, 0xae,
    0x0, 0x0, 0x0, 0x0, 0x0, 0x0, 0x0, 0xe,
    0xb4, 0xaf, 0x30, 0xa, 0xe0, 0x0, 0x0, 0x0,
    0x9, 0xff, 0x50, 0x1, 0xf5, 0x1, 0xf7, 0x0,
    0xae, 0x0, 0x0, 0x0, 0x9, 0xf6, 0xaf, 0x30,
    0x1f, 0x60, 0x2f, 0x70, 0xa, 0xe0, 0x0, 0xf7,
    0x0, 0xf8, 0x0, 0xbe, 0x64, 0xea, 0x5c, 0xf9,
    0x44, 0xbf, 0x43, 0x2f, 0x50, 0xd, 0xfa, 0x30,
    0xaf, 0xff, 0xff, 0xc6, 0xdf, 0xff, 0xff, 0xc3,
    0xf5, 0x0, 0x6, 0xdf, 0x10, 0x0, 0x0, 0x0,
    0x0, 0x0, 0x0, 0x0, 0xf, 0xc1, 0x0, 0x18,
    0xf2, 0x0, 0x0, 0x0, 0x0, 0x0, 0xb8, 0xb8,
    0x0, 0x7f, 0xff, 0xff, 0xf8, 0x0, 0x0, 0x0,
    0x0, 0x0, 0x6, 0x46, 0x40, 0x0, 0x13, 0x33,
    0x30, 0x0, 0x0, 0x0, 0x0, 0x0, 0x0, 0x0,
    0x0, 0x0, 0x0, 0xe5, 0xe5, 0x0, 0x0, 0x0,
    0x0, 0x0, 0x0, 0x0, 0x0, 0x0, 0x0, 0x8,
    0x28, 0x20, 0x0, 0x0, 0x0, 0x0, 0x0, 0x0,
    0x0, 0x0, 0x0,

    /* U+FDB1 "ﶱ" */
    0x0, 0x0, 0x0, 0x0, 0x0, 0x0, 0x0, 0x0,
    0x0, 0x0, 0x0, 0x0, 0x0, 0x0, 0x0, 0x0,
    0x0, 0x0, 0x0, 0x0, 0x4, 0xcf, 0xe6, 0x0,
    0x8, 0xef, 0xc2, 0x0, 0x0, 0x0, 0x0, 0x0,
    0x0, 0x0, 0xe, 0xb4, 0x9f, 0x30, 0x3f, 0x74,
    0xdd, 0x0, 0x0, 0x0, 0x0, 0x9f, 0xf5, 0x0,
    0x1f, 0x50, 0x1f, 0x70, 0x7f, 0x0, 0x7f, 0x10,
    0x0, 0x0, 0x9, 0xf6, 0xaf, 0x30, 0x1f, 0x60,
    0x3f, 0x70, 0x6f, 0x0, 0x8f, 0x10, 0xf, 0x70,
    0xf, 0x80, 0xb, 0xe6, 0x4e, 0xa5, 0xcf, 0x94,
    0x6f, 0x66, 0xff, 0x61, 0x2f, 0x50, 0xd, 0xfa,
    0x30, 0xaf, 0xff, 0xff, 0xc6, 0xdf, 0xff, 0xff,
    0xa7, 0xe5, 0x3f, 0x50, 0x0, 0x6d, 0xf1, 0x0,
    0x0, 0x0, 0x0, 0x0, 0x0, 0x0, 0x0, 0x0,
    0xf, 0xc1, 0x0, 0x18, 0xf2, 0x0, 0x0, 0x0,
    0x0, 0x0, 0x0, 0x0, 0x0, 0x0, 0x7, 0xff,
    0xff, 0xff, 0x80, 0x0, 0x0, 0x0, 0x0, 0x0,
    0x0, 0x0, 0x0, 0x0, 0x0, 0x13, 0x33, 0x30,
    0x0, 0x0, 0x0, 0x0, 0x0, 0x0, 0x0, 0x0,
    0x0, 0x0, 0x0, 0xe, 0x5e, 0x50, 0x0, 0x0,
    0x0, 0x0, 0x0, 0x0, 0x0, 0x0, 0x0, 0x0,
    0x0, 0x8, 0x28, 0x20, 0x0, 0x0, 0x0, 0x0,
    0x0, 0x0, 0x0, 0x0, 0x0, 0x0,

    /* U+FDB2 "ﶲ" */
    0x0, 0x0, 0x0, 0x0, 0x0, 0x0, 0x0, 0x0,
    0x0, 0x0, 0x7, 0xc6, 0xd0, 0x0, 0x0, 0x0,
    0x0, 0x0, 0x0, 0x0, 0x0, 0x0, 0x0, 0x0,
    0x4, 0x73, 0x70, 0x0, 0x0, 0x0, 0x0, 0x0,
    0x0, 0x0, 0x0, 0x0, 0x0, 0x0, 0x0, 0x0,
    0x0, 0x0, 0x0, 0x0, 0x0, 0x0, 0x0, 0x0,
    0x4, 0xcf, 0xe6, 0x0, 0x3, 0xcf, 0xff, 0x0,
    0x0, 0x0, 0x0, 0x0, 0x0, 0x0, 0xe, 0xb4,
    0xaf, 0x30, 0xe, 0xd5, 0xaf, 0x0, 0x0, 0x0,
    0x0, 0x9f, 0xf5, 0x0, 0x1f, 0x50, 0x1f, 0x70,
    0x4f, 0x50, 0x8f, 0x0, 0x0, 0x0, 0x9, 0xf6,
    0xaf, 0x30, 0x1f, 0x60, 0x3f, 0x70, 0x4f, 0x40,
    0x8f, 0x0, 0xf, 0x70, 0xf, 0x80, 0xb, 0xe6,
    0x4e, 0xa5, 0xcf, 0x94, 0x4f, 0xd5, 0xaf, 0x42,
    0x2f, 0x50, 0xd, 0xfa, 0x30, 0xaf, 0xff, 0xff,
    0xc6, 0xdf, 0xff, 0xff, 0xff, 0xf8, 0x3f, 0x50,
    0x0, 0x6d, 0xf1, 0x0, 0x0, 0x0, 0x0, 0x0,
    0x0, 0x0, 0x0, 0x0, 0xf, 0xc1, 0x0, 0x18,
    0xf2, 0x0, 0x0, 0x0, 0x0, 0x0, 0x0, 0x0,
    0x0, 0x0, 0x7, 0xff, 0xff, 0xff, 0x80, 0x0,
    0x0, 0x0, 0x0, 0x0, 0x0, 0x0, 0x0, 0x0,
    0x0, 0x13, 0x33, 0x30, 0x0, 0x0, 0x0, 0x0,
    0x0, 0x0, 0x0, 0x0, 0x0, 0x0, 0x0, 0xe,
    0x5e, 0x50, 0x0, 0x0, 0x0, 0x0, 0x0, 0x0,
    0x0, 0x0, 0x0, 0x0, 0x0, 0x8, 0x28, 0x20,
    0x0, 0x0, 0x0, 0x0, 0x0, 0x0, 0x0, 0x0,
    0x0, 0x0,

    /* U+FDB3 "ﶳ" */
    0x0, 0x0, 0x0, 0x0, 0x0, 0x0, 0x0, 0x0,
    0x0, 0x0, 0xc7, 0x0, 0x0, 0x0, 0x0, 0x0,
    0x0, 0x0, 0x0, 0x0, 0x0, 0x0, 0x73, 0x0,
    0x0, 0x0, 0x0, 0x0, 0x0, 0x0, 0x0, 0x0,
    0x0, 0x0, 0x0, 0x0, 0x0, 0x0, 0x0, 0x0,
    0x0, 0x0, 0x4d, 0xfe, 0x70, 0x0, 0x7f, 0x10,
    0x0, 0x0, 0x0, 0x0, 0x0, 0x0, 0x39, 0x39,
    0xf3, 0x0, 0x7f, 0x10, 0x0, 0x0, 0x0, 0x9f,
    0xf5, 0x0, 0x0, 0x0, 0xf7, 0x0, 0x7f, 0x10,
    0x0, 0x0, 0x9, 0xf6, 0xaf, 0x30, 0x0, 0x0,
    0xcb, 0x0, 0x7f, 0x10, 0xf, 0x70, 0xf, 0x80,
    0xb, 0xe6, 0x44, 0x44, 0x9f, 0x54, 0x9f, 0x52,
    0x2f, 0x50, 0xd, 0xfa, 0x30, 0xaf, 0xff, 0xff,
    0xff, 0xff, 0xff, 0xfb, 0x3f, 0x50, 0x0, 0x6d,
    0xf1, 0x0, 0x0, 0x0, 0x0, 0x0, 0x0, 0x0,
    0xf, 0xc1, 0x0, 0x18, 0xf2, 0x0, 0x0, 0x0,
    0x0, 0x0, 0x0, 0x0, 0x7, 0xff, 0xff, 0xff,
    0x80, 0x0, 0x0, 0x0, 0x0, 0x0, 0x0, 0x0,
    0x0, 0x13, 0x33, 0x30, 0x0, 0x0, 0x0, 0x0,
    0x0, 0x0, 0x0, 0x0, 0x0, 0xe, 0x5e, 0x50,
    0x0, 0x0, 0x0, 0x0, 0x0, 0x0, 0x0, 0x0,
    0x0, 0x8, 0x28, 0x20, 0x0, 0x0, 0x0, 0x0,
    0x0, 0x0, 0x0, 0x0,

    /* U+FDB4 "ﶴ" */
    0x0, 0x0, 0x0, 0x0, 0x0, 0x0, 0x0, 0x0,
    0x3, 0xe4, 0xf2, 0x0, 0x0, 0x0, 0x0, 0x0,
    0x0, 0x0, 0x0, 0x0, 0x19, 0x19, 0x10, 0x0,
    0x0, 0x0, 0x0, 0x0, 0x0, 0x0, 0x0, 0x0,
    0x0, 0x0, 0x0, 0x3e, 0xff, 0x90, 0x0, 0x2b,
    0xff, 0xa0, 0x0, 0x1a, 0xff, 0xf4, 0x0, 0x64,
    0x8f, 0x50, 0xa, 0xe5, 0x6f, 0x70, 0xb, 0xf6,
    0x6f, 0x40, 0x0, 0x0, 0xe9, 0x0, 0xda, 0x0,
    0xdc, 0x0, 0xf9, 0x4, 0xf4, 0x0, 0x0, 0xb,
    0xd0, 0xc, 0xa0, 0xe, 0xb0, 0xf, 0x80, 0x4f,
    0x40, 0x44, 0x44, 0x8f, 0x64, 0xbe, 0x4a, 0xfd,
    0x44, 0xcf, 0x67, 0xf4, 0x2f, 0xff, 0xff, 0xff,
    0xff, 0xff, 0xe7, 0xbf, 0xff, 0xff, 0xff, 0x40,

    /* U+FDB5 "ﶵ" */
    0x0, 0x0, 0x0, 0x0, 0x0, 0x0, 0x0, 0x0,
    0xb, 0xd0, 0x0, 0x0, 0x0, 0x0, 0x0, 0x0,
    0x0, 0x0, 0xbd, 0x0, 0x0, 0x0, 0x0, 0x0,
    0x0, 0x0, 0x0, 0xb, 0xd0, 0x3, 0xcf, 0xf8,
    0x0, 0x7e, 0xfe, 0x50, 0x0, 0xbd, 0x0, 0xcc,
    0x48, 0xf5, 0x4, 0x54, 0xcf, 0x0, 0xb, 0xd0,
    0xf, 0x70, 0xf, 0x90, 0x0, 0x4, 0xf3, 0x0,
    0xbd, 0x0, 0xf7, 0x1, 0xf8, 0x0, 0x0, 0x1f,
    0x70, 0xb, 0xd0, 0x4d, 0xc4, 0xbf, 0xb4, 0x44,
    0x44, 0xcd, 0x44, 0xcd, 0x2f, 0xff, 0xfd, 0x6c,
    0xff, 0xff, 0xff, 0xff, 0xff, 0xd0,

    /* U+FDB6 "ﶶ" */
    0x0, 0x0, 0x0, 0x0, 0x0, 0x0, 0x0, 0x0,
    0x0, 0x0, 0x0, 0x0, 0x0, 0x0, 0x0, 0x0,
    0x0, 0x0, 0x0, 0x0, 0x4c, 0xfe, 0x60, 0x2,
    0xaf, 0xff, 0xc2, 0x0, 0x0, 0x0, 0x0, 0x0,
    0x0, 0xe, 0xb4, 0x9f, 0x30, 0xec, 0x43, 0x7f,
    0x20, 0x0, 0x0, 0x9, 0xff, 0x50, 0x1, 0xf5,
    0x1, 0xf7, 0x8, 0xf1, 0x9, 0xd0, 0x0, 0x0,
    0x9, 0xf6, 0xaf, 0x30, 0x1f, 0x60, 0x3f, 0x70,
    0x1e, 0xb7, 0xf4, 0x0, 0xf7, 0x0, 0xf8, 0x0,
    0xbe, 0x64, 0xea, 0x5c, 0xf9, 0x44, 0x8f, 0xfb,
    0x43, 0x2f, 0x50, 0xd, 0xfa, 0x30, 0xaf, 0xff,
    0xff, 0xc6, 0xdf, 0xff, 0xa8, 0xef, 0xe3, 0xf5,
    0x0, 0x6, 0xdf, 0x10, 0x0, 0x0, 0x0, 0x0,
    0x0, 0x0, 0x0, 0x0, 0xf, 0xc1, 0x0, 0x18,
    0xf2, 0x0, 0x0, 0x0, 0x0, 0x0, 0x0, 0x0,
    0x0, 0x0, 0x7f, 0xff, 0xff, 0xf8, 0x0, 0x0,
    0x0, 0x0, 0x0, 0x0, 0x0, 0x0, 0x0, 0x0,
    0x13, 0x33, 0x30, 0x0, 0x0, 0x0, 0x0, 0x0,
    0x0, 0x0, 0x0, 0x0, 0x0, 0x0, 0xe5, 0xe5,
    0x0, 0x0, 0x0, 0x0, 0x0, 0x0, 0x0, 0x0,
    0x0, 0x0, 0x0, 0x8, 0x28, 0x20, 0x0, 0x0,
    0x0, 0x0, 0x0, 0x0, 0x0, 0x0, 0x0, 0x0,

    /* U+FDB7 "ﶷ" */
    0x0, 0x0, 0x0, 0x0, 0x0, 0x0, 0x0, 0x0,
    0x0, 0x0, 0x0, 0x5, 0xa0, 0x0, 0x0, 0x0,
    0x0, 0x0, 0x0, 0x0, 0x0, 0x0, 0x0, 0x0,
    0x0, 0xaf, 0xc1, 0x0, 0x0, 0x0, 0x0, 0x0,
    0x0, 0x0, 0x0, 0x0, 0x0, 0x0, 0xb, 0xf5,
    0x0, 0x0, 0x0, 0x0, 0x0, 0x0, 0x0, 0x0,
    0x0, 0x0, 0x0, 0x0, 0x7f, 0x30, 0x0, 0x0,
    0x0, 0x0, 0x0, 0x0, 0x0, 0x0, 0x4, 0xcf,
    0xe6, 0x0, 0xcf, 0xff, 0xa1, 0x0, 0x0, 0x0,
    0x0, 0x0, 0x0, 0x0, 0xe, 0xb4, 0x9f, 0x30,
    0x23, 0x37, 0xfa, 0x0, 0x0, 0x0, 0x0, 0x9f,
    0xf5, 0x0, 0x1f, 0x50, 0x1f, 0x70, 0x0, 0x0,
    0xbd, 0x0, 0x0, 0x0, 0x9, 0xf6, 0xaf, 0x30,
    0x1f, 0x60, 0x3f, 0x70, 0x0, 0x0, 0xbd, 0x0,
    0xf, 0x70, 0xf, 0x80, 0xb, 0xe6, 0x4e, 0xa5,
    0xcf, 0x94, 0x44, 0x44, 0xce, 0x41, 0x2f, 0x50,
    0xd, 0xfa, 0x30, 0xaf, 0xff, 0xff, 0xc6, 0xdf,
    0xff, 0xff, 0xff, 0xf7, 0x3f, 0x50, 0x0, 0x6d,
    0xf1, 0x0, 0x0, 0x0, 0x0, 0x0, 0x0, 0x0,
    0x0, 0x0, 0xf, 0xc1, 0x0, 0x18, 0xf2, 0x0,
    0x0, 0x0, 0x0, 0x0, 0x0, 0x0, 0x0, 0x0,
    0x7, 0xff, 0xff, 0xff, 0x80, 0x0, 0x0, 0x0,
    0x0, 0x0, 0x0, 0x0, 0x0, 0x0, 0x0, 0x13,
    0x33, 0x30, 0x0, 0x0, 0x0, 0x0, 0x0, 0x0,
    0x0, 0x0, 0x0, 0x0, 0x0, 0xe, 0x5e, 0x50,
    0x0, 0x0, 0x0, 0x0, 0x0, 0x0, 0x0, 0x0,
    0x0, 0x0, 0x0, 0x8, 0x28, 0x20, 0x0, 0x0,
    0x0, 0x0, 0x0, 0x0, 0x0, 0x0, 0x0, 0x0,

    /* U+FDB8 "ﶸ" */
    0x0, 0x0, 0x0, 0x0, 0x0, 0x0, 0x0, 0x0,
    0x8b, 0x0, 0x0, 0x0, 0x0, 0x0, 0x0, 0x0,
    0x0, 0x4, 0x60, 0x0, 0x0, 0x0, 0x0, 0x0,
    0x0, 0x0, 0x0, 0x0, 0x0, 0x3d, 0xfe, 0x80,
    0x1, 0xcf, 0xfa, 0x0, 0x3, 0xf5, 0x1, 0x63,
    0x7f, 0x50, 0x7, 0x35, 0xf7, 0x0, 0x3f, 0x50,
    0x0, 0x0, 0xe9, 0x0, 0x0, 0xc, 0xc0, 0x3,
    0xf5, 0x0, 0x0, 0xa, 0xd0, 0x0, 0x0, 0x8f,
    0x0, 0x3f, 0x50, 0x44, 0x44, 0x8f, 0x64, 0x44,
    0x46, 0xf8, 0x46, 0xf5, 0x2f, 0xff, 0xff, 0xff,
    0xff, 0xff, 0xff, 0xff, 0xff, 0x50, 0x0, 0x0,
    0x0, 0x0, 0x0, 0x0, 0x0, 0x0, 0x0, 0x0,
    0x0, 0x0, 0x0, 0x0, 0x46, 0x0, 0x0, 0x0,
    0x0, 0x0, 0x0, 0x0, 0x0, 0x8, 0xb0, 0x0,
    0x0, 0x0,

    /* U+FDB9 "ﶹ" */
    0x0, 0x0, 0x0, 0x0, 0x0, 0x0, 0x4, 0xe0,
    0x0, 0x0, 0x0, 0x0, 0x0, 0x0, 0x0, 0x0,
    0x0, 0x0, 0x0, 0x0, 0x28, 0x0, 0x0, 0x0,
    0x0, 0x0, 0x0, 0x0, 0x0, 0x0, 0x0, 0x0,
    0x0, 0x0, 0x0, 0x0, 0x0, 0x0, 0x0, 0x0,
    0x0, 0x0, 0x0, 0x0, 0x0, 0x0, 0x5, 0xef,
    0xf7, 0x0, 0x3, 0xbf, 0xf8, 0x0, 0x0, 0x0,
    0x0, 0x0, 0x0, 0x0, 0x39, 0x39, 0xf3, 0x0,
    0xbd, 0x47, 0xf5, 0x0, 0x0, 0x0, 0x9, 0xff,
    0x50, 0x0, 0x0, 0x1f, 0x70, 0xf, 0x80, 0xe,
    0xa0, 0x0, 0x0, 0x9, 0xf6, 0xaf, 0x30, 0x0,
    0x0, 0xcb, 0x0, 0xe8, 0x0, 0xf9, 0x0, 0xf7,
    0x0, 0xf8, 0x0, 0xbe, 0x64, 0x44, 0x49, 0xf5,
    0x4c, 0xc4, 0xbf, 0xb3, 0x2f, 0x50, 0xd, 0xfa,
    0x30, 0xaf, 0xff, 0xff, 0xff, 0xff, 0xff, 0xfd,
    0x7b, 0xc3, 0xf5, 0x0, 0x6, 0xdf, 0x10, 0x0,
    0x0, 0x0, 0x0, 0x0, 0x0, 0x0, 0x0, 0xf,
    0xc1, 0x0, 0x18, 0xf2, 0x0, 0x0, 0x0, 0x0,
    0x0, 0x0, 0x0, 0x0, 0x0, 0x7f, 0xff, 0xff,
    0xf8, 0x0, 0x0, 0x0, 0x0, 0x0, 0x0, 0x0,
    0x0, 0x0, 0x0, 0x13, 0x33, 0x30, 0x0, 0x0,
    0x0, 0x0, 0x0, 0x0, 0x0, 0x0, 0x0, 0x0,
    0x0, 0xe5, 0xe5, 0x0, 0x0, 0x0, 0x0, 0x0,
    0x0, 0x0, 0x0, 0x0, 0x0, 0x0, 0x8, 0x28,
    0x20, 0x0, 0x0, 0x0, 0x0, 0x0, 0x0, 0x0,
    0x0, 0x0, 0x0,

    /* U+FDBA "ﶺ" */
    0x0, 0x0, 0x0, 0x0, 0x0, 0x0, 0x0, 0x0,
    0xb, 0xd0, 0x0, 0x0, 0x0, 0x0, 0x0, 0x0,
    0x0, 0x0, 0xbd, 0x0, 0x0, 0x0, 0x0, 0x0,
    0x0, 0x0, 0x0, 0xb, 0xd0, 0x3, 0xcf, 0xf8,
    0x0, 0x7e, 0xfe, 0x50, 0x0, 0xbd, 0x0, 0xcc,
    0x48, 0xf5, 0x4, 0x54, 0xcf, 0x0, 0xb, 0xd0,
    0xf, 0x70, 0xf, 0x90, 0x0, 0x4, 0xf3, 0x0,
    0xbd, 0x0, 0xf7, 0x1, 0xf8, 0x0, 0x0, 0x1f,
    0x70, 0xb, 0xd0, 0x4d, 0xc4, 0xbf, 0xb4, 0x44,
    0x44, 0xcd, 0x44, 0xcd, 0x2f, 0xff, 0xfd, 0x6c,
    0xff, 0xff, 0xff, 0xff, 0xff, 0xd0, 0x0, 0x0,
    0x0, 0x0, 0x0, 0x0, 0x0, 0x0, 0x0, 0x0,
    0x0, 0x0, 0x0, 0x0, 0x9, 0x10, 0x0, 0x0,
    0x0, 0x0, 0x0, 0x0, 0x0, 0x1, 0xf3, 0x0,
    0x0, 0x0,

    /* U+FDBB "ﶻ" */
    0x0, 0x0, 0x0, 0x0, 0x0, 0x0, 0x0, 0x0,
    0x0, 0x0, 0x77, 0x0, 0x0, 0x0, 0x0, 0x0,
    0x0, 0x0, 0x0, 0x0, 0x0, 0x2, 0xdf, 0x90,
    0x0, 0x0, 0x0, 0x0, 0x0, 0x0, 0x0, 0x0,
    0x0, 0x1, 0xed, 0x30, 0x0, 0x0, 0x0, 0x0,
    0x0, 0x0, 0x0, 0x0, 0x0, 0x0, 0xbe, 0x10,
    0x0, 0x0, 0x0, 0x3c, 0xff, 0x70, 0x0, 0x6d,
    0xfd, 0x40, 0xf, 0xff, 0xe8, 0x0, 0x0, 0xc,
    0xc4, 0x8f, 0x50, 0x1f, 0x94, 0xce, 0x0, 0x33,
    0x4a, 0xf6, 0x0, 0x0, 0xf7, 0x0, 0xf9, 0x5,
    0xf2, 0x5, 0xf4, 0x0, 0x0, 0xf, 0x90, 0x0,
    0xf, 0x70, 0x1f, 0x80, 0x4f, 0x20, 0x6f, 0x30,
    0x0, 0x0, 0xf9, 0x0, 0x1, 0xdc, 0x4b, 0xfb,
    0x45, 0xf8, 0x5e, 0xf7, 0x44, 0x44, 0x4f, 0xb4,
    0x0, 0xef, 0xff, 0xd6, 0xcf, 0xff, 0xff, 0xb7,
    0xef, 0xff, 0xff, 0xff, 0xf3, 0x3f, 0x60, 0x0,
    0x0, 0x0, 0x0, 0x0, 0x0, 0x0, 0x0, 0x0,
    0x0, 0x3, 0xf4, 0x0, 0x0, 0x0, 0x0, 0x0,
    0x0, 0x0, 0x0, 0x0, 0x0, 0x0, 0x3f, 0x40,
    0x0, 0x0, 0x0, 0x0, 0x0, 0x0, 0x0, 0x0,
    0x0, 0x0, 0x2, 0xd4, 0x0, 0x0, 0x0, 0x0,
    0x0, 0x0, 0x0, 0x0, 0x0, 0x0, 0x0,

    /* U+FDBC "ﶼ" */
    0x0, 0x0, 0x0, 0x0, 0x0, 0x0, 0x0, 0x0,
    0xb, 0xd0, 0x0, 0x0, 0x0, 0x0, 0x0, 0x0,
    0x0, 0x0, 0x0, 0xbd, 0x0, 0x0, 0x0, 0x0,
    0x0, 0x0, 0x0, 0x0, 0x0, 0xb, 0xd0, 0x0,
    0x3, 0xcf, 0xf8, 0x0, 0x7e, 0xfe, 0x50, 0x0,
    0xbd, 0x0, 0x0, 0xcc, 0x48, 0xf5, 0x4, 0x64,
    0xcf, 0x0, 0xb, 0xd0, 0x0, 0xf, 0x70, 0xf,
    0x90, 0x0, 0x4, 0xf4, 0x0, 0xbd, 0x0, 0x0,
    0xf7, 0x1, 0xf8, 0x0, 0x0, 0xf, 0x80, 0xb,
    0xd0, 0x0, 0x1d, 0xc4, 0xbf, 0xb4, 0x44, 0x44,
    0xce, 0x44, 0xce, 0x41, 0xe, 0xff, 0xfd, 0x6c,
    0xff, 0xff, 0xff, 0xff, 0xff, 0xff, 0x73, 0xf6,
    0x0, 0x0, 0x0, 0x0, 0x0, 0x0, 0x0, 0x0,
    0x0, 0x3f, 0x40, 0x0, 0x0, 0x0, 0x9, 0x10,
    0x0, 0x0, 0x0, 0x3, 0xf4, 0x0, 0x0, 0x0,
    0x1, 0xe3, 0x0, 0x0, 0x0, 0x0, 0x2d, 0x40,
    0x0, 0x0, 0x0, 0x0, 0x0, 0x0, 0x0, 0x0,
    0x0,

    /* U+FDBD "ﶽ" */
    0x0, 0x0, 0x0, 0x0, 0x0, 0x0, 0x0, 0x1,
    0xf3, 0x0, 0x0, 0x0, 0x0, 0x0, 0x0, 0x0,
    0x0, 0x0, 0x81, 0x0, 0x0, 0x0, 0x0, 0x0,
    0x0, 0x0, 0x0, 0x0, 0x0, 0x0, 0x2b, 0xef,
    0xb2, 0x0, 0x8e, 0xfd, 0x40, 0x0, 0xcc, 0x0,
    0x9, 0x44, 0xeb, 0x0, 0x44, 0x3c, 0xe0, 0x0,
    0xcc, 0x0, 0x0, 0x0, 0x6f, 0x10, 0x0, 0x4,
    0xf3, 0x0, 0xcc, 0x0, 0x0, 0x0, 0x3f, 0x50,
    0x0, 0x1, 0xf7, 0x0, 0xcc, 0x0, 0x0, 0x3b,
    0xff, 0xd4, 0x44, 0x44, 0xdd, 0x44, 0xdd, 0x41,
    0x7, 0xfa, 0x32, 0xcf, 0xff, 0xff, 0xff, 0xff,
    0xff, 0xf6, 0x3f, 0x70, 0x0, 0x0, 0x0, 0x0,
    0x0, 0x0, 0x0, 0x0, 0x6f, 0x10, 0x0, 0x0,
    0x0, 0x91, 0x0, 0x0, 0x0, 0x0, 0x5f, 0x81,
    0x21, 0x0, 0x2, 0xf2, 0x0, 0x0, 0x0, 0x0,
    0xb, 0xff, 0xf6, 0x0, 0x0, 0x0, 0x0, 0x0,
    0x0, 0x0, 0x0, 0x23, 0x10, 0x0, 0x0, 0x0,
    0x0, 0x0, 0x0, 0x0,

    /* U+FDBE "ﶾ" */
    0x0, 0x0, 0x0, 0x0, 0x0, 0x0, 0x0, 0x0,
    0x0, 0x0, 0x0, 0x0, 0x0, 0x0, 0x0, 0x0,
    0x0, 0x0, 0x0, 0x4, 0xef, 0xf8, 0x0, 0x3d,
    0xff, 0xa0, 0x0, 0x0, 0x0, 0x0, 0x0, 0x0,
    0x0, 0x4a, 0x49, 0xf3, 0x1, 0xb4, 0x8f, 0x60,
    0x0, 0x0, 0x0, 0x9, 0xff, 0x50, 0x0, 0x0,
    0x1f, 0x70, 0x0, 0x0, 0xea, 0x0, 0x0, 0x0,
    0x9, 0xf6, 0xaf, 0x30, 0x0, 0x0, 0xcb, 0x0,
    0x0, 0xa, 0xe0, 0x0, 0xf7, 0x0, 0xf8, 0x0,
    0xbe, 0x64, 0x44, 0x49, 0xf5, 0x44, 0x44, 0x7f,
    0x71, 0x2f, 0x50, 0xd, 0xfa, 0x30, 0xaf, 0xff,
    0xff, 0xff, 0xff, 0xff, 0xff, 0xff, 0x53, 0xf5,
    0x0, 0x6, 0xdf, 0x10, 0x0, 0x0, 0x0, 0x0,
    0x0, 0x0, 0x0, 0x0, 0xf, 0xc1, 0x0, 0x18,
    0xf2, 0x0, 0x0, 0x0, 0x0, 0x0, 0x3, 0x30,
    0x0, 0x0, 0x7f, 0xff, 0xff, 0xf8, 0x0, 0x0,
    0x0, 0x0, 0x0, 0x0, 0xba, 0x0, 0x0, 0x0,
    0x13, 0x33, 0x30, 0x0, 0x0, 0x0, 0x0, 0x0,
    0x0, 0x1, 0x10, 0x0, 0x0, 0x0, 0xe5, 0xe5,
    0x0, 0x0, 0x0, 0x0, 0x0, 0x0, 0x0, 0x0,
    0x0, 0x0, 0x0, 0x8, 0x28, 0x20, 0x0, 0x0,
    0x0, 0x0, 0x0, 0x0, 0x0, 0x0, 0x0, 0x0,

    /* U+FDBF "ﶿ" */
    0x0, 0x0, 0x0, 0x0, 0x0, 0x0, 0x0, 0x0,
    0x0, 0x0, 0x0, 0x0, 0x0, 0x0, 0x0, 0x0,
    0x0, 0x0, 0x0, 0x4, 0xef, 0xf8, 0x0, 0x3d,
    0xff, 0xa0, 0x0, 0x0, 0x0, 0x0, 0x0, 0x0,
    0x0, 0x4a, 0x49, 0xf3, 0x1, 0xb4, 0x8f, 0x60,
    0x0, 0x0, 0x0, 0x9, 0xff, 0x50, 0x0, 0x0,
    0x1f, 0x70, 0x0, 0x0, 0xea, 0x0, 0x0, 0x0,
    0x9, 0xf6, 0xaf, 0x30, 0x0, 0x0, 0xcb, 0x0,
    0x0, 0xa, 0xe0, 0x0, 0xf7, 0x0, 0xf8, 0x0,
    0xbe, 0x64, 0x44, 0x49, 0xf5, 0x44, 0x44, 0x7f,
    0x71, 0x2f, 0x50, 0xd, 0xfa, 0x30, 0xaf, 0xff,
    0xff, 0xff, 0xff, 0xff, 0xff, 0xff, 0x53, 0xf5,
    0x0, 0x6, 0xdf, 0x10, 0x0, 0x0, 0x0, 0x0,
    0x0, 0x0, 0x0, 0x0, 0xf, 0xc1, 0x0, 0x18,
    0xf2, 0x0, 0x0, 0x42, 0x0, 0x0, 0x0, 0x0,
    0x0, 0x0, 0x7f, 0xff, 0xff, 0xf8, 0x0, 0x0,
    0xe, 0x80, 0x0, 0x0, 0x0, 0x0, 0x0, 0x0,
    0x13, 0x33, 0x30, 0x0, 0x0, 0x0, 0x10, 0x0,
    0x0, 0x0, 0x0, 0x0, 0x0, 0x0, 0xe5, 0xe5,
    0x0, 0x0, 0x0, 0x0, 0x0, 0x0, 0x0, 0x0,
    0x0, 0x0, 0x0, 0x8, 0x28, 0x20, 0x0, 0x0,
    0x0, 0x0, 0x0, 0x0, 0x0, 0x0, 0x0, 0x0,

    /* U+FDC0 "ﷀ" */
    0x0, 0x0, 0x0, 0x0, 0x0, 0x0, 0x0, 0x0,
    0x0, 0x0, 0x0, 0x0, 0x0, 0x0, 0x0, 0x0,
    0x0, 0x0, 0x0, 0x5, 0xef, 0xf7, 0x0, 0x3,
    0xbf, 0xf8, 0x0, 0x0, 0x0, 0x0, 0x0, 0x0,
    0x0, 0x39, 0x39, 0xf3, 0x0, 0xbd, 0x47, 0xf5,
    0x0, 0x0, 0x0, 0x9, 0xff, 0x50, 0x0, 0x0,
    0x1f, 0x70, 0xf, 0x80, 0xe, 0xa0, 0x0, 0x0,
    0x9, 0xf6, 0xaf, 0x30, 0x0, 0x0, 0xcb, 0x0,
    0xe8, 0x0, 0xf9, 0x0, 0xf7, 0x0, 0xf8, 0x0,
    0xbe, 0x64, 0x44, 0x49, 0xf5, 0x4c, 0xc4, 0xbf,
    0xb3, 0x2f, 0x50, 0xd, 0xfa, 0x30, 0xaf, 0xff,
    0xff, 0xff, 0xff, 0xff, 0xfd, 0x7b, 0xc3, 0xf5,
    0x0, 0x6, 0xdf, 0x10, 0x0, 0x0, 0x0, 0x0,
    0x0, 0x0, 0x0, 0x0, 0xf, 0xc1, 0x0, 0x18,
    0xf2, 0x0, 0x0, 0x42, 0x0, 0x0, 0x0, 0x0,
    0x0, 0x0, 0x7f, 0xff, 0xff, 0xf8, 0x0, 0x0,
    0xe, 0x80, 0x0, 0x0, 0x0, 0x0, 0x0, 0x0,
    0x13, 0x33, 0x30, 0x0, 0x0, 0x0, 0x10, 0x0,
    0x0, 0x0, 0x0, 0x0, 0x0, 0x0, 0xe5, 0xe5,
    0x0, 0x0, 0x0, 0x0, 0x0, 0x0, 0x0, 0x0,
    0x0, 0x0, 0x0, 0x8, 0x28, 0x20, 0x0, 0x0,
    0x0, 0x0, 0x0, 0x0, 0x0, 0x0, 0x0, 0x0,

    /* U+FDC1 "ﷁ" */
    0x0, 0x0, 0x0, 0x0, 0x0, 0x0, 0x0, 0x0,
    0x0, 0x0, 0x0, 0x47, 0x0, 0x0, 0x0, 0x0,
    0x0, 0x0, 0x0, 0x0, 0x0, 0x0, 0x0, 0x0,
    0x0, 0x7c, 0x0, 0x0, 0x0, 0x0, 0x0, 0x0,
    0x0, 0x0, 0x0, 0x0, 0x0, 0x0, 0x0, 0x0,
    0x0, 0x0, 0x0, 0x0, 0x0, 0x0, 0x0, 0x0,
    0x4, 0xcf, 0xe6, 0x0, 0x3, 0xcf, 0xff, 0x0,
    0x0, 0x0, 0x0, 0x0, 0x0, 0x0, 0xe, 0xb4,
    0xaf, 0x30, 0xe, 0xd5, 0xaf, 0x0, 0x0, 0x0,
    0x0, 0x9f, 0xf5, 0x0, 0x1f, 0x50, 0x1f, 0x70,
    0x4f, 0x50, 0x8f, 0x0, 0x0, 0x0, 0x9, 0xf6,
    0xaf, 0x30, 0x1f, 0x60, 0x3f, 0x70, 0x4f, 0x40,
    0x8f, 0x0, 0xf, 0x70, 0xf, 0x80, 0xb, 0xe6,
    0x4e, 0xa5, 0xcf, 0x94, 0x4f, 0xd5, 0xaf, 0x42,
    0x2f, 0x50, 0xd, 0xfa, 0x30, 0xaf, 0xff, 0xff,
    0xc6, 0xdf, 0xff, 0xff, 0xff, 0xf8, 0x3f, 0x50,
    0x0, 0x6d, 0xf1, 0x0, 0x0, 0x0, 0x0, 0x0,
    0x0, 0x0, 0x0, 0x0, 0xf, 0xc1, 0x0, 0x18,
    0xf2, 0x0, 0x0, 0x0, 0x0, 0x0, 0x0, 0x0,
    0x0, 0x0, 0x7, 0xff, 0xff, 0xff, 0x80, 0x0,
    0x0, 0x0, 0x0, 0x0, 0x0, 0x0, 0x0, 0x0,
    0x0, 0x13, 0x33, 0x30, 0x0, 0x0, 0x0, 0x0,
    0x0, 0x0, 0x0, 0x0, 0x0, 0x0, 0x0, 0xe,
    0x5e, 0x50, 0x0, 0x0, 0x0, 0x0, 0x0, 0x0,
    0x0, 0x0, 0x0, 0x0, 0x0, 0x8, 0x28, 0x20,
    0x0, 0x0, 0x0, 0x0, 0x0, 0x0, 0x0, 0x0,
    0x0, 0x0,

    /* U+FDC2 "ﷂ" */
    0x0, 0x0, 0x0, 0x0, 0x0, 0x0, 0x4d, 0xfe,
    0x70, 0x0, 0x7f, 0x10, 0x0, 0x0, 0x0, 0x0,
    0x0, 0x0, 0x39, 0x39, 0xf3, 0x0, 0x7f, 0x10,
    0x0, 0x0, 0x0, 0x9f, 0xf5, 0x0, 0x0, 0x0,
    0xf7, 0x0, 0x7f, 0x10, 0x0, 0x0, 0x9, 0xf6,
    0xaf, 0x30, 0x0, 0x0, 0xcb, 0x0, 0x7f, 0x10,
    0xf, 0x70, 0xf, 0x80, 0xb, 0xe6, 0x44, 0x44,
    0x9f, 0x54, 0x9f, 0x52, 0x2f, 0x50, 0xd, 0xfa,
    0x30, 0xaf, 0xff, 0xff, 0xff, 0xff, 0xff, 0xfb,
    0x3f, 0x50, 0x0, 0x6d, 0xf1, 0x0, 0x0, 0x0,
    0x0, 0x0, 0x0, 0x0, 0xf, 0xc1, 0x0, 0x18,
    0xf2, 0x0, 0x0, 0x0, 0x0, 0x0, 0x23, 0x0,
    0x7, 0xff, 0xff, 0xff, 0x80, 0x0, 0x0, 0x0,
    0x0, 0x0, 0xab, 0x0, 0x0, 0x13, 0x33, 0x30,
    0x0, 0x0, 0x0, 0x0, 0x0, 0x0, 0x11, 0x0,
    0x0, 0xe, 0x5e, 0x50, 0x0, 0x0, 0x0, 0x0,
    0x0, 0x0, 0x0, 0x0, 0x0, 0x8, 0x28, 0x20,
    0x0, 0x0, 0x0, 0x0, 0x0, 0x0, 0x0, 0x0,

    /* U+FDC3 "ﷃ" */
    0x0, 0x0, 0x0, 0x0, 0x0, 0x0, 0x0, 0x0,
    0x0, 0x0, 0x77, 0x0, 0x0, 0x0, 0x0, 0x0,
    0x0, 0x0, 0x0, 0x0, 0x2, 0xdf, 0x90, 0x0,
    0x0, 0x0, 0x0, 0x0, 0x0, 0x0, 0x0, 0x1,
    0xed, 0x30, 0x0, 0x0, 0x0, 0x0, 0x0, 0x0,
    0x0, 0x0, 0x0, 0xbd, 0x10, 0x0, 0x0, 0x3c,
    0xff, 0x80, 0x0, 0x7d, 0xfd, 0x30, 0xf, 0xff,
    0xe8, 0x0, 0xc, 0xc4, 0x8f, 0x50, 0x2f, 0x94,
    0xce, 0x0, 0x33, 0x4a, 0xf6, 0x0, 0xf7, 0x0,
    0xf9, 0x5, 0xf1, 0x5, 0xf3, 0x0, 0x0, 0xf,
    0x90, 0xf, 0x70, 0x1f, 0x80, 0x5f, 0x20, 0x6f,
    0x20, 0x0, 0x0, 0xf9, 0x4, 0xdc, 0x4b, 0xfb,
    0x45, 0xf7, 0x6e, 0xf7, 0x44, 0x44, 0x4f, 0x92,
    0xff, 0xff, 0xd6, 0xcf, 0xff, 0xff, 0xb7, 0xef,
    0xff, 0xff, 0xf9,

    /* U+FDC4 "ﷄ" */
    0x0, 0x0, 0x0, 0x0, 0x0, 0x0, 0x0, 0x0,
    0x0, 0x0, 0x0, 0x0, 0x3c, 0xff, 0x80, 0x7,
    0xef, 0xe5, 0x0, 0x4, 0xdf, 0xf7, 0x0, 0xcc,
    0x48, 0xf5, 0x4, 0x54, 0xcf, 0x0, 0x1f, 0xc4,
    0x53, 0x0, 0xf7, 0x0, 0xf9, 0x0, 0x0, 0x4f,
    0x30, 0x5f, 0x30, 0x0, 0x0, 0xf7, 0x1, 0xf8,
    0x0, 0x0, 0x1f, 0x70, 0x3f, 0x40, 0x0, 0x4,
    0xdc, 0x4b, 0xfb, 0x44, 0x44, 0x4c, 0xd4, 0x4d,
    0xd5, 0x43, 0x2f, 0xff, 0xfd, 0x6c, 0xff, 0xff,
    0xff, 0xff, 0xff, 0xff, 0xfe, 0x0, 0x0, 0x0,
    0x0, 0x0, 0x0, 0x0, 0x0, 0x0, 0x0, 0x0,
    0x0, 0x0, 0x0, 0x0, 0x0, 0x9, 0x10, 0x0,
    0x0, 0x0, 0x0, 0x0, 0x0, 0x0, 0x0, 0x0,
    0x1f, 0x30, 0x0, 0x0, 0x0, 0x0,

    /* U+FDC5 "ﷅ" */
    0x0, 0x2a, 0xed, 0x60, 0x0, 0x5c, 0xeb, 0x20,
    0x4, 0xe3, 0x4c, 0xec, 0x40, 0x0, 0xcc, 0x27,
    0xf4, 0x1, 0xf7, 0x2b, 0xe0, 0x5, 0xf8, 0xc3,
    0x2b, 0xf1, 0x0, 0xf7, 0x0, 0xf9, 0x5, 0xf1,
    0x5, 0xf3, 0x5, 0xfd, 0x0, 0x3, 0xf5, 0x0,
    0xf7, 0x1, 0xf8, 0x5, 0xf2, 0x7, 0xf2, 0x5,
    0xf5, 0x0, 0x2, 0xf6, 0x4, 0xdc, 0x4b, 0xfb,
    0x45, 0xf7, 0x6e, 0xf7, 0x48, 0xf6, 0x44, 0x46,
    0xf6, 0x2f, 0xff, 0xfd, 0x6c, 0xff, 0xff, 0xfb,
    0x7e, 0xff, 0xff, 0xff, 0xff, 0xf6,

    /* U+FDC6 "ﷆ" */
    0x0, 0x0, 0x0, 0x0, 0x0, 0x0, 0x4, 0xe0,
    0x0, 0x0, 0x0, 0x0, 0x0, 0x0, 0x0, 0x0,
    0x0, 0x0, 0x0, 0x0, 0x0, 0x0, 0x2, 0x80,
    0x0, 0x0, 0x0, 0x0, 0x0, 0x0, 0x0, 0x0,
    0x0, 0x0, 0x0, 0x0, 0x0, 0x0, 0x0, 0x0,
    0x0, 0x0, 0x0, 0x0, 0x0, 0x0, 0x0, 0x0,
    0x0, 0x0, 0x0, 0x0, 0x0, 0x0, 0x4d, 0xfe,
    0x70, 0x0, 0x0, 0x0, 0x0, 0x0, 0xf9, 0x0,
    0x0, 0x0, 0x0, 0x0, 0x0, 0x0, 0x39, 0x39,
    0xf3, 0x0, 0x7f, 0x10, 0x9e, 0x0, 0xf9, 0x0,
    0x0, 0x0, 0x0, 0x9f, 0xf5, 0x0, 0x0, 0x0,
    0xf7, 0x0, 0x7f, 0x10, 0x9e, 0x0, 0xf9, 0x0,
    0x0, 0x0, 0x9, 0xf6, 0xaf, 0x30, 0x0, 0x0,
    0xcb, 0x0, 0x7f, 0x10, 0xae, 0x0, 0xf9, 0x0,
    0xf, 0x70, 0xf, 0x80, 0xb, 0xe6, 0x44, 0x44,
    0x9f, 0x54, 0x9f, 0x55, 0xef, 0x74, 0xfb, 0x40,
    0x2f, 0x50, 0xd, 0xfa, 0x30, 0xaf, 0xff, 0xff,
    0xff, 0xff, 0xff, 0xff, 0xc5, 0xdf, 0xff, 0xf3,
    0x3f, 0x50, 0x0, 0x6d, 0xf1, 0x0, 0x0, 0x0,
    0x0, 0x0, 0x0, 0x0, 0x0, 0x0, 0x0, 0x0,
    0xf, 0xc1, 0x0, 0x18, 0xf2, 0x0, 0x0, 0x0,
    0x0, 0x0, 0x0, 0x0, 0x0, 0x0, 0x0, 0x0,
    0x7, 0xff, 0xff, 0xff, 0x80, 0x0, 0x0, 0x0,
    0x0, 0x0, 0x0, 0x0, 0x0, 0x0, 0x0, 0x0,
    0x0, 0x13, 0x33, 0x30, 0x0, 0x0, 0x0, 0x0,
    0x0, 0x0, 0x0, 0x0, 0x0, 0x0, 0x0, 0x0,
    0x0, 0xe, 0x5e, 0x50, 0x0, 0x0, 0x0, 0x0,
    0x0, 0x0, 0x0, 0x0, 0x0, 0x0, 0x0, 0x0,
    0x0, 0x8, 0x28, 0x20, 0x0, 0x0, 0x0, 0x0,
    0x0, 0x0, 0x0, 0x0, 0x0, 0x0, 0x0, 0x0,

    /* U+FDC7 "ﷇ" */
    0x0, 0x0, 0x0, 0x0, 0x0, 0x0, 0x0, 0x0,
    0x0, 0x0, 0xc7, 0x0, 0x0, 0x0, 0x0, 0x0,
    0x0, 0x0, 0x0, 0x0, 0x0, 0x0, 0x73, 0x0,
    0x0, 0x0, 0x0, 0x0, 0x0, 0x0, 0x0, 0x0,
    0x0, 0x0, 0x0, 0x0, 0x0, 0x0, 0x0, 0x0,
    0x0, 0x0, 0x4d, 0xfe, 0x70, 0x0, 0x7f, 0x10,
    0x0, 0x0, 0x0, 0x0, 0x0, 0x0, 0x39, 0x39,
    0xf3, 0x0, 0x7f, 0x10, 0x0, 0x0, 0x0, 0x9f,
    0xf5, 0x0, 0x0, 0x0, 0xf7, 0x0, 0x7f, 0x10,
    0x0, 0x0, 0x9, 0xf6, 0xaf, 0x30, 0x0, 0x0,
    0xcb, 0x0, 0x7f, 0x10, 0xf, 0x70, 0xf, 0x80,
    0xb, 0xe6, 0x44, 0x44, 0x9f, 0x54, 0x9f, 0x52,
    0x2f, 0x50, 0xd, 0xfa, 0x30, 0xaf, 0xff, 0xff,
    0xff, 0xff, 0xff, 0xfb, 0x3f, 0x50, 0x0, 0x6d,
    0xf1, 0x0, 0x0, 0x0, 0x0, 0x0, 0x0, 0x0,
    0xf, 0xc1, 0x0, 0x18, 0xf2, 0x0, 0x0, 0x42,
    0x0, 0x0, 0x0, 0x0, 0x7, 0xff, 0xff, 0xff,
    0x80, 0x0, 0x0, 0xe8, 0x0, 0x0, 0x0, 0x0,
    0x0, 0x13, 0x33, 0x30, 0x0, 0x0, 0x0, 0x10,
    0x0, 0x0, 0x0, 0x0, 0x0, 0xe, 0x5e, 0x50,
    0x0, 0x0, 0x0, 0x0, 0x0, 0x0, 0x0, 0x0,
    0x0, 0x8, 0x28, 0x20, 0x0, 0x0, 0x0, 0x0,
    0x0, 0x0, 0x0, 0x0,

    /* U+FDCF "﷏" */
    0x0, 0x40, 0x3, 0x0, 0x4, 0x0, 0x4, 0x10,
    0x15, 0x2, 0x42, 0x30, 0xa1, 0x54, 0x0, 0x0,
    0x34, 0x0, 0x3d, 0x1c, 0x0, 0x0, 0x1, 0x6a,
    0x52, 0x94, 0x2b, 0xb2, 0x12, 0x26, 0x57, 0x8a,
    0xa9, 0x87, 0xb5, 0xeb, 0xba, 0x64, 0x40, 0x1,
    0x0, 0x0, 0x7, 0x8, 0x70, 0x25, 0x1, 0x40,
    0x60, 0x14, 0x51, 0x60, 0x10, 0xbb, 0xbb, 0xbb,
    0xbb, 0xbb, 0xbe, 0xa5, 0x0, 0x0, 0x0, 0x0,
    0x43, 0x0, 0x0, 0x0, 0x0, 0x0, 0x0, 0x2,
    0x10, 0x0, 0x0,

    /* U+FDF0 "ﷰ" */
    0x0, 0x0, 0x0, 0x9f, 0x0, 0x0, 0x0, 0x0,
    0x0, 0x0, 0x0, 0x0, 0x9, 0xf0, 0x0, 0x0,
    0x0, 0x0, 0x0, 0x0, 0x0, 0x0, 0x9f, 0x0,
    0x0, 0x0, 0x0, 0x0, 0x0, 0x0, 0x0, 0x9,
    0xf0, 0x2, 0xe5, 0x2b, 0xed, 0x60, 0x0, 0x0,
    0x0, 0x9f, 0x0, 0x2f, 0x8d, 0x42, 0x8f, 0x30,
    0x0, 0x0, 0x9, 0xf0, 0x2, 0xfe, 0x20, 0x0,
    0xf8, 0x0, 0x0, 0x0, 0x9f, 0x0, 0x2f, 0x80,
    0x0, 0xf, 0x90, 0x2, 0x44, 0x4a, 0xf4, 0x45,
    0xf8, 0x44, 0x44, 0xf9, 0xa, 0xff, 0xff, 0xff,
    0xff, 0xff, 0xff, 0xff, 0xff, 0x95, 0xf6, 0x0,
    0x0, 0x0, 0x0, 0x0, 0x0, 0x0, 0x0, 0x6f,
    0x30, 0x0, 0x0, 0x0, 0x0, 0x0, 0x0, 0x0,
    0x1, 0xef, 0xff, 0xff, 0xf3, 0x0, 0x0, 0x0,
    0x0, 0x0, 0x0, 0x33, 0x33, 0x33, 0x0, 0x0,
    0x0, 0x0, 0x0, 0x0,

    /* U+FDF1 "ﷱ" */
    0x0, 0x0, 0x0, 0x9f, 0x0, 0x7, 0xc7, 0xc0,
    0x0, 0x0, 0x0, 0x9f, 0x0, 0x4, 0x73, 0x70,
    0x0, 0x0, 0x0, 0x9f, 0x0, 0x0, 0x0, 0x0,
    0x0, 0x0, 0x0, 0x9f, 0x0, 0x3, 0xcf, 0xff,
    0x0, 0x0, 0x0, 0x9f, 0x0, 0x1f, 0xd5, 0xaf,
    0x0, 0x0, 0x0, 0x9f, 0x0, 0x5f, 0x40, 0x9f,
    0x0, 0x0, 0x0, 0x9f, 0x0, 0x5f, 0x30, 0x9f,
    0x0, 0x24, 0x44, 0xaf, 0x44, 0x5f, 0xc5, 0xaf,
    0xa, 0xff, 0xff, 0xff, 0xff, 0xff, 0xff, 0xff,
    0x5f, 0x60, 0x0, 0x0, 0x0, 0x0, 0x0, 0x0,
    0x6f, 0x30, 0x0, 0x0, 0x0, 0x0, 0x0, 0x0,
    0x1e, 0xff, 0xff, 0xff, 0x30, 0x0, 0x0, 0x0,
    0x0, 0x33, 0x33, 0x33, 0x0, 0x0, 0x0, 0x0,

    /* U+FDF2 "ﷲ" */
    0x0, 0x0, 0x0, 0x0, 0x56, 0x0, 0x0, 0x0,
    0x0, 0x0, 0x0, 0x0, 0x0, 0x45, 0x0, 0x0,
    0x0, 0x0, 0x0, 0x0, 0x0, 0x0, 0x11, 0x30,
    0x0, 0x0, 0x0, 0x0, 0x0, 0x0, 0xb, 0x56,
    0xb0, 0x0, 0x0, 0x0, 0x0, 0x0, 0x0, 0xa,
    0xcb, 0xa0, 0x0, 0x0, 0xea, 0x0, 0x0, 0x0,
    0x0, 0x49, 0x0, 0x39, 0x10, 0xea, 0x0, 0x0,
    0x39, 0x20, 0x7f, 0x10, 0x6f, 0x20, 0xea, 0x1,
    0xaf, 0xff, 0x30, 0x7f, 0x10, 0x6f, 0x20, 0xea,
    0xd, 0xe5, 0x7f, 0x30, 0x7f, 0x10, 0x6f, 0x20,
    0xea, 0x2f, 0x70, 0x4f, 0x30, 0x7f, 0x10, 0x6f,
    0x20, 0xea, 0x2f, 0x60, 0x4f, 0x30, 0x7f, 0x10,
    0x6f, 0x20, 0xea, 0xd, 0xe5, 0x7f, 0x74, 0x9f,
    0x54, 0x8f, 0x20, 0xea, 0x2, 0xbf, 0xff, 0xff,
    0xff, 0xff, 0xff, 0x20, 0xea,

    /* U+FDF3 "ﷳ" */
    0x0, 0x0, 0x0, 0x0, 0x0, 0x0, 0x0, 0x0,
    0x0, 0x9, 0xa0, 0x0, 0x0, 0x0, 0x0, 0x0,
    0x0, 0x0, 0x0, 0x0, 0x1b, 0x0, 0x0, 0x0,
    0x0, 0x0, 0x0, 0x0, 0x0, 0x29, 0x10, 0x2d,
    0x92, 0x0, 0x0, 0x0, 0x0, 0x0, 0x0, 0x6,
    0xfd, 0x20, 0x5, 0x40, 0x0, 0x0, 0x0, 0x0,
    0x0, 0x0, 0x7f, 0x70, 0x0, 0xd, 0xb0, 0x0,
    0x0, 0x0, 0x0, 0x0, 0x3, 0xf6, 0x0, 0x0,
    0xd, 0xb0, 0x0, 0xc, 0xc0, 0x4, 0xf4, 0x8,
    0xff, 0xfb, 0x20, 0xd, 0xb0, 0x0, 0xc, 0xc0,
    0x4, 0xf4, 0x1, 0x33, 0x5e, 0xd0, 0xd, 0xb0,
    0x0, 0xc, 0xc0, 0x4, 0xf4, 0x0, 0x0, 0x8,
    0xf0, 0xd, 0xb0, 0x0, 0xc, 0xc0, 0x4, 0xf4,
    0x0, 0x0, 0x7, 0xf1, 0xd, 0xb0, 0x0, 0xc,
    0xd4, 0x47, 0xf7, 0x44, 0x44, 0x49, 0xf1, 0xd,
    0xb0, 0x0, 0xc, 0xff, 0xff, 0xff, 0xff, 0xff,
    0xff, 0xf1, 0xd, 0xb0, 0x0, 0xc, 0xc0, 0x0,
    0x0, 0x0, 0x0, 0x0, 0x0, 0x0, 0x0, 0x2,
    0x2f, 0x90, 0x1, 0x40, 0x0, 0x0, 0x0, 0x0,
    0x0, 0x0, 0x4f, 0xfe, 0x20, 0x7, 0xf0, 0x0,
    0x0, 0x0, 0x0, 0x0, 0x0, 0x1, 0x30, 0x0,
    0x0, 0x20, 0x0, 0x0, 0x0, 0x0, 0x0, 0x0,

    /* U+FDF4 "ﷴ" */
    0x0, 0x0, 0x0, 0x0, 0x0, 0x2, 0x20, 0x0,
    0x0, 0x0, 0x0, 0x0, 0x0, 0x0, 0x0, 0x0,
    0x0, 0x0, 0x0, 0x3b, 0x92, 0x0, 0x0, 0x0,
    0x0, 0x0, 0x0, 0x0, 0x0, 0x0, 0x0, 0x0,
    0x0, 0x1, 0x0, 0x0, 0x0, 0x0, 0x0, 0x0,
    0x0, 0x6, 0xa2, 0x0, 0x0, 0x0, 0x0, 0x0,
    0xb4, 0x7c, 0x0, 0x0, 0x49, 0x0, 0x0, 0x0,
    0xa7, 0x40, 0x0, 0x0, 0x0, 0x0, 0x8, 0x9a,
    0xa0, 0x0, 0x86, 0x10, 0x0, 0x0, 0xab, 0x60,
    0x0, 0xb, 0x30, 0x0, 0x0, 0x0, 0x0, 0x0,
    0x0, 0x0, 0x0, 0x0, 0x0, 0x0, 0x0, 0x1,
    0xef, 0x40, 0x0, 0x8, 0xef, 0xc2, 0x1, 0xdf,
    0xfa, 0x0, 0x1, 0x9f, 0xfb, 0x10, 0x1, 0xde,
    0x0, 0x4, 0xf7, 0x4d, 0xd0, 0x6, 0x36, 0xf8,
    0x0, 0x7f, 0x55, 0xfa, 0x0, 0x3, 0xf7, 0x0,
    0x7f, 0x0, 0x7f, 0x10, 0x0, 0xc, 0xc0, 0xa,
    0xc0, 0xa, 0xe0, 0x0, 0xc, 0xc0, 0x7, 0xf0,
    0x9, 0xf0, 0x0, 0x0, 0x8f, 0x0, 0xac, 0x0,
    0xcd, 0x14, 0x44, 0xaf, 0x44, 0x7f, 0x66, 0xff,
    0x64, 0x44, 0x46, 0xf8, 0x49, 0xf4, 0x8f, 0x77,
    0xff, 0xff, 0xff, 0xff, 0xff, 0xfa, 0x7e, 0xff,
    0xff, 0xff, 0xff, 0xff, 0xfe, 0x80,

    /* U+FDF5 "ﷵ" */
    0x0, 0x0, 0x0, 0x0, 0x0, 0x0, 0x0, 0x0,
    0xa, 0xe0, 0x0, 0x0, 0x0, 0x0, 0x0, 0x0,
    0x0, 0x0, 0x0, 0x0, 0x0, 0x0, 0x0, 0xa,
    0xe0, 0x0, 0x0, 0x0, 0x0, 0x0, 0x0, 0x0,
    0x0, 0x0, 0x0, 0x0, 0x0, 0x0, 0xa, 0xe0,
    0x0, 0x0, 0x0, 0x0, 0x0, 0x0, 0x2a, 0xed,
    0x60, 0x2, 0xae, 0xff, 0xd4, 0xa, 0xe0, 0x3,
    0xe4, 0x3b, 0xec, 0x50, 0x0, 0xcc, 0x26, 0xf4,
    0xc, 0xd2, 0x14, 0xf4, 0xa, 0xe0, 0x4, 0xf8,
    0xc4, 0x2a, 0xf2, 0x0, 0xf7, 0x0, 0xf9, 0x6,
    0xf3, 0x8, 0xe0, 0xa, 0xe0, 0x4, 0xfe, 0x10,
    0x1, 0xf6, 0x0, 0xf7, 0x1, 0xf8, 0x0, 0xce,
    0x8f, 0x50, 0xa, 0xe0, 0x4, 0xf6, 0x0, 0x1,
    0xf7, 0x1, 0xdc, 0x4b, 0xfb, 0x44, 0x7f, 0xfc,
    0x44, 0x4c, 0xe4, 0x47, 0xf7, 0x44, 0x45, 0xf7,
    0xe, 0xff, 0xfd, 0x6c, 0xff, 0xfb, 0x8d, 0xff,
    0xff, 0xff, 0xff, 0xff, 0xff, 0xff, 0xf7, 0x3f,
    0x60, 0x0, 0x0, 0x0, 0x0, 0x0, 0x0, 0x0,
    0x0, 0x0, 0x0, 0x0, 0x0, 0x0, 0x3f, 0x40,
    0x0, 0x0, 0x0, 0x0, 0x0, 0x0, 0x0, 0x0,
    0x0, 0x0, 0x0, 0x0, 0x0, 0x3f, 0x40, 0x0,
    0x0, 0x0, 0x0, 0x0, 0x0, 0x0, 0x0, 0x0,
    0x0, 0x0, 0x0, 0x0, 0x2d, 0x40, 0x0, 0x0,
    0x0, 0x0, 0x0, 0x0, 0x0, 0x0, 0x0, 0x0,
    0x0, 0x0, 0x0,

    /* U+FDF6 "ﷶ" */
    0x0, 0x0, 0x0, 0xcc, 0x0, 0x0, 0x0, 0x0,
    0x0, 0x0, 0x0, 0x0, 0x0, 0x0, 0x0, 0x0,
    0x0, 0x0, 0x0, 0xcc, 0x0, 0x0, 0x0, 0x0,
    0x0, 0x0, 0x0, 0x0, 0x0, 0x0, 0x0, 0x0,
    0x0, 0x0, 0x0, 0xcc, 0x0, 0x0, 0x0, 0x0,
    0x0, 0x0, 0x0, 0x0, 0x0, 0x0, 0x0, 0x0,
    0x0, 0x0, 0x0, 0xcc, 0x0, 0x19, 0xff, 0xf3,
    0x0, 0x10, 0x0, 0x10, 0x8, 0xf0, 0x0, 0xbc,
    0x0, 0x0, 0x0, 0xcc, 0x0, 0xbe, 0x68, 0xf3,
    0x0, 0xf8, 0x3, 0xf5, 0x8, 0xf0, 0x0, 0xbc,
    0x1, 0x10, 0x0, 0xcc, 0x1, 0xf7, 0x5, 0xf3,
    0x0, 0xf8, 0x3, 0xf5, 0x8, 0xf0, 0x0, 0xbc,
    0xe, 0x90, 0x0, 0xcc, 0x2, 0xf6, 0x5, 0xf3,
    0x0, 0xf8, 0x3, 0xf5, 0x8, 0xf0, 0x0, 0xbc,
    0x1f, 0x60, 0x0, 0xcc, 0x0, 0xed, 0x48, 0xf6,
    0x44, 0xfa, 0x4a, 0xfc, 0x4a, 0xf0, 0x0, 0xbc,
    0x3f, 0x50, 0x0, 0xcc, 0x0, 0x4d, 0xff, 0xff,
    0xff, 0xff, 0xfe, 0x79, 0xff, 0xf0, 0x0, 0xbc,
    0x2f, 0x60, 0x0, 0xdb, 0x0, 0x0, 0x5, 0xf2,
    0x0, 0x0, 0x0, 0x0, 0x0, 0x0, 0x0, 0xbc,
    0xd, 0xd2, 0x16, 0xf7, 0x0, 0x52, 0x1c, 0xf0,
    0x0, 0x0, 0x0, 0x0, 0x0, 0x0, 0x32, 0xfa,
    0x3, 0xef, 0xff, 0xb0, 0x1, 0xff, 0xff, 0x50,
    0x0, 0x0, 0x0, 0x0, 0x0, 0x4, 0xff, 0xe2,
    0x0, 0x3, 0x31, 0x0, 0x0, 0x3, 0x30, 0x0,
    0x0, 0x0, 0x0, 0x0, 0x0, 0x0, 0x13, 0x0,

    /* U+FDF7 "ﷷ" */
    0x0, 0x0, 0x0, 0x0, 0x0, 0x0, 0x0, 0xcc,
    0x0, 0x0, 0x0, 0x0, 0x0, 0x0, 0x0, 0x0,
    0x0, 0x0, 0x0, 0xcc, 0x0, 0x0, 0x0, 0x0,
    0x0, 0x0, 0x38, 0x20, 0x0, 0x0, 0x0, 0xcc,
    0x0, 0x0, 0x0, 0x0, 0x1, 0xaf, 0xff, 0x30,
    0x8, 0xf0, 0x0, 0xcc, 0x0, 0x9, 0xff, 0xe0,
    0xd, 0xe5, 0x7f, 0x30, 0x8, 0xf0, 0x0, 0xcc,
    0x0, 0x9f, 0x64, 0x60, 0x2f, 0x70, 0x4f, 0x30,
    0x8, 0xf0, 0x0, 0xcc, 0x0, 0xda, 0x0, 0x0,
    0x2f, 0x60, 0x4f, 0x30, 0x8, 0xf0, 0x0, 0xcc,
    0x0, 0xcb, 0x0, 0x0, 0xd, 0xe5, 0x7f, 0x74,
    0x4a, 0xf4, 0x44, 0xdd, 0x44, 0x8f, 0x74, 0x41,
    0x2, 0xbf, 0xff, 0xff, 0xff, 0xff, 0xff, 0xff,
    0xff, 0xff, 0xff, 0xf5, 0x0, 0x0, 0x0, 0x0,
    0x0, 0x0, 0x0, 0x0, 0x0, 0x0, 0x0, 0x0,
    0x0, 0x0, 0x0, 0x0, 0xa9, 0x9a, 0x0, 0x0,
    0x0, 0x0, 0x0, 0x0, 0x0, 0x0, 0x0, 0x0,
    0x65, 0x55, 0x0, 0x0, 0x0, 0x0, 0x0, 0x0,

    /* U+FDF8 "ﷸ" */
    0x0, 0x0, 0x0, 0x0, 0x0, 0xea, 0x0, 0x0,
    0x0, 0x0, 0x0, 0x0, 0x0, 0x0, 0x0, 0x0,
    0x0, 0x0, 0x0, 0x0, 0xe, 0xa0, 0x0, 0x0,
    0x0, 0x0, 0x0, 0x0, 0x0, 0x0, 0x0, 0x0,
    0x0, 0x0, 0x0, 0x0, 0xea, 0x0, 0x0, 0x0,
    0x0, 0x0, 0x0, 0x0, 0x0, 0x0, 0x0, 0x3,
    0xcf, 0xf8, 0x0, 0xe, 0xa0, 0x0, 0x10, 0x0,
    0x10, 0xd, 0xb0, 0x2, 0xbf, 0xff, 0x0, 0xcc,
    0x48, 0xf5, 0x0, 0xea, 0x0, 0x5f, 0x30, 0x8f,
    0x0, 0xdb, 0x1, 0xed, 0x5a, 0xf0, 0xf, 0x70,
    0xf, 0x90, 0xe, 0xa0, 0x5, 0xf3, 0x8, 0xf0,
    0xd, 0xb0, 0x5f, 0x40, 0x9f, 0x0, 0xf7, 0x1,
    0xf8, 0x0, 0xea, 0x0, 0x5f, 0x30, 0x8f, 0x0,
    0xdb, 0x6, 0xf3, 0x9, 0xf0, 0x1d, 0xc4, 0xbf,
    0xb4, 0x4e, 0xc4, 0x47, 0xf6, 0x4d, 0xf9, 0x4e,
    0xb0, 0x2f, 0xb4, 0xbf, 0xe, 0xff, 0xfd, 0x6c,
    0xff, 0xff, 0xff, 0xff, 0xff, 0xd5, 0xcf, 0xfb,
    0x0, 0x6e, 0xff, 0xf3, 0xf6, 0x0, 0x0, 0x0,
    0x0, 0x0, 0x0, 0x0, 0x0, 0x0, 0x0, 0x0,
    0x0, 0x0, 0x9e, 0x3f, 0x40, 0x0, 0x0, 0x0,
    0x0, 0x0, 0x0, 0x0, 0x0, 0x0, 0x0, 0x0,
    0x61, 0x2e, 0xb3, 0xf4, 0x0, 0x0, 0x0, 0x0,
    0x0, 0x0, 0x0, 0x0, 0x0, 0x0, 0x0, 0x4f,
    0xff, 0xd2, 0x2d, 0x40, 0x0, 0x0, 0x0, 0x0,
    0x0, 0x0, 0x0, 0x0, 0x0, 0x0, 0x0, 0x3,
    0x20, 0x0,

    /* U+FDF9 "ﷹ" */
    0x0, 0x0, 0x0, 0x0, 0x0, 0x0, 0xa, 0xe0,
    0x0, 0x0, 0x0, 0x0, 0x0, 0x0, 0x0, 0x0,
    0x0, 0x0, 0x0, 0xa, 0xe0, 0x0, 0x0, 0x0,
    0x0, 0x0, 0x0, 0x0, 0x0, 0x0, 0x0, 0x0,
    0xa, 0xe0, 0x0, 0x0, 0x0, 0x0, 0x0, 0x0,
    0x0, 0x0, 0x0, 0x0, 0x0, 0xa, 0xe0, 0x3,
    0xe4, 0x2b, 0xec, 0x50, 0x0, 0x0, 0x0, 0x0,
    0x0, 0x0, 0xa, 0xe0, 0x3, 0xf6, 0xc4, 0x29,
    0xf2, 0x0, 0x0, 0x0, 0x9f, 0xf5, 0x0, 0xa,
    0xe0, 0x3, 0xfd, 0x20, 0x1, 0xf7, 0x0, 0x0,
    0x9, 0xf6, 0xaf, 0x30, 0xa, 0xe0, 0x3, 0xf8,
    0x0, 0x0, 0xf8, 0xf, 0x70, 0xf, 0x80, 0xb,
    0xe6, 0x4b, 0xe4, 0x46, 0xf7, 0x44, 0x44, 0xf8,
    0x2f, 0x50, 0xd, 0xfa, 0x30, 0xaf, 0xff, 0xff,
    0xff, 0xff, 0xff, 0xff, 0xf8, 0x3f, 0x50, 0x0,
    0x6d, 0xf1, 0x0, 0x0, 0x0, 0x0, 0x0, 0x0,
    0x0, 0x0, 0xf, 0xc1, 0x0, 0x18, 0xf2, 0x0,
    0x0, 0x0, 0x0, 0x0, 0x0, 0x0, 0x0, 0x7,
    0xff, 0xff, 0xff, 0x80, 0x0, 0x0, 0x0, 0x0,
    0x0, 0x0, 0x0, 0x0, 0x0, 0x13, 0x33, 0x30,
    0x0, 0x0, 0x0, 0x0, 0x0, 0x0, 0x0, 0x0,
    0x0,

    /* U+FDFA "ﷺ" */
    0x0, 0x2, 0x0, 0x0, 0x0, 0x0, 0x0, 0x0,
    0x2, 0x82, 0x48, 0x6, 0x1, 0x55, 0x20, 0x0,
    0x27, 0x16, 0x80, 0x70, 0x20, 0x0, 0x0, 0x86,
    0x70, 0x67, 0x6, 0x50, 0x18, 0x70, 0x57, 0x66,
    0x5, 0x60, 0x67, 0x57, 0x8, 0x0, 0x67, 0x89,
    0x34, 0x8a, 0xc9, 0x98, 0x40, 0x0, 0x70, 0x7a,
    0x97, 0x27, 0x6, 0x60, 0x0, 0x46, 0x7, 0x0,
    0x4, 0x52, 0x70, 0x30, 0x9, 0x78, 0xc8, 0x76,
    0x69, 0x8b, 0x61, 0x0, 0x59, 0x6, 0x36, 0x40,
    0x4, 0x56, 0x50, 0x49, 0x88, 0x95, 0x67, 0xa7,
    0x96, 0x79, 0x4, 0x20, 0x0, 0x0, 0x0, 0x0,
    0x0, 0x80, 0x34, 0x0, 0x0, 0x0, 0x0, 0x3,
    0x94, 0x2, 0x30, 0x0, 0x0, 0x0, 0x0, 0x0,
    0x0,

    /* U+FDFB "ﷻ" */
    0x0, 0x0, 0x70, 0x24, 0x0, 0x0, 0x0, 0x0,
    0x28, 0x3, 0x50, 0x20, 0x0, 0x0, 0x0, 0x90,
    0x56, 0x67, 0x0, 0x0, 0x19, 0x8, 0x33, 0x64,
    0x62, 0x60, 0x9, 0x2a, 0xa4, 0x18, 0x4a, 0x90,
    0x2, 0x7a, 0x1a, 0x13, 0x94, 0xac, 0xd5, 0x7,
    0x81, 0x76, 0x6a, 0x99, 0xcb, 0x30, 0x89, 0x98,
    0x79, 0x79, 0xa8, 0x20, 0x0, 0x40, 0x8a, 0x67,
    0x25, 0x10, 0x0, 0x8, 0x16, 0xa6, 0x0, 0x0,
    0x0, 0x0, 0x6a, 0x71, 0x0, 0x0, 0x0, 0x0,

    /* U+FDFC "﷼" */
    0x0, 0x0, 0x0, 0xcc, 0x2, 0xf6, 0x0, 0x0,
    0x0, 0x0, 0x0, 0x0, 0x0, 0xc, 0xc0, 0x2f,
    0x60, 0x0, 0x0, 0x0, 0x0, 0x0, 0x0, 0x0,
    0xcc, 0x2, 0xf6, 0x0, 0x0, 0x0, 0x0, 0x0,
    0x0, 0x0, 0xc, 0xc0, 0x2f, 0x60, 0x8, 0xc0,
    0x5, 0xd1, 0x0, 0x0, 0x0, 0xcc, 0x2, 0xf6,
    0x0, 0xae, 0x0, 0x6f, 0x10, 0x0, 0x0, 0xc,
    0xc0, 0x2f, 0x60, 0xa, 0xe0, 0x6, 0xf1, 0xd,
    0x90, 0x0, 0xcc, 0x2, 0xf6, 0x0, 0xae, 0x0,
    0x6f, 0x11, 0xf6, 0x0, 0xc, 0xc0, 0x2f, 0x84,
    0x4b, 0xe0, 0x6, 0xf1, 0x3f, 0x50, 0x0, 0xcc,
    0x2, 0xff, 0xff, 0xfe, 0x0, 0x6f, 0x12, 0xf6,
    0x0, 0xd, 0xb0, 0x0, 0x0, 0x0, 0x0, 0x6,
    0xf1, 0xd, 0xd2, 0x5, 0xf7, 0x0, 0x1, 0x61,
    0x60, 0x21, 0xbf, 0x0, 0x3e, 0xff, 0xfb, 0x0,
    0x0, 0x6f, 0x6f, 0x1e, 0xff, 0x60, 0x0, 0x3,
    0x31, 0x0, 0x0, 0x0, 0x20, 0x20, 0x3, 0x10,
    0x0,

    /* U+FDFD "﷽" */
    0x0, 0x0, 0x0, 0x0, 0x0, 0x0, 0x0, 0x0,
    0x0, 0x0, 0x0, 0x0, 0x0, 0x0, 0x0, 0x0,
    0x0, 0x0, 0x0, 0x0, 0x0, 0x0, 0x0, 0x0,
    0x0, 0x0, 0x0, 0x0, 0x0, 0x0, 0x0, 0x0,
    0x40, 0x0, 0x0, 0x0, 0x0, 0x0, 0x0, 0x0,
    0x0, 0x0, 0x0, 0x0, 0x0, 0x0, 0x0, 0x0,
    0x0, 0x0, 0x0, 0x0, 0x0, 0x0, 0x0, 0x0,
    0x0, 0x0, 0x0, 0x0, 0x0, 0x0, 0x0, 0x0,
    0x0, 0x0, 0x0, 0x0, 0x0, 0x0, 0x0, 0x0,
    0x0, 0x0, 0x0, 0x0, 0x0, 0x0, 0x0, 0x0,
    0x0, 0x0, 0x0, 0x0, 0x0, 0x0, 0x0, 0x0,
    0x0, 0x0, 0x0, 0x0, 0x0, 0x0, 0x0, 0x0,
    0x0, 0x80, 0x0, 0x0, 0x0, 0x0, 0x0, 0x0,
    0x0, 0x0, 0x0, 0x0, 0x0, 0x0, 0x0, 0x0,
    0x0, 0x0, 0x0, 0x0, 0x0, 0x0, 0x0, 0x0,
    0x0, 0x0, 0x0, 0x0, 0x0, 0x0, 0x0, 0x0,
    0x0, 0x0, 0x0, 0x0, 0x0, 0x0, 0x0, 0x0,
    0x0, 0x0, 0x0, 0x0, 0x0, 0x0, 0x7, 0xd0,
    0x0, 0x0, 0x0, 0x0, 0x0, 0x0, 0x0, 0x0,
    0x0, 0x0, 0x0, 0x0, 0x0, 0x8, 0xc0, 0x0,
    0x0, 0x0, 0x0, 0x0, 0x0, 0x0, 0x0, 0x0,
    0x0, 0x0, 0x0, 0x0, 0x0, 0x0, 0x0, 0x0,
    0x0, 0x0, 0x0, 0x0, 0x0, 0x0, 0x0, 0x0,
    0x0, 0x0, 0x0, 0x0, 0x0, 0x0, 0x0, 0x0,
    0x0, 0x0, 0x0, 0x0, 0x0, 0x0, 0x0, 0x0,
    0x0, 0x0, 0x0, 0x0, 0x0, 0x0, 0x0, 0x2a,
    0x90, 0x0, 0x0, 0x0, 0x0, 0x0, 0x0, 0x0,
    0x0, 0x0, 0x0, 0x0, 0x0, 0x0, 0x2a, 0xa0,
    0x0, 0x0, 0x6, 0x74, 0x40, 0x0, 0x0, 0x0,
    0x0, 0x0, 0x0, 0x0, 0x0, 0x0, 0x0, 0x0,
    0x0, 0x0, 0x0, 0x0, 0x0, 0x0, 0x0, 0x0,
    0x0, 0x0, 0x0, 0x0, 0x0, 0x0, 0x0, 0x0,
    0x0, 0x0, 0x0, 0x0, 0x0, 0x0, 0x0, 0x0,
    0x0, 0x0, 0x0, 0x0, 0x0, 0x0, 0x0, 0xb5,
    0x7, 0x60, 0x0, 0x0, 0x0, 0x0, 0x0, 0x0,
    0x0, 0x0, 0x0, 0x0, 0x0, 0x0, 0xb5, 0x7,
    0x60, 0x0, 0x0, 0x8, 0x9c, 0x20, 0x0, 0x79,
    0x0, 0x0, 0x0, 0x0, 0x0, 0x0, 0x0, 0x0,
    0x0, 0x0, 0x0, 0x0, 0x0, 0x0, 0x0, 0x0,
    0x0, 0x0, 0x0, 0x0, 0x0, 0x0, 0x0, 0x0,
    0x0, 0x0, 0x0, 0x0, 0x0, 0x0, 0x0, 0x0,
    0x0, 0x0, 0x0, 0x0, 0x0, 0x0, 0x0, 0x0,
    0xd6, 0xa, 0x90, 0x0, 0xb5, 0x0, 0x0, 0x0,
    0x0, 0x0, 0x0, 0x0, 0x0, 0x0, 0x0, 0xd6,
    0xb, 0x80, 0x0, 0x4, 0x30, 0xa9, 0x6, 0xd0,
    0x9a, 0x0, 0x0, 0x0, 0x0, 0x0, 0x0, 0x0,
    0x0, 0x0, 0x0, 0x0, 0x0, 0x0, 0x0, 0x0,
    0x0, 0x0, 0x0, 0x0, 0x0, 0x0, 0x0, 0x0,
    0x0, 0x0, 0x0, 0x0, 0x0, 0x0, 0x0, 0x8e,
    0xd4, 0x0, 0x89, 0x4, 0xde, 0xa0, 0x0, 0x6c,
    0x0, 0xd6, 0xa, 0x90, 0x0, 0x20, 0x7b, 0x0,
    0x8d, 0xd4, 0x4, 0xde, 0x90, 0x0, 0x6b, 0x0,
    0xd6, 0xb, 0x80, 0x9, 0xef, 0x80, 0xa9, 0x6,
    0xd0, 0x9a, 0x0, 0x2b, 0xea, 0x0, 0x0, 0x0,
    0x0, 0x0, 0x0, 0x0, 0x0, 0x0, 0x0, 0x0,
    0x0, 0x0, 0x0, 0x0, 0x0, 0x0, 0x0, 0x0,
    0x0, 0x2, 0x0, 0x20, 0x4d, 0x0, 0x98, 0x4,
    0xe3, 0x8e, 0x0, 0x9a, 0x1, 0x33, 0xe5, 0x0,
    0x6d, 0x0, 0xd6, 0xa, 0x90, 0x0, 0x0, 0x7c,
    0x3, 0xf3, 0x6f, 0x1, 0x33, 0xf5, 0x0, 0x6c,
    0x0, 0xd6, 0xb, 0x80, 0x9c, 0x2c, 0x80, 0xa9,
    0x6, 0xd0, 0x9a, 0x0, 0xaa, 0x2d, 0x80, 0x0,
    0x0, 0x0, 0x0, 0x0, 0x0, 0x0, 0x0, 0x0,
    0x0, 0x0, 0x0, 0x0, 0x0, 0x0, 0x0, 0x0,
    0x0, 0x0, 0x4f, 0x3, 0xf0, 0x4f, 0x0, 0xa9,
    0x6, 0xc0, 0x2f, 0x10, 0x9a, 0x0, 0x0, 0xa9,
    0x0, 0x6d, 0x0, 0xd6, 0xa, 0x90, 0x35, 0x0,
    0x7c, 0x5, 0xd0, 0x1f, 0x20, 0x0, 0xb8, 0x0,
    0x6c, 0x0, 0xd6, 0xb, 0x80, 0xd6, 0xb, 0x80,
    0xa9, 0x6, 0xd0, 0x9a, 0x0, 0xc6, 0x9, 0xb0,
    0x0, 0x0, 0x0, 0x0, 0x0, 0x0, 0x0, 0x0,
    0x0, 0x0, 0x0, 0x0, 0x0, 0x0, 0x0, 0x0,
    0x0, 0x0, 0x0, 0x4f, 0x3, 0xf0, 0x4f, 0x0,
    0xa9, 0x4, 0xe0, 0x8f, 0x10, 0x9a, 0x0, 0x0,
    0x5d, 0x0, 0x6d, 0x0, 0xd6, 0xa, 0x90, 0xb8,
    0x0, 0x7c, 0x2, 0xf0, 0x7f, 0x20, 0x0, 0x6d,
    0x0, 0x6c, 0x0, 0xd6, 0xb, 0x80, 0xbb, 0xb,
    0x80, 0xa9, 0x6, 0xd0, 0x9a, 0x0, 0xa8, 0x1d,
    0xa0, 0x0, 0x0, 0x0, 0x0, 0x0, 0x0, 0x0,
    0x0, 0x0, 0x0, 0x0, 0x0, 0x0, 0x0, 0x0,
    0x0, 0x0, 0x0, 0x0, 0x4f, 0x6, 0xf3, 0x4f,
    0x0, 0xa9, 0x2e, 0xff, 0xd9, 0xff, 0xff, 0xff,
    0xff, 0xff, 0x20, 0x6f, 0xff, 0xf6, 0xa, 0x90,
    0xd6, 0x0, 0x7f, 0xff, 0xff, 0xd9, 0xff, 0xff,
    0xff, 0x20, 0x6f, 0xff, 0xf6, 0xb, 0x80, 0x2b,
    0xff, 0xff, 0xff, 0xff, 0xd0, 0x9a, 0x7, 0xff,
    0xfa, 0xbf, 0xff, 0xff, 0xff, 0xff, 0xff, 0xff,
    0xff, 0xff, 0xff, 0xff, 0xff, 0xff, 0xff, 0xff,
    0xff, 0xff, 0xff, 0xff, 0xff, 0xff, 0xff, 0x8d,
    0xff, 0xff, 0xf9, 0x5e, 0x0, 0x0, 0x1, 0x12,
    0x0, 0x0, 0x0, 0x0, 0x8c, 0x0, 0x0, 0x0,
    0x0, 0xaa, 0x0, 0xca, 0x0, 0x0, 0x0, 0x0,
    0x0, 0x0, 0x0, 0x9c, 0x0, 0x0, 0x0, 0x0,
    0x0, 0x0, 0x0, 0x0, 0x0, 0x0, 0x0, 0xc,
    0x80, 0x0, 0x0, 0x0, 0x0, 0x0, 0x0, 0x0,
    0x0, 0x0, 0x0, 0x0, 0x0, 0x0, 0x0, 0x0,
    0x0, 0x0, 0x0, 0x0, 0x0, 0x0, 0x0, 0x0,
    0x0, 0x0, 0x0, 0x10, 0x6d, 0x0, 0x0, 0x8,
    0x8e, 0x20, 0x0, 0x0, 0x5f, 0xf5, 0x0, 0x0,
    0x0, 0x0, 0x2d, 0xff, 0xd2, 0x0, 0x0, 0x0,
    0x0, 0x0, 0x0, 0x6f, 0xf5, 0x0, 0x0, 0x0,
    0x0, 0x0, 0x0, 0x0, 0x0, 0x0, 0x0, 0x0,
    0xc, 0x70, 0x0, 0x0, 0x0, 0x0, 0x0, 0x0,
    0x0, 0x0, 0x0, 0x0, 0x0, 0x0, 0x0, 0x0,
    0x0, 0x0, 0x0, 0x0, 0x0, 0x0, 0x0, 0x0,
    0x0, 0x0, 0x0, 0x2, 0xe0, 0x6d, 0x0, 0x0,
    0x0, 0x0, 0x0, 0x0, 0x0, 0x1, 0x0, 0x0,
    0x0, 0x0, 0x0, 0x0, 0x11, 0x0, 0x0, 0x0,
    0x0, 0x0, 0x0, 0x0, 0x1, 0x0, 0x0, 0x0,
    0x0, 0x0, 0x0, 0x0, 0x0, 0x0, 0x0, 0x0,
    0x0, 0xc, 0x70, 0x0, 0x0, 0x0, 0x0, 0x0,
    0x0, 0x0, 0x0, 0x0, 0x0, 0x0, 0x0, 0x0,
    0x0, 0x0, 0x0, 0x0, 0x0, 0x0, 0x0, 0x0,
    0x0, 0x0, 0x0, 0x0, 0x0, 0x0, 0x1, 0x0,
    0x0, 0x0, 0x0, 0x0, 0x0, 0x0, 0x0, 0x0,
    0x0, 0x0, 0x0, 0x0, 0x0, 0x0, 0x0, 0x0,
    0x0, 0x0, 0x0, 0x0, 0x0, 0x0, 0x0, 0x0,
    0x0, 0x0, 0x0, 0x0, 0x0, 0x0, 0x0, 0x0,
    0x0, 0x0, 0x0, 0x0, 0x0, 0x0, 0x0, 0x0,
    0x0, 0x0, 0x0, 0x0, 0x0, 0x0, 0x0, 0x0,
    0x0, 0x0, 0x0, 0x0, 0x0, 0x0, 0x0, 0x0,
    0x0, 0x0, 0x0, 0x0, 0x0, 0x0, 0x0,

    /* U+FDFE "﷾" */
    0x0, 0x0, 0x14, 0x40, 0x3, 0x40, 0x0, 0x0,
    0x0, 0x0, 0x1, 0x89, 0x34, 0x15, 0x60, 0x0,
    0x0, 0x0, 0x0, 0x7, 0x94, 0xa7, 0x15, 0x4,
    0x0, 0x0, 0x0, 0x0, 0x68, 0x39, 0x90, 0x80,
    0xa4, 0x0, 0x0, 0x1, 0x73, 0x7a, 0x6a, 0xb4,
    0x32, 0x80, 0x0, 0x0, 0x6b, 0xeb, 0xbb, 0xbb,
    0xa4, 0xa9, 0x0, 0x3, 0x75, 0x59, 0x3b, 0x60,
    0x0, 0x4a, 0x21, 0x53, 0x56, 0x8, 0x80, 0xc,
    0xf1, 0x60, 0x64, 0x38, 0x1a, 0xab, 0x68, 0xcc,
    0x6a, 0xbb, 0xbc, 0xcb, 0x70, 0x0, 0x0, 0x0,
    0x0, 0x0, 0x40, 0x0, 0x0, 0x0, 0x0, 0x0,
    0x0, 0x0, 0x3, 0x0, 0x0, 0x0,

    /* U+FDFF "﷿" */
    0x0, 0x0, 0x0, 0x0, 0x0, 0x0, 0x0, 0x70,
    0x22, 0x0, 0x0, 0x0, 0x2, 0x3, 0xa2, 0x0,
    0x0, 0x1, 0x85, 0x70, 0x10, 0x0, 0x0, 0x37,
    0xbc, 0xb8, 0x0, 0x0, 0x1, 0xb3, 0x0, 0x4,
    0x0, 0x0, 0x4a, 0x26, 0x74, 0x4b, 0x1, 0x0,
    0xbb, 0xa7, 0x35, 0x35, 0x50, 0x6, 0x0, 0x50,
    0x4b, 0x42, 0xa9, 0x20, 0x2, 0x8, 0x80,

    /* U+FE70 "ﹰ" */
    0x0, 0x49, 0xb5, 0x69, 0x98, 0x20,

    /* U+FE71 "ﹱ" */
    0x0, 0x28, 0x20, 0x69, 0x61, 0x4, 0xb9, 0x10,
    0x20, 0x0, 0x0, 0x0, 0x0, 0x0, 0x0, 0x4,
    0x44, 0x32, 0xff, 0xfc,

    /* U+FE72 "ﹲ" */
    0x0, 0x7a, 0x24, 0x3a, 0x74, 0x69, 0xb7, 0x0,

    /* U+FE73 "ﹳ" */
    0xa, 0x70, 0x1, 0xf7, 0x0, 0x3f, 0x50, 0x2,
    0xf6, 0x0, 0xe, 0xd2, 0x0, 0x4e, 0xf5, 0x0,
    0x3, 0x10,

    /* U+FE74 "ﹴ" */
    0x0, 0x39, 0xb6, 0x69, 0x98, 0x20,

    /* U+FE76 "ﹶ" */
    0x0, 0x0, 0x5, 0xa5, 0x26, 0x0,

    /* U+FE77 "ﹷ" */
    0x0, 0x3, 0x10, 0x4b, 0x81, 0x1, 0x0, 0x0,
    0x0, 0x0, 0x0, 0x0, 0x0, 0x44, 0x43, 0x2f,
    0xff, 0xc0,

    /* U+FE78 "ﹸ" */
    0x3, 0xb5, 0x6, 0x78, 0x8a, 0x80,

    /* U+FE79 "ﹹ" */
    0x0, 0x3b, 0x50, 0x6, 0x78, 0x8, 0xa8, 0x0,
    0x0, 0x0, 0x0, 0x0, 0x0, 0x0, 0x0, 0x4,
    0x44, 0x32, 0xff, 0xfc,

    /* U+FE7A "ﹺ" */
    0x0, 0x37, 0xb7, 0x20, 0x0,

    /* U+FE7B "ﹻ" */
    0x4, 0x44, 0x32, 0xff, 0xfc, 0x0, 0x0, 0x0,
    0x4, 0xa2, 0x6, 0x71, 0x0,

    /* U+FE7C "ﹼ" */
    0x11, 0x1, 0xb6, 0x4b, 0x99, 0x98,

    /* U+FE7D "ﹽ" */
    0xb, 0x36, 0xa0, 0x8, 0xa8, 0xa0, 0x0, 0x0,
    0x0, 0x0, 0x0, 0x0, 0x0, 0x0, 0x0, 0x4,
    0x44, 0x30, 0x2f, 0xff, 0xc0,

    /* U+FE7E "ﹾ" */
    0x8b, 0x3c, 0x2a, 0x8b, 0x30,

    /* U+FE7F "ﹿ" */
    0x2, 0xb9, 0x0, 0x74, 0xa2, 0x2, 0xb9, 0x0,
    0x0, 0x0, 0x0, 0x0, 0x0, 0x0, 0x0, 0x4,
    0x44, 0x32, 0xff, 0xfc,

    /* U+FE80 "ﺀ" */
    0x0, 0x0, 0x0, 0x3, 0xdf, 0xf3, 0xd, 0xd4,
    0x50, 0xd, 0xb0, 0x0, 0x1a, 0xfd, 0xfa, 0x2b,
    0x86, 0x42,

    /* U+FE81 "ﺁ" */
    0x7c, 0x28, 0x9, 0x1b, 0x90, 0x5, 0x40, 0x0,
    0xcc, 0x0, 0xc, 0xc0, 0x0, 0xcc, 0x0, 0xc,
    0xc0, 0x0, 0xcc, 0x0, 0xc, 0xc0, 0x0, 0xcc,
    0x0, 0xc, 0xc0, 0x0,

    /* U+FE82 "ﺂ" */
    0x8, 0xb2, 0x90, 0x9, 0x1b, 0x80, 0x0, 0x0,
    0x0, 0x0, 0xcc, 0x0, 0x0, 0xcc, 0x0, 0x0,
    0xcc, 0x0, 0x0, 0xcc, 0x0, 0x0, 0xcc, 0x0,
    0x0, 0xcc, 0x0, 0x0, 0xcc, 0x0, 0x0, 0xcd,
    0x41, 0x0, 0xcf, 0xf5,

    /* U+FE83 "ﺃ" */
    0x9, 0xa0, 0xb, 0x0, 0x1d, 0x92, 0x5, 0x40,
    0xc, 0xc0, 0xc, 0xc0, 0xc, 0xc0, 0xc, 0xc0,
    0xc, 0xc0, 0xc, 0xc0, 0xc, 0xc0, 0xc, 0xc0,

    /* U+FE84 "ﺄ" */
    0x9, 0x90, 0x2, 0xa0, 0x0, 0x2d, 0xa1, 0x0,
    0x0, 0x0, 0xc, 0xc0, 0x0, 0xcc, 0x0, 0xc,
    0xc0, 0x0, 0xcc, 0x0, 0xc, 0xc0, 0x0, 0xcc,
    0x0, 0xc, 0xc0, 0x0, 0xcd, 0x41, 0xc, 0xff,
    0x50,

    /* U+FE85 "ﺅ" */
    0x0, 0x8, 0xa0, 0x0, 0x0, 0xb0, 0x0, 0x0,
    0x1d, 0xa2, 0x0, 0x0, 0x0, 0x0, 0x0, 0x9f,
    0xff, 0x30, 0xbf, 0x67, 0xf3, 0x1f, 0x80, 0x4f,
    0x31, 0xf7, 0x4, 0xf3, 0xe, 0xd5, 0x7f, 0x30,
    0x3d, 0xff, 0xf3, 0x0, 0x0, 0x5f, 0x30, 0x52,
    0x1b, 0xf0, 0xe, 0xff, 0xf5, 0x0, 0x2, 0x30,
    0x0,

    /* U+FE86 "ﺆ" */
    0x0, 0x2b, 0x60, 0x0, 0x0, 0x75, 0x0, 0x0,
    0x0, 0x6c, 0x80, 0x0, 0x0, 0x0, 0x0, 0x0,
    0x0, 0x9f, 0xff, 0x30, 0xb, 0xf6, 0x7f, 0x30,
    0x1f, 0x80, 0x4f, 0x30, 0x1f, 0x70, 0x4f, 0x30,
    0xe, 0xd5, 0x7f, 0x72, 0x3, 0xdf, 0xff, 0xfa,
    0x0, 0x0, 0x5f, 0x30, 0x5, 0x21, 0xbf, 0x0,
    0xe, 0xff, 0xf5, 0x0, 0x0, 0x23, 0x0, 0x0,

    /* U+FE87 "ﺇ" */
    0xc, 0xc0, 0xc, 0xc0, 0xc, 0xc0, 0xc, 0xc0,
    0xc, 0xc0, 0xc, 0xc0, 0xc, 0xc0, 0xc, 0xc0,
    0xc, 0xc0, 0xa, 0x90, 0x29, 0x0, 0x3d, 0xa1,
    0x0, 0x0,

    /* U+FE88 "ﺈ" */
    0xc, 0xc0, 0x0, 0xcc, 0x0, 0xc, 0xc0, 0x0,
    0xcc, 0x0, 0xc, 0xc0, 0x0, 0xcc, 0x0, 0xc,
    0xc0, 0x0, 0xcd, 0x41, 0xc, 0xff, 0x50, 0xa9,
    0x0, 0x29, 0x0, 0x3, 0xda, 0x10, 0x0, 0x0,
    0x0,

    /* U+FE89 "ﺉ" */
    0x0, 0x0, 0x0, 0x0, 0x10, 0x4, 0xa7, 0x0,
    0x4d, 0xf8, 0x7, 0xd9, 0x4, 0xfa, 0x56, 0x0,
    0x0, 0xe, 0x90, 0x0, 0x0, 0x0, 0x3f, 0x60,
    0x0, 0xf, 0x70, 0xd, 0xf8, 0x0, 0x2f, 0x50,
    0x0, 0xaf, 0xa0, 0x3f, 0x50, 0x0, 0x7, 0xf4,
    0xf, 0xc1, 0x0, 0x18, 0xf3, 0x6, 0xff, 0xff,
    0xff, 0x90, 0x0, 0x13, 0x33, 0x30, 0x0,

    /* U+FE8A "ﺊ" */
    0x1, 0xa6, 0x0, 0x0, 0x0, 0x0, 0x0, 0x75,
    0x0, 0x0, 0x0, 0x0, 0x0, 0x4, 0xc8, 0x0,
    0x0, 0x0, 0x0, 0x0, 0x10, 0x0, 0x9, 0xff,
    0x50, 0x0, 0x0, 0x0, 0x9, 0xf6, 0xaf, 0x30,
    0x0, 0xf7, 0x0, 0xf8, 0x0, 0xbe, 0x50, 0x2f,
    0x50, 0xd, 0xfa, 0x30, 0xaf, 0x3, 0xf5, 0x0,
    0x6, 0xdf, 0x10, 0x0, 0xf, 0xc1, 0x0, 0x18,
    0xf2, 0x0, 0x0, 0x7f, 0xff, 0xff, 0xf8, 0x0,
    0x0, 0x0, 0x13, 0x33, 0x30, 0x0, 0x0, 0x0,

    /* U+FE8B "ﺋ" */
    0x1, 0xb7, 0x0, 0x66, 0x0, 0x5, 0xd9, 0x0,
    0x0, 0x0, 0x0, 0x7e, 0x0, 0x8, 0xf0, 0x0,
    0x8f, 0x0, 0x8, 0xf0, 0x4, 0xaf, 0x2, 0xff,
    0xf0,

    /* U+FE8C "ﺌ" */
    0x1, 0xa7, 0x0, 0x5, 0x60, 0x0, 0x5, 0xd9,
    0x0, 0x0, 0x0, 0x0, 0x0, 0x6b, 0x0, 0x0,
    0x8f, 0x0, 0x0, 0x8f, 0x0, 0x0, 0x8f, 0x0,
    0x4, 0xaf, 0x42, 0x2f, 0xff, 0xfa,

    /* U+FE8D "ﺍ" */
    0xcc, 0xcc, 0xcc, 0xcc, 0xcc, 0xcc, 0xcc, 0xcc,
    0xcc,

    /* U+FE8E "ﺎ" */
    0xcc, 0x0, 0xcc, 0x0, 0xcc, 0x0, 0xcc, 0x0,
    0xcc, 0x0, 0xcc, 0x0, 0xcc, 0x0, 0xcd, 0x41,
    0xcf, 0xf5,

    /* U+FE8F "ﺏ" */
    0x0, 0x0, 0x0, 0x8, 0xf0, 0x0, 0x0, 0x0,
    0x8, 0xf0, 0xf, 0x60, 0x0, 0x8, 0xf0, 0x3f,
    0x50, 0x0, 0x8, 0xf0, 0x1f, 0xc4, 0x44, 0x4a,
    0xf0, 0x6, 0xef, 0xff, 0xff, 0xf0, 0x0, 0x0,
    0x0, 0x0, 0x0, 0x0, 0x0, 0x9a, 0x0, 0x0,
    0x0, 0x0, 0x55, 0x0, 0x0,

    /* U+FE90 "ﺐ" */
    0x0, 0x0, 0x0, 0x8, 0xf0, 0x0, 0x0, 0x0,
    0x0, 0x8f, 0x0, 0xf, 0x60, 0x0, 0x8, 0xf0,
    0x3, 0xf5, 0x0, 0x0, 0x8f, 0x0, 0x1f, 0xc4,
    0x44, 0x4a, 0xf4, 0x20, 0x6e, 0xff, 0xff, 0xff,
    0xfa, 0x0, 0x0, 0x0, 0x0, 0x0, 0x0, 0x0,
    0x8, 0x20, 0x0, 0x0, 0x0, 0x0, 0xe5, 0x0,
    0x0, 0x0,

    /* U+FE91 "ﺑ" */
    0x0, 0x8f, 0x0, 0x8, 0xf0, 0x0, 0x8f, 0x0,
    0x8, 0xf0, 0x4, 0xaf, 0x2, 0xff, 0xf0, 0x0,
    0x0, 0x0, 0x19, 0x10, 0x2, 0xf2, 0x0,

    /* U+FE92 "ﺒ" */
    0x0, 0x8f, 0x0, 0x0, 0x8f, 0x0, 0x0, 0x8f,
    0x0, 0x0, 0x8f, 0x0, 0x4, 0xaf, 0x42, 0x2f,
    0xff, 0xfa, 0x0, 0x0, 0x0, 0x0, 0x55, 0x0,
    0x0, 0xa9, 0x0,

    /* U+FE93 "ﺓ" */
    0x3, 0xe4, 0xf2, 0x0, 0x19, 0x19, 0x10, 0x0,
    0x0, 0x0, 0x0, 0x1c, 0xfe, 0x50, 0xc, 0xe4,
    0xaf, 0x22, 0xf6, 0x0, 0xf8, 0x3f, 0x50, 0xf,
    0xa0, 0xfc, 0x58, 0xf6, 0x4, 0xdf, 0xe9, 0x0,

    /* U+FE94 "ﺔ" */
    0x0, 0x91, 0x91, 0x0, 0x1, 0xf4, 0xe3, 0x0,
    0x0, 0x0, 0x0, 0x0, 0x0, 0x0, 0x3a, 0x20,
    0x1, 0xaf, 0xff, 0x30, 0xd, 0xe5, 0x7f, 0x30,
    0x2f, 0x70, 0x4f, 0x30, 0x2f, 0x60, 0x4f, 0x30,
    0xd, 0xe5, 0x7f, 0x73, 0x2, 0xbf, 0xff, 0xfc,

    /* U+FE95 "ﺕ" */
    0x0, 0x8, 0x28, 0x20, 0x0, 0x0, 0xe, 0x4e,
    0x50, 0x0, 0x0, 0x0, 0x0, 0x7, 0xf0, 0x3,
    0x10, 0x0, 0x8, 0xf0, 0x1f, 0x60, 0x0, 0x8,
    0xf0, 0x3f, 0x50, 0x0, 0x8, 0xf0, 0x1f, 0xc4,
    0x44, 0x4a, 0xf0, 0x6, 0xef, 0xff, 0xff, 0xf0,

    /* U+FE96 "ﺖ" */
    0x0, 0x6, 0x45, 0x50, 0x10, 0x0, 0x0, 0xa8,
    0xa9, 0x8f, 0x0, 0x5, 0x20, 0x0, 0x8, 0xf0,
    0x1, 0xf6, 0x0, 0x0, 0x8f, 0x0, 0x3f, 0x50,
    0x0, 0x8, 0xf0, 0x1, 0xfc, 0x44, 0x44, 0xaf,
    0x42, 0x6, 0xef, 0xff, 0xff, 0xff, 0xa0,

    /* U+FE97 "ﺗ" */
    0xd, 0x6c, 0x70, 0x73, 0x63, 0x0, 0x0, 0x0,
    0x7, 0xe0, 0x0, 0x8f, 0x0, 0x8, 0xf0, 0x0,
    0x8f, 0x0, 0x4a, 0xf0, 0x2f, 0xff, 0x0,

    /* U+FE98 "ﺘ" */
    0x7, 0xc6, 0xd0, 0x0, 0x47, 0x37, 0x0, 0x0,
    0x0, 0x0, 0x0, 0x1, 0xb4, 0x0, 0x0, 0x2f,
    0x60, 0x0, 0x2, 0xf6, 0x0, 0x0, 0x2f, 0x60,
    0x0, 0x46, 0xf8, 0x41, 0x2f, 0xff, 0xff, 0x30,

    /* U+FE99 "ﺙ" */
    0x0, 0x0, 0xe3, 0x0, 0x0, 0x0, 0x9, 0x79,
    0x20, 0x0, 0x0, 0xe, 0x4e, 0x40, 0x10, 0x0,
    0x0, 0x0, 0x8, 0xf0, 0x5, 0x20, 0x0, 0x8,
    0xf0, 0x1f, 0x60, 0x0, 0x8, 0xf0, 0x3f, 0x50,
    0x0, 0x8, 0xf0, 0x1f, 0xc4, 0x44, 0x4a, 0xf0,
    0x6, 0xef, 0xff, 0xff, 0xf0,

    /* U+FE9A "ﺚ" */
    0x0, 0x0, 0x0, 0x0, 0x0, 0x0, 0x0, 0xa,
    0x90, 0x0, 0x0, 0x0, 0x6, 0x77, 0x51, 0x30,
    0x0, 0x0, 0xa9, 0x99, 0x8f, 0x0, 0x7, 0x30,
    0x0, 0x8, 0xf0, 0x1, 0xf6, 0x0, 0x0, 0x8f,
    0x0, 0x3f, 0x50, 0x0, 0x8, 0xf0, 0x1, 0xfc,
    0x44, 0x44, 0xaf, 0x42, 0x5, 0xef, 0xff, 0xff,
    0xff, 0xa0,

    /* U+FE9B "ﺛ" */
    0x0, 0x0, 0x0, 0xb, 0x60, 0xd, 0x6c, 0x70,
    0x73, 0x74, 0x0, 0x0, 0x0, 0x8, 0xf0, 0x0,
    0x8f, 0x0, 0x8, 0xf0, 0x0, 0x8f, 0x0, 0x4a,
    0xf0, 0x2f, 0xff, 0x0,

    /* U+FE9C "ﺜ" */
    0x0, 0x0, 0x0, 0x0, 0x6, 0xc0, 0x0, 0x0,
    0x12, 0x0, 0x0, 0x7c, 0x6d, 0x0, 0x4, 0x63,
    0x70, 0x0, 0x0, 0x0, 0x0, 0x0, 0x2c, 0x40,
    0x0, 0x2, 0xf6, 0x0, 0x0, 0x2f, 0x60, 0x0,
    0x2, 0xf6, 0x0, 0x4, 0x6f, 0x84, 0x12, 0xff,
    0xff, 0xf3,

    /* U+FE9D "ﺝ" */
    0x0, 0x0, 0x0, 0x0, 0x2b, 0xff, 0xd3, 0x0,
    0x19, 0x45, 0xec, 0x0, 0x0, 0x0, 0x6f, 0x10,
    0x0, 0x0, 0x4f, 0x50, 0x0, 0x7d, 0xfe, 0xe1,
    0xc, 0xd5, 0x1, 0x70, 0x5f, 0x23, 0xf1, 0x0,
    0x6f, 0x62, 0xa1, 0x0, 0xc, 0xff, 0xf6, 0x0,
    0x0, 0x23, 0x10, 0x0,

    /* U+FE9E "ﺞ" */
    0x0, 0x0, 0x0, 0x0, 0x2b, 0xff, 0xd2, 0x0,
    0x19, 0x45, 0xec, 0x0, 0x0, 0x0, 0x6f, 0x10,
    0x0, 0x0, 0x3f, 0x50, 0x0, 0x3a, 0xff, 0xd3,
    0x7, 0xfa, 0x32, 0xcb, 0x3f, 0x70, 0x0, 0x0,
    0x6f, 0x10, 0x9, 0x20, 0x5f, 0x70, 0xe, 0x40,
    0xb, 0xf6, 0x0, 0x0, 0x0, 0x20, 0x0, 0x0,

    /* U+FE9F "ﺟ" */
    0x0, 0x0, 0x0, 0x0, 0x3, 0xdf, 0xf9, 0x0,
    0x1, 0x74, 0x8f, 0x50, 0x0, 0x0, 0xe, 0x90,
    0x0, 0x0, 0xb, 0xd0, 0x4, 0x44, 0x48, 0xf4,
    0x2f, 0xff, 0xff, 0xf7, 0x0, 0x0, 0x0, 0x0,
    0x0, 0x6, 0x50, 0x0, 0x0, 0xb, 0x80, 0x0,

    /* U+FEA0 "ﺠ" */
    0x0, 0x0, 0x0, 0x0, 0x0, 0x3d, 0xff, 0x90,
    0x0, 0x1, 0x74, 0x8f, 0x50, 0x0, 0x0, 0x0,
    0xe9, 0x0, 0x0, 0x0, 0xb, 0xd0, 0x0, 0x44,
    0x44, 0x8f, 0x61, 0x2f, 0xff, 0xff, 0xff, 0x40,
    0x0, 0x0, 0x0, 0x0, 0x0, 0x6, 0x50, 0x0,
    0x0, 0x0, 0xb8, 0x0, 0x0,

    /* U+FEA1 "ﺡ" */
    0x0, 0x0, 0x0, 0x0, 0x2b, 0xff, 0xc2, 0x0,
    0x1a, 0x55, 0xec, 0x0, 0x0, 0x0, 0x6f, 0x0,
    0x0, 0x0, 0x2f, 0x40, 0x0, 0x29, 0xef, 0xb0,
    0x5, 0xfc, 0x64, 0xd1, 0x2f, 0x80, 0x0, 0x0,
    0x6f, 0x10, 0x0, 0x0, 0x5f, 0x71, 0x21, 0x0,
    0xb, 0xff, 0xf6, 0x0, 0x0, 0x23, 0x10, 0x0,

    /* U+FEA2 "ﺢ" */
    0x0, 0x0, 0x0, 0x0, 0x2b, 0xff, 0xc2, 0x0,
    0x19, 0x45, 0xec, 0x0, 0x0, 0x0, 0x6f, 0x10,
    0x0, 0x0, 0x3f, 0x50, 0x0, 0x3a, 0xff, 0xd3,
    0x7, 0xfa, 0x32, 0xcb, 0x3f, 0x70, 0x0, 0x0,
    0x6f, 0x10, 0x0, 0x0, 0x5f, 0x81, 0x21, 0x0,
    0xb, 0xff, 0xf6, 0x0, 0x0, 0x23, 0x10, 0x0,

    /* U+FEA3 "ﺣ" */
    0x0, 0x0, 0x0, 0x0, 0x3, 0xdf, 0xf9, 0x0,
    0x1, 0x74, 0x8f, 0x50, 0x0, 0x0, 0xe, 0x90,
    0x0, 0x0, 0xb, 0xd0, 0x4, 0x44, 0x48, 0xf4,
    0x2f, 0xff, 0xff, 0xf7,

    /* U+FEA4 "ﺤ" */
    0x0, 0x0, 0x0, 0x0, 0x0, 0x3d, 0xff, 0x90,
    0x0, 0x1, 0x74, 0x8f, 0x50, 0x0, 0x0, 0x0,
    0xe9, 0x0, 0x0, 0x0, 0xb, 0xd0, 0x0, 0x44,
    0x44, 0x8f, 0x61, 0x2f, 0xff, 0xff, 0xff, 0x40,

    /* U+FEA5 "ﺥ" */
    0x0, 0x7c, 0x0, 0x0, 0x0, 0x47, 0x0, 0x0,
    0x0, 0x0, 0x0, 0x0, 0x2b, 0xff, 0xc2, 0x0,
    0x1a, 0x55, 0xec, 0x0, 0x0, 0x0, 0x6f, 0x0,
    0x0, 0x0, 0x2f, 0x40, 0x0, 0x29, 0xef, 0xb0,
    0x5, 0xfc, 0x64, 0xd1, 0x2f, 0x80, 0x0, 0x0,
    0x6f, 0x10, 0x0, 0x0, 0x5f, 0x71, 0x21, 0x0,
    0xb, 0xff, 0xf6, 0x0, 0x0, 0x23, 0x10, 0x0,

    /* U+FEA6 "ﺦ" */
    0x0, 0x7c, 0x0, 0x0, 0x0, 0x47, 0x0, 0x0,
    0x0, 0x0, 0x0, 0x0, 0x2b, 0xff, 0xc2, 0x0,
    0x19, 0x45, 0xec, 0x0, 0x0, 0x0, 0x6f, 0x10,
    0x0, 0x0, 0x3f, 0x50, 0x0, 0x3a, 0xff, 0xd3,
    0x7, 0xfa, 0x32, 0xcb, 0x3f, 0x70, 0x0, 0x0,
    0x6f, 0x10, 0x0, 0x0, 0x5f, 0x81, 0x21, 0x0,
    0xb, 0xff, 0xf6, 0x0, 0x0, 0x23, 0x10, 0x0,

    /* U+FEA7 "ﺧ" */
    0x0, 0x2f, 0x20, 0x0, 0x0, 0x19, 0x0, 0x0,
    0x0, 0x0, 0x0, 0x0, 0x3, 0xdf, 0xf9, 0x0,
    0x1, 0x74, 0x8f, 0x50, 0x0, 0x0, 0xe, 0x90,
    0x0, 0x0, 0xb, 0xd0, 0x4, 0x44, 0x48, 0xf4,
    0x2f, 0xff, 0xff, 0xf7,

    /* U+FEA8 "ﺨ" */
    0x0, 0x2f, 0x20, 0x0, 0x0, 0x1, 0x90, 0x0,
    0x0, 0x0, 0x0, 0x0, 0x0, 0x0, 0x3d, 0xff,
    0x90, 0x0, 0x1, 0x74, 0x8f, 0x50, 0x0, 0x0,
    0x0, 0xe9, 0x0, 0x0, 0x0, 0xb, 0xd0, 0x0,
    0x44, 0x44, 0x8f, 0x61, 0x2f, 0xff, 0xff, 0xff,
    0x40,

    /* U+FEA9 "ﺩ" */
    0x0, 0x92, 0x0, 0x0, 0x1f, 0xf3, 0x0, 0x0,
    0x2e, 0xe0, 0x0, 0x0, 0x4f, 0x70, 0x0, 0x0,
    0xcc, 0x1, 0x44, 0x4a, 0xf0, 0x7f, 0xff, 0xff,
    0x10,

    /* U+FEAA "ﺪ" */
    0x0, 0x92, 0x0, 0x0, 0x1, 0xfe, 0x30, 0x0,
    0x0, 0x2e, 0xd0, 0x0, 0x0, 0x4, 0xf6, 0x0,
    0x0, 0x0, 0xcc, 0x0, 0x14, 0x44, 0xaf, 0x42,
    0x7f, 0xff, 0xff, 0xfa,

    /* U+FEAB "ﺫ" */
    0x2, 0x80, 0x0, 0x0, 0x5e, 0x0, 0x0, 0x0,
    0x0, 0x0, 0x0, 0x9, 0x20, 0x0, 0x1, 0xff,
    0x30, 0x0, 0x2, 0xee, 0x0, 0x0, 0x4, 0xf7,
    0x0, 0x0, 0xc, 0xc0, 0x14, 0x44, 0xaf, 0x7,
    0xff, 0xff, 0xf1,

    /* U+FEAC "ﺬ" */
    0x7, 0x40, 0x0, 0x0, 0xc, 0x70, 0x0, 0x0,
    0x0, 0x0, 0x0, 0x0, 0x0, 0xa3, 0x0, 0x0,
    0x1, 0xef, 0x40, 0x0, 0x0, 0x2d, 0xe0, 0x0,
    0x0, 0x3, 0xf7, 0x0, 0x0, 0x0, 0xcc, 0x0,
    0x14, 0x44, 0xaf, 0x42, 0x7f, 0xff, 0xff, 0xfa,

    /* U+FEAD "ﺭ" */
    0x0, 0x9, 0x90, 0x0, 0xcc, 0x0, 0xc, 0xc0,
    0x0, 0xcc, 0x0, 0xc, 0xc0, 0x0, 0xcc, 0x0,
    0xc, 0xc0, 0x32, 0xfa, 0x4f, 0xfe, 0x20, 0x13,
    0x0,

    /* U+FEAE "ﺮ" */
    0x0, 0xc, 0xc0, 0x0, 0x0, 0xcc, 0x0, 0x0,
    0xc, 0xc0, 0x0, 0x0, 0xcc, 0x0, 0x0, 0xc,
    0xd4, 0x10, 0x0, 0xcf, 0xf6, 0x0, 0xc, 0xc0,
    0x0, 0x32, 0xf9, 0x0, 0x4f, 0xfe, 0x20, 0x0,
    0x13, 0x0, 0x0,

    /* U+FEAF "ﺯ" */
    0x0, 0xb, 0x80, 0x0, 0x64, 0x0, 0x0, 0x0,
    0x0, 0xab, 0x0, 0xc, 0xc0, 0x0, 0xcc, 0x0,
    0xc, 0xc0, 0x0, 0xcc, 0x0, 0xc, 0xc0, 0x0,
    0xcc, 0x2, 0x2f, 0xa4, 0xff, 0xe2, 0x1, 0x30,
    0x0,

    /* U+FEB0 "ﺰ" */
    0x0, 0x6, 0x40, 0x0, 0x0, 0xb8, 0x0, 0x0,
    0x0, 0x0, 0x0, 0x0, 0x9a, 0x0, 0x0, 0xc,
    0xc0, 0x0, 0x0, 0xcc, 0x0, 0x0, 0xc, 0xc0,
    0x0, 0x0, 0xcd, 0x41, 0x0, 0xc, 0xff, 0x60,
    0x0, 0xcc, 0x0, 0x3, 0x2f, 0x90, 0x4, 0xff,
    0xe2, 0x0, 0x1, 0x30, 0x0, 0x0,

    /* U+FEB1 "ﺱ" */
    0x0, 0x0, 0x0, 0x0, 0x0, 0x0, 0x4, 0xf3,
    0x0, 0x0, 0x0, 0xcc, 0x0, 0xf9, 0x4, 0xf3,
    0x0, 0x0, 0x0, 0xcc, 0x0, 0xf9, 0x4, 0xf3,
    0xd, 0x90, 0x0, 0xcc, 0x0, 0xf9, 0x4, 0xf3,
    0x1f, 0x60, 0x0, 0xcd, 0x48, 0xfe, 0x57, 0xf3,
    0x3f, 0x50, 0x0, 0xcf, 0xff, 0x97, 0xef, 0xf3,
    0x2f, 0x60, 0x0, 0xdb, 0x0, 0x0, 0x0, 0x0,
    0xe, 0xd1, 0x6, 0xf6, 0x0, 0x0, 0x0, 0x0,
    0x3, 0xef, 0xff, 0xa0, 0x0, 0x0, 0x0, 0x0,
    0x0, 0x3, 0x31, 0x0, 0x0, 0x0, 0x0, 0x0,

    /* U+FEB2 "ﺲ" */
    0x0, 0x0, 0x0, 0x0, 0x0, 0x0, 0x4, 0xf3,
    0x0, 0x0, 0x0, 0xc, 0xc0, 0xf, 0x90, 0x4f,
    0x30, 0x0, 0x0, 0x0, 0xcc, 0x0, 0xf9, 0x4,
    0xf3, 0x0, 0xd9, 0x0, 0xc, 0xc0, 0xf, 0x90,
    0x4f, 0x30, 0x1f, 0x60, 0x0, 0xcd, 0x48, 0xfe,
    0x57, 0xf7, 0x33, 0xf5, 0x0, 0xc, 0xff, 0xf9,
    0x7e, 0xff, 0xfe, 0x2f, 0x60, 0x0, 0xdb, 0x0,
    0x0, 0x0, 0x0, 0x0, 0xed, 0x10, 0x6f, 0x60,
    0x0, 0x0, 0x0, 0x0, 0x3, 0xef, 0xff, 0xa0,
    0x0, 0x0, 0x0, 0x0, 0x0, 0x0, 0x33, 0x10,
    0x0, 0x0, 0x0, 0x0, 0x0,

    /* U+FEB3 "ﺳ" */
    0x0, 0x0, 0x0, 0x0, 0x0, 0xf8, 0x0, 0x7f,
    0x0, 0xad, 0x0, 0xf8, 0x0, 0x7f, 0x0, 0xad,
    0x0, 0xf8, 0x0, 0x7f, 0x0, 0xbd, 0x0, 0xf8,
    0x4, 0x9f, 0x45, 0xff, 0x74, 0xf8, 0x2f, 0xff,
    0xff, 0xc5, 0xdf, 0xf8,

    /* U+FEB4 "ﺴ" */
    0x0, 0x0, 0x0, 0x0, 0x0, 0xf8, 0x0, 0x0,
    0x7f, 0x0, 0xad, 0x0, 0xf8, 0x0, 0x0, 0x7f,
    0x0, 0xad, 0x0, 0xf8, 0x0, 0x0, 0x7f, 0x0,
    0xbd, 0x0, 0xf8, 0x0, 0x4, 0x9f, 0x45, 0xff,
    0x74, 0xfa, 0x40, 0x2f, 0xff, 0xff, 0xc5, 0xdf,
    0xff, 0xf2,

    /* U+FEB5 "ﺵ" */
    0x0, 0x0, 0x0, 0x0, 0x0, 0xc5, 0x0, 0x0,
    0x0, 0x0, 0x0, 0x0, 0x8, 0x79, 0x30, 0x0,
    0x0, 0x0, 0x0, 0x0, 0xe, 0x6d, 0x60, 0x0,
    0x0, 0x0, 0x0, 0x0, 0x0, 0x0, 0x3, 0xd3,
    0x0, 0x0, 0x0, 0xba, 0x0, 0xd8, 0x4, 0xf3,
    0x0, 0x0, 0x0, 0xcc, 0x0, 0xf9, 0x4, 0xf3,
    0xd, 0x90, 0x0, 0xcc, 0x0, 0xf9, 0x4, 0xf3,
    0x1f, 0x60, 0x0, 0xcd, 0x48, 0xfe, 0x57, 0xf3,
    0x3f, 0x50, 0x0, 0xcf, 0xff, 0x97, 0xef, 0xf3,
    0x2f, 0x60, 0x0, 0xdb, 0x0, 0x0, 0x0, 0x0,
    0xd, 0xd2, 0x6, 0xf6, 0x0, 0x0, 0x0, 0x0,
    0x3, 0xef, 0xff, 0xa0, 0x0, 0x0, 0x0, 0x0,
    0x0, 0x3, 0x31, 0x0, 0x0, 0x0, 0x0, 0x0,

    /* U+FEB6 "ﺶ" */
    0x0, 0x0, 0x0, 0x0, 0x0, 0xc5, 0x0, 0x0,
    0x0, 0x0, 0x0, 0x0, 0x0, 0x87, 0x93, 0x0,
    0x0, 0x0, 0x0, 0x0, 0x0, 0xe, 0x6d, 0x60,
    0x0, 0x0, 0x0, 0x0, 0x0, 0x0, 0x0, 0x0,
    0x3d, 0x30, 0x0, 0x0, 0x0, 0xba, 0x0, 0xd8,
    0x4, 0xf3, 0x0, 0x0, 0x0, 0xc, 0xc0, 0xf,
    0x90, 0x4f, 0x30, 0xd, 0x90, 0x0, 0xcc, 0x0,
    0xf9, 0x4, 0xf3, 0x1, 0xf6, 0x0, 0xc, 0xd4,
    0x8f, 0xe5, 0x7f, 0x73, 0x3f, 0x50, 0x0, 0xcf,
    0xff, 0x97, 0xef, 0xff, 0xe2, 0xf6, 0x0, 0xd,
    0xb0, 0x0, 0x0, 0x0, 0x0, 0xd, 0xd2, 0x6,
    0xf6, 0x0, 0x0, 0x0, 0x0, 0x0, 0x3e, 0xff,
    0xfa, 0x0, 0x0, 0x0, 0x0, 0x0, 0x0, 0x3,
    0x31, 0x0, 0x0, 0x0, 0x0, 0x0, 0x0,

    /* U+FEB7 "ﺷ" */
    0x0, 0x0, 0x0, 0x6b, 0x0, 0x0, 0x0, 0x0,
    0x4, 0x98, 0x70, 0x0, 0x0, 0x0, 0x8, 0xb7,
    0xc0, 0x0, 0x0, 0x0, 0x0, 0x0, 0x0, 0xf8,
    0x0, 0x7f, 0x0, 0xad, 0x0, 0xf8, 0x0, 0x7f,
    0x0, 0xad, 0x0, 0xf8, 0x0, 0x7f, 0x0, 0xbd,
    0x0, 0xf8, 0x4, 0x9f, 0x45, 0xff, 0x74, 0xf8,
    0x2f, 0xff, 0xff, 0xc5, 0xdf, 0xf8,

    /* U+FEB8 "ﺸ" */
    0x0, 0x0, 0x0, 0x7a, 0x0, 0x0, 0x0, 0x0,
    0x0, 0x5, 0x88, 0x60, 0x0, 0x0, 0x0, 0x0,
    0x8, 0xb7, 0xc0, 0x0, 0x0, 0x0, 0x0, 0x0,
    0x0, 0x0, 0xf8, 0x0, 0x0, 0x7f, 0x0, 0xad,
    0x0, 0xf8, 0x0, 0x0, 0x7f, 0x0, 0xad, 0x0,
    0xf8, 0x0, 0x0, 0x7f, 0x0, 0xbd, 0x0, 0xf8,
    0x0, 0x4, 0x9f, 0x45, 0xff, 0x74, 0xfa, 0x40,
    0x2f, 0xff, 0xff, 0xc5, 0xdf, 0xff, 0xf2,

    /* U+FEB9 "ﺹ" */
    0x0, 0x0, 0x0, 0xcb, 0x9, 0xef, 0xa1, 0x0,
    0x0, 0x0, 0xcc, 0xb8, 0x35, 0xfa, 0x1, 0x10,
    0x0, 0xcf, 0x70, 0x0, 0xae, 0xe, 0x90, 0x0,
    0xce, 0x0, 0x0, 0x9f, 0x1f, 0x60, 0x0, 0xcd,
    0x44, 0x44, 0xbf, 0x3f, 0x50, 0x0, 0xcf, 0xff,
    0xff, 0xff, 0x2f, 0x60, 0x0, 0xdb, 0x0, 0x0,
    0x0, 0xd, 0xd2, 0x6, 0xf6, 0x0, 0x0, 0x0,
    0x3, 0xef, 0xff, 0xa0, 0x0, 0x0, 0x0, 0x0,
    0x3, 0x31, 0x0, 0x0, 0x0, 0x0,

    /* U+FEBA "ﺺ" */
    0x0, 0x0, 0x0, 0xcb, 0x9, 0xef, 0xa1, 0x0,
    0x0, 0x0, 0x0, 0xcc, 0xb8, 0x35, 0xfa, 0x0,
    0x1, 0x10, 0x0, 0xcf, 0x70, 0x0, 0xae, 0x0,
    0xe, 0x90, 0x0, 0xce, 0x0, 0x0, 0x9f, 0x0,
    0x1f, 0x60, 0x0, 0xcd, 0x44, 0x44, 0xbf, 0x42,
    0x3f, 0x50, 0x0, 0xcf, 0xff, 0xff, 0xff, 0xf9,
    0x2f, 0x60, 0x0, 0xdb, 0x0, 0x0, 0x0, 0x0,
    0xd, 0xd2, 0x6, 0xf6, 0x0, 0x0, 0x0, 0x0,
    0x3, 0xef, 0xff, 0xa0, 0x0, 0x0, 0x0, 0x0,
    0x0, 0x3, 0x31, 0x0, 0x0, 0x0, 0x0, 0x0,

    /* U+FEBB "ﺻ" */
    0x0, 0x9d, 0x7, 0xde, 0xa1, 0x0, 0xa, 0xe9,
    0x92, 0x3e, 0xc0, 0x0, 0xaf, 0x90, 0x0, 0x8f,
    0x0, 0xa, 0xf1, 0x0, 0x7, 0xf1, 0x4, 0xbe,
    0x44, 0x44, 0x9f, 0x12, 0xff, 0xff, 0xff, 0xff,
    0xf1,

    /* U+FEBC "ﺼ" */
    0x0, 0x9d, 0x7, 0xde, 0xa1, 0x0, 0x0, 0xae,
    0x99, 0x23, 0xec, 0x0, 0x0, 0xaf, 0x90, 0x0,
    0x8f, 0x0, 0x0, 0xaf, 0x10, 0x0, 0x7f, 0x10,
    0x4, 0xbe, 0x44, 0x44, 0x9f, 0x53, 0x2f, 0xff,
    0xff, 0xff, 0xff, 0xfb,

    /* U+FEBD "ﺽ" */
    0x0, 0x0, 0x0, 0x0, 0xa, 0x90, 0x0, 0x0,
    0x0, 0x0, 0x0, 0x5, 0x50, 0x0, 0x0, 0x0,
    0x0, 0x0, 0x0, 0x0, 0x0, 0x0, 0x0, 0x0,
    0xcb, 0x9, 0xef, 0xa1, 0x0, 0x0, 0x0, 0xcc,
    0xb8, 0x35, 0xfa, 0x1, 0x10, 0x0, 0xcf, 0x70,
    0x0, 0xae, 0xe, 0x90, 0x0, 0xce, 0x0, 0x0,
    0x9f, 0x1f, 0x60, 0x0, 0xcd, 0x44, 0x44, 0xbf,
    0x3f, 0x50, 0x0, 0xcf, 0xff, 0xff, 0xff, 0x2f,
    0x60, 0x0, 0xdb, 0x0, 0x0, 0x0, 0xd, 0xd2,
    0x6, 0xf6, 0x0, 0x0, 0x0, 0x3, 0xef, 0xff,
    0xa0, 0x0, 0x0, 0x0, 0x0, 0x3, 0x31, 0x0,
    0x0, 0x0, 0x0,

    /* U+FEBE "ﺾ" */
    0x0, 0x0, 0x0, 0x0, 0xa, 0x90, 0x0, 0x0,
    0x0, 0x0, 0x0, 0x0, 0x5, 0x50, 0x0, 0x0,
    0x0, 0x0, 0x0, 0x0, 0x0, 0x0, 0x0, 0x0,
    0x0, 0x0, 0x0, 0xcb, 0x9, 0xef, 0xa1, 0x0,
    0x0, 0x0, 0x0, 0xcc, 0xb8, 0x35, 0xfa, 0x0,
    0x1, 0x10, 0x0, 0xcf, 0x70, 0x0, 0xae, 0x0,
    0xe, 0x90, 0x0, 0xce, 0x0, 0x0, 0x9f, 0x0,
    0x1f, 0x60, 0x0, 0xcd, 0x44, 0x44, 0xbf, 0x42,
    0x3f, 0x50, 0x0, 0xcf, 0xff, 0xff, 0xff, 0xf9,
    0x2f, 0x60, 0x0, 0xdb, 0x0, 0x0, 0x0, 0x0,
    0xd, 0xd2, 0x6, 0xf6, 0x0, 0x0, 0x0, 0x0,
    0x3, 0xef, 0xff, 0xa0, 0x0, 0x0, 0x0, 0x0,
    0x0, 0x3, 0x31, 0x0, 0x0, 0x0, 0x0, 0x0,

    /* U+FEBF "ﺿ" */
    0x0, 0x0, 0x8, 0xa0, 0x0, 0x0, 0x0, 0x0,
    0x46, 0x0, 0x0, 0x0, 0x0, 0x0, 0x0, 0x0,
    0x0, 0x9, 0xd0, 0x7d, 0xea, 0x10, 0x0, 0xae,
    0x99, 0x23, 0xec, 0x0, 0xa, 0xf9, 0x0, 0x8,
    0xf0, 0x0, 0xaf, 0x10, 0x0, 0x7f, 0x10, 0x4b,
    0xe4, 0x44, 0x49, 0xf1, 0x2f, 0xff, 0xff, 0xff,
    0xff, 0x10,

    /* U+FEC0 "ﻀ" */
    0x0, 0x0, 0x8, 0xa0, 0x0, 0x0, 0x0, 0x0,
    0x4, 0x60, 0x0, 0x0, 0x0, 0x0, 0x0, 0x0,
    0x0, 0x0, 0x0, 0x9d, 0x7, 0xde, 0xa1, 0x0,
    0x0, 0xae, 0x99, 0x23, 0xec, 0x0, 0x0, 0xaf,
    0x90, 0x0, 0x8f, 0x0, 0x0, 0xaf, 0x10, 0x0,
    0x7f, 0x10, 0x4, 0xbe, 0x44, 0x44, 0x9f, 0x53,
    0x2f, 0xff, 0xff, 0xff, 0xff, 0xfb,

    /* U+FEC1 "ﻁ" */
    0x8, 0xf0, 0x0, 0x0, 0x0, 0x8, 0xf0, 0x0,
    0x0, 0x0, 0x8, 0xf0, 0x0, 0x0, 0x0, 0x8,
    0xf0, 0x7e, 0xfd, 0x30, 0x8, 0xf8, 0xc4, 0x5d,
    0xe0, 0x8, 0xfb, 0x0, 0x6, 0xf2, 0x8, 0xf3,
    0x0, 0x5, 0xf3, 0x3a, 0xf4, 0x44, 0x48, 0xf3,
    0xcf, 0xff, 0xff, 0xff, 0xf3,

    /* U+FEC2 "ﻂ" */
    0x9, 0xf0, 0x0, 0x0, 0x0, 0x0, 0x9f, 0x0,
    0x0, 0x0, 0x0, 0x9, 0xf0, 0x0, 0x0, 0x0,
    0x0, 0x9f, 0x8, 0xff, 0xd3, 0x0, 0x9, 0xf8,
    0xb4, 0x5e, 0xd0, 0x0, 0x9f, 0xa0, 0x0, 0x7f,
    0x10, 0x9, 0xf1, 0x0, 0x6, 0xf2, 0x3, 0xbf,
    0x44, 0x44, 0x9f, 0x53, 0xbf, 0xff, 0xff, 0xff,
    0xff, 0xc0,

    /* U+FEC3 "ﻃ" */
    0x0, 0x6f, 0x20, 0x0, 0x0, 0x0, 0x6, 0xf2,
    0x0, 0x0, 0x0, 0x0, 0x6f, 0x20, 0x0, 0x0,
    0x0, 0x6, 0xf2, 0x6e, 0xfe, 0x50, 0x0, 0x6f,
    0x8c, 0x54, 0xcf, 0x10, 0x6, 0xfd, 0x0, 0x4,
    0xf4, 0x0, 0x6f, 0x40, 0x0, 0x3f, 0x50, 0x48,
    0xf5, 0x44, 0x46, 0xf5, 0x2f, 0xff, 0xff, 0xff,
    0xff, 0x50,

    /* U+FEC4 "ﻄ" */
    0x0, 0xae, 0x0, 0x0, 0x0, 0x0, 0x0, 0xae,
    0x0, 0x0, 0x0, 0x0, 0x0, 0xae, 0x0, 0x0,
    0x0, 0x0, 0x0, 0xae, 0x9, 0xff, 0xc2, 0x0,
    0x0, 0xae, 0x9a, 0x45, 0xec, 0x0, 0x0, 0xaf,
    0xa0, 0x0, 0x8f, 0x0, 0x0, 0xaf, 0x10, 0x0,
    0x7f, 0x10, 0x4, 0xbe, 0x44, 0x44, 0x9f, 0x53,
    0x2f, 0xff, 0xff, 0xff, 0xff, 0xfb,

    /* U+FEC5 "ﻅ" */
    0x8, 0xf0, 0x1, 0x90, 0x0, 0x8, 0xf0, 0x2,
    0xe2, 0x0, 0x8, 0xf0, 0x0, 0x0, 0x0, 0x8,
    0xf0, 0x7e, 0xfd, 0x30, 0x8, 0xf8, 0xc4, 0x5d,
    0xe0, 0x8, 0xfb, 0x0, 0x6, 0xf2, 0x8, 0xf3,
    0x0, 0x5, 0xf3, 0x3a, 0xf4, 0x44, 0x48, 0xf3,
    0xcf, 0xff, 0xff, 0xff, 0xf3,

    /* U+FEC6 "ﻆ" */
    0x9, 0xf0, 0x6, 0xd0, 0x0, 0x0, 0x9f, 0x0,
    0x38, 0x0, 0x0, 0x9, 0xf0, 0x0, 0x0, 0x0,
    0x0, 0x9f, 0x8, 0xff, 0xd3, 0x0, 0x9, 0xf8,
    0xb4, 0x5e, 0xd0, 0x0, 0x9f, 0xa0, 0x0, 0x7f,
    0x10, 0x9, 0xf1, 0x0, 0x6, 0xf2, 0x3, 0xbf,
    0x44, 0x44, 0x9f, 0x53, 0xbf, 0xff, 0xff, 0xff,
    0xff, 0xc0,

    /* U+FEC7 "ﻇ" */
    0x0, 0x6f, 0x20, 0x6d, 0x0, 0x0, 0x6, 0xf2,
    0x2, 0x50, 0x0, 0x0, 0x6f, 0x20, 0x0, 0x0,
    0x0, 0x6, 0xf2, 0x6e, 0xfe, 0x50, 0x0, 0x6f,
    0x8c, 0x54, 0xcf, 0x10, 0x6, 0xfd, 0x0, 0x4,
    0xf4, 0x0, 0x6f, 0x40, 0x0, 0x3f, 0x50, 0x48,
    0xf5, 0x44, 0x46, 0xf5, 0x2f, 0xff, 0xff, 0xff,
    0xff, 0x50,

    /* U+FEC8 "ﻈ" */
    0x0, 0xae, 0x0, 0x8b, 0x0, 0x0, 0x0, 0xae,
    0x0, 0x57, 0x0, 0x0, 0x0, 0xae, 0x0, 0x0,
    0x0, 0x0, 0x0, 0xae, 0x9, 0xff, 0xc2, 0x0,
    0x0, 0xae, 0x9a, 0x45, 0xec, 0x0, 0x0, 0xaf,
    0xa0, 0x0, 0x8f, 0x0, 0x0, 0xaf, 0x10, 0x0,
    0x7f, 0x10, 0x4, 0xbe, 0x44, 0x44, 0x9f, 0x53,
    0x2f, 0xff, 0xff, 0xff, 0xff, 0xfb,

    /* U+FEC9 "ﻉ" */
    0x0, 0x0, 0x0, 0x0, 0x8, 0xef, 0xe2, 0x6,
    0xf7, 0x46, 0x0, 0xbd, 0x0, 0x0, 0xa, 0xd0,
    0x0, 0x0, 0x4f, 0x7c, 0x90, 0x2, 0xef, 0x82,
    0x0, 0xdd, 0x10, 0x0, 0x2f, 0x50, 0x0, 0x1,
    0xfa, 0x11, 0x20, 0x7, 0xff, 0xfa, 0x0, 0x1,
    0x32, 0x0,

    /* U+FECA "ﻊ" */
    0x0, 0x0, 0x0, 0x0, 0x4, 0xbf, 0xfd, 0x80,
    0x1f, 0xb4, 0x4b, 0xf0, 0xc, 0xb0, 0xc, 0xa0,
    0x3, 0xf7, 0x8e, 0x20, 0x0, 0x7f, 0xf8, 0x42,
    0x2, 0xea, 0xae, 0xfa, 0xc, 0xc0, 0x0, 0x0,
    0xf, 0x70, 0x0, 0x0, 0xf, 0xc1, 0x12, 0x0,
    0x5, 0xff, 0xfd, 0x0, 0x0, 0x13, 0x20, 0x0,

    /* U+FECB "ﻋ" */
    0x0, 0x0, 0x0, 0x0, 0x0, 0x2b, 0xff, 0xa0,
    0x0, 0xdd, 0x54, 0x40, 0x1, 0xf6, 0x0, 0x0,
    0x1, 0xf7, 0x0, 0x0, 0x4, 0xbe, 0x54, 0x40,
    0x2f, 0xff, 0xff, 0xf1,

    /* U+FECC "ﻌ" */
    0x0, 0x0, 0x0, 0x0, 0x0, 0x7, 0xdf, 0xfc,
    0x50, 0x7, 0xf8, 0x44, 0xea, 0x0, 0x2f, 0x50,
    0xf, 0x50, 0x0, 0x8e, 0x2a, 0xc0, 0x0, 0x44,
    0xef, 0xf5, 0x41, 0x2f, 0xfc, 0x7c, 0xff, 0x50,

    /* U+FECD "ﻍ" */
    0x0, 0x7, 0x40, 0x0, 0x0, 0xc7, 0x0, 0x0,
    0x0, 0x0, 0x0, 0x8, 0xef, 0xe2, 0x6, 0xf7,
    0x46, 0x0, 0xbd, 0x0, 0x0, 0xa, 0xd0, 0x0,
    0x0, 0x4f, 0x7c, 0x90, 0x2, 0xef, 0x82, 0x0,
    0xdd, 0x10, 0x0, 0x2f, 0x50, 0x0, 0x1, 0xfa,
    0x11, 0x20, 0x7, 0xff, 0xfa, 0x0, 0x1, 0x32,
    0x0,

    /* U+FECE "ﻎ" */
    0x0, 0xe, 0x40, 0x0, 0x0, 0x8, 0x20, 0x0,
    0x0, 0x0, 0x0, 0x0, 0x4, 0xbf, 0xfd, 0x80,
    0x1f, 0xb4, 0x4b, 0xf0, 0xc, 0xb0, 0xc, 0xa0,
    0x3, 0xf7, 0x8e, 0x20, 0x0, 0x7f, 0xf8, 0x42,
    0x2, 0xea, 0xae, 0xfa, 0xc, 0xc0, 0x0, 0x0,
    0xf, 0x70, 0x0, 0x0, 0xf, 0xc1, 0x12, 0x0,
    0x5, 0xff, 0xfd, 0x0, 0x0, 0x13, 0x20, 0x0,

    /* U+FECF "ﻏ" */
    0x0, 0x2, 0x80, 0x0, 0x0, 0x5, 0xe0, 0x0,
    0x0, 0x0, 0x0, 0x0, 0x0, 0x2b, 0xff, 0xa0,
    0x0, 0xdd, 0x54, 0x40, 0x1, 0xf6, 0x0, 0x0,
    0x1, 0xf7, 0x0, 0x0, 0x4, 0xbe, 0x54, 0x40,
    0x2f, 0xff, 0xff, 0xf1,

    /* U+FED0 "ﻐ" */
    0x0, 0x0, 0xd6, 0x0, 0x0, 0x0, 0x7, 0x30,
    0x0, 0x0, 0x0, 0x0, 0x0, 0x0, 0x7, 0xdf,
    0xfc, 0x50, 0x7, 0xf8, 0x44, 0xea, 0x0, 0x2f,
    0x50, 0xf, 0x50, 0x0, 0x8e, 0x2a, 0xc0, 0x0,
    0x44, 0xef, 0xf5, 0x41, 0x2f, 0xfc, 0x7c, 0xff,
    0x50,

    /* U+FED1 "ﻑ" */
    0x0, 0x0, 0x0, 0x0, 0x65, 0x0, 0x0, 0x0,
    0x0, 0x0, 0xa9, 0x0, 0x0, 0x0, 0x0, 0x0,
    0x0, 0x0, 0x0, 0x0, 0x0, 0x7, 0xef, 0xfa,
    0x5, 0x20, 0x0, 0x6f, 0xa4, 0xea, 0x1f, 0x60,
    0x0, 0xbe, 0x0, 0xea, 0x3f, 0x50, 0x0, 0xae,
    0x0, 0xea, 0x1f, 0xc4, 0x44, 0x8f, 0x94, 0xea,
    0x6, 0xef, 0xff, 0xff, 0xff, 0xfa,

    /* U+FED2 "ﻒ" */
    0x0, 0x0, 0x0, 0x0, 0xd7, 0x0, 0x0, 0x0,
    0x0, 0x0, 0x0, 0x73, 0x0, 0x0, 0x0, 0x0,
    0x0, 0x0, 0x0, 0x0, 0x0, 0x0, 0x0, 0x0,
    0x7, 0xef, 0xfa, 0x0, 0x5, 0x20, 0x0, 0x6f,
    0xa4, 0xea, 0x0, 0x1f, 0x60, 0x0, 0xbe, 0x0,
    0xea, 0x0, 0x3f, 0x50, 0x0, 0xae, 0x0, 0xea,
    0x0, 0x1f, 0xc4, 0x44, 0x8f, 0x94, 0xeb, 0x40,
    0x6, 0xef, 0xff, 0xff, 0xff, 0xff, 0xf2,

    /* U+FED3 "ﻓ" */
    0x0, 0x0, 0x92, 0x0, 0x0, 0x1, 0xe4, 0x0,
    0x0, 0x0, 0x0, 0x0, 0x0, 0x8, 0xef, 0xf7,
    0x0, 0x8f, 0x84, 0xf7, 0x0, 0xdc, 0x1, 0xf7,
    0x0, 0xdb, 0x1, 0xf7, 0x4, 0xaf, 0x75, 0xf7,
    0x2f, 0xff, 0xff, 0xf7,

    /* U+FED4 "ﻔ" */
    0x0, 0x0, 0x92, 0x0, 0x0, 0x0, 0x1e, 0x40,
    0x0, 0x0, 0x0, 0x0, 0x0, 0x0, 0x0, 0x8e,
    0xff, 0x70, 0x0, 0x8f, 0x84, 0xf7, 0x0, 0xd,
    0xc0, 0x1f, 0x70, 0x0, 0xdb, 0x1, 0xf7, 0x0,
    0x4a, 0xf7, 0x5f, 0x94, 0x2f, 0xff, 0xff, 0xff,
    0xf0,

    /* U+FED5 "ﻕ" */
    0x0, 0x0, 0x8, 0xb7, 0xb0, 0x0, 0x0, 0x0,
    0x46, 0x46, 0x0, 0x0, 0x0, 0x0, 0x0, 0x0,
    0x0, 0x0, 0x0, 0x1b, 0xff, 0xf2, 0x0, 0x0,
    0xd, 0xe5, 0x8f, 0x20, 0x11, 0x2, 0xf7, 0x5,
    0xf2, 0xd, 0x90, 0x2f, 0x70, 0x5f, 0x21, 0xf6,
    0x0, 0xde, 0x58, 0xf2, 0x3f, 0x50, 0x2, 0xcf,
    0xff, 0x22, 0xf6, 0x0, 0x0, 0x6, 0xf2, 0xd,
    0xd2, 0x0, 0x3, 0xde, 0x0, 0x2e, 0xff, 0xff,
    0xfe, 0x40, 0x0, 0x2, 0x33, 0x32, 0x0, 0x0,

    /* U+FED6 "ﻖ" */
    0x0, 0x0, 0x8, 0xb7, 0xb0, 0x0, 0x0, 0x0,
    0x4, 0x64, 0x60, 0x0, 0x0, 0x0, 0x0, 0x0,
    0x0, 0x0, 0x0, 0x0, 0x1, 0xbf, 0xff, 0x20,
    0x0, 0x0, 0xd, 0xe5, 0x8f, 0x20, 0x1, 0x10,
    0x2f, 0x70, 0x5f, 0x20, 0xd, 0x90, 0x2f, 0x70,
    0x5f, 0x20, 0x1f, 0x60, 0xd, 0xe5, 0x8f, 0x62,
    0x3f, 0x50, 0x2, 0xcf, 0xff, 0xfa, 0x2f, 0x60,
    0x0, 0x0, 0x6f, 0x20, 0xd, 0xd2, 0x0, 0x2,
    0xde, 0x0, 0x3, 0xef, 0xff, 0xff, 0xe4, 0x0,
    0x0, 0x3, 0x33, 0x32, 0x0, 0x0,

    /* U+FED7 "ﻗ" */
    0x0, 0xe, 0x4e, 0x50, 0x0, 0x8, 0x28, 0x20,
    0x0, 0x0, 0x0, 0x0, 0x0, 0x8, 0xef, 0xf7,
    0x0, 0x8f, 0x84, 0xf7, 0x0, 0xdc, 0x1, 0xf7,
    0x0, 0xdb, 0x1, 0xf7, 0x4, 0xaf, 0x75, 0xf7,
    0x2f, 0xff, 0xff, 0xf7,

    /* U+FED8 "ﻘ" */
    0x0, 0xe, 0x4e, 0x50, 0x0, 0x0, 0x82, 0x82,
    0x0, 0x0, 0x0, 0x0, 0x0, 0x0, 0x0, 0x8e,
    0xff, 0x70, 0x0, 0x8f, 0x84, 0xf7, 0x0, 0xd,
    0xc0, 0x1f, 0x70, 0x0, 0xdb, 0x1, 0xf7, 0x0,
    0x4a, 0xf7, 0x5f, 0x94, 0x2f, 0xff, 0xff, 0xff,
    0xf0,

    /* U+FED9 "ﻙ" */
    0x0, 0x0, 0x0, 0x8, 0xf0, 0x0, 0x0, 0x0,
    0x8, 0xf0, 0x0, 0x0, 0x25, 0x8, 0xf0, 0x0,
    0x0, 0xba, 0x18, 0xf0, 0x7, 0x31, 0x9b, 0x38,
    0xf0, 0x2f, 0x50, 0x0, 0x8, 0xf0, 0x3f, 0x50,
    0x0, 0x8, 0xf0, 0x1f, 0xc4, 0x44, 0x4a, 0xf0,
    0x6, 0xef, 0xff, 0xff, 0xf0,

    /* U+FEDA "ﻚ" */
    0x0, 0x0, 0x0, 0x8, 0xf0, 0x0, 0x0, 0x0,
    0x0, 0x8f, 0x0, 0x0, 0x0, 0x25, 0x8, 0xf0,
    0x0, 0x0, 0xb, 0xa1, 0x8f, 0x0, 0x7, 0x31,
    0x9b, 0x38, 0xf0, 0x2, 0xf5, 0x0, 0x0, 0x8f,
    0x0, 0x3f, 0x50, 0x0, 0x8, 0xf0, 0x1, 0xfc,
    0x44, 0x44, 0xaf, 0x42, 0x6, 0xef, 0xff, 0xff,
    0xff, 0xa0,

    /* U+FEDB "ﻛ" */
    0x0, 0x0, 0x1a, 0x30, 0x0, 0x4, 0xff, 0x50,
    0x0, 0x4f, 0xa1, 0x0, 0x1, 0xea, 0x0, 0x0,
    0x4, 0xff, 0xfd, 0x40, 0x1, 0x33, 0x5d, 0xf1,
    0x0, 0x0, 0x4, 0xf4, 0x0, 0x0, 0x4, 0xf4,
    0x4, 0x44, 0x47, 0xf4, 0x2f, 0xff, 0xff, 0xf4,

    /* U+FEDC "ﻜ" */
    0x0, 0x0, 0x19, 0x30, 0x0, 0x0, 0x4f, 0xf5,
    0x0, 0x0, 0x4f, 0xa1, 0x0, 0x0, 0x1e, 0xa0,
    0x0, 0x0, 0x4, 0xff, 0xfd, 0x40, 0x0, 0x13,
    0x35, 0xdf, 0x10, 0x0, 0x0, 0x4, 0xf4, 0x0,
    0x0, 0x0, 0x4f, 0x40, 0x4, 0x44, 0x47, 0xf7,
    0x32, 0xff, 0xff, 0xff, 0xfe,

    /* U+FEDD "ﻝ" */
    0x0, 0x0, 0x0, 0xcc, 0x0, 0x0, 0x0, 0xcc,
    0x0, 0x0, 0x0, 0xcc, 0x0, 0x0, 0x0, 0xcc,
    0x0, 0x0, 0x0, 0xcc, 0x0, 0x0, 0x0, 0xcc,
    0xb, 0x80, 0x0, 0xcc, 0x1f, 0x70, 0x0, 0xcc,
    0x3f, 0x50, 0x0, 0xcc, 0x2f, 0x60, 0x0, 0xdb,
    0xe, 0xd1, 0x5, 0xf7, 0x4, 0xef, 0xff, 0xb0,
    0x0, 0x3, 0x31, 0x0,

    /* U+FEDE "ﻞ" */
    0x0, 0x0, 0x0, 0xcc, 0x0, 0x0, 0x0, 0x0,
    0xcc, 0x0, 0x0, 0x0, 0x0, 0xcc, 0x0, 0x0,
    0x0, 0x0, 0xcc, 0x0, 0x0, 0x0, 0x0, 0xcc,
    0x0, 0x0, 0x0, 0x0, 0xcc, 0x0, 0xd, 0x90,
    0x0, 0xcc, 0x0, 0x1f, 0x60, 0x0, 0xcd, 0x41,
    0x3f, 0x50, 0x0, 0xcf, 0xf4, 0x2f, 0x60, 0x0,
    0xdb, 0x0, 0xd, 0xd2, 0x6, 0xf6, 0x0, 0x3,
    0xef, 0xff, 0xa0, 0x0, 0x0, 0x3, 0x31, 0x0,
    0x0,

    /* U+FEDF "ﻟ" */
    0x0, 0x8f, 0x0, 0x8, 0xf0, 0x0, 0x8f, 0x0,
    0x8, 0xf0, 0x0, 0x8f, 0x0, 0x8, 0xf0, 0x0,
    0x8f, 0x0, 0x4a, 0xf0, 0x2f, 0xff, 0x0,

    /* U+FEE0 "ﻠ" */
    0x0, 0x8f, 0x0, 0x0, 0x8f, 0x0, 0x0, 0x8f,
    0x0, 0x0, 0x8f, 0x0, 0x0, 0x8f, 0x0, 0x0,
    0x8f, 0x0, 0x0, 0x8f, 0x0, 0x4, 0xaf, 0x42,
    0x2f, 0xff, 0xfa,

    /* U+FEE1 "ﻡ" */
    0x0, 0x0, 0x0, 0x0, 0x0, 0x3c, 0xff, 0x80,
    0x0, 0xcc, 0x48, 0xf5, 0x0, 0xf7, 0x0, 0xf9,
    0x0, 0xf7, 0x1, 0xf8, 0x1, 0xdc, 0x4b, 0xf3,
    0xe, 0xff, 0xfd, 0x50, 0x3f, 0x60, 0x0, 0x0,
    0x3f, 0x40, 0x0, 0x0, 0x3f, 0x40, 0x0, 0x0,
    0x2d, 0x40, 0x0, 0x0,

    /* U+FEE2 "ﻢ" */
    0x0, 0x0, 0x0, 0x0, 0x0, 0x3, 0xcf, 0xf7,
    0x0, 0x0, 0xcc, 0x48, 0xf5, 0x0, 0xf, 0x70,
    0xf, 0x90, 0x0, 0xf7, 0x1, 0xf8, 0x0, 0x1d,
    0xc4, 0xbf, 0xb3, 0xe, 0xff, 0xfd, 0x6c, 0xc3,
    0xf6, 0x0, 0x0, 0x0, 0x3f, 0x40, 0x0, 0x0,
    0x3, 0xf4, 0x0, 0x0, 0x0, 0x2d, 0x40, 0x0,
    0x0, 0x0,

    /* U+FEE3 "ﻣ" */
    0x0, 0x0, 0x0, 0x0, 0x0, 0x3c, 0xff, 0x80,
    0x0, 0xcc, 0x48, 0xf5, 0x0, 0xf7, 0x0, 0xf9,
    0x0, 0xf7, 0x1, 0xf8, 0x4, 0xdc, 0x4b, 0xf3,
    0x2f, 0xff, 0xfd, 0x50,

    /* U+FEE4 "ﻤ" */
    0x0, 0x0, 0x0, 0x0, 0x0, 0x3, 0xcf, 0xf8,
    0x0, 0x0, 0xcc, 0x48, 0xf5, 0x0, 0xf, 0x70,
    0xf, 0x90, 0x0, 0xf7, 0x1, 0xf8, 0x0, 0x4d,
    0xc4, 0xbf, 0xb3, 0x2f, 0xff, 0xfd, 0x6c, 0xc0,

    /* U+FEE5 "ﻥ" */
    0x0, 0x8, 0xb0, 0x0, 0x0, 0x4, 0x60, 0x54,
    0x0, 0x0, 0x0, 0xcc, 0x0, 0x0, 0x0, 0xcc,
    0x6, 0x50, 0x0, 0xcc, 0xf, 0x70, 0x0, 0xcc,
    0x2f, 0x50, 0x0, 0xcc, 0x2f, 0x60, 0x0, 0xdb,
    0xe, 0xc2, 0x15, 0xf8, 0x4, 0xef, 0xff, 0xb0,
    0x0, 0x3, 0x31, 0x0,

    /* U+FEE6 "ﻦ" */
    0x0, 0x4, 0x60, 0x0, 0x0, 0x0, 0x8, 0xb0,
    0x0, 0x0, 0x0, 0x0, 0x0, 0xcc, 0x0, 0x0,
    0x0, 0x0, 0xcc, 0x0, 0x0, 0x0, 0x0, 0xcc,
    0x0, 0xd, 0x90, 0x0, 0xcc, 0x0, 0x1f, 0x60,
    0x0, 0xcd, 0x41, 0x3f, 0x50, 0x0, 0xcf, 0xf4,
    0x2f, 0x60, 0x0, 0xdb, 0x0, 0xd, 0xd2, 0x6,
    0xf6, 0x0, 0x3, 0xef, 0xff, 0xa0, 0x0, 0x0,
    0x3, 0x31, 0x0, 0x0,

    /* U+FEE7 "ﻧ" */
    0x0, 0xd6, 0x0, 0x7, 0x30, 0x0, 0x0, 0x0,
    0x8, 0xf0, 0x0, 0x8f, 0x0, 0x8, 0xf0, 0x0,
    0x8f, 0x0, 0x4a, 0xf0, 0x2f, 0xff, 0x0,

    /* U+FEE8 "ﻨ" */
    0x0, 0xd6, 0x0, 0x0, 0x73, 0x0, 0x0, 0x0,
    0x0, 0x0, 0x6d, 0x0, 0x0, 0x8f, 0x0, 0x0,
    0x8f, 0x0, 0x0, 0x8f, 0x0, 0x4, 0xaf, 0x42,
    0x2f, 0xff, 0xfa,

    /* U+FEE9 "ﻩ" */
    0x0, 0x0, 0x0, 0x0, 0x1c, 0xfe, 0x50, 0xc,
    0xe4, 0xaf, 0x22, 0xf6, 0x0, 0xf8, 0x3f, 0x50,
    0xf, 0xa0, 0xfc, 0x58, 0xf6, 0x4, 0xdf, 0xe9,
    0x0,

    /* U+FEEA "ﻪ" */
    0x0, 0x0, 0x28, 0x10, 0x1, 0xaf, 0xff, 0x30,
    0xd, 0xe5, 0x7f, 0x30, 0x2f, 0x70, 0x4f, 0x30,
    0x2f, 0x60, 0x4f, 0x30, 0xd, 0xe5, 0x7f, 0x73,
    0x2, 0xbf, 0xff, 0xfc,

    /* U+FEEB "ﻫ" */
    0x0, 0x0, 0x0, 0x0, 0x0, 0x0, 0x2, 0xcf,
    0xff, 0xd6, 0x0, 0x0, 0xa, 0x54, 0x5b, 0xf7,
    0x0, 0x0, 0x0, 0x0, 0xb, 0xf0, 0x0, 0x4d,
    0xff, 0x60, 0x5f, 0x30, 0xf, 0xc4, 0xcf, 0x4,
    0xf4, 0x1, 0xf7, 0x6, 0xf1, 0x4f, 0x40, 0x4d,
    0xe5, 0x9f, 0x57, 0xf4, 0x2f, 0xff, 0xff, 0xff,
    0xff, 0x40,

    /* U+FEEC "ﻬ" */
    0x0, 0x0, 0x0, 0x0, 0x0, 0x0, 0x0, 0x2c,
    0xff, 0xfd, 0x60, 0x0, 0x0, 0xa, 0x54, 0x5b,
    0xf7, 0x0, 0x0, 0x0, 0x10, 0x0, 0xbf, 0x0,
    0x0, 0x4e, 0xfe, 0x50, 0x5f, 0x30, 0x0, 0xfc,
    0x4c, 0xf0, 0x4f, 0x40, 0x1, 0xf7, 0x6, 0xf1,
    0x4f, 0x40, 0x4, 0xde, 0x59, 0xf5, 0x7f, 0x73,
    0x2f, 0xff, 0xff, 0xff, 0xff, 0xfd,

    /* U+FEED "ﻭ" */
    0x0, 0x0, 0x0, 0x0, 0x9, 0xff, 0xf3, 0xb,
    0xf6, 0x7f, 0x31, 0xf8, 0x4, 0xf3, 0x1f, 0x70,
    0x4f, 0x30, 0xed, 0x57, 0xf3, 0x3, 0xdf, 0xff,
    0x30, 0x0, 0x5, 0xf3, 0x5, 0x21, 0xbf, 0x0,
    0xef, 0xff, 0x50, 0x0, 0x23, 0x0, 0x0,

    /* U+FEEE "ﻮ" */
    0x0, 0x0, 0x0, 0x0, 0x0, 0x9f, 0xff, 0x30,
    0xb, 0xf6, 0x7f, 0x30, 0x1f, 0x80, 0x4f, 0x30,
    0x1f, 0x70, 0x4f, 0x30, 0xe, 0xd5, 0x7f, 0x72,
    0x3, 0xdf, 0xff, 0xfa, 0x0, 0x0, 0x5f, 0x30,
    0x5, 0x21, 0xbf, 0x0, 0xe, 0xff, 0xf5, 0x0,
    0x0, 0x23, 0x0, 0x0,

    /* U+FEEF "ﻯ" */
    0x0, 0x0, 0x0, 0x0, 0x10, 0x0, 0x0, 0x0,
    0x4d, 0xfa, 0x0, 0x0, 0x4, 0xfa, 0x54, 0x0,
    0x0, 0xe, 0x90, 0x0, 0x1, 0x10, 0x3f, 0x60,
    0x0, 0xf, 0x60, 0xd, 0xf8, 0x0, 0x2f, 0x50,
    0x0, 0xaf, 0xa0, 0x3f, 0x50, 0x0, 0x7, 0xf4,
    0xf, 0xc1, 0x0, 0x18, 0xf3, 0x6, 0xff, 0xff,
    0xff, 0x90, 0x0, 0x13, 0x33, 0x30, 0x0,

    /* U+FEF0 "ﻰ" */
    0x0, 0x0, 0x0, 0x0, 0x0, 0x0, 0x0, 0x0,
    0x0, 0x9, 0xff, 0x50, 0x0, 0x0, 0x0, 0x9,
    0xf6, 0xaf, 0x30, 0x0, 0xf7, 0x0, 0xf8, 0x0,
    0xbe, 0x50, 0x2f, 0x50, 0xd, 0xfa, 0x30, 0xaf,
    0x3, 0xf5, 0x0, 0x6, 0xdf, 0x10, 0x0, 0xf,
    0xc1, 0x0, 0x18, 0xf2, 0x0, 0x0, 0x7f, 0xff,
    0xff, 0xf8, 0x0, 0x0, 0x0, 0x13, 0x33, 0x30,
    0x0, 0x0, 0x0,

    /* U+FEF1 "ﻱ" */
    0x0, 0x0, 0x0, 0x0, 0x10, 0x0, 0x0, 0x0,
    0x5e, 0xfa, 0x0, 0x0, 0x7, 0xf9, 0x53, 0x0,
    0x0, 0x1f, 0x80, 0x0, 0x7, 0x30, 0x2f, 0xa0,
    0x0, 0x1f, 0x50, 0x4, 0xee, 0x30, 0x3f, 0x50,
    0x0, 0xa, 0xf2, 0x1f, 0xb1, 0x0, 0x17, 0xf4,
    0x7, 0xff, 0xff, 0xff, 0xa0, 0x0, 0x13, 0x33,
    0x31, 0x0, 0x0, 0x8, 0x28, 0x30, 0x0, 0x0,
    0xe, 0x5e, 0x50, 0x0,

    /* U+FEF2 "ﻲ" */
    0x0, 0x0, 0x0, 0x0, 0x0, 0x0, 0x0, 0x0,
    0x0, 0x9, 0xff, 0x50, 0x0, 0x0, 0x0, 0x9,
    0xf6, 0xaf, 0x30, 0x0, 0xf7, 0x0, 0xf8, 0x0,
    0xbe, 0x50, 0x2f, 0x50, 0xd, 0xfa, 0x30, 0xaf,
    0x3, 0xf5, 0x0, 0x6, 0xdf, 0x10, 0x0, 0xf,
    0xc1, 0x0, 0x18, 0xf2, 0x0, 0x0, 0x7f, 0xff,
    0xff, 0xf8, 0x0, 0x0, 0x0, 0x13, 0x33, 0x30,
    0x0, 0x0, 0x0, 0x0, 0xe5, 0xe5, 0x0, 0x0,
    0x0, 0x0, 0x8, 0x28, 0x20, 0x0, 0x0, 0x0,

    /* U+FEF3 "ﻳ" */
    0x0, 0xe, 0xa0, 0x0, 0xea, 0x0, 0xe, 0xa0,
    0x0, 0xea, 0x4, 0x4e, 0xa2, 0xff, 0xfa, 0x0,
    0x0, 0x0, 0x7c, 0x6d, 0x4, 0x73, 0x70,

    /* U+FEF4 "ﻴ" */
    0x0, 0x2f, 0x60, 0x0, 0x2, 0xf6, 0x0, 0x0,
    0x2f, 0x60, 0x0, 0x2, 0xf6, 0x0, 0x4, 0x6f,
    0x84, 0x12, 0xff, 0xff, 0xf3, 0x0, 0x0, 0x0,
    0x0, 0x4e, 0x4e, 0x10, 0x2, 0x82, 0x90, 0x0,

    /* U+FEF5 "ﻵ" */
    0x0, 0x9b, 0x29, 0x0, 0x0, 0x72, 0xb9, 0xf5,
    0x3, 0x60, 0x3, 0xf5, 0x7, 0xf2, 0x3, 0xf5,
    0x3, 0xf6, 0x3, 0xf5, 0x0, 0xea, 0x3, 0xf5,
    0x0, 0xbe, 0x3, 0xf5, 0x0, 0x7f, 0x23, 0xf5,
    0x14, 0x6f, 0x8a, 0xf2, 0x7f, 0xff, 0xfe, 0x60,

    /* U+FEF6 "ﻶ" */
    0x0, 0x7c, 0x48, 0x10, 0x0, 0x8, 0x9, 0xbf,
    0x50, 0x3, 0x60, 0x3, 0xf5, 0x0, 0x7f, 0x20,
    0x3f, 0x50, 0x3, 0xf6, 0x3, 0xf5, 0x0, 0xe,
    0xa0, 0x3f, 0x50, 0x0, 0xbe, 0x3, 0xf5, 0x0,
    0x7, 0xf2, 0x3f, 0x50, 0x14, 0x6f, 0x86, 0xf8,
    0x47, 0xff, 0xff, 0xff, 0xff,

    /* U+FEF7 "ﻷ" */
    0x3a, 0x50, 0x0, 0x0, 0x83, 0x0, 0x0, 0x0,
    0x7b, 0x80, 0x3, 0xf5, 0x3, 0x60, 0x3, 0xf5,
    0x7, 0xf2, 0x3, 0xf5, 0x3, 0xf6, 0x3, 0xf5,
    0x0, 0xea, 0x3, 0xf5, 0x0, 0xbe, 0x3, 0xf5,
    0x0, 0x7f, 0x23, 0xf5, 0x14, 0x6f, 0x8a, 0xf2,
    0x7f, 0xff, 0xfe, 0x60,

    /* U+FEF8 "ﻸ" */
    0xa, 0x90, 0x0, 0x0, 0x2, 0x90, 0x0, 0x0,
    0x0, 0x3c, 0xa1, 0x3, 0xf5, 0x0, 0x36, 0x0,
    0x3f, 0x50, 0x7, 0xf2, 0x3, 0xf5, 0x0, 0x3f,
    0x60, 0x3f, 0x50, 0x0, 0xea, 0x3, 0xf5, 0x0,
    0xb, 0xe0, 0x3f, 0x50, 0x0, 0x7f, 0x23, 0xf5,
    0x1, 0x46, 0xf8, 0x6f, 0x84, 0x7f, 0xff, 0xff,
    0xff, 0xf0,

    /* U+FEF9 "ﻹ" */
    0x0, 0x0, 0x3, 0xf5, 0x4, 0x60, 0x3, 0xf5,
    0x7, 0xf2, 0x3, 0xf5, 0x3, 0xf6, 0x3, 0xf5,
    0x0, 0xea, 0x3, 0xf5, 0x0, 0xbe, 0x3, 0xf5,
    0x0, 0x7f, 0x23, 0xf5, 0x14, 0x6f, 0x8a, 0xf2,
    0x7f, 0xff, 0xfe, 0x60, 0x0, 0x0, 0x0, 0x0,
    0x3, 0xa6, 0x0, 0x0, 0x6, 0xc9, 0x0, 0x0,
    0x0, 0x0, 0x0, 0x0,

    /* U+FEFA "ﻺ" */
    0x0, 0x0, 0x3, 0xf5, 0x0, 0x46, 0x0, 0x3f,
    0x50, 0x7, 0xf2, 0x3, 0xf5, 0x0, 0x3f, 0x60,
    0x3f, 0x50, 0x0, 0xea, 0x3, 0xf5, 0x0, 0xb,
    0xe0, 0x3f, 0x50, 0x0, 0x7f, 0x23, 0xf5, 0x1,
    0x46, 0xf8, 0x6f, 0x84, 0x7f, 0xff, 0xff, 0xff,
    0xf0, 0x0, 0x0, 0x0, 0x0, 0x3, 0xa6, 0x0,
    0x0, 0x0, 0x6c, 0x90, 0x0, 0x0, 0x0, 0x0,
    0x0, 0x0, 0x0,

    /* U+FEFB "ﻻ" */
    0x0, 0x0, 0x3, 0xf5, 0x4, 0x60, 0x3, 0xf5,
    0x7, 0xf2, 0x3, 0xf5, 0x3, 0xf6, 0x3, 0xf5,
    0x0, 0xea, 0x3, 0xf5, 0x0, 0xbe, 0x3, 0xf5,
    0x0, 0x7f, 0x23, 0xf5, 0x14, 0x6f, 0x8a, 0xf2,
    0x7f, 0xff, 0xfe, 0x60,

    /* U+FEFC "ﻼ" */
    0x0, 0x0, 0x3, 0xf5, 0x0, 0x46, 0x0, 0x3f,
    0x50, 0x7, 0xf2, 0x3, 0xf5, 0x0, 0x3f, 0x60,
    0x3f, 0x50, 0x0, 0xea, 0x3, 0xf5, 0x0, 0xb,
    0xe0, 0x3f, 0x50, 0x0, 0x7f, 0x23, 0xf5, 0x1,
    0x46, 0xf8, 0x6f, 0x84, 0x7f, 0xff, 0xff, 0xff,
    0xf0,

    /* U+FEFF "﻿" */

};


/*---------------------
 *  GLYPH DESCRIPTION
 *--------------------*/

static const lv_font_fmt_txt_glyph_dsc_t glyph_dsc[] = {
    {.bitmap_index = 0, .adv_w = 0, .box_w = 0, .box_h = 0, .ofs_x = 0, .ofs_y = 0} /* id = 0 reserved */,
    {.bitmap_index = 0, .adv_w = 65, .box_w = 0, .box_h = 0, .ofs_x = 0, .ofs_y = 0},
    {.bitmap_index = 0, .adv_w = 54, .box_w = 3, .box_h = 9, .ofs_x = 0, .ofs_y = 0},
    {.bitmap_index = 14, .adv_w = 87, .box_w = 5, .box_h = 4, .ofs_x = 0, .ofs_y = 5},
    {.bitmap_index = 24, .adv_w = 124, .box_w = 8, .box_h = 9, .ofs_x = 0, .ofs_y = 0},
    {.bitmap_index = 60, .adv_w = 110, .box_w = 7, .box_h = 11, .ofs_x = 0, .ofs_y = -1},
    {.bitmap_index = 99, .adv_w = 169, .box_w = 11, .box_h = 9, .ofs_x = 0, .ofs_y = 0},
    {.bitmap_index = 149, .adv_w = 143, .box_w = 9, .box_h = 9, .ofs_x = 0, .ofs_y = 0},
    {.bitmap_index = 190, .adv_w = 48, .box_w = 3, .box_h = 4, .ofs_x = 0, .ofs_y = 5},
    {.bitmap_index = 196, .adv_w = 63, .box_w = 4, .box_h = 12, .ofs_x = 0, .ofs_y = -3},
    {.bitmap_index = 220, .adv_w = 63, .box_w = 4, .box_h = 12, .ofs_x = 0, .ofs_y = -3},
    {.bitmap_index = 244, .adv_w = 105, .box_w = 7, .box_h = 6, .ofs_x = 0, .ofs_y = 4},
    {.bitmap_index = 265, .adv_w = 110, .box_w = 7, .box_h = 7, .ofs_x = 0, .ofs_y = 1},
    {.bitmap_index = 290, .adv_w = 54, .box_w = 3, .box_h = 4, .ofs_x = 0, .ofs_y = -2},
    {.bitmap_index = 296, .adv_w = 62, .box_w = 4, .box_h = 3, .ofs_x = 0, .ofs_y = 2},
    {.bitmap_index = 302, .adv_w = 54, .box_w = 3, .box_h = 2, .ofs_x = 0, .ofs_y = 0},
    {.bitmap_index = 305, .adv_w = 77, .box_w = 5, .box_h = 9, .ofs_x = 0, .ofs_y = 0},
    {.bitmap_index = 328, .adv_w = 110, .box_w = 7, .box_h = 9, .ofs_x = 0, .ofs_y = 0},
    {.bitmap_index = 360, .adv_w = 110, .box_w = 5, .box_h = 9, .ofs_x = 0, .ofs_y = 0},
    {.bitmap_index = 383, .adv_w = 110, .box_w = 7, .box_h = 9, .ofs_x = 0, .ofs_y = 0},
    {.bitmap_index = 415, .adv_w = 110, .box_w = 7, .box_h = 9, .ofs_x = 0, .ofs_y = 0},
    {.bitmap_index = 447, .adv_w = 110, .box_w = 7, .box_h = 9, .ofs_x = 0, .ofs_y = 0},
    {.bitmap_index = 479, .adv_w = 110, .box_w = 7, .box_h = 9, .ofs_x = 0, .ofs_y = 0},
    {.bitmap_index = 511, .adv_w = 110, .box_w = 7, .box_h = 9, .ofs_x = 0, .ofs_y = 0},
    {.bitmap_index = 543, .adv_w = 110, .box_w = 7, .box_h = 9, .ofs_x = 0, .ofs_y = 0},
    {.bitmap_index = 575, .adv_w = 110, .box_w = 7, .box_h = 9, .ofs_x = 0, .ofs_y = 0},
    {.bitmap_index = 607, .adv_w = 110, .box_w = 7, .box_h = 9, .ofs_x = 0, .ofs_y = 0},
    {.bitmap_index = 639, .adv_w = 54, .box_w = 3, .box_h = 7, .ofs_x = 0, .ofs_y = 0},
    {.bitmap_index = 650, .adv_w = 54, .box_w = 3, .box_h = 9, .ofs_x = 0, .ofs_y = -2},
    {.bitmap_index = 664, .adv_w = 110, .box_w = 7, .box_h = 7, .ofs_x = 0, .ofs_y = 1},
    {.bitmap_index = 689, .adv_w = 110, .box_w = 7, .box_h = 4, .ofs_x = 0, .ofs_y = 2},
    {.bitmap_index = 703, .adv_w = 110, .box_w = 7, .box_h = 7, .ofs_x = 0, .ofs_y = 1},
    {.bitmap_index = 728, .adv_w = 89, .box_w = 6, .box_h = 9, .ofs_x = 0, .ofs_y = 0},
    {.bitmap_index = 755, .adv_w = 172, .box_w = 11, .box_h = 11, .ofs_x = 0, .ofs_y = -2},
    {.bitmap_index = 816, .adv_w = 129, .box_w = 9, .box_h = 9, .ofs_x = 0, .ofs_y = 0},
    {.bitmap_index = 857, .adv_w = 128, .box_w = 7, .box_h = 9, .ofs_x = 1, .ofs_y = 0},
    {.bitmap_index = 889, .adv_w = 122, .box_w = 8, .box_h = 9, .ofs_x = 0, .ofs_y = 0},
    {.bitmap_index = 925, .adv_w = 142, .box_w = 8, .box_h = 9, .ofs_x = 1, .ofs_y = 0},
    {.bitmap_index = 961, .adv_w = 107, .box_w = 5, .box_h = 9, .ofs_x = 1, .ofs_y = 0},
    {.bitmap_index = 984, .adv_w = 103, .box_w = 5, .box_h = 9, .ofs_x = 1, .ofs_y = 0},
    {.bitmap_index = 1007, .adv_w = 139, .box_w = 8, .box_h = 9, .ofs_x = 0, .ofs_y = 0},
    {.bitmap_index = 1043, .adv_w = 145, .box_w = 7, .box_h = 9, .ofs_x = 1, .ofs_y = 0},
    {.bitmap_index = 1075, .adv_w = 71, .box_w = 5, .box_h = 9, .ofs_x = 0, .ofs_y = 0},
    {.bitmap_index = 1098, .adv_w = 60, .box_w = 4, .box_h = 12, .ofs_x = -1, .ofs_y = -3},
    {.bitmap_index = 1122, .adv_w = 125, .box_w = 7, .box_h = 9, .ofs_x = 1, .ofs_y = 0},
    {.bitmap_index = 1154, .adv_w = 106, .box_w = 6, .box_h = 9, .ofs_x = 1, .ofs_y = 0},
    {.bitmap_index = 1181, .adv_w = 179, .box_w = 10, .box_h = 9, .ofs_x = 1, .ofs_y = 0},
    {.bitmap_index = 1226, .adv_w = 153, .box_w = 8, .box_h = 9, .ofs_x = 1, .ofs_y = 0},
    {.bitmap_index = 1262, .adv_w = 152, .box_w = 9, .box_h = 9, .ofs_x = 0, .ofs_y = 0},
    {.bitmap_index = 1303, .adv_w = 119, .box_w = 6, .box_h = 9, .ofs_x = 1, .ofs_y = 0},
    {.bitmap_index = 1330, .adv_w = 152, .box_w = 9, .box_h = 11, .ofs_x = 0, .ofs_y = -2},
    {.bitmap_index = 1380, .adv_w = 124, .box_w = 7, .box_h = 9, .ofs_x = 1, .ofs_y = 0},
    {.bitmap_index = 1412, .adv_w = 106, .box_w = 7, .box_h = 9, .ofs_x = 0, .ofs_y = 0},
    {.bitmap_index = 1444, .adv_w = 110, .box_w = 7, .box_h = 9, .ofs_x = 0, .ofs_y = 0},
    {.bitmap_index = 1476, .adv_w = 144, .box_w = 7, .box_h = 9, .ofs_x = 1, .ofs_y = 0},
    {.bitmap_index = 1508, .adv_w = 122, .box_w = 8, .box_h = 9, .ofs_x = 0, .ofs_y = 0},
    {.bitmap_index = 1544, .adv_w = 183, .box_w = 12, .box_h = 9, .ofs_x = 0, .ofs_y = 0},
    {.bitmap_index = 1598, .adv_w = 123, .box_w = 8, .box_h = 9, .ofs_x = 0, .ofs_y = 0},
    {.bitmap_index = 1634, .adv_w = 116, .box_w = 8, .box_h = 9, .ofs_x = 0, .ofs_y = 0},
    {.bitmap_index = 1670, .adv_w = 111, .box_w = 7, .box_h = 9, .ofs_x = 0, .ofs_y = 0},
    {.bitmap_index = 1702, .adv_w = 63, .box_w = 4, .box_h = 12, .ofs_x = 0, .ofs_y = -3},
    {.bitmap_index = 1726, .adv_w = 77, .box_w = 5, .box_h = 9, .ofs_x = 0, .ofs_y = 0},
    {.bitmap_index = 1749, .adv_w = 63, .box_w = 4, .box_h = 12, .ofs_x = 0, .ofs_y = -3},
    {.bitmap_index = 1773, .adv_w = 110, .box_w = 7, .box_h = 6, .ofs_x = 0, .ofs_y = 3},
    {.bitmap_index = 1794, .adv_w = 81, .box_w = 7, .box_h = 1, .ofs_x = -1, .ofs_y = -2},
    {.bitmap_index = 1798, .adv_w = 64, .box_w = 4, .box_h = 2, .ofs_x = 0, .ofs_y = 8},
    {.bitmap_index = 1802, .adv_w = 113, .box_w = 7, .box_h = 7, .ofs_x = 0, .ofs_y = 0},
    {.bitmap_index = 1827, .adv_w = 120, .box_w = 7, .box_h = 10, .ofs_x = 0, .ofs_y = 0},
    {.bitmap_index = 1862, .adv_w = 97, .box_w = 6, .box_h = 7, .ofs_x = 0, .ofs_y = 0},
    {.bitmap_index = 1883, .adv_w = 120, .box_w = 7, .box_h = 10, .ofs_x = 0, .ofs_y = 0},
    {.bitmap_index = 1918, .adv_w = 112, .box_w = 7, .box_h = 7, .ofs_x = 0, .ofs_y = 0},
    {.bitmap_index = 1943, .adv_w = 72, .box_w = 5, .box_h = 10, .ofs_x = 0, .ofs_y = 0},
    {.bitmap_index = 1968, .adv_w = 120, .box_w = 7, .box_h = 10, .ofs_x = 0, .ofs_y = -3},
    {.bitmap_index = 2003, .adv_w = 124, .box_w = 7, .box_h = 10, .ofs_x = 0, .ofs_y = 0},
    {.bitmap_index = 2038, .adv_w = 55, .box_w = 3, .box_h = 10, .ofs_x = 0, .ofs_y = 0},
    {.bitmap_index = 2053, .adv_w = 55, .box_w = 4, .box_h = 13, .ofs_x = -1, .ofs_y = -3},
    {.bitmap_index = 2079, .adv_w = 113, .box_w = 8, .box_h = 10, .ofs_x = 0, .ofs_y = 0},
    {.bitmap_index = 2119, .adv_w = 55, .box_w = 3, .box_h = 10, .ofs_x = 0, .ofs_y = 0},
    {.bitmap_index = 2134, .adv_w = 185, .box_w = 11, .box_h = 7, .ofs_x = 0, .ofs_y = 0},
    {.bitmap_index = 2173, .adv_w = 124, .box_w = 7, .box_h = 7, .ofs_x = 0, .ofs_y = 0},
    {.bitmap_index = 2198, .adv_w = 118, .box_w = 7, .box_h = 7, .ofs_x = 0, .ofs_y = 0},
    {.bitmap_index = 2223, .adv_w = 120, .box_w = 7, .box_h = 10, .ofs_x = 0, .ofs_y = -3},
    {.bitmap_index = 2258, .adv_w = 120, .box_w = 7, .box_h = 10, .ofs_x = 0, .ofs_y = -3},
    {.bitmap_index = 2293, .adv_w = 84, .box_w = 6, .box_h = 7, .ofs_x = 0, .ofs_y = 0},
    {.bitmap_index = 2314, .adv_w = 94, .box_w = 6, .box_h = 7, .ofs_x = 0, .ofs_y = 0},
    {.bitmap_index = 2335, .adv_w = 79, .box_w = 5, .box_h = 9, .ofs_x = 0, .ofs_y = 0},
    {.bitmap_index = 2358, .adv_w = 124, .box_w = 7, .box_h = 7, .ofs_x = 0, .ofs_y = 0},
    {.bitmap_index = 2383, .adv_w = 105, .box_w = 7, .box_h = 7, .ofs_x = 0, .ofs_y = 0},
    {.bitmap_index = 2408, .adv_w = 160, .box_w = 10, .box_h = 7, .ofs_x = 0, .ofs_y = 0},
    {.bitmap_index = 2443, .adv_w = 108, .box_w = 7, .box_h = 7, .ofs_x = 0, .ofs_y = 0},
    {.bitmap_index = 2468, .adv_w = 105, .box_w = 7, .box_h = 10, .ofs_x = 0, .ofs_y = -3},
    {.bitmap_index = 2503, .adv_w = 93, .box_w = 6, .box_h = 7, .ofs_x = 0, .ofs_y = 0},
    {.bitmap_index = 2524, .adv_w = 75, .box_w = 5, .box_h = 12, .ofs_x = 0, .ofs_y = -3},
    {.bitmap_index = 2554, .adv_w = 106, .box_w = 2, .box_h = 13, .ofs_x = 2, .ofs_y = -3},
    {.bitmap_index = 2567, .adv_w = 75, .box_w = 5, .box_h = 12, .ofs_x = 0, .ofs_y = -3},
    {.bitmap_index = 2597, .adv_w = 110, .box_w = 7, .box_h = 4, .ofs_x = 0, .ofs_y = 3},
    {.bitmap_index = 2611, .adv_w = 266, .box_w = 17, .box_h = 5, .ofs_x = 0, .ofs_y = -3},
    {.bitmap_index = 2654, .adv_w = 291, .box_w = 18, .box_h = 4, .ofs_x = 0, .ofs_y = -4},
    {.bitmap_index = 2690, .adv_w = 237, .box_w = 15, .box_h = 6, .ofs_x = 0, .ofs_y = -3},
    {.bitmap_index = 2735, .adv_w = 347, .box_w = 22, .box_h = 7, .ofs_x = 0, .ofs_y = -3},
    {.bitmap_index = 2812, .adv_w = 462, .box_w = 28, .box_h = 9, .ofs_x = 0, .ofs_y = -3},
    {.bitmap_index = 2938, .adv_w = 321, .box_w = 20, .box_h = 4, .ofs_x = 0, .ofs_y = 6},
    {.bitmap_index = 2978, .adv_w = 120, .box_w = 8, .box_h = 10, .ofs_x = 0, .ofs_y = 0},
    {.bitmap_index = 3018, .adv_w = 120, .box_w = 8, .box_h = 10, .ofs_x = 0, .ofs_y = 0},
    {.bitmap_index = 3058, .adv_w = 186, .box_w = 13, .box_h = 11, .ofs_x = -1, .ofs_y = -4},
    {.bitmap_index = 3130, .adv_w = 141, .box_w = 9, .box_h = 8, .ofs_x = 0, .ofs_y = 0},
    {.bitmap_index = 3166, .adv_w = 179, .box_w = 11, .box_h = 8, .ofs_x = 0, .ofs_y = 0},
    {.bitmap_index = 3210, .adv_w = 120, .box_w = 8, .box_h = 13, .ofs_x = -1, .ofs_y = -4},
    {.bitmap_index = 3262, .adv_w = 60, .box_w = 3, .box_h = 3, .ofs_x = 0, .ofs_y = 0},
    {.bitmap_index = 3267, .adv_w = 62, .box_w = 4, .box_h = 5, .ofs_x = 0, .ofs_y = -3},
    {.bitmap_index = 3277, .adv_w = 226, .box_w = 14, .box_h = 5, .ofs_x = 0, .ofs_y = 0},
    {.bitmap_index = 3312, .adv_w = 127, .box_w = 8, .box_h = 12, .ofs_x = 0, .ofs_y = -5},
    {.bitmap_index = 3360, .adv_w = 0, .box_w = 3, .box_h = 3, .ofs_x = 0, .ofs_y = 8},
    {.bitmap_index = 3365, .adv_w = 0, .box_w = 3, .box_h = 3, .ofs_x = 0, .ofs_y = 8},
    {.bitmap_index = 3370, .adv_w = 0, .box_w = 4, .box_h = 4, .ofs_x = 0, .ofs_y = 7},
    {.bitmap_index = 3378, .adv_w = 0, .box_w = 4, .box_h = 5, .ofs_x = 0, .ofs_y = 7},
    {.bitmap_index = 3388, .adv_w = 0, .box_w = 4, .box_h = 3, .ofs_x = 0, .ofs_y = 7},
    {.bitmap_index = 3394, .adv_w = 0, .box_w = 3, .box_h = 4, .ofs_x = 0, .ofs_y = 13},
    {.bitmap_index = 3400, .adv_w = 0, .box_w = 4, .box_h = 5, .ofs_x = 0, .ofs_y = 13},
    {.bitmap_index = 3410, .adv_w = 0, .box_w = 2, .box_h = 4, .ofs_x = 0, .ofs_y = 13},
    {.bitmap_index = 3414, .adv_w = 0, .box_w = 2, .box_h = 2, .ofs_x = 0, .ofs_y = 3},
    {.bitmap_index = 3416, .adv_w = 0, .box_w = 3, .box_h = 3, .ofs_x = 0, .ofs_y = 7},
    {.bitmap_index = 3421, .adv_w = 0, .box_w = 2, .box_h = 2, .ofs_x = 0, .ofs_y = -2},
    {.bitmap_index = 3423, .adv_w = 61, .box_w = 4, .box_h = 8, .ofs_x = 0, .ofs_y = 0},
    {.bitmap_index = 3439, .adv_w = 115, .box_w = 0, .box_h = 0, .ofs_x = 0, .ofs_y = 0},
    {.bitmap_index = 3439, .adv_w = 106, .box_w = 6, .box_h = 10, .ofs_x = 0, .ofs_y = 0},
    {.bitmap_index = 3469, .adv_w = 62, .box_w = 4, .box_h = 4, .ofs_x = 0, .ofs_y = 2},
    {.bitmap_index = 3477, .adv_w = 99, .box_w = 6, .box_h = 10, .ofs_x = 0, .ofs_y = 0},
    {.bitmap_index = 3507, .adv_w = 167, .box_w = 10, .box_h = 14, .ofs_x = 0, .ofs_y = -7},
    {.bitmap_index = 3577, .adv_w = 99, .box_w = 6, .box_h = 6, .ofs_x = 0, .ofs_y = 0},
    {.bitmap_index = 3595, .adv_w = 63, .box_w = 5, .box_h = 11, .ofs_x = 0, .ofs_y = 0},
    {.bitmap_index = 3623, .adv_w = 63, .box_w = 4, .box_h = 12, .ofs_x = 0, .ofs_y = 0},
    {.bitmap_index = 3647, .adv_w = 116, .box_w = 7, .box_h = 14, .ofs_x = 0, .ofs_y = -4},
    {.bitmap_index = 3696, .adv_w = 63, .box_w = 4, .box_h = 13, .ofs_x = 0, .ofs_y = -4},
    {.bitmap_index = 3722, .adv_w = 167, .box_w = 10, .box_h = 11, .ofs_x = 0, .ofs_y = -4},
    {.bitmap_index = 3777, .adv_w = 63, .box_w = 2, .box_h = 9, .ofs_x = 1, .ofs_y = 0},
    {.bitmap_index = 3786, .adv_w = 161, .box_w = 10, .box_h = 9, .ofs_x = 0, .ofs_y = -3},
    {.bitmap_index = 3831, .adv_w = 119, .box_w = 7, .box_h = 9, .ofs_x = 0, .ofs_y = 0},
    {.bitmap_index = 3863, .adv_w = 161, .box_w = 10, .box_h = 8, .ofs_x = 0, .ofs_y = 0},
    {.bitmap_index = 3903, .adv_w = 161, .box_w = 10, .box_h = 9, .ofs_x = 0, .ofs_y = 0},
    {.bitmap_index = 3948, .adv_w = 129, .box_w = 8, .box_h = 11, .ofs_x = 0, .ofs_y = -4},
    {.bitmap_index = 3992, .adv_w = 129, .box_w = 8, .box_h = 12, .ofs_x = 0, .ofs_y = -5},
    {.bitmap_index = 4040, .adv_w = 129, .box_w = 8, .box_h = 14, .ofs_x = 0, .ofs_y = -5},
    {.bitmap_index = 4096, .adv_w = 109, .box_w = 7, .box_h = 7, .ofs_x = 0, .ofs_y = 0},
    {.bitmap_index = 4121, .adv_w = 109, .box_w = 7, .box_h = 10, .ofs_x = 0, .ofs_y = 0},
    {.bitmap_index = 4156, .adv_w = 77, .box_w = 5, .box_h = 10, .ofs_x = -1, .ofs_y = -4},
    {.bitmap_index = 4181, .adv_w = 77, .box_w = 5, .box_h = 13, .ofs_x = -1, .ofs_y = -4},
    {.bitmap_index = 4214, .adv_w = 260, .box_w = 16, .box_h = 10, .ofs_x = 0, .ofs_y = -4},
    {.bitmap_index = 4294, .adv_w = 260, .box_w = 16, .box_h = 13, .ofs_x = 0, .ofs_y = -4},
    {.bitmap_index = 4398, .adv_w = 237, .box_w = 14, .box_h = 10, .ofs_x = 0, .ofs_y = -4},
    {.bitmap_index = 4468, .adv_w = 237, .box_w = 14, .box_h = 13, .ofs_x = 0, .ofs_y = -4},
    {.bitmap_index = 4559, .adv_w = 161, .box_w = 10, .box_h = 9, .ofs_x = 0, .ofs_y = 0},
    {.bitmap_index = 4604, .adv_w = 161, .box_w = 10, .box_h = 9, .ofs_x = 0, .ofs_y = 0},
    {.bitmap_index = 4649, .adv_w = 110, .box_w = 7, .box_h = 12, .ofs_x = 0, .ofs_y = -5},
    {.bitmap_index = 4691, .adv_w = 110, .box_w = 7, .box_h = 14, .ofs_x = 0, .ofs_y = -5},
    {.bitmap_index = 4740, .adv_w = 165, .box_w = 10, .box_h = 11, .ofs_x = 0, .ofs_y = 0},
    {.bitmap_index = 4795, .adv_w = 165, .box_w = 10, .box_h = 16, .ofs_x = 0, .ofs_y = -6},
    {.bitmap_index = 4875, .adv_w = 167, .box_w = 10, .box_h = 11, .ofs_x = 0, .ofs_y = -4},
    {.bitmap_index = 4930, .adv_w = 167, .box_w = 10, .box_h = 11, .ofs_x = 0, .ofs_y = -4},
    {.bitmap_index = 4985, .adv_w = 167, .box_w = 10, .box_h = 12, .ofs_x = 0, .ofs_y = -4},
    {.bitmap_index = 5045, .adv_w = 33, .box_w = 4, .box_h = 2, .ofs_x = -1, .ofs_y = 0},
    {.bitmap_index = 5049, .adv_w = 202, .box_w = 12, .box_h = 9, .ofs_x = 0, .ofs_y = 0},
    {.bitmap_index = 5103, .adv_w = 179, .box_w = 11, .box_h = 13, .ofs_x = 0, .ofs_y = -4},
    {.bitmap_index = 5175, .adv_w = 164, .box_w = 10, .box_h = 9, .ofs_x = 0, .ofs_y = 0},
    {.bitmap_index = 5220, .adv_w = 143, .box_w = 8, .box_h = 13, .ofs_x = 0, .ofs_y = -4},
    {.bitmap_index = 5272, .adv_w = 133, .box_w = 8, .box_h = 11, .ofs_x = 0, .ofs_y = -4},
    {.bitmap_index = 5316, .adv_w = 140, .box_w = 8, .box_h = 11, .ofs_x = 0, .ofs_y = -4},
    {.bitmap_index = 5360, .adv_w = 170, .box_w = 10, .box_h = 9, .ofs_x = 0, .ofs_y = 0},
    {.bitmap_index = 5405, .adv_w = 116, .box_w = 7, .box_h = 11, .ofs_x = 0, .ofs_y = -4},
    {.bitmap_index = 5444, .adv_w = 167, .box_w = 10, .box_h = 11, .ofs_x = 0, .ofs_y = -4},
    {.bitmap_index = 5499, .adv_w = 167, .box_w = 10, .box_h = 12, .ofs_x = 0, .ofs_y = -6},
    {.bitmap_index = 5559, .adv_w = 0, .box_w = 3, .box_h = 4, .ofs_x = 0, .ofs_y = 9},
    {.bitmap_index = 5565, .adv_w = 0, .box_w = 5, .box_h = 3, .ofs_x = 0, .ofs_y = 9},
    {.bitmap_index = 5573, .adv_w = 0, .box_w = 3, .box_h = 4, .ofs_x = 0, .ofs_y = -5},
    {.bitmap_index = 5579, .adv_w = 0, .box_w = 3, .box_h = 3, .ofs_x = 0, .ofs_y = 9},
    {.bitmap_index = 5584, .adv_w = 0, .box_w = 4, .box_h = 3, .ofs_x = 0, .ofs_y = 9},
    {.bitmap_index = 5590, .adv_w = 0, .box_w = 3, .box_h = 3, .ofs_x = 0, .ofs_y = -4},
    {.bitmap_index = 5595, .adv_w = 0, .box_w = 4, .box_h = 3, .ofs_x = 0, .ofs_y = 10},
    {.bitmap_index = 5601, .adv_w = 0, .box_w = 3, .box_h = 3, .ofs_x = 0, .ofs_y = 10},
    {.bitmap_index = 5606, .adv_w = 0, .box_w = 5, .box_h = 2, .ofs_x = 0, .ofs_y = 9},
    {.bitmap_index = 5611, .adv_w = 0, .box_w = 4, .box_h = 4, .ofs_x = -2, .ofs_y = 8},
    {.bitmap_index = 5619, .adv_w = 0, .box_w = 4, .box_h = 4, .ofs_x = -2, .ofs_y = -4},
    {.bitmap_index = 5627, .adv_w = 0, .box_w = 2, .box_h = 3, .ofs_x = -1, .ofs_y = -5},
    {.bitmap_index = 5630, .adv_w = 0, .box_w = 3, .box_h = 4, .ofs_x = -1, .ofs_y = 9},
    {.bitmap_index = 5636, .adv_w = 0, .box_w = 2, .box_h = 2, .ofs_x = 0, .ofs_y = 7},
    {.bitmap_index = 5638, .adv_w = 0, .box_w = 4, .box_h = 3, .ofs_x = 0, .ofs_y = 7},
    {.bitmap_index = 5644, .adv_w = 0, .box_w = 4, .box_h = 3, .ofs_x = 0, .ofs_y = 6},
    {.bitmap_index = 5650, .adv_w = 0, .box_w = 4, .box_h = 3, .ofs_x = -2, .ofs_y = 6},
    {.bitmap_index = 5656, .adv_w = 0, .box_w = 2, .box_h = 2, .ofs_x = 0, .ofs_y = -3},
    {.bitmap_index = 5658, .adv_w = 0, .box_w = 4, .box_h = 3, .ofs_x = 0, .ofs_y = 7},
    {.bitmap_index = 5664, .adv_w = 0, .box_w = 3, .box_h = 4, .ofs_x = 0, .ofs_y = 8},
    {.bitmap_index = 5670, .adv_w = 0, .box_w = 5, .box_h = 3, .ofs_x = -3, .ofs_y = -3},
    {.bitmap_index = 5678, .adv_w = 110, .box_w = 4, .box_h = 4, .ofs_x = 1, .ofs_y = 2},
    {.bitmap_index = 5686, .adv_w = 110, .box_w = 3, .box_h = 9, .ofs_x = 2, .ofs_y = 0},
    {.bitmap_index = 5700, .adv_w = 110, .box_w = 7, .box_h = 9, .ofs_x = 0, .ofs_y = 0},
    {.bitmap_index = 5732, .adv_w = 110, .box_w = 7, .box_h = 8, .ofs_x = 0, .ofs_y = 0},
    {.bitmap_index = 5760, .adv_w = 110, .box_w = 5, .box_h = 9, .ofs_x = 1, .ofs_y = 0},
    {.bitmap_index = 5783, .adv_w = 110, .box_w = 7, .box_h = 9, .ofs_x = 0, .ofs_y = 0},
    {.bitmap_index = 5815, .adv_w = 110, .box_w = 6, .box_h = 9, .ofs_x = 0, .ofs_y = 0},
    {.bitmap_index = 5842, .adv_w = 110, .box_w = 7, .box_h = 8, .ofs_x = 0, .ofs_y = 0},
    {.bitmap_index = 5870, .adv_w = 110, .box_w = 7, .box_h = 8, .ofs_x = 0, .ofs_y = 0},
    {.bitmap_index = 5898, .adv_w = 110, .box_w = 6, .box_h = 9, .ofs_x = 0, .ofs_y = 0},
    {.bitmap_index = 5925, .adv_w = 113, .box_w = 7, .box_h = 8, .ofs_x = 0, .ofs_y = 0},
    {.bitmap_index = 5953, .adv_w = 60, .box_w = 3, .box_h = 3, .ofs_x = 0, .ofs_y = -2},
    {.bitmap_index = 5958, .adv_w = 60, .box_w = 3, .box_h = 3, .ofs_x = 0, .ofs_y = 5},
    {.bitmap_index = 5963, .adv_w = 107, .box_w = 7, .box_h = 6, .ofs_x = 0, .ofs_y = 3},
    {.bitmap_index = 5984, .adv_w = 161, .box_w = 10, .box_h = 6, .ofs_x = 0, .ofs_y = 0},
    {.bitmap_index = 6014, .adv_w = 179, .box_w = 11, .box_h = 11, .ofs_x = 0, .ofs_y = -4},
    {.bitmap_index = 6075, .adv_w = 0, .box_w = 2, .box_h = 3, .ofs_x = -1, .ofs_y = 10},
    {.bitmap_index = 6078, .adv_w = 63, .box_w = 4, .box_h = 11, .ofs_x = 0, .ofs_y = 0},
    {.bitmap_index = 6100, .adv_w = 63, .box_w = 5, .box_h = 12, .ofs_x = -1, .ofs_y = 0},
    {.bitmap_index = 6130, .adv_w = 63, .box_w = 5, .box_h = 12, .ofs_x = -1, .ofs_y = -3},
    {.bitmap_index = 6160, .adv_w = 99, .box_w = 6, .box_h = 6, .ofs_x = 0, .ofs_y = 2},
    {.bitmap_index = 6178, .adv_w = 162, .box_w = 9, .box_h = 9, .ofs_x = 1, .ofs_y = 0},
    {.bitmap_index = 6219, .adv_w = 215, .box_w = 13, .box_h = 13, .ofs_x = 0, .ofs_y = -4},
    {.bitmap_index = 6304, .adv_w = 215, .box_w = 13, .box_h = 14, .ofs_x = 0, .ofs_y = -4},
    {.bitmap_index = 6395, .adv_w = 265, .box_w = 17, .box_h = 12, .ofs_x = 0, .ofs_y = -4},
    {.bitmap_index = 6497, .adv_w = 161, .box_w = 10, .box_h = 9, .ofs_x = 0, .ofs_y = 0},
    {.bitmap_index = 6542, .adv_w = 161, .box_w = 10, .box_h = 10, .ofs_x = 0, .ofs_y = 0},
    {.bitmap_index = 6592, .adv_w = 161, .box_w = 10, .box_h = 11, .ofs_x = 0, .ofs_y = -5},
    {.bitmap_index = 6647, .adv_w = 161, .box_w = 10, .box_h = 10, .ofs_x = 0, .ofs_y = -2},
    {.bitmap_index = 6697, .adv_w = 161, .box_w = 10, .box_h = 9, .ofs_x = 0, .ofs_y = 0},
    {.bitmap_index = 6742, .adv_w = 161, .box_w = 10, .box_h = 11, .ofs_x = 0, .ofs_y = -5},
    {.bitmap_index = 6797, .adv_w = 161, .box_w = 10, .box_h = 9, .ofs_x = 0, .ofs_y = 0},
    {.bitmap_index = 6842, .adv_w = 161, .box_w = 10, .box_h = 11, .ofs_x = 0, .ofs_y = -5},
    {.bitmap_index = 6897, .adv_w = 129, .box_w = 8, .box_h = 14, .ofs_x = 0, .ofs_y = -5},
    {.bitmap_index = 6953, .adv_w = 129, .box_w = 8, .box_h = 16, .ofs_x = 0, .ofs_y = -5},
    {.bitmap_index = 7017, .adv_w = 129, .box_w = 8, .box_h = 12, .ofs_x = 0, .ofs_y = -5},
    {.bitmap_index = 7065, .adv_w = 129, .box_w = 8, .box_h = 11, .ofs_x = 0, .ofs_y = -4},
    {.bitmap_index = 7109, .adv_w = 129, .box_w = 8, .box_h = 16, .ofs_x = 0, .ofs_y = -5},
    {.bitmap_index = 7173, .adv_w = 129, .box_w = 8, .box_h = 12, .ofs_x = 0, .ofs_y = -5},
    {.bitmap_index = 7221, .adv_w = 129, .box_w = 8, .box_h = 12, .ofs_x = 0, .ofs_y = -5},
    {.bitmap_index = 7269, .adv_w = 109, .box_w = 7, .box_h = 11, .ofs_x = 0, .ofs_y = 0},
    {.bitmap_index = 7308, .adv_w = 109, .box_w = 7, .box_h = 9, .ofs_x = 0, .ofs_y = -2},
    {.bitmap_index = 7340, .adv_w = 109, .box_w = 7, .box_h = 10, .ofs_x = 0, .ofs_y = -3},
    {.bitmap_index = 7375, .adv_w = 109, .box_w = 7, .box_h = 14, .ofs_x = 0, .ofs_y = -3},
    {.bitmap_index = 7424, .adv_w = 109, .box_w = 7, .box_h = 10, .ofs_x = 0, .ofs_y = 0},
    {.bitmap_index = 7459, .adv_w = 109, .box_w = 7, .box_h = 10, .ofs_x = 0, .ofs_y = -3},
    {.bitmap_index = 7494, .adv_w = 109, .box_w = 7, .box_h = 12, .ofs_x = 0, .ofs_y = 0},
    {.bitmap_index = 7536, .adv_w = 109, .box_w = 7, .box_h = 11, .ofs_x = 0, .ofs_y = 0},
    {.bitmap_index = 7575, .adv_w = 109, .box_w = 7, .box_h = 12, .ofs_x = 0, .ofs_y = 0},
    {.bitmap_index = 7617, .adv_w = 77, .box_w = 6, .box_h = 14, .ofs_x = -1, .ofs_y = -4},
    {.bitmap_index = 7659, .adv_w = 77, .box_w = 6, .box_h = 14, .ofs_x = -1, .ofs_y = -4},
    {.bitmap_index = 7701, .adv_w = 77, .box_w = 6, .box_h = 11, .ofs_x = -1, .ofs_y = -5},
    {.bitmap_index = 7734, .adv_w = 77, .box_w = 5, .box_h = 12, .ofs_x = -1, .ofs_y = -5},
    {.bitmap_index = 7764, .adv_w = 77, .box_w = 5, .box_h = 13, .ofs_x = -1, .ofs_y = -7},
    {.bitmap_index = 7797, .adv_w = 77, .box_w = 5, .box_h = 12, .ofs_x = -1, .ofs_y = -5},
    {.bitmap_index = 7827, .adv_w = 77, .box_w = 6, .box_h = 13, .ofs_x = -1, .ofs_y = -4},
    {.bitmap_index = 7866, .adv_w = 77, .box_w = 6, .box_h = 15, .ofs_x = -1, .ofs_y = -4},
    {.bitmap_index = 7911, .adv_w = 77, .box_w = 6, .box_h = 15, .ofs_x = -1, .ofs_y = -4},
    {.bitmap_index = 7956, .adv_w = 260, .box_w = 16, .box_h = 12, .ofs_x = 0, .ofs_y = -4},
    {.bitmap_index = 8052, .adv_w = 260, .box_w = 16, .box_h = 11, .ofs_x = 0, .ofs_y = -5},
    {.bitmap_index = 8140, .adv_w = 260, .box_w = 16, .box_h = 14, .ofs_x = 0, .ofs_y = -5},
    {.bitmap_index = 8252, .adv_w = 237, .box_w = 14, .box_h = 10, .ofs_x = 0, .ofs_y = -4},
    {.bitmap_index = 8322, .adv_w = 237, .box_w = 14, .box_h = 16, .ofs_x = 0, .ofs_y = -4},
    {.bitmap_index = 8434, .adv_w = 161, .box_w = 10, .box_h = 11, .ofs_x = 0, .ofs_y = 0},
    {.bitmap_index = 8489, .adv_w = 110, .box_w = 7, .box_h = 16, .ofs_x = 0, .ofs_y = -5},
    {.bitmap_index = 8545, .adv_w = 202, .box_w = 12, .box_h = 7, .ofs_x = 0, .ofs_y = 0},
    {.bitmap_index = 8587, .adv_w = 202, .box_w = 12, .box_h = 10, .ofs_x = 0, .ofs_y = -3},
    {.bitmap_index = 8647, .adv_w = 202, .box_w = 12, .box_h = 12, .ofs_x = 0, .ofs_y = -3},
    {.bitmap_index = 8719, .adv_w = 202, .box_w = 12, .box_h = 11, .ofs_x = 0, .ofs_y = 0},
    {.bitmap_index = 8785, .adv_w = 202, .box_w = 12, .box_h = 12, .ofs_x = 0, .ofs_y = -5},
    {.bitmap_index = 8857, .adv_w = 202, .box_w = 12, .box_h = 11, .ofs_x = 0, .ofs_y = 0},
    {.bitmap_index = 8923, .adv_w = 179, .box_w = 11, .box_h = 13, .ofs_x = 0, .ofs_y = -4},
    {.bitmap_index = 8995, .adv_w = 179, .box_w = 11, .box_h = 15, .ofs_x = 0, .ofs_y = -4},
    {.bitmap_index = 9078, .adv_w = 165, .box_w = 10, .box_h = 10, .ofs_x = 0, .ofs_y = 0},
    {.bitmap_index = 9128, .adv_w = 220, .box_w = 13, .box_h = 8, .ofs_x = 0, .ofs_y = 0},
    {.bitmap_index = 9180, .adv_w = 165, .box_w = 10, .box_h = 11, .ofs_x = 0, .ofs_y = 0},
    {.bitmap_index = 9235, .adv_w = 164, .box_w = 10, .box_h = 9, .ofs_x = 0, .ofs_y = 0},
    {.bitmap_index = 9280, .adv_w = 164, .box_w = 10, .box_h = 10, .ofs_x = 0, .ofs_y = 0},
    {.bitmap_index = 9330, .adv_w = 164, .box_w = 10, .box_h = 15, .ofs_x = 0, .ofs_y = -6},
    {.bitmap_index = 9405, .adv_w = 165, .box_w = 10, .box_h = 12, .ofs_x = 0, .ofs_y = 0},
    {.bitmap_index = 9465, .adv_w = 165, .box_w = 10, .box_h = 12, .ofs_x = 0, .ofs_y = 0},
    {.bitmap_index = 9525, .adv_w = 165, .box_w = 10, .box_h = 13, .ofs_x = 0, .ofs_y = 0},
    {.bitmap_index = 9590, .adv_w = 165, .box_w = 10, .box_h = 15, .ofs_x = 0, .ofs_y = -3},
    {.bitmap_index = 9665, .adv_w = 165, .box_w = 10, .box_h = 17, .ofs_x = 0, .ofs_y = -5},
    {.bitmap_index = 9750, .adv_w = 165, .box_w = 10, .box_h = 13, .ofs_x = 0, .ofs_y = 0},
    {.bitmap_index = 9815, .adv_w = 143, .box_w = 9, .box_h = 16, .ofs_x = 0, .ofs_y = -4},
    {.bitmap_index = 9887, .adv_w = 143, .box_w = 8, .box_h = 16, .ofs_x = 0, .ofs_y = -4},
    {.bitmap_index = 9951, .adv_w = 143, .box_w = 9, .box_h = 18, .ofs_x = 0, .ofs_y = -4},
    {.bitmap_index = 10032, .adv_w = 143, .box_w = 8, .box_h = 18, .ofs_x = 0, .ofs_y = -9},
    {.bitmap_index = 10104, .adv_w = 140, .box_w = 8, .box_h = 13, .ofs_x = 0, .ofs_y = -6},
    {.bitmap_index = 10156, .adv_w = 140, .box_w = 8, .box_h = 10, .ofs_x = 0, .ofs_y = -4},
    {.bitmap_index = 10196, .adv_w = 140, .box_w = 8, .box_h = 13, .ofs_x = 0, .ofs_y = -4},
    {.bitmap_index = 10248, .adv_w = 140, .box_w = 8, .box_h = 13, .ofs_x = 0, .ofs_y = -5},
    {.bitmap_index = 10300, .adv_w = 140, .box_w = 8, .box_h = 13, .ofs_x = 0, .ofs_y = -4},
    {.bitmap_index = 10352, .adv_w = 170, .box_w = 10, .box_h = 9, .ofs_x = 0, .ofs_y = 0},
    {.bitmap_index = 10397, .adv_w = 129, .box_w = 8, .box_h = 14, .ofs_x = 0, .ofs_y = -5},
    {.bitmap_index = 10453, .adv_w = 119, .box_w = 7, .box_h = 9, .ofs_x = 0, .ofs_y = 0},
    {.bitmap_index = 10485, .adv_w = 119, .box_w = 7, .box_h = 7, .ofs_x = 0, .ofs_y = 0},
    {.bitmap_index = 10510, .adv_w = 119, .box_w = 7, .box_h = 9, .ofs_x = 0, .ofs_y = 0},
    {.bitmap_index = 10542, .adv_w = 119, .box_w = 7, .box_h = 9, .ofs_x = 0, .ofs_y = 0},
    {.bitmap_index = 10574, .adv_w = 115, .box_w = 7, .box_h = 12, .ofs_x = 0, .ofs_y = -5},
    {.bitmap_index = 10616, .adv_w = 115, .box_w = 7, .box_h = 12, .ofs_x = 0, .ofs_y = -5},
    {.bitmap_index = 10658, .adv_w = 116, .box_w = 7, .box_h = 14, .ofs_x = 0, .ofs_y = -4},
    {.bitmap_index = 10707, .adv_w = 116, .box_w = 7, .box_h = 14, .ofs_x = 0, .ofs_y = -4},
    {.bitmap_index = 10756, .adv_w = 116, .box_w = 7, .box_h = 13, .ofs_x = 0, .ofs_y = -4},
    {.bitmap_index = 10802, .adv_w = 116, .box_w = 7, .box_h = 14, .ofs_x = 0, .ofs_y = -4},
    {.bitmap_index = 10851, .adv_w = 116, .box_w = 7, .box_h = 13, .ofs_x = 0, .ofs_y = -4},
    {.bitmap_index = 10897, .adv_w = 116, .box_w = 7, .box_h = 15, .ofs_x = 0, .ofs_y = -4},
    {.bitmap_index = 10950, .adv_w = 167, .box_w = 10, .box_h = 11, .ofs_x = 0, .ofs_y = -4},
    {.bitmap_index = 11005, .adv_w = 167, .box_w = 12, .box_h = 11, .ofs_x = -2, .ofs_y = -4},
    {.bitmap_index = 11071, .adv_w = 167, .box_w = 10, .box_h = 11, .ofs_x = 0, .ofs_y = -4},
    {.bitmap_index = 11126, .adv_w = 116, .box_w = 7, .box_h = 13, .ofs_x = 0, .ofs_y = -4},
    {.bitmap_index = 11172, .adv_w = 167, .box_w = 10, .box_h = 15, .ofs_x = 0, .ofs_y = -8},
    {.bitmap_index = 11247, .adv_w = 167, .box_w = 10, .box_h = 15, .ofs_x = 0, .ofs_y = -9},
    {.bitmap_index = 11322, .adv_w = 111, .box_w = 9, .box_h = 8, .ofs_x = 0, .ofs_y = -4},
    {.bitmap_index = 11358, .adv_w = 111, .box_w = 9, .box_h = 11, .ofs_x = 0, .ofs_y = -4},
    {.bitmap_index = 11408, .adv_w = 70, .box_w = 4, .box_h = 2, .ofs_x = 0, .ofs_y = 0},
    {.bitmap_index = 11412, .adv_w = 119, .box_w = 7, .box_h = 7, .ofs_x = 0, .ofs_y = 0},
    {.bitmap_index = 11437, .adv_w = 0, .box_w = 6, .box_h = 5, .ofs_x = 0, .ofs_y = 13},
    {.bitmap_index = 11452, .adv_w = 0, .box_w = 5, .box_h = 5, .ofs_x = 0, .ofs_y = 13},
    {.bitmap_index = 11465, .adv_w = 0, .box_w = 4, .box_h = 3, .ofs_x = 0, .ofs_y = 13},
    {.bitmap_index = 11471, .adv_w = 0, .box_w = 3, .box_h = 4, .ofs_x = 0, .ofs_y = 13},
    {.bitmap_index = 11477, .adv_w = 0, .box_w = 3, .box_h = 4, .ofs_x = 0, .ofs_y = 13},
    {.bitmap_index = 11483, .adv_w = 0, .box_w = 3, .box_h = 3, .ofs_x = 0, .ofs_y = 12},
    {.bitmap_index = 11488, .adv_w = 0, .box_w = 6, .box_h = 4, .ofs_x = 0, .ofs_y = 13},
    {.bitmap_index = 11500, .adv_w = 216, .box_w = 14, .box_h = 13, .ofs_x = 0, .ofs_y = -2},
    {.bitmap_index = 11591, .adv_w = 208, .box_w = 13, .box_h = 13, .ofs_x = 0, .ofs_y = -2},
    {.bitmap_index = 11676, .adv_w = 0, .box_w = 3, .box_h = 3, .ofs_x = 0, .ofs_y = 10},
    {.bitmap_index = 11681, .adv_w = 0, .box_w = 3, .box_h = 3, .ofs_x = 0, .ofs_y = 12},
    {.bitmap_index = 11686, .adv_w = 0, .box_w = 3, .box_h = 2, .ofs_x = 0, .ofs_y = 10},
    {.bitmap_index = 11689, .adv_w = 0, .box_w = 3, .box_h = 4, .ofs_x = 0, .ofs_y = 11},
    {.bitmap_index = 11695, .adv_w = 0, .box_w = 6, .box_h = 4, .ofs_x = 0, .ofs_y = -4},
    {.bitmap_index = 11707, .adv_w = 0, .box_w = 5, .box_h = 2, .ofs_x = 0, .ofs_y = 9},
    {.bitmap_index = 11712, .adv_w = 43, .box_w = 3, .box_h = 4, .ofs_x = 0, .ofs_y = 0},
    {.bitmap_index = 11718, .adv_w = 58, .box_w = 4, .box_h = 3, .ofs_x = 0, .ofs_y = 0},
    {.bitmap_index = 11724, .adv_w = 0, .box_w = 4, .box_h = 3, .ofs_x = 0, .ofs_y = 9},
    {.bitmap_index = 11730, .adv_w = 0, .box_w = 3, .box_h = 3, .ofs_x = 0, .ofs_y = 13},
    {.bitmap_index = 11735, .adv_w = 115, .box_w = 7, .box_h = 10, .ofs_x = 0, .ofs_y = 0},
    {.bitmap_index = 11770, .adv_w = 0, .box_w = 3, .box_h = 4, .ofs_x = 0, .ofs_y = -5},
    {.bitmap_index = 11776, .adv_w = 0, .box_w = 3, .box_h = 3, .ofs_x = 0, .ofs_y = 5},
    {.bitmap_index = 11781, .adv_w = 0, .box_w = 2, .box_h = 2, .ofs_x = 0, .ofs_y = 5},
    {.bitmap_index = 11783, .adv_w = 0, .box_w = 3, .box_h = 4, .ofs_x = 0, .ofs_y = -4},
    {.bitmap_index = 11789, .adv_w = 109, .box_w = 7, .box_h = 10, .ofs_x = 0, .ofs_y = 0},
    {.bitmap_index = 11824, .adv_w = 77, .box_w = 6, .box_h = 14, .ofs_x = -1, .ofs_y = -4},
    {.bitmap_index = 11866, .adv_w = 110, .box_w = 4, .box_h = 4, .ofs_x = 1, .ofs_y = 2},
    {.bitmap_index = 11874, .adv_w = 110, .box_w = 3, .box_h = 9, .ofs_x = 2, .ofs_y = 0},
    {.bitmap_index = 11888, .adv_w = 110, .box_w = 7, .box_h = 9, .ofs_x = 0, .ofs_y = 0},
    {.bitmap_index = 11920, .adv_w = 110, .box_w = 7, .box_h = 8, .ofs_x = 0, .ofs_y = 0},
    {.bitmap_index = 11948, .adv_w = 110, .box_w = 7, .box_h = 9, .ofs_x = 0, .ofs_y = 0},
    {.bitmap_index = 11980, .adv_w = 110, .box_w = 7, .box_h = 9, .ofs_x = 0, .ofs_y = 0},
    {.bitmap_index = 12012, .adv_w = 110, .box_w = 5, .box_h = 9, .ofs_x = 1, .ofs_y = 0},
    {.bitmap_index = 12035, .adv_w = 110, .box_w = 7, .box_h = 8, .ofs_x = 0, .ofs_y = 0},
    {.bitmap_index = 12063, .adv_w = 110, .box_w = 7, .box_h = 8, .ofs_x = 0, .ofs_y = 0},
    {.bitmap_index = 12091, .adv_w = 110, .box_w = 6, .box_h = 9, .ofs_x = 0, .ofs_y = 0},
    {.bitmap_index = 12118, .adv_w = 260, .box_w = 16, .box_h = 13, .ofs_x = 0, .ofs_y = -4},
    {.bitmap_index = 12222, .adv_w = 237, .box_w = 14, .box_h = 13, .ofs_x = 0, .ofs_y = -4},
    {.bitmap_index = 12313, .adv_w = 110, .box_w = 7, .box_h = 14, .ofs_x = 0, .ofs_y = -5},
    {.bitmap_index = 12362, .adv_w = 99, .box_w = 6, .box_h = 9, .ofs_x = 0, .ofs_y = -3},
    {.bitmap_index = 12389, .adv_w = 133, .box_w = 8, .box_h = 11, .ofs_x = 0, .ofs_y = -4},
    {.bitmap_index = 12433, .adv_w = 170, .box_w = 10, .box_h = 12, .ofs_x = 0, .ofs_y = 0},
    {.bitmap_index = 12493, .adv_w = 33, .box_w = 0, .box_h = 0, .ofs_x = 0, .ofs_y = 0},
    {.bitmap_index = 12493, .adv_w = 0, .box_w = 0, .box_h = 0, .ofs_x = 0, .ofs_y = 0},
    {.bitmap_index = 12493, .adv_w = 0, .box_w = 2, .box_h = 10, .ofs_x = -1, .ofs_y = 1},
    {.bitmap_index = 12503, .adv_w = 0, .box_w = 4, .box_h = 10, .ofs_x = -2, .ofs_y = 1},
    {.bitmap_index = 12523, .adv_w = 0, .box_w = 4, .box_h = 10, .ofs_x = -1, .ofs_y = 1},
    {.bitmap_index = 12543, .adv_w = 0, .box_w = 4, .box_h = 10, .ofs_x = -3, .ofs_y = 1},
    {.bitmap_index = 12563, .adv_w = 96, .box_w = 6, .box_h = 3, .ofs_x = 0, .ofs_y = 2},
    {.bitmap_index = 12572, .adv_w = 192, .box_w = 12, .box_h = 3, .ofs_x = 0, .ofs_y = 2},
    {.bitmap_index = 12590, .adv_w = 39, .box_w = 3, .box_h = 4, .ofs_x = 0, .ofs_y = 5},
    {.bitmap_index = 12596, .adv_w = 39, .box_w = 3, .box_h = 4, .ofs_x = 0, .ofs_y = 5},
    {.bitmap_index = 12602, .adv_w = 52, .box_w = 3, .box_h = 4, .ofs_x = 0, .ofs_y = -2},
    {.bitmap_index = 12608, .adv_w = 80, .box_w = 5, .box_h = 4, .ofs_x = 0, .ofs_y = 5},
    {.bitmap_index = 12618, .adv_w = 80, .box_w = 5, .box_h = 4, .ofs_x = 0, .ofs_y = 5},
    {.bitmap_index = 12628, .adv_w = 92, .box_w = 6, .box_h = 4, .ofs_x = 0, .ofs_y = -2},
    {.bitmap_index = 12640, .adv_w = 72, .box_w = 4, .box_h = 4, .ofs_x = 0, .ofs_y = 3},
    {.bitmap_index = 12648, .adv_w = 160, .box_w = 10, .box_h = 2, .ofs_x = 0, .ofs_y = 0},
    {.bitmap_index = 12658, .adv_w = 33, .box_w = 0, .box_h = 0, .ofs_x = 0, .ofs_y = 0},
    {.bitmap_index = 12658, .adv_w = 67, .box_w = 4, .box_h = 7, .ofs_x = 0, .ofs_y = 0},
    {.bitmap_index = 12672, .adv_w = 67, .box_w = 4, .box_h = 7, .ofs_x = 0, .ofs_y = 0},
    {.bitmap_index = 12686, .adv_w = 52, .box_w = 3, .box_h = 9, .ofs_x = 0, .ofs_y = -2},
    {.bitmap_index = 12700, .adv_w = 63, .box_w = 4, .box_h = 11, .ofs_x = 0, .ofs_y = 0},
    {.bitmap_index = 12722, .adv_w = 67, .box_w = 5, .box_h = 12, .ofs_x = 0, .ofs_y = 0},
    {.bitmap_index = 12752, .adv_w = 161, .box_w = 10, .box_h = 11, .ofs_x = 0, .ofs_y = -5},
    {.bitmap_index = 12807, .adv_w = 169, .box_w = 11, .box_h = 11, .ofs_x = 0, .ofs_y = -5},
    {.bitmap_index = 12868, .adv_w = 65, .box_w = 5, .box_h = 11, .ofs_x = -1, .ofs_y = -5},
    {.bitmap_index = 12896, .adv_w = 72, .box_w = 6, .box_h = 11, .ofs_x = -1, .ofs_y = -5},
    {.bitmap_index = 12929, .adv_w = 161, .box_w = 10, .box_h = 11, .ofs_x = 0, .ofs_y = -5},
    {.bitmap_index = 12984, .adv_w = 169, .box_w = 11, .box_h = 12, .ofs_x = 0, .ofs_y = -6},
    {.bitmap_index = 13050, .adv_w = 76, .box_w = 6, .box_h = 12, .ofs_x = -1, .ofs_y = -6},
    {.bitmap_index = 13086, .adv_w = 82, .box_w = 7, .box_h = 12, .ofs_x = -1, .ofs_y = -6},
    {.bitmap_index = 13128, .adv_w = 161, .box_w = 10, .box_h = 11, .ofs_x = 0, .ofs_y = -5},
    {.bitmap_index = 13183, .adv_w = 169, .box_w = 11, .box_h = 12, .ofs_x = 0, .ofs_y = -6},
    {.bitmap_index = 13249, .adv_w = 76, .box_w = 5, .box_h = 12, .ofs_x = -1, .ofs_y = -6},
    {.bitmap_index = 13279, .adv_w = 82, .box_w = 7, .box_h = 12, .ofs_x = -1, .ofs_y = -6},
    {.bitmap_index = 13321, .adv_w = 161, .box_w = 10, .box_h = 10, .ofs_x = 0, .ofs_y = 0},
    {.bitmap_index = 13371, .adv_w = 169, .box_w = 11, .box_h = 9, .ofs_x = 0, .ofs_y = 0},
    {.bitmap_index = 13421, .adv_w = 76, .box_w = 5, .box_h = 11, .ofs_x = -1, .ofs_y = 0},
    {.bitmap_index = 13449, .adv_w = 82, .box_w = 7, .box_h = 11, .ofs_x = -1, .ofs_y = 0},
    {.bitmap_index = 13488, .adv_w = 161, .box_w = 10, .box_h = 9, .ofs_x = 0, .ofs_y = 0},
    {.bitmap_index = 13533, .adv_w = 169, .box_w = 11, .box_h = 9, .ofs_x = 0, .ofs_y = 0},
    {.bitmap_index = 13583, .adv_w = 76, .box_w = 6, .box_h = 11, .ofs_x = -1, .ofs_y = 0},
    {.bitmap_index = 13616, .adv_w = 82, .box_w = 7, .box_h = 12, .ofs_x = -1, .ofs_y = 0},
    {.bitmap_index = 13658, .adv_w = 161, .box_w = 10, .box_h = 9, .ofs_x = 0, .ofs_y = 0},
    {.bitmap_index = 13703, .adv_w = 169, .box_w = 11, .box_h = 8, .ofs_x = 0, .ofs_y = 0},
    {.bitmap_index = 13747, .adv_w = 65, .box_w = 5, .box_h = 11, .ofs_x = -1, .ofs_y = 0},
    {.bitmap_index = 13775, .adv_w = 82, .box_w = 7, .box_h = 11, .ofs_x = -1, .ofs_y = 0},
    {.bitmap_index = 13814, .adv_w = 202, .box_w = 12, .box_h = 11, .ofs_x = 0, .ofs_y = 0},
    {.bitmap_index = 13880, .adv_w = 208, .box_w = 14, .box_h = 11, .ofs_x = 0, .ofs_y = 0},
    {.bitmap_index = 13957, .adv_w = 120, .box_w = 8, .box_h = 11, .ofs_x = -1, .ofs_y = 0},
    {.bitmap_index = 14001, .adv_w = 126, .box_w = 9, .box_h = 11, .ofs_x = -1, .ofs_y = 0},
    {.bitmap_index = 14051, .adv_w = 202, .box_w = 12, .box_h = 11, .ofs_x = 0, .ofs_y = 0},
    {.bitmap_index = 14117, .adv_w = 208, .box_w = 14, .box_h = 11, .ofs_x = 0, .ofs_y = 0},
    {.bitmap_index = 14194, .adv_w = 120, .box_w = 8, .box_h = 11, .ofs_x = -1, .ofs_y = 0},
    {.bitmap_index = 14238, .adv_w = 126, .box_w = 9, .box_h = 11, .ofs_x = -1, .ofs_y = 0},
    {.bitmap_index = 14288, .adv_w = 129, .box_w = 8, .box_h = 11, .ofs_x = 0, .ofs_y = -4},
    {.bitmap_index = 14332, .adv_w = 122, .box_w = 8, .box_h = 11, .ofs_x = 0, .ofs_y = -4},
    {.bitmap_index = 14376, .adv_w = 116, .box_w = 8, .box_h = 12, .ofs_x = -1, .ofs_y = -5},
    {.bitmap_index = 14424, .adv_w = 115, .box_w = 9, .box_h = 12, .ofs_x = -1, .ofs_y = -5},
    {.bitmap_index = 14478, .adv_w = 129, .box_w = 8, .box_h = 12, .ofs_x = 0, .ofs_y = -5},
    {.bitmap_index = 14526, .adv_w = 122, .box_w = 8, .box_h = 12, .ofs_x = 0, .ofs_y = -5},
    {.bitmap_index = 14574, .adv_w = 116, .box_w = 8, .box_h = 10, .ofs_x = -1, .ofs_y = -3},
    {.bitmap_index = 14614, .adv_w = 115, .box_w = 9, .box_h = 10, .ofs_x = -1, .ofs_y = -3},
    {.bitmap_index = 14659, .adv_w = 129, .box_w = 8, .box_h = 12, .ofs_x = 0, .ofs_y = -5},
    {.bitmap_index = 14707, .adv_w = 122, .box_w = 8, .box_h = 12, .ofs_x = 0, .ofs_y = -5},
    {.bitmap_index = 14755, .adv_w = 116, .box_w = 8, .box_h = 13, .ofs_x = -1, .ofs_y = -6},
    {.bitmap_index = 14807, .adv_w = 115, .box_w = 9, .box_h = 13, .ofs_x = -1, .ofs_y = -6},
    {.bitmap_index = 14866, .adv_w = 129, .box_w = 8, .box_h = 12, .ofs_x = 0, .ofs_y = -5},
    {.bitmap_index = 14914, .adv_w = 122, .box_w = 8, .box_h = 12, .ofs_x = 0, .ofs_y = -5},
    {.bitmap_index = 14962, .adv_w = 116, .box_w = 8, .box_h = 13, .ofs_x = -1, .ofs_y = -6},
    {.bitmap_index = 15014, .adv_w = 115, .box_w = 9, .box_h = 13, .ofs_x = -1, .ofs_y = -6},
    {.bitmap_index = 15073, .adv_w = 109, .box_w = 7, .box_h = 10, .ofs_x = 0, .ofs_y = -3},
    {.bitmap_index = 15108, .adv_w = 120, .box_w = 8, .box_h = 10, .ofs_x = 0, .ofs_y = -3},
    {.bitmap_index = 15148, .adv_w = 109, .box_w = 7, .box_h = 10, .ofs_x = 0, .ofs_y = 0},
    {.bitmap_index = 15183, .adv_w = 120, .box_w = 8, .box_h = 10, .ofs_x = 0, .ofs_y = 0},
    {.bitmap_index = 15223, .adv_w = 109, .box_w = 7, .box_h = 12, .ofs_x = 0, .ofs_y = 0},
    {.bitmap_index = 15265, .adv_w = 120, .box_w = 8, .box_h = 12, .ofs_x = 0, .ofs_y = 0},
    {.bitmap_index = 15313, .adv_w = 109, .box_w = 7, .box_h = 11, .ofs_x = 0, .ofs_y = 0},
    {.bitmap_index = 15352, .adv_w = 120, .box_w = 8, .box_h = 11, .ofs_x = 0, .ofs_y = 0},
    {.bitmap_index = 15396, .adv_w = 77, .box_w = 6, .box_h = 15, .ofs_x = -1, .ofs_y = -4},
    {.bitmap_index = 15441, .adv_w = 84, .box_w = 7, .box_h = 15, .ofs_x = -1, .ofs_y = -4},
    {.bitmap_index = 15494, .adv_w = 77, .box_w = 6, .box_h = 14, .ofs_x = -1, .ofs_y = -4},
    {.bitmap_index = 15536, .adv_w = 84, .box_w = 7, .box_h = 14, .ofs_x = -1, .ofs_y = -4},
    {.bitmap_index = 15585, .adv_w = 165, .box_w = 10, .box_h = 10, .ofs_x = 0, .ofs_y = 0},
    {.bitmap_index = 15635, .adv_w = 175, .box_w = 12, .box_h = 10, .ofs_x = 0, .ofs_y = 0},
    {.bitmap_index = 15695, .adv_w = 115, .box_w = 8, .box_h = 10, .ofs_x = -1, .ofs_y = 0},
    {.bitmap_index = 15735, .adv_w = 125, .box_w = 9, .box_h = 10, .ofs_x = -1, .ofs_y = 0},
    {.bitmap_index = 15780, .adv_w = 165, .box_w = 10, .box_h = 12, .ofs_x = 0, .ofs_y = 0},
    {.bitmap_index = 15840, .adv_w = 175, .box_w = 12, .box_h = 12, .ofs_x = 0, .ofs_y = 0},
    {.bitmap_index = 15912, .adv_w = 115, .box_w = 8, .box_h = 12, .ofs_x = -1, .ofs_y = 0},
    {.bitmap_index = 15960, .adv_w = 125, .box_w = 9, .box_h = 12, .ofs_x = -1, .ofs_y = 0},
    {.bitmap_index = 16014, .adv_w = 165, .box_w = 10, .box_h = 17, .ofs_x = 0, .ofs_y = -5},
    {.bitmap_index = 16099, .adv_w = 175, .box_w = 12, .box_h = 17, .ofs_x = 0, .ofs_y = -5},
    {.bitmap_index = 16201, .adv_w = 115, .box_w = 8, .box_h = 17, .ofs_x = -1, .ofs_y = -5},
    {.bitmap_index = 16269, .adv_w = 125, .box_w = 9, .box_h = 17, .ofs_x = -1, .ofs_y = -5},
    {.bitmap_index = 16346, .adv_w = 165, .box_w = 10, .box_h = 13, .ofs_x = 0, .ofs_y = 0},
    {.bitmap_index = 16411, .adv_w = 175, .box_w = 12, .box_h = 13, .ofs_x = 0, .ofs_y = 0},
    {.bitmap_index = 16489, .adv_w = 115, .box_w = 8, .box_h = 13, .ofs_x = -1, .ofs_y = 0},
    {.bitmap_index = 16541, .adv_w = 125, .box_w = 9, .box_h = 13, .ofs_x = -1, .ofs_y = 0},
    {.bitmap_index = 16600, .adv_w = 140, .box_w = 8, .box_h = 10, .ofs_x = 0, .ofs_y = -4},
    {.bitmap_index = 16640, .adv_w = 147, .box_w = 10, .box_h = 10, .ofs_x = 0, .ofs_y = -4},
    {.bitmap_index = 16690, .adv_w = 140, .box_w = 8, .box_h = 13, .ofs_x = 0, .ofs_y = -4},
    {.bitmap_index = 16742, .adv_w = 147, .box_w = 10, .box_h = 13, .ofs_x = 0, .ofs_y = -4},
    {.bitmap_index = 16807, .adv_w = 65, .box_w = 5, .box_h = 11, .ofs_x = -1, .ofs_y = 0},
    {.bitmap_index = 16835, .adv_w = 82, .box_w = 7, .box_h = 11, .ofs_x = -1, .ofs_y = 0},
    {.bitmap_index = 16874, .adv_w = 119, .box_w = 7, .box_h = 9, .ofs_x = 0, .ofs_y = 0},
    {.bitmap_index = 16906, .adv_w = 122, .box_w = 8, .box_h = 10, .ofs_x = 0, .ofs_y = 0},
    {.bitmap_index = 16946, .adv_w = 119, .box_w = 7, .box_h = 7, .ofs_x = 0, .ofs_y = 0},
    {.bitmap_index = 16971, .adv_w = 143, .box_w = 10, .box_h = 6, .ofs_x = 0, .ofs_y = 0},
    {.bitmap_index = 17001, .adv_w = 66, .box_w = 5, .box_h = 9, .ofs_x = -1, .ofs_y = -3},
    {.bitmap_index = 17024, .adv_w = 118, .box_w = 9, .box_h = 6, .ofs_x = -1, .ofs_y = -4},
    {.bitmap_index = 17051, .adv_w = 170, .box_w = 10, .box_h = 9, .ofs_x = 0, .ofs_y = 0},
    {.bitmap_index = 17096, .adv_w = 173, .box_w = 11, .box_h = 9, .ofs_x = 0, .ofs_y = 0},
    {.bitmap_index = 17146, .adv_w = 163, .box_w = 11, .box_h = 9, .ofs_x = -1, .ofs_y = 0},
    {.bitmap_index = 17196, .adv_w = 172, .box_w = 12, .box_h = 9, .ofs_x = -1, .ofs_y = 0},
    {.bitmap_index = 17250, .adv_w = 111, .box_w = 9, .box_h = 8, .ofs_x = 0, .ofs_y = -4},
    {.bitmap_index = 17286, .adv_w = 80, .box_w = 9, .box_h = 6, .ofs_x = 0, .ofs_y = -4},
    {.bitmap_index = 17313, .adv_w = 111, .box_w = 9, .box_h = 11, .ofs_x = 0, .ofs_y = -4},
    {.bitmap_index = 17363, .adv_w = 80, .box_w = 9, .box_h = 9, .ofs_x = 0, .ofs_y = -4},
    {.bitmap_index = 17404, .adv_w = 24, .box_w = 2, .box_h = 2, .ofs_x = 0, .ofs_y = 7},
    {.bitmap_index = 17406, .adv_w = 24, .box_w = 2, .box_h = 2, .ofs_x = 0, .ofs_y = -3},
    {.bitmap_index = 17408, .adv_w = 57, .box_w = 4, .box_h = 2, .ofs_x = 0, .ofs_y = 7},
    {.bitmap_index = 17412, .adv_w = 57, .box_w = 4, .box_h = 2, .ofs_x = 0, .ofs_y = -3},
    {.bitmap_index = 17416, .adv_w = 57, .box_w = 4, .box_h = 4, .ofs_x = 0, .ofs_y = 7},
    {.bitmap_index = 17424, .adv_w = 57, .box_w = 4, .box_h = 4, .ofs_x = 0, .ofs_y = -4},
    {.bitmap_index = 17432, .adv_w = 57, .box_w = 4, .box_h = 4, .ofs_x = 0, .ofs_y = 6},
    {.bitmap_index = 17440, .adv_w = 57, .box_w = 4, .box_h = 4, .ofs_x = 0, .ofs_y = -5},
    {.bitmap_index = 17448, .adv_w = 51, .box_w = 4, .box_h = 5, .ofs_x = 0, .ofs_y = 6},
    {.bitmap_index = 17458, .adv_w = 51, .box_w = 4, .box_h = 5, .ofs_x = 0, .ofs_y = -5},
    {.bitmap_index = 17468, .adv_w = 36, .box_w = 3, .box_h = 3, .ofs_x = 0, .ofs_y = -3},
    {.bitmap_index = 17473, .adv_w = 24, .box_w = 2, .box_h = 4, .ofs_x = 0, .ofs_y = 7},
    {.bitmap_index = 17477, .adv_w = 24, .box_w = 2, .box_h = 4, .ofs_x = 0, .ofs_y = -5},
    {.bitmap_index = 17481, .adv_w = 42, .box_w = 3, .box_h = 3, .ofs_x = 0, .ofs_y = 10},
    {.bitmap_index = 17486, .adv_w = 44, .box_w = 3, .box_h = 4, .ofs_x = 0, .ofs_y = 8},
    {.bitmap_index = 17492, .adv_w = 44, .box_w = 3, .box_h = 4, .ofs_x = 0, .ofs_y = -4},
    {.bitmap_index = 17498, .adv_w = 47, .box_w = 3, .box_h = 2, .ofs_x = 0, .ofs_y = 9},
    {.bitmap_index = 17501, .adv_w = 164, .box_w = 10, .box_h = 10, .ofs_x = 0, .ofs_y = 0},
    {.bitmap_index = 17551, .adv_w = 169, .box_w = 11, .box_h = 10, .ofs_x = 0, .ofs_y = 0},
    {.bitmap_index = 17606, .adv_w = 115, .box_w = 8, .box_h = 11, .ofs_x = -1, .ofs_y = 0},
    {.bitmap_index = 17650, .adv_w = 125, .box_w = 9, .box_h = 11, .ofs_x = -1, .ofs_y = 0},
    {.bitmap_index = 17700, .adv_w = 116, .box_w = 7, .box_h = 14, .ofs_x = 0, .ofs_y = -4},
    {.bitmap_index = 17749, .adv_w = 120, .box_w = 8, .box_h = 14, .ofs_x = 0, .ofs_y = -4},
    {.bitmap_index = 17805, .adv_w = 116, .box_w = 7, .box_h = 14, .ofs_x = 0, .ofs_y = -4},
    {.bitmap_index = 17854, .adv_w = 120, .box_w = 8, .box_h = 14, .ofs_x = 0, .ofs_y = -4},
    {.bitmap_index = 17910, .adv_w = 116, .box_w = 7, .box_h = 13, .ofs_x = 0, .ofs_y = -4},
    {.bitmap_index = 17956, .adv_w = 120, .box_w = 8, .box_h = 13, .ofs_x = 0, .ofs_y = -4},
    {.bitmap_index = 18008, .adv_w = 215, .box_w = 13, .box_h = 14, .ofs_x = 0, .ofs_y = -4},
    {.bitmap_index = 18099, .adv_w = 116, .box_w = 7, .box_h = 15, .ofs_x = 0, .ofs_y = -4},
    {.bitmap_index = 18152, .adv_w = 120, .box_w = 8, .box_h = 16, .ofs_x = 0, .ofs_y = -4},
    {.bitmap_index = 18216, .adv_w = 115, .box_w = 7, .box_h = 12, .ofs_x = 0, .ofs_y = -5},
    {.bitmap_index = 18258, .adv_w = 120, .box_w = 8, .box_h = 12, .ofs_x = 0, .ofs_y = -5},
    {.bitmap_index = 18306, .adv_w = 116, .box_w = 7, .box_h = 14, .ofs_x = 0, .ofs_y = -4},
    {.bitmap_index = 18355, .adv_w = 120, .box_w = 8, .box_h = 14, .ofs_x = 0, .ofs_y = -4},
    {.bitmap_index = 18411, .adv_w = 167, .box_w = 10, .box_h = 15, .ofs_x = 0, .ofs_y = -8},
    {.bitmap_index = 18486, .adv_w = 190, .box_w = 13, .box_h = 13, .ofs_x = 0, .ofs_y = -8},
    {.bitmap_index = 18571, .adv_w = 76, .box_w = 5, .box_h = 11, .ofs_x = -1, .ofs_y = -5},
    {.bitmap_index = 18599, .adv_w = 82, .box_w = 7, .box_h = 11, .ofs_x = -1, .ofs_y = -5},
    {.bitmap_index = 18638, .adv_w = 65, .box_w = 5, .box_h = 6, .ofs_x = -1, .ofs_y = 0},
    {.bitmap_index = 18653, .adv_w = 72, .box_w = 6, .box_h = 6, .ofs_x = -1, .ofs_y = 0},
    {.bitmap_index = 18671, .adv_w = 132, .box_w = 7, .box_h = 10, .ofs_x = 1, .ofs_y = 0},
    {.bitmap_index = 18706, .adv_w = 140, .box_w = 8, .box_h = 10, .ofs_x = 1, .ofs_y = 0},
    {.bitmap_index = 18746, .adv_w = 208, .box_w = 12, .box_h = 10, .ofs_x = 0, .ofs_y = 0},
    {.bitmap_index = 18806, .adv_w = 216, .box_w = 14, .box_h = 10, .ofs_x = 0, .ofs_y = 0},
    {.bitmap_index = 18876, .adv_w = 185, .box_w = 11, .box_h = 14, .ofs_x = 0, .ofs_y = -4},
    {.bitmap_index = 18953, .adv_w = 192, .box_w = 13, .box_h = 14, .ofs_x = 0, .ofs_y = -4},
    {.bitmap_index = 19044, .adv_w = 185, .box_w = 11, .box_h = 14, .ofs_x = 0, .ofs_y = -4},
    {.bitmap_index = 19121, .adv_w = 192, .box_w = 13, .box_h = 14, .ofs_x = 0, .ofs_y = -4},
    {.bitmap_index = 19212, .adv_w = 185, .box_w = 11, .box_h = 14, .ofs_x = 0, .ofs_y = -4},
    {.bitmap_index = 19289, .adv_w = 192, .box_w = 13, .box_h = 14, .ofs_x = 0, .ofs_y = -4},
    {.bitmap_index = 19380, .adv_w = 185, .box_w = 11, .box_h = 14, .ofs_x = 0, .ofs_y = -4},
    {.bitmap_index = 19457, .adv_w = 192, .box_w = 13, .box_h = 14, .ofs_x = 0, .ofs_y = -4},
    {.bitmap_index = 19548, .adv_w = 255, .box_w = 15, .box_h = 18, .ofs_x = 0, .ofs_y = -8},
    {.bitmap_index = 19683, .adv_w = 263, .box_w = 17, .box_h = 18, .ofs_x = 0, .ofs_y = -8},
    {.bitmap_index = 19836, .adv_w = 146, .box_w = 10, .box_h = 15, .ofs_x = -1, .ofs_y = -5},
    {.bitmap_index = 19911, .adv_w = 255, .box_w = 15, .box_h = 14, .ofs_x = 0, .ofs_y = -4},
    {.bitmap_index = 20016, .adv_w = 263, .box_w = 17, .box_h = 14, .ofs_x = 0, .ofs_y = -4},
    {.bitmap_index = 20135, .adv_w = 137, .box_w = 9, .box_h = 10, .ofs_x = -1, .ofs_y = 0},
    {.bitmap_index = 20180, .adv_w = 167, .box_w = 10, .box_h = 11, .ofs_x = 0, .ofs_y = -4},
    {.bitmap_index = 20235, .adv_w = 190, .box_w = 13, .box_h = 9, .ofs_x = 0, .ofs_y = -4},
    {.bitmap_index = 20294, .adv_w = 76, .box_w = 5, .box_h = 9, .ofs_x = -1, .ofs_y = -3},
    {.bitmap_index = 20317, .adv_w = 82, .box_w = 7, .box_h = 9, .ofs_x = -1, .ofs_y = -3},
    {.bitmap_index = 20349, .adv_w = 186, .box_w = 11, .box_h = 15, .ofs_x = 0, .ofs_y = -5},
    {.bitmap_index = 20432, .adv_w = 186, .box_w = 11, .box_h = 15, .ofs_x = 0, .ofs_y = -5},
    {.bitmap_index = 20515, .adv_w = 203, .box_w = 12, .box_h = 14, .ofs_x = 0, .ofs_y = -4},
    {.bitmap_index = 20599, .adv_w = 255, .box_w = 15, .box_h = 14, .ofs_x = 0, .ofs_y = -4},
    {.bitmap_index = 20704, .adv_w = 255, .box_w = 15, .box_h = 16, .ofs_x = 0, .ofs_y = -6},
    {.bitmap_index = 20824, .adv_w = 186, .box_w = 11, .box_h = 11, .ofs_x = 0, .ofs_y = -5},
    {.bitmap_index = 20885, .adv_w = 186, .box_w = 11, .box_h = 11, .ofs_x = 0, .ofs_y = -5},
    {.bitmap_index = 20946, .adv_w = 186, .box_w = 11, .box_h = 14, .ofs_x = 0, .ofs_y = -5},
    {.bitmap_index = 21023, .adv_w = 203, .box_w = 12, .box_h = 11, .ofs_x = 0, .ofs_y = -4},
    {.bitmap_index = 21089, .adv_w = 255, .box_w = 15, .box_h = 10, .ofs_x = 0, .ofs_y = -4},
    {.bitmap_index = 21164, .adv_w = 255, .box_w = 15, .box_h = 12, .ofs_x = 0, .ofs_y = -6},
    {.bitmap_index = 21254, .adv_w = 186, .box_w = 12, .box_h = 14, .ofs_x = 0, .ofs_y = -5},
    {.bitmap_index = 21338, .adv_w = 186, .box_w = 12, .box_h = 14, .ofs_x = 0, .ofs_y = -5},
    {.bitmap_index = 21422, .adv_w = 186, .box_w = 12, .box_h = 14, .ofs_x = 0, .ofs_y = -5},
    {.bitmap_index = 21506, .adv_w = 203, .box_w = 13, .box_h = 13, .ofs_x = 0, .ofs_y = -4},
    {.bitmap_index = 21591, .adv_w = 255, .box_w = 16, .box_h = 13, .ofs_x = 0, .ofs_y = -4},
    {.bitmap_index = 21695, .adv_w = 255, .box_w = 16, .box_h = 15, .ofs_x = 0, .ofs_y = -6},
    {.bitmap_index = 21815, .adv_w = 186, .box_w = 12, .box_h = 16, .ofs_x = 0, .ofs_y = -5},
    {.bitmap_index = 21911, .adv_w = 203, .box_w = 13, .box_h = 15, .ofs_x = 0, .ofs_y = -4},
    {.bitmap_index = 22009, .adv_w = 255, .box_w = 16, .box_h = 15, .ofs_x = 0, .ofs_y = -4},
    {.bitmap_index = 22129, .adv_w = 255, .box_w = 16, .box_h = 17, .ofs_x = 0, .ofs_y = -6},
    {.bitmap_index = 22265, .adv_w = 238, .box_w = 15, .box_h = 12, .ofs_x = 0, .ofs_y = -5},
    {.bitmap_index = 22355, .adv_w = 254, .box_w = 16, .box_h = 11, .ofs_x = 0, .ofs_y = -4},
    {.bitmap_index = 22443, .adv_w = 238, .box_w = 15, .box_h = 12, .ofs_x = 0, .ofs_y = -5},
    {.bitmap_index = 22533, .adv_w = 254, .box_w = 16, .box_h = 11, .ofs_x = 0, .ofs_y = -4},
    {.bitmap_index = 22621, .adv_w = 238, .box_w = 15, .box_h = 14, .ofs_x = 0, .ofs_y = -5},
    {.bitmap_index = 22726, .adv_w = 238, .box_w = 15, .box_h = 14, .ofs_x = 0, .ofs_y = -5},
    {.bitmap_index = 22831, .adv_w = 254, .box_w = 16, .box_h = 13, .ofs_x = 0, .ofs_y = -4},
    {.bitmap_index = 22935, .adv_w = 307, .box_w = 19, .box_h = 11, .ofs_x = 0, .ofs_y = -5},
    {.bitmap_index = 23040, .adv_w = 307, .box_w = 19, .box_h = 11, .ofs_x = 0, .ofs_y = -5},
    {.bitmap_index = 23145, .adv_w = 307, .box_w = 19, .box_h = 14, .ofs_x = 0, .ofs_y = -5},
    {.bitmap_index = 23278, .adv_w = 323, .box_w = 20, .box_h = 11, .ofs_x = 0, .ofs_y = -4},
    {.bitmap_index = 23388, .adv_w = 281, .box_w = 17, .box_h = 11, .ofs_x = 0, .ofs_y = -5},
    {.bitmap_index = 23482, .adv_w = 298, .box_w = 18, .box_h = 10, .ofs_x = 0, .ofs_y = -4},
    {.bitmap_index = 23572, .adv_w = 281, .box_w = 17, .box_h = 14, .ofs_x = 0, .ofs_y = -5},
    {.bitmap_index = 23691, .adv_w = 281, .box_w = 17, .box_h = 14, .ofs_x = 0, .ofs_y = -5},
    {.bitmap_index = 23810, .adv_w = 281, .box_w = 17, .box_h = 14, .ofs_x = 0, .ofs_y = -5},
    {.bitmap_index = 23929, .adv_w = 298, .box_w = 18, .box_h = 13, .ofs_x = 0, .ofs_y = -4},
    {.bitmap_index = 24046, .adv_w = 285, .box_w = 17, .box_h = 14, .ofs_x = 0, .ofs_y = -5},
    {.bitmap_index = 24165, .adv_w = 301, .box_w = 18, .box_h = 13, .ofs_x = 0, .ofs_y = -4},
    {.bitmap_index = 24282, .adv_w = 301, .box_w = 18, .box_h = 13, .ofs_x = 0, .ofs_y = -4},
    {.bitmap_index = 24399, .adv_w = 227, .box_w = 14, .box_h = 12, .ofs_x = 0, .ofs_y = -5},
    {.bitmap_index = 24483, .adv_w = 244, .box_w = 15, .box_h = 11, .ofs_x = 0, .ofs_y = -4},
    {.bitmap_index = 24566, .adv_w = 227, .box_w = 14, .box_h = 14, .ofs_x = 0, .ofs_y = -5},
    {.bitmap_index = 24664, .adv_w = 244, .box_w = 15, .box_h = 13, .ofs_x = 0, .ofs_y = -4},
    {.bitmap_index = 24762, .adv_w = 242, .box_w = 15, .box_h = 14, .ofs_x = 0, .ofs_y = -5},
    {.bitmap_index = 24867, .adv_w = 242, .box_w = 15, .box_h = 14, .ofs_x = 0, .ofs_y = -5},
    {.bitmap_index = 24972, .adv_w = 242, .box_w = 15, .box_h = 14, .ofs_x = 0, .ofs_y = -5},
    {.bitmap_index = 25077, .adv_w = 259, .box_w = 16, .box_h = 13, .ofs_x = 0, .ofs_y = -4},
    {.bitmap_index = 25181, .adv_w = 310, .box_w = 19, .box_h = 13, .ofs_x = 0, .ofs_y = -4},
    {.bitmap_index = 25305, .adv_w = 310, .box_w = 19, .box_h = 15, .ofs_x = 0, .ofs_y = -6},
    {.bitmap_index = 25448, .adv_w = 242, .box_w = 15, .box_h = 14, .ofs_x = 0, .ofs_y = -5},
    {.bitmap_index = 25553, .adv_w = 259, .box_w = 16, .box_h = 13, .ofs_x = 0, .ofs_y = -4},
    {.bitmap_index = 25657, .adv_w = 310, .box_w = 19, .box_h = 13, .ofs_x = 0, .ofs_y = -4},
    {.bitmap_index = 25781, .adv_w = 310, .box_w = 19, .box_h = 15, .ofs_x = 0, .ofs_y = -6},
    {.bitmap_index = 25924, .adv_w = 182, .box_w = 10, .box_h = 10, .ofs_x = 1, .ofs_y = 0},
    {.bitmap_index = 25974, .adv_w = 237, .box_w = 14, .box_h = 15, .ofs_x = 0, .ofs_y = -5},
    {.bitmap_index = 26079, .adv_w = 237, .box_w = 14, .box_h = 15, .ofs_x = 0, .ofs_y = -5},
    {.bitmap_index = 26184, .adv_w = 237, .box_w = 14, .box_h = 15, .ofs_x = 0, .ofs_y = -5},
    {.bitmap_index = 26289, .adv_w = 262, .box_w = 16, .box_h = 14, .ofs_x = 0, .ofs_y = -4},
    {.bitmap_index = 26401, .adv_w = 253, .box_w = 15, .box_h = 14, .ofs_x = 0, .ofs_y = -4},
    {.bitmap_index = 26506, .adv_w = 305, .box_w = 19, .box_h = 14, .ofs_x = 0, .ofs_y = -4},
    {.bitmap_index = 26639, .adv_w = 305, .box_w = 19, .box_h = 16, .ofs_x = 0, .ofs_y = -6},
    {.bitmap_index = 26791, .adv_w = 189, .box_w = 11, .box_h = 14, .ofs_x = 0, .ofs_y = -5},
    {.bitmap_index = 26868, .adv_w = 189, .box_w = 11, .box_h = 14, .ofs_x = 0, .ofs_y = -5},
    {.bitmap_index = 26945, .adv_w = 189, .box_w = 11, .box_h = 14, .ofs_x = 0, .ofs_y = -5},
    {.bitmap_index = 27022, .adv_w = 206, .box_w = 12, .box_h = 13, .ofs_x = 0, .ofs_y = -4},
    {.bitmap_index = 27100, .adv_w = 258, .box_w = 15, .box_h = 13, .ofs_x = 0, .ofs_y = -4},
    {.bitmap_index = 27198, .adv_w = 258, .box_w = 15, .box_h = 15, .ofs_x = 0, .ofs_y = -6},
    {.bitmap_index = 27311, .adv_w = 239, .box_w = 15, .box_h = 12, .ofs_x = 0, .ofs_y = -5},
    {.bitmap_index = 27401, .adv_w = 239, .box_w = 15, .box_h = 12, .ofs_x = 0, .ofs_y = -5},
    {.bitmap_index = 27491, .adv_w = 239, .box_w = 15, .box_h = 14, .ofs_x = 0, .ofs_y = -5},
    {.bitmap_index = 27596, .adv_w = 256, .box_w = 16, .box_h = 11, .ofs_x = 0, .ofs_y = -4},
    {.bitmap_index = 27684, .adv_w = 307, .box_w = 19, .box_h = 11, .ofs_x = 0, .ofs_y = -4},
    {.bitmap_index = 27789, .adv_w = 307, .box_w = 19, .box_h = 13, .ofs_x = 0, .ofs_y = -6},
    {.bitmap_index = 27913, .adv_w = 186, .box_w = 11, .box_h = 14, .ofs_x = 0, .ofs_y = -5},
    {.bitmap_index = 27990, .adv_w = 186, .box_w = 11, .box_h = 14, .ofs_x = 0, .ofs_y = -5},
    {.bitmap_index = 28067, .adv_w = 186, .box_w = 11, .box_h = 14, .ofs_x = 0, .ofs_y = -5},
    {.bitmap_index = 28144, .adv_w = 203, .box_w = 12, .box_h = 13, .ofs_x = 0, .ofs_y = -4},
    {.bitmap_index = 28222, .adv_w = 255, .box_w = 15, .box_h = 13, .ofs_x = 0, .ofs_y = -4},
    {.bitmap_index = 28320, .adv_w = 255, .box_w = 15, .box_h = 15, .ofs_x = 0, .ofs_y = -6},
    {.bitmap_index = 28433, .adv_w = 285, .box_w = 17, .box_h = 14, .ofs_x = 0, .ofs_y = -5},
    {.bitmap_index = 28552, .adv_w = 302, .box_w = 18, .box_h = 13, .ofs_x = 0, .ofs_y = -4},
    {.bitmap_index = 28669, .adv_w = 354, .box_w = 22, .box_h = 13, .ofs_x = 0, .ofs_y = -4},
    {.bitmap_index = 28812, .adv_w = 354, .box_w = 22, .box_h = 15, .ofs_x = 0, .ofs_y = -6},
    {.bitmap_index = 28977, .adv_w = 198, .box_w = 12, .box_h = 11, .ofs_x = 0, .ofs_y = -5},
    {.bitmap_index = 29043, .adv_w = 198, .box_w = 12, .box_h = 11, .ofs_x = 0, .ofs_y = -5},
    {.bitmap_index = 29109, .adv_w = 198, .box_w = 12, .box_h = 14, .ofs_x = 0, .ofs_y = -5},
    {.bitmap_index = 29193, .adv_w = 214, .box_w = 13, .box_h = 11, .ofs_x = 0, .ofs_y = -4},
    {.bitmap_index = 29265, .adv_w = 266, .box_w = 16, .box_h = 10, .ofs_x = 0, .ofs_y = -4},
    {.bitmap_index = 29345, .adv_w = 266, .box_w = 16, .box_h = 12, .ofs_x = 0, .ofs_y = -6},
    {.bitmap_index = 29441, .adv_w = 109, .box_w = 7, .box_h = 13, .ofs_x = 0, .ofs_y = 0},
    {.bitmap_index = 29487, .adv_w = 77, .box_w = 5, .box_h = 13, .ofs_x = -1, .ofs_y = -4},
    {.bitmap_index = 29520, .adv_w = 167, .box_w = 10, .box_h = 11, .ofs_x = 0, .ofs_y = -4},
    {.bitmap_index = 29575, .adv_w = 63, .box_w = 6, .box_h = 6, .ofs_x = -1, .ofs_y = 10},
    {.bitmap_index = 29593, .adv_w = 0, .box_w = 4, .box_h = 7, .ofs_x = 0, .ofs_y = 6},
    {.bitmap_index = 29607, .adv_w = 0, .box_w = 4, .box_h = 5, .ofs_x = 0, .ofs_y = 10},
    {.bitmap_index = 29617, .adv_w = 0, .box_w = 4, .box_h = 6, .ofs_x = 0, .ofs_y = 10},
    {.bitmap_index = 29629, .adv_w = 0, .box_w = 4, .box_h = 5, .ofs_x = 0, .ofs_y = 8},
    {.bitmap_index = 29639, .adv_w = 0, .box_w = 4, .box_h = 6, .ofs_x = 0, .ofs_y = 10},
    {.bitmap_index = 29651, .adv_w = 156, .box_w = 11, .box_h = 14, .ofs_x = -1, .ofs_y = -4},
    {.bitmap_index = 29728, .adv_w = 156, .box_w = 11, .box_h = 14, .ofs_x = -1, .ofs_y = -4},
    {.bitmap_index = 29805, .adv_w = 211, .box_w = 14, .box_h = 14, .ofs_x = 0, .ofs_y = -4},
    {.bitmap_index = 29903, .adv_w = 219, .box_w = 14, .box_h = 14, .ofs_x = 0, .ofs_y = -4},
    {.bitmap_index = 30001, .adv_w = 263, .box_w = 17, .box_h = 14, .ofs_x = 0, .ofs_y = -4},
    {.bitmap_index = 30120, .adv_w = 263, .box_w = 17, .box_h = 16, .ofs_x = 0, .ofs_y = -6},
    {.bitmap_index = 30256, .adv_w = 156, .box_w = 11, .box_h = 10, .ofs_x = -1, .ofs_y = -4},
    {.bitmap_index = 30311, .adv_w = 156, .box_w = 11, .box_h = 13, .ofs_x = -1, .ofs_y = -4},
    {.bitmap_index = 30383, .adv_w = 211, .box_w = 14, .box_h = 11, .ofs_x = 0, .ofs_y = -4},
    {.bitmap_index = 30460, .adv_w = 219, .box_w = 14, .box_h = 12, .ofs_x = 0, .ofs_y = -4},
    {.bitmap_index = 30544, .adv_w = 263, .box_w = 17, .box_h = 10, .ofs_x = 0, .ofs_y = -4},
    {.bitmap_index = 30629, .adv_w = 263, .box_w = 17, .box_h = 12, .ofs_x = 0, .ofs_y = -6},
    {.bitmap_index = 30731, .adv_w = 166, .box_w = 12, .box_h = 13, .ofs_x = -1, .ofs_y = -4},
    {.bitmap_index = 30809, .adv_w = 166, .box_w = 12, .box_h = 13, .ofs_x = -1, .ofs_y = -4},
    {.bitmap_index = 30887, .adv_w = 220, .box_w = 14, .box_h = 13, .ofs_x = 0, .ofs_y = -4},
    {.bitmap_index = 30978, .adv_w = 228, .box_w = 15, .box_h = 13, .ofs_x = 0, .ofs_y = -4},
    {.bitmap_index = 31076, .adv_w = 272, .box_w = 18, .box_h = 13, .ofs_x = 0, .ofs_y = -4},
    {.bitmap_index = 31193, .adv_w = 272, .box_w = 18, .box_h = 15, .ofs_x = 0, .ofs_y = -6},
    {.bitmap_index = 31328, .adv_w = 166, .box_w = 12, .box_h = 16, .ofs_x = -1, .ofs_y = -4},
    {.bitmap_index = 31424, .adv_w = 166, .box_w = 12, .box_h = 16, .ofs_x = -1, .ofs_y = -4},
    {.bitmap_index = 31520, .adv_w = 220, .box_w = 14, .box_h = 16, .ofs_x = 0, .ofs_y = -4},
    {.bitmap_index = 31632, .adv_w = 228, .box_w = 15, .box_h = 16, .ofs_x = 0, .ofs_y = -4},
    {.bitmap_index = 31752, .adv_w = 272, .box_w = 18, .box_h = 16, .ofs_x = 0, .ofs_y = -4},
    {.bitmap_index = 31896, .adv_w = 272, .box_w = 18, .box_h = 18, .ofs_x = 0, .ofs_y = -6},
    {.bitmap_index = 32058, .adv_w = 316, .box_w = 20, .box_h = 13, .ofs_x = 0, .ofs_y = -4},
    {.bitmap_index = 32188, .adv_w = 316, .box_w = 20, .box_h = 15, .ofs_x = 0, .ofs_y = -6},
    {.bitmap_index = 32338, .adv_w = 316, .box_w = 20, .box_h = 13, .ofs_x = 0, .ofs_y = -4},
    {.bitmap_index = 32468, .adv_w = 316, .box_w = 20, .box_h = 15, .ofs_x = 0, .ofs_y = -6},
    {.bitmap_index = 32618, .adv_w = 192, .box_w = 12, .box_h = 10, .ofs_x = 1, .ofs_y = 0},
    {.bitmap_index = 32678, .adv_w = 271, .box_w = 18, .box_h = 14, .ofs_x = 0, .ofs_y = -4},
    {.bitmap_index = 32804, .adv_w = 263, .box_w = 17, .box_h = 14, .ofs_x = 0, .ofs_y = -4},
    {.bitmap_index = 32923, .adv_w = 315, .box_w = 20, .box_h = 14, .ofs_x = 0, .ofs_y = -4},
    {.bitmap_index = 33063, .adv_w = 315, .box_w = 20, .box_h = 16, .ofs_x = 0, .ofs_y = -6},
    {.bitmap_index = 33223, .adv_w = 211, .box_w = 14, .box_h = 13, .ofs_x = 0, .ofs_y = -4},
    {.bitmap_index = 33314, .adv_w = 263, .box_w = 17, .box_h = 13, .ofs_x = 0, .ofs_y = -4},
    {.bitmap_index = 33425, .adv_w = 263, .box_w = 17, .box_h = 15, .ofs_x = 0, .ofs_y = -6},
    {.bitmap_index = 33553, .adv_w = 190, .box_w = 11, .box_h = 9, .ofs_x = 1, .ofs_y = 0},
    {.bitmap_index = 33603, .adv_w = 261, .box_w = 17, .box_h = 11, .ofs_x = 0, .ofs_y = -4},
    {.bitmap_index = 33697, .adv_w = 156, .box_w = 11, .box_h = 13, .ofs_x = -1, .ofs_y = -4},
    {.bitmap_index = 33769, .adv_w = 156, .box_w = 11, .box_h = 13, .ofs_x = -1, .ofs_y = -4},
    {.bitmap_index = 33841, .adv_w = 211, .box_w = 14, .box_h = 13, .ofs_x = 0, .ofs_y = -4},
    {.bitmap_index = 33932, .adv_w = 219, .box_w = 14, .box_h = 13, .ofs_x = 0, .ofs_y = -4},
    {.bitmap_index = 34023, .adv_w = 263, .box_w = 17, .box_h = 13, .ofs_x = 0, .ofs_y = -4},
    {.bitmap_index = 34134, .adv_w = 263, .box_w = 17, .box_h = 15, .ofs_x = 0, .ofs_y = -6},
    {.bitmap_index = 34262, .adv_w = 190, .box_w = 13, .box_h = 11, .ofs_x = 0, .ofs_y = -4},
    {.bitmap_index = 34334, .adv_w = 166, .box_w = 12, .box_h = 10, .ofs_x = -1, .ofs_y = -4},
    {.bitmap_index = 34394, .adv_w = 166, .box_w = 12, .box_h = 13, .ofs_x = -1, .ofs_y = -4},
    {.bitmap_index = 34472, .adv_w = 220, .box_w = 14, .box_h = 11, .ofs_x = 0, .ofs_y = -4},
    {.bitmap_index = 34549, .adv_w = 228, .box_w = 15, .box_h = 12, .ofs_x = 0, .ofs_y = -4},
    {.bitmap_index = 34639, .adv_w = 272, .box_w = 18, .box_h = 10, .ofs_x = 0, .ofs_y = -4},
    {.bitmap_index = 34729, .adv_w = 272, .box_w = 18, .box_h = 12, .ofs_x = 0, .ofs_y = -6},
    {.bitmap_index = 34837, .adv_w = 179, .box_w = 12, .box_h = 13, .ofs_x = -1, .ofs_y = -3},
    {.bitmap_index = 34915, .adv_w = 179, .box_w = 12, .box_h = 10, .ofs_x = -1, .ofs_y = 0},
    {.bitmap_index = 34975, .adv_w = 179, .box_w = 12, .box_h = 10, .ofs_x = -1, .ofs_y = 0},
    {.bitmap_index = 35035, .adv_w = 187, .box_w = 12, .box_h = 10, .ofs_x = -1, .ofs_y = 0},
    {.bitmap_index = 35095, .adv_w = 236, .box_w = 15, .box_h = 10, .ofs_x = -1, .ofs_y = 0},
    {.bitmap_index = 35170, .adv_w = 179, .box_w = 12, .box_h = 9, .ofs_x = -1, .ofs_y = -3},
    {.bitmap_index = 35224, .adv_w = 179, .box_w = 12, .box_h = 9, .ofs_x = -1, .ofs_y = -3},
    {.bitmap_index = 35278, .adv_w = 179, .box_w = 12, .box_h = 12, .ofs_x = -1, .ofs_y = -3},
    {.bitmap_index = 35350, .adv_w = 187, .box_w = 12, .box_h = 10, .ofs_x = -1, .ofs_y = -3},
    {.bitmap_index = 35410, .adv_w = 236, .box_w = 15, .box_h = 12, .ofs_x = -1, .ofs_y = -3},
    {.bitmap_index = 35500, .adv_w = 179, .box_w = 12, .box_h = 12, .ofs_x = -1, .ofs_y = -3},
    {.bitmap_index = 35572, .adv_w = 179, .box_w = 12, .box_h = 9, .ofs_x = -1, .ofs_y = 0},
    {.bitmap_index = 35626, .adv_w = 179, .box_w = 12, .box_h = 9, .ofs_x = -1, .ofs_y = 0},
    {.bitmap_index = 35680, .adv_w = 187, .box_w = 13, .box_h = 9, .ofs_x = -1, .ofs_y = 0},
    {.bitmap_index = 35739, .adv_w = 236, .box_w = 16, .box_h = 9, .ofs_x = -1, .ofs_y = 0},
    {.bitmap_index = 35811, .adv_w = 187, .box_w = 13, .box_h = 11, .ofs_x = -1, .ofs_y = 0},
    {.bitmap_index = 35883, .adv_w = 230, .box_w = 15, .box_h = 10, .ofs_x = -1, .ofs_y = -3},
    {.bitmap_index = 35958, .adv_w = 238, .box_w = 16, .box_h = 10, .ofs_x = -1, .ofs_y = -3},
    {.bitmap_index = 36038, .adv_w = 230, .box_w = 15, .box_h = 10, .ofs_x = -1, .ofs_y = -3},
    {.bitmap_index = 36113, .adv_w = 238, .box_w = 16, .box_h = 7, .ofs_x = -1, .ofs_y = 0},
    {.bitmap_index = 36169, .adv_w = 230, .box_w = 15, .box_h = 12, .ofs_x = -1, .ofs_y = -3},
    {.bitmap_index = 36259, .adv_w = 238, .box_w = 16, .box_h = 9, .ofs_x = -1, .ofs_y = 0},
    {.bitmap_index = 36331, .adv_w = 299, .box_w = 19, .box_h = 9, .ofs_x = -1, .ofs_y = -3},
    {.bitmap_index = 36417, .adv_w = 299, .box_w = 19, .box_h = 6, .ofs_x = -1, .ofs_y = 0},
    {.bitmap_index = 36474, .adv_w = 299, .box_w = 19, .box_h = 9, .ofs_x = -1, .ofs_y = 0},
    {.bitmap_index = 36560, .adv_w = 307, .box_w = 20, .box_h = 7, .ofs_x = -1, .ofs_y = 0},
    {.bitmap_index = 36630, .adv_w = 274, .box_w = 18, .box_h = 6, .ofs_x = -1, .ofs_y = 0},
    {.bitmap_index = 36684, .adv_w = 274, .box_w = 18, .box_h = 9, .ofs_x = -1, .ofs_y = 0},
    {.bitmap_index = 36765, .adv_w = 282, .box_w = 18, .box_h = 6, .ofs_x = -1, .ofs_y = 0},
    {.bitmap_index = 36819, .adv_w = 274, .box_w = 18, .box_h = 12, .ofs_x = -1, .ofs_y = -3},
    {.bitmap_index = 36927, .adv_w = 274, .box_w = 18, .box_h = 9, .ofs_x = -1, .ofs_y = 0},
    {.bitmap_index = 37008, .adv_w = 274, .box_w = 18, .box_h = 9, .ofs_x = -1, .ofs_y = 0},
    {.bitmap_index = 37089, .adv_w = 282, .box_w = 18, .box_h = 9, .ofs_x = -1, .ofs_y = 0},
    {.bitmap_index = 37170, .adv_w = 277, .box_w = 18, .box_h = 9, .ofs_x = -1, .ofs_y = 0},
    {.bitmap_index = 37251, .adv_w = 285, .box_w = 18, .box_h = 9, .ofs_x = -1, .ofs_y = 0},
    {.bitmap_index = 37332, .adv_w = 220, .box_w = 15, .box_h = 10, .ofs_x = -1, .ofs_y = -3},
    {.bitmap_index = 37407, .adv_w = 228, .box_w = 15, .box_h = 7, .ofs_x = -1, .ofs_y = 0},
    {.bitmap_index = 37460, .adv_w = 220, .box_w = 15, .box_h = 12, .ofs_x = -1, .ofs_y = -3},
    {.bitmap_index = 37550, .adv_w = 228, .box_w = 15, .box_h = 9, .ofs_x = -1, .ofs_y = 0},
    {.bitmap_index = 37618, .adv_w = 235, .box_w = 15, .box_h = 12, .ofs_x = -1, .ofs_y = -3},
    {.bitmap_index = 37708, .adv_w = 235, .box_w = 15, .box_h = 9, .ofs_x = -1, .ofs_y = 0},
    {.bitmap_index = 37776, .adv_w = 235, .box_w = 15, .box_h = 9, .ofs_x = -1, .ofs_y = 0},
    {.bitmap_index = 37844, .adv_w = 242, .box_w = 16, .box_h = 9, .ofs_x = -1, .ofs_y = 0},
    {.bitmap_index = 37916, .adv_w = 235, .box_w = 15, .box_h = 9, .ofs_x = -1, .ofs_y = 0},
    {.bitmap_index = 37984, .adv_w = 242, .box_w = 16, .box_h = 9, .ofs_x = -1, .ofs_y = 0},
    {.bitmap_index = 38056, .adv_w = 229, .box_w = 15, .box_h = 13, .ofs_x = -1, .ofs_y = -3},
    {.bitmap_index = 38154, .adv_w = 229, .box_w = 15, .box_h = 10, .ofs_x = -1, .ofs_y = 0},
    {.bitmap_index = 38229, .adv_w = 229, .box_w = 15, .box_h = 10, .ofs_x = -1, .ofs_y = 0},
    {.bitmap_index = 38304, .adv_w = 187, .box_w = 12, .box_h = 10, .ofs_x = -1, .ofs_y = 0},
    {.bitmap_index = 38364, .adv_w = 237, .box_w = 15, .box_h = 10, .ofs_x = -1, .ofs_y = 0},
    {.bitmap_index = 38439, .adv_w = 182, .box_w = 12, .box_h = 12, .ofs_x = -1, .ofs_y = -3},
    {.bitmap_index = 38511, .adv_w = 182, .box_w = 12, .box_h = 9, .ofs_x = -1, .ofs_y = 0},
    {.bitmap_index = 38565, .adv_w = 182, .box_w = 12, .box_h = 9, .ofs_x = -1, .ofs_y = 0},
    {.bitmap_index = 38619, .adv_w = 190, .box_w = 12, .box_h = 9, .ofs_x = -1, .ofs_y = 0},
    {.bitmap_index = 38673, .adv_w = 239, .box_w = 15, .box_h = 9, .ofs_x = -1, .ofs_y = 0},
    {.bitmap_index = 38741, .adv_w = 232, .box_w = 15, .box_h = 10, .ofs_x = -1, .ofs_y = -3},
    {.bitmap_index = 38816, .adv_w = 232, .box_w = 15, .box_h = 7, .ofs_x = -1, .ofs_y = 0},
    {.bitmap_index = 38869, .adv_w = 232, .box_w = 15, .box_h = 9, .ofs_x = -1, .ofs_y = 0},
    {.bitmap_index = 38937, .adv_w = 239, .box_w = 16, .box_h = 7, .ofs_x = -1, .ofs_y = 0},
    {.bitmap_index = 38993, .adv_w = 179, .box_w = 12, .box_h = 12, .ofs_x = -1, .ofs_y = -3},
    {.bitmap_index = 39065, .adv_w = 179, .box_w = 12, .box_h = 9, .ofs_x = -1, .ofs_y = 0},
    {.bitmap_index = 39119, .adv_w = 179, .box_w = 12, .box_h = 9, .ofs_x = -1, .ofs_y = 0},
    {.bitmap_index = 39173, .adv_w = 187, .box_w = 12, .box_h = 9, .ofs_x = -1, .ofs_y = 0},
    {.bitmap_index = 39227, .adv_w = 236, .box_w = 15, .box_h = 9, .ofs_x = -1, .ofs_y = 0},
    {.bitmap_index = 39295, .adv_w = 278, .box_w = 18, .box_h = 12, .ofs_x = -1, .ofs_y = -3},
    {.bitmap_index = 39403, .adv_w = 286, .box_w = 18, .box_h = 9, .ofs_x = -1, .ofs_y = 0},
    {.bitmap_index = 39484, .adv_w = 163, .box_w = 11, .box_h = 12, .ofs_x = -1, .ofs_y = 0},
    {.bitmap_index = 39550, .adv_w = 190, .box_w = 13, .box_h = 9, .ofs_x = -1, .ofs_y = -3},
    {.bitmap_index = 39609, .adv_w = 190, .box_w = 13, .box_h = 9, .ofs_x = -1, .ofs_y = -3},
    {.bitmap_index = 39668, .adv_w = 190, .box_w = 13, .box_h = 12, .ofs_x = -1, .ofs_y = -3},
    {.bitmap_index = 39746, .adv_w = 198, .box_w = 13, .box_h = 10, .ofs_x = -1, .ofs_y = -3},
    {.bitmap_index = 39811, .adv_w = 247, .box_w = 16, .box_h = 12, .ofs_x = -1, .ofs_y = -3},
    {.bitmap_index = 39907, .adv_w = 195, .box_w = 14, .box_h = 10, .ofs_x = -1, .ofs_y = 0},
    {.bitmap_index = 39977, .adv_w = 244, .box_w = 17, .box_h = 10, .ofs_x = -1, .ofs_y = 0},
    {.bitmap_index = 40062, .adv_w = 195, .box_w = 14, .box_h = 10, .ofs_x = -1, .ofs_y = -3},
    {.bitmap_index = 40132, .adv_w = 244, .box_w = 17, .box_h = 12, .ofs_x = -1, .ofs_y = -3},
    {.bitmap_index = 40234, .adv_w = 204, .box_w = 14, .box_h = 9, .ofs_x = -1, .ofs_y = 0},
    {.bitmap_index = 40297, .adv_w = 253, .box_w = 17, .box_h = 9, .ofs_x = -1, .ofs_y = 0},
    {.bitmap_index = 40374, .adv_w = 204, .box_w = 14, .box_h = 12, .ofs_x = -1, .ofs_y = 0},
    {.bitmap_index = 40458, .adv_w = 253, .box_w = 17, .box_h = 12, .ofs_x = -1, .ofs_y = 0},
    {.bitmap_index = 40560, .adv_w = 315, .box_w = 21, .box_h = 7, .ofs_x = -1, .ofs_y = 0},
    {.bitmap_index = 40634, .adv_w = 364, .box_w = 24, .box_h = 9, .ofs_x = -1, .ofs_y = 0},
    {.bitmap_index = 40742, .adv_w = 315, .box_w = 21, .box_h = 9, .ofs_x = -1, .ofs_y = 0},
    {.bitmap_index = 40837, .adv_w = 364, .box_w = 24, .box_h = 9, .ofs_x = -1, .ofs_y = 0},
    {.bitmap_index = 40945, .adv_w = 197, .box_w = 14, .box_h = 10, .ofs_x = -1, .ofs_y = 0},
    {.bitmap_index = 41015, .adv_w = 247, .box_w = 17, .box_h = 10, .ofs_x = -1, .ofs_y = 0},
    {.bitmap_index = 41100, .adv_w = 195, .box_w = 14, .box_h = 9, .ofs_x = -1, .ofs_y = 0},
    {.bitmap_index = 41163, .adv_w = 195, .box_w = 14, .box_h = 9, .ofs_x = -1, .ofs_y = 0},
    {.bitmap_index = 41226, .adv_w = 244, .box_w = 17, .box_h = 9, .ofs_x = -1, .ofs_y = 0},
    {.bitmap_index = 41303, .adv_w = 204, .box_w = 14, .box_h = 10, .ofs_x = -1, .ofs_y = -3},
    {.bitmap_index = 41373, .adv_w = 253, .box_w = 17, .box_h = 12, .ofs_x = -1, .ofs_y = -3},
    {.bitmap_index = 41475, .adv_w = 58, .box_w = 6, .box_h = 10, .ofs_x = -1, .ofs_y = 0},
    {.bitmap_index = 41505, .adv_w = 58, .box_w = 6, .box_h = 11, .ofs_x = -1, .ofs_y = 0},
    {.bitmap_index = 41538, .adv_w = 58, .box_w = 5, .box_h = 9, .ofs_x = -1, .ofs_y = 0},
    {.bitmap_index = 41561, .adv_w = 353, .box_w = 22, .box_h = 13, .ofs_x = 0, .ofs_y = -4},
    {.bitmap_index = 41704, .adv_w = 353, .box_w = 22, .box_h = 15, .ofs_x = 0, .ofs_y = -6},
    {.bitmap_index = 41869, .adv_w = 296, .box_w = 18, .box_h = 11, .ofs_x = 0, .ofs_y = -4},
    {.bitmap_index = 41968, .adv_w = 296, .box_w = 18, .box_h = 13, .ofs_x = 0, .ofs_y = -6},
    {.bitmap_index = 42085, .adv_w = 296, .box_w = 18, .box_h = 13, .ofs_x = 0, .ofs_y = -4},
    {.bitmap_index = 42202, .adv_w = 296, .box_w = 18, .box_h = 15, .ofs_x = 0, .ofs_y = -6},
    {.bitmap_index = 42337, .adv_w = 375, .box_w = 23, .box_h = 10, .ofs_x = 0, .ofs_y = -4},
    {.bitmap_index = 42452, .adv_w = 375, .box_w = 23, .box_h = 12, .ofs_x = 0, .ofs_y = -6},
    {.bitmap_index = 42590, .adv_w = 375, .box_w = 23, .box_h = 13, .ofs_x = 0, .ofs_y = -4},
    {.bitmap_index = 42740, .adv_w = 375, .box_w = 23, .box_h = 15, .ofs_x = 0, .ofs_y = -6},
    {.bitmap_index = 42913, .adv_w = 306, .box_w = 19, .box_h = 11, .ofs_x = 0, .ofs_y = -4},
    {.bitmap_index = 43018, .adv_w = 306, .box_w = 19, .box_h = 13, .ofs_x = 0, .ofs_y = -6},
    {.bitmap_index = 43142, .adv_w = 306, .box_w = 19, .box_h = 11, .ofs_x = 0, .ofs_y = -4},
    {.bitmap_index = 43247, .adv_w = 306, .box_w = 19, .box_h = 13, .ofs_x = 0, .ofs_y = -6},
    {.bitmap_index = 43371, .adv_w = 306, .box_w = 19, .box_h = 13, .ofs_x = 0, .ofs_y = -4},
    {.bitmap_index = 43495, .adv_w = 306, .box_w = 19, .box_h = 15, .ofs_x = 0, .ofs_y = -6},
    {.bitmap_index = 43638, .adv_w = 350, .box_w = 21, .box_h = 10, .ofs_x = 0, .ofs_y = -4},
    {.bitmap_index = 43743, .adv_w = 350, .box_w = 21, .box_h = 12, .ofs_x = 0, .ofs_y = -6},
    {.bitmap_index = 43869, .adv_w = 350, .box_w = 21, .box_h = 13, .ofs_x = 0, .ofs_y = -4},
    {.bitmap_index = 44006, .adv_w = 350, .box_w = 21, .box_h = 15, .ofs_x = 0, .ofs_y = -6},
    {.bitmap_index = 44164, .adv_w = 307, .box_w = 19, .box_h = 14, .ofs_x = 0, .ofs_y = -5},
    {.bitmap_index = 44297, .adv_w = 307, .box_w = 19, .box_h = 14, .ofs_x = 0, .ofs_y = -5},
    {.bitmap_index = 44430, .adv_w = 307, .box_w = 19, .box_h = 14, .ofs_x = 0, .ofs_y = -5},
    {.bitmap_index = 44563, .adv_w = 323, .box_w = 20, .box_h = 13, .ofs_x = 0, .ofs_y = -4},
    {.bitmap_index = 44693, .adv_w = 269, .box_w = 17, .box_h = 13, .ofs_x = -1, .ofs_y = -4},
    {.bitmap_index = 44804, .adv_w = 269, .box_w = 17, .box_h = 10, .ofs_x = -1, .ofs_y = -4},
    {.bitmap_index = 44889, .adv_w = 244, .box_w = 16, .box_h = 10, .ofs_x = -1, .ofs_y = -4},
    {.bitmap_index = 44969, .adv_w = 244, .box_w = 16, .box_h = 13, .ofs_x = -1, .ofs_y = -4},
    {.bitmap_index = 45073, .adv_w = 360, .box_w = 23, .box_h = 13, .ofs_x = 0, .ofs_y = -4},
    {.bitmap_index = 45223, .adv_w = 360, .box_w = 23, .box_h = 15, .ofs_x = 0, .ofs_y = -6},
    {.bitmap_index = 45396, .adv_w = 306, .box_w = 20, .box_h = 11, .ofs_x = 0, .ofs_y = -4},
    {.bitmap_index = 45506, .adv_w = 306, .box_w = 20, .box_h = 13, .ofs_x = 0, .ofs_y = -6},
    {.bitmap_index = 45636, .adv_w = 306, .box_w = 20, .box_h = 13, .ofs_x = 0, .ofs_y = -4},
    {.bitmap_index = 45766, .adv_w = 306, .box_w = 20, .box_h = 15, .ofs_x = 0, .ofs_y = -6},
    {.bitmap_index = 45916, .adv_w = 383, .box_w = 25, .box_h = 10, .ofs_x = 0, .ofs_y = -4},
    {.bitmap_index = 46041, .adv_w = 383, .box_w = 25, .box_h = 12, .ofs_x = 0, .ofs_y = -6},
    {.bitmap_index = 46191, .adv_w = 383, .box_w = 25, .box_h = 13, .ofs_x = 0, .ofs_y = -4},
    {.bitmap_index = 46354, .adv_w = 383, .box_w = 25, .box_h = 15, .ofs_x = 0, .ofs_y = -6},
    {.bitmap_index = 46542, .adv_w = 305, .box_w = 20, .box_h = 11, .ofs_x = 0, .ofs_y = -4},
    {.bitmap_index = 46652, .adv_w = 305, .box_w = 20, .box_h = 13, .ofs_x = 0, .ofs_y = -6},
    {.bitmap_index = 46782, .adv_w = 305, .box_w = 20, .box_h = 11, .ofs_x = 0, .ofs_y = -4},
    {.bitmap_index = 46892, .adv_w = 305, .box_w = 20, .box_h = 13, .ofs_x = 0, .ofs_y = -6},
    {.bitmap_index = 47022, .adv_w = 305, .box_w = 20, .box_h = 13, .ofs_x = 0, .ofs_y = -4},
    {.bitmap_index = 47152, .adv_w = 305, .box_w = 20, .box_h = 15, .ofs_x = 0, .ofs_y = -6},
    {.bitmap_index = 47302, .adv_w = 360, .box_w = 23, .box_h = 10, .ofs_x = 0, .ofs_y = -4},
    {.bitmap_index = 47417, .adv_w = 360, .box_w = 23, .box_h = 12, .ofs_x = 0, .ofs_y = -6},
    {.bitmap_index = 47555, .adv_w = 360, .box_w = 23, .box_h = 13, .ofs_x = 0, .ofs_y = -4},
    {.bitmap_index = 47705, .adv_w = 360, .box_w = 23, .box_h = 15, .ofs_x = 0, .ofs_y = -6},
    {.bitmap_index = 47878, .adv_w = 314, .box_w = 20, .box_h = 14, .ofs_x = 0, .ofs_y = -5},
    {.bitmap_index = 48018, .adv_w = 314, .box_w = 20, .box_h = 14, .ofs_x = 0, .ofs_y = -5},
    {.bitmap_index = 48158, .adv_w = 314, .box_w = 20, .box_h = 14, .ofs_x = 0, .ofs_y = -5},
    {.bitmap_index = 48298, .adv_w = 331, .box_w = 21, .box_h = 13, .ofs_x = 0, .ofs_y = -4},
    {.bitmap_index = 48435, .adv_w = 277, .box_w = 19, .box_h = 13, .ofs_x = -1, .ofs_y = -4},
    {.bitmap_index = 48559, .adv_w = 277, .box_w = 19, .box_h = 10, .ofs_x = -1, .ofs_y = -4},
    {.bitmap_index = 48654, .adv_w = 254, .box_w = 17, .box_h = 10, .ofs_x = -1, .ofs_y = -4},
    {.bitmap_index = 48739, .adv_w = 254, .box_w = 17, .box_h = 13, .ofs_x = -1, .ofs_y = -4},
    {.bitmap_index = 48850, .adv_w = 299, .box_w = 19, .box_h = 12, .ofs_x = -1, .ofs_y = -3},
    {.bitmap_index = 48964, .adv_w = 299, .box_w = 19, .box_h = 9, .ofs_x = -1, .ofs_y = 0},
    {.bitmap_index = 49050, .adv_w = 299, .box_w = 19, .box_h = 9, .ofs_x = -1, .ofs_y = 0},
    {.bitmap_index = 49136, .adv_w = 307, .box_w = 20, .box_h = 9, .ofs_x = -1, .ofs_y = 0},
    {.bitmap_index = 49226, .adv_w = 356, .box_w = 23, .box_h = 9, .ofs_x = -1, .ofs_y = 0},
    {.bitmap_index = 49330, .adv_w = 356, .box_w = 23, .box_h = 9, .ofs_x = -1, .ofs_y = 0},
    {.bitmap_index = 49434, .adv_w = 285, .box_w = 18, .box_h = 9, .ofs_x = -1, .ofs_y = 0},
    {.bitmap_index = 49515, .adv_w = 307, .box_w = 21, .box_h = 9, .ofs_x = -1, .ofs_y = -3},
    {.bitmap_index = 49610, .adv_w = 307, .box_w = 21, .box_h = 6, .ofs_x = -1, .ofs_y = 0},
    {.bitmap_index = 49673, .adv_w = 307, .box_w = 21, .box_h = 9, .ofs_x = -1, .ofs_y = 0},
    {.bitmap_index = 49768, .adv_w = 307, .box_w = 21, .box_h = 12, .ofs_x = -1, .ofs_y = -3},
    {.bitmap_index = 49894, .adv_w = 307, .box_w = 21, .box_h = 9, .ofs_x = -1, .ofs_y = 0},
    {.bitmap_index = 49989, .adv_w = 307, .box_w = 21, .box_h = 9, .ofs_x = -1, .ofs_y = 0},
    {.bitmap_index = 50084, .adv_w = 292, .box_w = 20, .box_h = 9, .ofs_x = -1, .ofs_y = 0},
    {.bitmap_index = 50174, .adv_w = 292, .box_w = 20, .box_h = 9, .ofs_x = -1, .ofs_y = 0},
    {.bitmap_index = 50264, .adv_w = 67, .box_w = 5, .box_h = 13, .ofs_x = 0, .ofs_y = 0},
    {.bitmap_index = 50297, .adv_w = 63, .box_w = 4, .box_h = 13, .ofs_x = 0, .ofs_y = 0},
    {.bitmap_index = 50323, .adv_w = 85, .box_w = 5, .box_h = 11, .ofs_x = 0, .ofs_y = -2},
    {.bitmap_index = 50351, .adv_w = 85, .box_w = 5, .box_h = 12, .ofs_x = 0, .ofs_y = -3},
    {.bitmap_index = 50381, .adv_w = 224, .box_w = 14, .box_h = 12, .ofs_x = 0, .ofs_y = -2},
    {.bitmap_index = 50465, .adv_w = 258, .box_w = 16, .box_h = 13, .ofs_x = 0, .ofs_y = -3},
    {.bitmap_index = 50569, .adv_w = 263, .box_w = 16, .box_h = 14, .ofs_x = 0, .ofs_y = -3},
    {.bitmap_index = 50681, .adv_w = 292, .box_w = 18, .box_h = 14, .ofs_x = 0, .ofs_y = -3},
    {.bitmap_index = 50807, .adv_w = 306, .box_w = 19, .box_h = 14, .ofs_x = 0, .ofs_y = -3},
    {.bitmap_index = 50940, .adv_w = 297, .box_w = 18, .box_h = 14, .ofs_x = 0, .ofs_y = -3},
    {.bitmap_index = 51066, .adv_w = 235, .box_w = 15, .box_h = 12, .ofs_x = 0, .ofs_y = -1},
    {.bitmap_index = 51156, .adv_w = 326, .box_w = 20, .box_h = 10, .ofs_x = 0, .ofs_y = -2},
    {.bitmap_index = 51256, .adv_w = 350, .box_w = 22, .box_h = 10, .ofs_x = 0, .ofs_y = -2},
    {.bitmap_index = 51366, .adv_w = 301, .box_w = 19, .box_h = 10, .ofs_x = 0, .ofs_y = -2},
    {.bitmap_index = 51461, .adv_w = 276, .box_w = 17, .box_h = 14, .ofs_x = 0, .ofs_y = -2},
    {.bitmap_index = 51580, .adv_w = 190, .box_w = 12, .box_h = 8, .ofs_x = 0, .ofs_y = 0},
    {.bitmap_index = 51628, .adv_w = 294, .box_w = 18, .box_h = 13, .ofs_x = 0, .ofs_y = -2},
    {.bitmap_index = 51745, .adv_w = 302, .box_w = 19, .box_h = 10, .ofs_x = 0, .ofs_y = -2},
    {.bitmap_index = 51840, .adv_w = 198, .box_w = 12, .box_h = 12, .ofs_x = 0, .ofs_y = -2},
    {.bitmap_index = 51912, .adv_w = 259, .box_w = 16, .box_h = 12, .ofs_x = 0, .ofs_y = -2},
    {.bitmap_index = 52008, .adv_w = 301, .box_w = 20, .box_h = 12, .ofs_x = -1, .ofs_y = -3},
    {.bitmap_index = 52128, .adv_w = 318, .box_w = 20, .box_h = 14, .ofs_x = 0, .ofs_y = -5},
    {.bitmap_index = 52268, .adv_w = 294, .box_w = 19, .box_h = 12, .ofs_x = -1, .ofs_y = -3},
    {.bitmap_index = 52382, .adv_w = 301, .box_w = 20, .box_h = 9, .ofs_x = -1, .ofs_y = 0},
    {.bitmap_index = 52472, .adv_w = 301, .box_w = 20, .box_h = 9, .ofs_x = -1, .ofs_y = 0},
    {.bitmap_index = 52562, .adv_w = 301, .box_w = 20, .box_h = 12, .ofs_x = -1, .ofs_y = -3},
    {.bitmap_index = 52682, .adv_w = 301, .box_w = 20, .box_h = 9, .ofs_x = -1, .ofs_y = 0},
    {.bitmap_index = 52772, .adv_w = 301, .box_w = 20, .box_h = 9, .ofs_x = -1, .ofs_y = 0},
    {.bitmap_index = 52862, .adv_w = 359, .box_w = 23, .box_h = 12, .ofs_x = 0, .ofs_y = -5},
    {.bitmap_index = 53000, .adv_w = 353, .box_w = 23, .box_h = 10, .ofs_x = -1, .ofs_y = -3},
    {.bitmap_index = 53115, .adv_w = 427, .box_w = 27, .box_h = 13, .ofs_x = 0, .ofs_y = -6},
    {.bitmap_index = 53291, .adv_w = 427, .box_w = 27, .box_h = 11, .ofs_x = 0, .ofs_y = -4},
    {.bitmap_index = 53440, .adv_w = 414, .box_w = 26, .box_h = 9, .ofs_x = -1, .ofs_y = -3},
    {.bitmap_index = 53557, .adv_w = 414, .box_w = 26, .box_h = 9, .ofs_x = -1, .ofs_y = -3},
    {.bitmap_index = 53674, .adv_w = 497, .box_w = 32, .box_h = 10, .ofs_x = 0, .ofs_y = -4},
    {.bitmap_index = 53834, .adv_w = 437, .box_w = 28, .box_h = 12, .ofs_x = 0, .ofs_y = -5},
    {.bitmap_index = 54002, .adv_w = 422, .box_w = 27, .box_h = 7, .ofs_x = -1, .ofs_y = 0},
    {.bitmap_index = 54097, .adv_w = 422, .box_w = 27, .box_h = 10, .ofs_x = -1, .ofs_y = -3},
    {.bitmap_index = 54232, .adv_w = 454, .box_w = 29, .box_h = 11, .ofs_x = 0, .ofs_y = -4},
    {.bitmap_index = 54392, .adv_w = 430, .box_w = 27, .box_h = 7, .ofs_x = -1, .ofs_y = 0},
    {.bitmap_index = 54487, .adv_w = 406, .box_w = 26, .box_h = 11, .ofs_x = 0, .ofs_y = -5},
    {.bitmap_index = 54630, .adv_w = 389, .box_w = 25, .box_h = 6, .ofs_x = -1, .ofs_y = 0},
    {.bitmap_index = 54705, .adv_w = 430, .box_w = 28, .box_h = 10, .ofs_x = 0, .ofs_y = -4},
    {.bitmap_index = 54845, .adv_w = 446, .box_w = 28, .box_h = 13, .ofs_x = 0, .ofs_y = -4},
    {.bitmap_index = 55027, .adv_w = 422, .box_w = 27, .box_h = 9, .ofs_x = -1, .ofs_y = 0},
    {.bitmap_index = 55149, .adv_w = 497, .box_w = 32, .box_h = 15, .ofs_x = 0, .ofs_y = -6},
    {.bitmap_index = 55389, .adv_w = 437, .box_w = 28, .box_h = 14, .ofs_x = 0, .ofs_y = -5},
    {.bitmap_index = 55585, .adv_w = 422, .box_w = 27, .box_h = 9, .ofs_x = -1, .ofs_y = 0},
    {.bitmap_index = 55707, .adv_w = 454, .box_w = 29, .box_h = 13, .ofs_x = 0, .ofs_y = -4},
    {.bitmap_index = 55896, .adv_w = 430, .box_w = 27, .box_h = 9, .ofs_x = -1, .ofs_y = 0},
    {.bitmap_index = 56018, .adv_w = 474, .box_w = 30, .box_h = 13, .ofs_x = 0, .ofs_y = -4},
    {.bitmap_index = 56213, .adv_w = 423, .box_w = 27, .box_h = 13, .ofs_x = 0, .ofs_y = -4},
    {.bitmap_index = 56389, .adv_w = 397, .box_w = 25, .box_h = 9, .ofs_x = -1, .ofs_y = 0},
    {.bitmap_index = 56502, .adv_w = 414, .box_w = 26, .box_h = 14, .ofs_x = 0, .ofs_y = -5},
    {.bitmap_index = 56684, .adv_w = 400, .box_w = 26, .box_h = 9, .ofs_x = -1, .ofs_y = 0},
    {.bitmap_index = 56801, .adv_w = 408, .box_w = 26, .box_h = 9, .ofs_x = -1, .ofs_y = 0},
    {.bitmap_index = 56918, .adv_w = 482, .box_w = 31, .box_h = 15, .ofs_x = 0, .ofs_y = -6},
    {.bitmap_index = 57151, .adv_w = 368, .box_w = 24, .box_h = 11, .ofs_x = 0, .ofs_y = -4},
    {.bitmap_index = 57283, .adv_w = 376, .box_w = 24, .box_h = 11, .ofs_x = 0, .ofs_y = -4},
    {.bitmap_index = 57415, .adv_w = 350, .box_w = 23, .box_h = 7, .ofs_x = -1, .ofs_y = 0},
    {.bitmap_index = 57496, .adv_w = 428, .box_w = 27, .box_h = 11, .ofs_x = 0, .ofs_y = -4},
    {.bitmap_index = 57645, .adv_w = 376, .box_w = 24, .box_h = 13, .ofs_x = 0, .ofs_y = -4},
    {.bitmap_index = 57801, .adv_w = 428, .box_w = 27, .box_h = 15, .ofs_x = 0, .ofs_y = -6},
    {.bitmap_index = 58004, .adv_w = 428, .box_w = 27, .box_h = 13, .ofs_x = 0, .ofs_y = -4},
    {.bitmap_index = 58180, .adv_w = 379, .box_w = 24, .box_h = 13, .ofs_x = 0, .ofs_y = -4},
    {.bitmap_index = 58336, .adv_w = 357, .box_w = 23, .box_h = 9, .ofs_x = -1, .ofs_y = 0},
    {.bitmap_index = 58440, .adv_w = 370, .box_w = 24, .box_h = 14, .ofs_x = 0, .ofs_y = -5},
    {.bitmap_index = 58608, .adv_w = 386, .box_w = 25, .box_h = 13, .ofs_x = 0, .ofs_y = -4},
    {.bitmap_index = 58771, .adv_w = 325, .box_w = 21, .box_h = 13, .ofs_x = 0, .ofs_y = -4},
    {.bitmap_index = 58908, .adv_w = 377, .box_w = 24, .box_h = 15, .ofs_x = 0, .ofs_y = -6},
    {.bitmap_index = 59088, .adv_w = 377, .box_w = 24, .box_h = 13, .ofs_x = 0, .ofs_y = -4},
    {.bitmap_index = 59244, .adv_w = 297, .box_w = 19, .box_h = 12, .ofs_x = -1, .ofs_y = -3},
    {.bitmap_index = 59358, .adv_w = 309, .box_w = 20, .box_h = 14, .ofs_x = 0, .ofs_y = -5},
    {.bitmap_index = 59498, .adv_w = 325, .box_w = 21, .box_h = 13, .ofs_x = 0, .ofs_y = -4},
    {.bitmap_index = 59635, .adv_w = 304, .box_w = 19, .box_h = 9, .ofs_x = -1, .ofs_y = 0},
    {.bitmap_index = 59721, .adv_w = 316, .box_w = 20, .box_h = 14, .ofs_x = 0, .ofs_y = -5},
    {.bitmap_index = 59861, .adv_w = 304, .box_w = 19, .box_h = 9, .ofs_x = -1, .ofs_y = 0},
    {.bitmap_index = 59947, .adv_w = 346, .box_w = 22, .box_h = 10, .ofs_x = -1, .ofs_y = -3},
    {.bitmap_index = 60057, .adv_w = 354, .box_w = 23, .box_h = 7, .ofs_x = -1, .ofs_y = 0},
    {.bitmap_index = 60138, .adv_w = 427, .box_w = 27, .box_h = 13, .ofs_x = 0, .ofs_y = -6},
    {.bitmap_index = 60314, .adv_w = 346, .box_w = 22, .box_h = 10, .ofs_x = -1, .ofs_y = -3},
    {.bitmap_index = 60424, .adv_w = 354, .box_w = 23, .box_h = 10, .ofs_x = -1, .ofs_y = -3},
    {.bitmap_index = 60539, .adv_w = 346, .box_w = 22, .box_h = 12, .ofs_x = -1, .ofs_y = -3},
    {.bitmap_index = 60671, .adv_w = 354, .box_w = 23, .box_h = 9, .ofs_x = -1, .ofs_y = 0},
    {.bitmap_index = 60775, .adv_w = 346, .box_w = 22, .box_h = 12, .ofs_x = -1, .ofs_y = -3},
    {.bitmap_index = 60907, .adv_w = 400, .box_w = 26, .box_h = 12, .ofs_x = -1, .ofs_y = -3},
    {.bitmap_index = 61063, .adv_w = 408, .box_w = 26, .box_h = 9, .ofs_x = -1, .ofs_y = 0},
    {.bitmap_index = 61180, .adv_w = 301, .box_w = 19, .box_h = 9, .ofs_x = -1, .ofs_y = 0},
    {.bitmap_index = 61266, .adv_w = 377, .box_w = 24, .box_h = 13, .ofs_x = 0, .ofs_y = -4},
    {.bitmap_index = 61422, .adv_w = 325, .box_w = 21, .box_h = 13, .ofs_x = 0, .ofs_y = -4},
    {.bitmap_index = 61559, .adv_w = 301, .box_w = 19, .box_h = 12, .ofs_x = -1, .ofs_y = -3},
    {.bitmap_index = 61673, .adv_w = 377, .box_w = 24, .box_h = 13, .ofs_x = 0, .ofs_y = -4},
    {.bitmap_index = 61829, .adv_w = 385, .box_w = 25, .box_h = 15, .ofs_x = 0, .ofs_y = -6},
    {.bitmap_index = 62017, .adv_w = 385, .box_w = 25, .box_h = 13, .ofs_x = 0, .ofs_y = -4},
    {.bitmap_index = 62180, .adv_w = 343, .box_w = 22, .box_h = 11, .ofs_x = 0, .ofs_y = -4},
    {.bitmap_index = 62301, .adv_w = 320, .box_w = 21, .box_h = 10, .ofs_x = -1, .ofs_y = -3},
    {.bitmap_index = 62406, .adv_w = 377, .box_w = 24, .box_h = 15, .ofs_x = 0, .ofs_y = -6},
    {.bitmap_index = 62586, .adv_w = 387, .box_w = 25, .box_h = 15, .ofs_x = 0, .ofs_y = -6},
    {.bitmap_index = 62774, .adv_w = 387, .box_w = 25, .box_h = 13, .ofs_x = 0, .ofs_y = -4},
    {.bitmap_index = 62937, .adv_w = 387, .box_w = 25, .box_h = 15, .ofs_x = 0, .ofs_y = -6},
    {.bitmap_index = 63125, .adv_w = 387, .box_w = 25, .box_h = 13, .ofs_x = 0, .ofs_y = -4},
    {.bitmap_index = 63288, .adv_w = 395, .box_w = 25, .box_h = 15, .ofs_x = 0, .ofs_y = -6},
    {.bitmap_index = 63476, .adv_w = 395, .box_w = 25, .box_h = 13, .ofs_x = 0, .ofs_y = -4},
    {.bitmap_index = 63639, .adv_w = 427, .box_w = 27, .box_h = 13, .ofs_x = 0, .ofs_y = -6},
    {.bitmap_index = 63815, .adv_w = 420, .box_w = 26, .box_h = 11, .ofs_x = 0, .ofs_y = -4},
    {.bitmap_index = 63958, .adv_w = 427, .box_w = 27, .box_h = 11, .ofs_x = 0, .ofs_y = -4},
    {.bitmap_index = 64107, .adv_w = 497, .box_w = 32, .box_h = 13, .ofs_x = 0, .ofs_y = -4},
    {.bitmap_index = 64315, .adv_w = 474, .box_w = 30, .box_h = 12, .ofs_x = 0, .ofs_y = -6},
    {.bitmap_index = 64495, .adv_w = 497, .box_w = 32, .box_h = 15, .ofs_x = 0, .ofs_y = -6},
    {.bitmap_index = 64735, .adv_w = 474, .box_w = 30, .box_h = 15, .ofs_x = 0, .ofs_y = -6},
    {.bitmap_index = 64960, .adv_w = 377, .box_w = 24, .box_h = 15, .ofs_x = 0, .ofs_y = -6},
    {.bitmap_index = 65140, .adv_w = 385, .box_w = 25, .box_h = 15, .ofs_x = 0, .ofs_y = -6},
    {.bitmap_index = 65328, .adv_w = 387, .box_w = 25, .box_h = 12, .ofs_x = 0, .ofs_y = -6},
    {.bitmap_index = 65478, .adv_w = 387, .box_w = 25, .box_h = 12, .ofs_x = 0, .ofs_y = -6},
    {.bitmap_index = 65628, .adv_w = 395, .box_w = 25, .box_h = 13, .ofs_x = 0, .ofs_y = -6},
    {.bitmap_index = 65791, .adv_w = 435, .box_w = 28, .box_h = 13, .ofs_x = 0, .ofs_y = -6},
    {.bitmap_index = 65973, .adv_w = 438, .box_w = 28, .box_h = 15, .ofs_x = 0, .ofs_y = -6},
    {.bitmap_index = 66183, .adv_w = 377, .box_w = 24, .box_h = 15, .ofs_x = 0, .ofs_y = -6},
    {.bitmap_index = 66363, .adv_w = 357, .box_w = 23, .box_h = 9, .ofs_x = -1, .ofs_y = 0},
    {.bitmap_index = 66467, .adv_w = 304, .box_w = 19, .box_h = 9, .ofs_x = -1, .ofs_y = 0},
    {.bitmap_index = 66553, .adv_w = 428, .box_w = 27, .box_h = 13, .ofs_x = 0, .ofs_y = -6},
    {.bitmap_index = 66729, .adv_w = 437, .box_w = 28, .box_h = 16, .ofs_x = 0, .ofs_y = -6},
    {.bitmap_index = 66953, .adv_w = 294, .box_w = 19, .box_h = 12, .ofs_x = -1, .ofs_y = -3},
    {.bitmap_index = 67067, .adv_w = 427, .box_w = 27, .box_h = 15, .ofs_x = 0, .ofs_y = -6},
    {.bitmap_index = 67270, .adv_w = 304, .box_w = 19, .box_h = 12, .ofs_x = -1, .ofs_y = -3},
    {.bitmap_index = 67384, .adv_w = 386, .box_w = 25, .box_h = 14, .ofs_x = 0, .ofs_y = -4},
    {.bitmap_index = 67559, .adv_w = 325, .box_w = 21, .box_h = 13, .ofs_x = 0, .ofs_y = -4},
    {.bitmap_index = 67696, .adv_w = 309, .box_w = 20, .box_h = 14, .ofs_x = 0, .ofs_y = -5},
    {.bitmap_index = 67836, .adv_w = 420, .box_w = 27, .box_h = 13, .ofs_x = 0, .ofs_y = -6},
    {.bitmap_index = 68012, .adv_w = 420, .box_w = 27, .box_h = 13, .ofs_x = 0, .ofs_y = -6},
    {.bitmap_index = 68188, .adv_w = 427, .box_w = 27, .box_h = 13, .ofs_x = 0, .ofs_y = -6},
    {.bitmap_index = 68364, .adv_w = 438, .box_w = 28, .box_h = 15, .ofs_x = 0, .ofs_y = -6},
    {.bitmap_index = 68574, .adv_w = 377, .box_w = 24, .box_h = 12, .ofs_x = 0, .ofs_y = -6},
    {.bitmap_index = 68718, .adv_w = 360, .box_w = 23, .box_h = 10, .ofs_x = -1, .ofs_y = 0},
    {.bitmap_index = 68833, .adv_w = 343, .box_w = 22, .box_h = 10, .ofs_x = -1, .ofs_y = -3},
    {.bitmap_index = 68943, .adv_w = 404, .box_w = 26, .box_h = 6, .ofs_x = -1, .ofs_y = 0},
    {.bitmap_index = 69021, .adv_w = 497, .box_w = 32, .box_h = 15, .ofs_x = 0, .ofs_y = -6},
    {.bitmap_index = 69261, .adv_w = 377, .box_w = 24, .box_h = 15, .ofs_x = 0, .ofs_y = -6},
    {.bitmap_index = 69441, .adv_w = 244, .box_w = 15, .box_h = 10, .ofs_x = 0, .ofs_y = -2},
    {.bitmap_index = 69516, .adv_w = 312, .box_w = 19, .box_h = 13, .ofs_x = 0, .ofs_y = -4},
    {.bitmap_index = 69640, .adv_w = 272, .box_w = 16, .box_h = 13, .ofs_x = 0, .ofs_y = -4},
    {.bitmap_index = 69744, .adv_w = 302, .box_w = 18, .box_h = 13, .ofs_x = 0, .ofs_y = 0},
    {.bitmap_index = 69861, .adv_w = 334, .box_w = 22, .box_h = 16, .ofs_x = -1, .ofs_y = -4},
    {.bitmap_index = 70037, .adv_w = 474, .box_w = 29, .box_h = 12, .ofs_x = 0, .ofs_y = 0},
    {.bitmap_index = 70211, .adv_w = 486, .box_w = 30, .box_h = 13, .ofs_x = 0, .ofs_y = -4},
    {.bitmap_index = 70406, .adv_w = 525, .box_w = 32, .box_h = 13, .ofs_x = 0, .ofs_y = -4},
    {.bitmap_index = 70614, .adv_w = 382, .box_w = 24, .box_h = 12, .ofs_x = 0, .ofs_y = -3},
    {.bitmap_index = 70758, .adv_w = 512, .box_w = 31, .box_h = 13, .ofs_x = 0, .ofs_y = -4},
    {.bitmap_index = 70960, .adv_w = 422, .box_w = 26, .box_h = 13, .ofs_x = 0, .ofs_y = -4},
    {.bitmap_index = 71129, .adv_w = 234, .box_w = 15, .box_h = 14, .ofs_x = 0, .ofs_y = -3},
    {.bitmap_index = 71234, .adv_w = 211, .box_w = 13, .box_h = 11, .ofs_x = 0, .ofs_y = -1},
    {.bitmap_index = 71306, .adv_w = 338, .box_w = 21, .box_h = 13, .ofs_x = 0, .ofs_y = -4},
    {.bitmap_index = 71443, .adv_w = 2086, .box_w = 130, .box_h = 15, .ofs_x = 0, .ofs_y = -4},
    {.bitmap_index = 72418, .adv_w = 276, .box_w = 17, .box_h = 11, .ofs_x = 0, .ofs_y = -2},
    {.bitmap_index = 72512, .adv_w = 176, .box_w = 11, .box_h = 10, .ofs_x = 0, .ofs_y = -2},
    {.bitmap_index = 72567, .adv_w = 45, .box_w = 3, .box_h = 4, .ofs_x = 0, .ofs_y = 9},
    {.bitmap_index = 72573, .adv_w = 58, .box_w = 5, .box_h = 8, .ofs_x = -1, .ofs_y = 0},
    {.bitmap_index = 72593, .adv_w = 70, .box_w = 5, .box_h = 3, .ofs_x = 0, .ofs_y = 9},
    {.bitmap_index = 72601, .adv_w = 70, .box_w = 5, .box_h = 7, .ofs_x = 0, .ofs_y = -4},
    {.bitmap_index = 72619, .adv_w = 45, .box_w = 3, .box_h = 4, .ofs_x = 0, .ofs_y = -5},
    {.bitmap_index = 72625, .adv_w = 55, .box_w = 4, .box_h = 3, .ofs_x = 1, .ofs_y = 9},
    {.bitmap_index = 72631, .adv_w = 58, .box_w = 5, .box_h = 7, .ofs_x = -1, .ofs_y = 0},
    {.bitmap_index = 72649, .adv_w = 67, .box_w = 4, .box_h = 3, .ofs_x = 2, .ofs_y = 9},
    {.bitmap_index = 72655, .adv_w = 58, .box_w = 5, .box_h = 8, .ofs_x = -1, .ofs_y = 0},
    {.bitmap_index = 72675, .adv_w = 52, .box_w = 3, .box_h = 3, .ofs_x = 1, .ofs_y = -4},
    {.bitmap_index = 72680, .adv_w = 58, .box_w = 5, .box_h = 5, .ofs_x = -1, .ofs_y = -3},
    {.bitmap_index = 72693, .adv_w = 63, .box_w = 4, .box_h = 3, .ofs_x = 0, .ofs_y = 10},
    {.bitmap_index = 72699, .adv_w = 58, .box_w = 6, .box_h = 7, .ofs_x = -1, .ofs_y = 0},
    {.bitmap_index = 72720, .adv_w = 42, .box_w = 3, .box_h = 3, .ofs_x = 0, .ofs_y = 10},
    {.bitmap_index = 72725, .adv_w = 58, .box_w = 5, .box_h = 8, .ofs_x = -1, .ofs_y = 0},
    {.bitmap_index = 72745, .adv_w = 99, .box_w = 6, .box_h = 6, .ofs_x = 0, .ofs_y = 0},
    {.bitmap_index = 72763, .adv_w = 63, .box_w = 5, .box_h = 11, .ofs_x = 0, .ofs_y = 0},
    {.bitmap_index = 72791, .adv_w = 67, .box_w = 6, .box_h = 12, .ofs_x = -1, .ofs_y = 0},
    {.bitmap_index = 72827, .adv_w = 63, .box_w = 4, .box_h = 12, .ofs_x = 0, .ofs_y = 0},
    {.bitmap_index = 72851, .adv_w = 67, .box_w = 5, .box_h = 13, .ofs_x = 0, .ofs_y = 0},
    {.bitmap_index = 72884, .adv_w = 116, .box_w = 7, .box_h = 14, .ofs_x = 0, .ofs_y = -4},
    {.bitmap_index = 72933, .adv_w = 120, .box_w = 8, .box_h = 14, .ofs_x = 0, .ofs_y = -4},
    {.bitmap_index = 72989, .adv_w = 63, .box_w = 4, .box_h = 13, .ofs_x = 0, .ofs_y = -4},
    {.bitmap_index = 73015, .adv_w = 67, .box_w = 5, .box_h = 13, .ofs_x = 0, .ofs_y = -4},
    {.bitmap_index = 73048, .adv_w = 167, .box_w = 10, .box_h = 11, .ofs_x = 0, .ofs_y = -4},
    {.bitmap_index = 73103, .adv_w = 190, .box_w = 13, .box_h = 11, .ofs_x = 0, .ofs_y = -4},
    {.bitmap_index = 73175, .adv_w = 65, .box_w = 5, .box_h = 10, .ofs_x = -1, .ofs_y = 0},
    {.bitmap_index = 73200, .adv_w = 72, .box_w = 6, .box_h = 10, .ofs_x = -1, .ofs_y = 0},
    {.bitmap_index = 73230, .adv_w = 63, .box_w = 2, .box_h = 9, .ofs_x = 1, .ofs_y = 0},
    {.bitmap_index = 73239, .adv_w = 67, .box_w = 4, .box_h = 9, .ofs_x = 1, .ofs_y = 0},
    {.bitmap_index = 73257, .adv_w = 161, .box_w = 10, .box_h = 9, .ofs_x = 0, .ofs_y = -3},
    {.bitmap_index = 73302, .adv_w = 169, .box_w = 11, .box_h = 9, .ofs_x = 0, .ofs_y = -3},
    {.bitmap_index = 73352, .adv_w = 65, .box_w = 5, .box_h = 9, .ofs_x = -1, .ofs_y = -3},
    {.bitmap_index = 73375, .adv_w = 72, .box_w = 6, .box_h = 9, .ofs_x = -1, .ofs_y = -3},
    {.bitmap_index = 73402, .adv_w = 119, .box_w = 7, .box_h = 9, .ofs_x = 0, .ofs_y = 0},
    {.bitmap_index = 73434, .adv_w = 122, .box_w = 8, .box_h = 10, .ofs_x = 0, .ofs_y = 0},
    {.bitmap_index = 73474, .adv_w = 161, .box_w = 10, .box_h = 8, .ofs_x = 0, .ofs_y = 0},
    {.bitmap_index = 73514, .adv_w = 169, .box_w = 11, .box_h = 7, .ofs_x = 0, .ofs_y = 0},
    {.bitmap_index = 73553, .adv_w = 65, .box_w = 5, .box_h = 9, .ofs_x = -1, .ofs_y = 0},
    {.bitmap_index = 73576, .adv_w = 82, .box_w = 7, .box_h = 9, .ofs_x = -1, .ofs_y = 0},
    {.bitmap_index = 73608, .adv_w = 161, .box_w = 10, .box_h = 9, .ofs_x = 0, .ofs_y = 0},
    {.bitmap_index = 73653, .adv_w = 169, .box_w = 11, .box_h = 9, .ofs_x = 0, .ofs_y = 0},
    {.bitmap_index = 73703, .adv_w = 65, .box_w = 5, .box_h = 11, .ofs_x = -1, .ofs_y = 0},
    {.bitmap_index = 73731, .adv_w = 82, .box_w = 7, .box_h = 12, .ofs_x = -1, .ofs_y = 0},
    {.bitmap_index = 73773, .adv_w = 129, .box_w = 8, .box_h = 11, .ofs_x = 0, .ofs_y = -4},
    {.bitmap_index = 73817, .adv_w = 122, .box_w = 8, .box_h = 12, .ofs_x = 0, .ofs_y = -5},
    {.bitmap_index = 73865, .adv_w = 116, .box_w = 8, .box_h = 10, .ofs_x = -1, .ofs_y = -3},
    {.bitmap_index = 73905, .adv_w = 115, .box_w = 9, .box_h = 10, .ofs_x = -1, .ofs_y = -3},
    {.bitmap_index = 73950, .adv_w = 129, .box_w = 8, .box_h = 12, .ofs_x = 0, .ofs_y = -5},
    {.bitmap_index = 73998, .adv_w = 122, .box_w = 8, .box_h = 12, .ofs_x = 0, .ofs_y = -5},
    {.bitmap_index = 74046, .adv_w = 116, .box_w = 8, .box_h = 7, .ofs_x = -1, .ofs_y = 0},
    {.bitmap_index = 74074, .adv_w = 115, .box_w = 9, .box_h = 7, .ofs_x = -1, .ofs_y = 0},
    {.bitmap_index = 74106, .adv_w = 129, .box_w = 8, .box_h = 14, .ofs_x = 0, .ofs_y = -5},
    {.bitmap_index = 74162, .adv_w = 122, .box_w = 8, .box_h = 14, .ofs_x = 0, .ofs_y = -5},
    {.bitmap_index = 74218, .adv_w = 116, .box_w = 8, .box_h = 9, .ofs_x = -1, .ofs_y = 0},
    {.bitmap_index = 74254, .adv_w = 115, .box_w = 9, .box_h = 9, .ofs_x = -1, .ofs_y = 0},
    {.bitmap_index = 74295, .adv_w = 109, .box_w = 7, .box_h = 7, .ofs_x = 0, .ofs_y = 0},
    {.bitmap_index = 74320, .adv_w = 120, .box_w = 8, .box_h = 7, .ofs_x = 0, .ofs_y = 0},
    {.bitmap_index = 74348, .adv_w = 109, .box_w = 7, .box_h = 10, .ofs_x = 0, .ofs_y = 0},
    {.bitmap_index = 74383, .adv_w = 120, .box_w = 8, .box_h = 10, .ofs_x = 0, .ofs_y = 0},
    {.bitmap_index = 74423, .adv_w = 77, .box_w = 5, .box_h = 10, .ofs_x = -1, .ofs_y = -4},
    {.bitmap_index = 74448, .adv_w = 84, .box_w = 7, .box_h = 10, .ofs_x = -1, .ofs_y = -4},
    {.bitmap_index = 74483, .adv_w = 77, .box_w = 5, .box_h = 13, .ofs_x = -1, .ofs_y = -4},
    {.bitmap_index = 74516, .adv_w = 84, .box_w = 7, .box_h = 13, .ofs_x = -1, .ofs_y = -4},
    {.bitmap_index = 74562, .adv_w = 260, .box_w = 16, .box_h = 10, .ofs_x = 0, .ofs_y = -4},
    {.bitmap_index = 74642, .adv_w = 268, .box_w = 17, .box_h = 10, .ofs_x = 0, .ofs_y = -4},
    {.bitmap_index = 74727, .adv_w = 185, .box_w = 12, .box_h = 6, .ofs_x = -1, .ofs_y = 0},
    {.bitmap_index = 74763, .adv_w = 193, .box_w = 14, .box_h = 6, .ofs_x = -1, .ofs_y = 0},
    {.bitmap_index = 74805, .adv_w = 260, .box_w = 16, .box_h = 13, .ofs_x = 0, .ofs_y = -4},
    {.bitmap_index = 74909, .adv_w = 268, .box_w = 17, .box_h = 13, .ofs_x = 0, .ofs_y = -4},
    {.bitmap_index = 75020, .adv_w = 185, .box_w = 12, .box_h = 9, .ofs_x = -1, .ofs_y = 0},
    {.bitmap_index = 75074, .adv_w = 193, .box_w = 14, .box_h = 9, .ofs_x = -1, .ofs_y = 0},
    {.bitmap_index = 75137, .adv_w = 237, .box_w = 14, .box_h = 10, .ofs_x = 0, .ofs_y = -4},
    {.bitmap_index = 75207, .adv_w = 247, .box_w = 16, .box_h = 10, .ofs_x = 0, .ofs_y = -4},
    {.bitmap_index = 75287, .adv_w = 160, .box_w = 11, .box_h = 6, .ofs_x = -1, .ofs_y = 0},
    {.bitmap_index = 75320, .adv_w = 169, .box_w = 12, .box_h = 6, .ofs_x = -1, .ofs_y = 0},
    {.bitmap_index = 75356, .adv_w = 237, .box_w = 14, .box_h = 13, .ofs_x = 0, .ofs_y = -4},
    {.bitmap_index = 75447, .adv_w = 247, .box_w = 16, .box_h = 13, .ofs_x = 0, .ofs_y = -4},
    {.bitmap_index = 75551, .adv_w = 160, .box_w = 11, .box_h = 9, .ofs_x = -1, .ofs_y = 0},
    {.bitmap_index = 75601, .adv_w = 169, .box_w = 12, .box_h = 9, .ofs_x = -1, .ofs_y = 0},
    {.bitmap_index = 75655, .adv_w = 161, .box_w = 10, .box_h = 9, .ofs_x = 0, .ofs_y = 0},
    {.bitmap_index = 75700, .adv_w = 170, .box_w = 11, .box_h = 9, .ofs_x = 0, .ofs_y = 0},
    {.bitmap_index = 75750, .adv_w = 163, .box_w = 11, .box_h = 9, .ofs_x = -1, .ofs_y = 0},
    {.bitmap_index = 75800, .adv_w = 169, .box_w = 12, .box_h = 9, .ofs_x = -1, .ofs_y = 0},
    {.bitmap_index = 75854, .adv_w = 161, .box_w = 10, .box_h = 9, .ofs_x = 0, .ofs_y = 0},
    {.bitmap_index = 75899, .adv_w = 170, .box_w = 11, .box_h = 9, .ofs_x = 0, .ofs_y = 0},
    {.bitmap_index = 75949, .adv_w = 163, .box_w = 11, .box_h = 9, .ofs_x = -1, .ofs_y = 0},
    {.bitmap_index = 75999, .adv_w = 169, .box_w = 12, .box_h = 9, .ofs_x = -1, .ofs_y = 0},
    {.bitmap_index = 76053, .adv_w = 110, .box_w = 7, .box_h = 12, .ofs_x = 0, .ofs_y = -5},
    {.bitmap_index = 76095, .adv_w = 120, .box_w = 8, .box_h = 12, .ofs_x = 0, .ofs_y = -5},
    {.bitmap_index = 76143, .adv_w = 106, .box_w = 8, .box_h = 7, .ofs_x = -1, .ofs_y = 0},
    {.bitmap_index = 76171, .adv_w = 115, .box_w = 9, .box_h = 7, .ofs_x = -1, .ofs_y = 0},
    {.bitmap_index = 76203, .adv_w = 110, .box_w = 7, .box_h = 14, .ofs_x = 0, .ofs_y = -5},
    {.bitmap_index = 76252, .adv_w = 120, .box_w = 8, .box_h = 14, .ofs_x = 0, .ofs_y = -5},
    {.bitmap_index = 76308, .adv_w = 106, .box_w = 8, .box_h = 9, .ofs_x = -1, .ofs_y = 0},
    {.bitmap_index = 76344, .adv_w = 115, .box_w = 9, .box_h = 9, .ofs_x = -1, .ofs_y = 0},
    {.bitmap_index = 76385, .adv_w = 202, .box_w = 12, .box_h = 9, .ofs_x = 0, .ofs_y = 0},
    {.bitmap_index = 76439, .adv_w = 208, .box_w = 14, .box_h = 9, .ofs_x = 0, .ofs_y = 0},
    {.bitmap_index = 76502, .adv_w = 120, .box_w = 8, .box_h = 9, .ofs_x = -1, .ofs_y = 0},
    {.bitmap_index = 76538, .adv_w = 126, .box_w = 9, .box_h = 9, .ofs_x = -1, .ofs_y = 0},
    {.bitmap_index = 76579, .adv_w = 179, .box_w = 11, .box_h = 13, .ofs_x = 0, .ofs_y = -4},
    {.bitmap_index = 76651, .adv_w = 185, .box_w = 12, .box_h = 13, .ofs_x = 0, .ofs_y = -4},
    {.bitmap_index = 76729, .adv_w = 120, .box_w = 8, .box_h = 9, .ofs_x = -1, .ofs_y = 0},
    {.bitmap_index = 76765, .adv_w = 126, .box_w = 9, .box_h = 9, .ofs_x = -1, .ofs_y = 0},
    {.bitmap_index = 76806, .adv_w = 164, .box_w = 10, .box_h = 9, .ofs_x = 0, .ofs_y = 0},
    {.bitmap_index = 76851, .adv_w = 169, .box_w = 11, .box_h = 9, .ofs_x = 0, .ofs_y = 0},
    {.bitmap_index = 76901, .adv_w = 115, .box_w = 8, .box_h = 10, .ofs_x = -1, .ofs_y = 0},
    {.bitmap_index = 76941, .adv_w = 125, .box_w = 9, .box_h = 10, .ofs_x = -1, .ofs_y = 0},
    {.bitmap_index = 76986, .adv_w = 143, .box_w = 8, .box_h = 13, .ofs_x = 0, .ofs_y = -4},
    {.bitmap_index = 77038, .adv_w = 147, .box_w = 10, .box_h = 13, .ofs_x = 0, .ofs_y = -4},
    {.bitmap_index = 77103, .adv_w = 67, .box_w = 5, .box_h = 9, .ofs_x = -1, .ofs_y = 0},
    {.bitmap_index = 77126, .adv_w = 72, .box_w = 6, .box_h = 9, .ofs_x = -1, .ofs_y = 0},
    {.bitmap_index = 77153, .adv_w = 133, .box_w = 8, .box_h = 11, .ofs_x = 0, .ofs_y = -4},
    {.bitmap_index = 77197, .adv_w = 139, .box_w = 9, .box_h = 11, .ofs_x = 0, .ofs_y = -4},
    {.bitmap_index = 77247, .adv_w = 117, .box_w = 8, .box_h = 7, .ofs_x = -1, .ofs_y = 0},
    {.bitmap_index = 77275, .adv_w = 122, .box_w = 9, .box_h = 7, .ofs_x = -1, .ofs_y = 0},
    {.bitmap_index = 77307, .adv_w = 140, .box_w = 8, .box_h = 11, .ofs_x = 0, .ofs_y = -4},
    {.bitmap_index = 77351, .adv_w = 147, .box_w = 10, .box_h = 12, .ofs_x = 0, .ofs_y = -4},
    {.bitmap_index = 77411, .adv_w = 65, .box_w = 5, .box_h = 9, .ofs_x = -1, .ofs_y = 0},
    {.bitmap_index = 77434, .adv_w = 72, .box_w = 6, .box_h = 9, .ofs_x = -1, .ofs_y = 0},
    {.bitmap_index = 77461, .adv_w = 119, .box_w = 7, .box_h = 7, .ofs_x = 0, .ofs_y = 0},
    {.bitmap_index = 77486, .adv_w = 122, .box_w = 8, .box_h = 7, .ofs_x = 0, .ofs_y = 0},
    {.bitmap_index = 77514, .adv_w = 163, .box_w = 11, .box_h = 9, .ofs_x = -1, .ofs_y = 0},
    {.bitmap_index = 77564, .adv_w = 172, .box_w = 12, .box_h = 9, .ofs_x = -1, .ofs_y = 0},
    {.bitmap_index = 77618, .adv_w = 116, .box_w = 7, .box_h = 11, .ofs_x = 0, .ofs_y = -4},
    {.bitmap_index = 77657, .adv_w = 120, .box_w = 8, .box_h = 11, .ofs_x = 0, .ofs_y = -4},
    {.bitmap_index = 77701, .adv_w = 167, .box_w = 10, .box_h = 11, .ofs_x = 0, .ofs_y = -4},
    {.bitmap_index = 77756, .adv_w = 190, .box_w = 13, .box_h = 9, .ofs_x = 0, .ofs_y = -4},
    {.bitmap_index = 77815, .adv_w = 167, .box_w = 10, .box_h = 12, .ofs_x = 0, .ofs_y = -6},
    {.bitmap_index = 77875, .adv_w = 190, .box_w = 13, .box_h = 11, .ofs_x = 0, .ofs_y = -6},
    {.bitmap_index = 77947, .adv_w = 76, .box_w = 5, .box_h = 9, .ofs_x = -1, .ofs_y = -3},
    {.bitmap_index = 77970, .adv_w = 82, .box_w = 7, .box_h = 9, .ofs_x = -1, .ofs_y = -3},
    {.bitmap_index = 78002, .adv_w = 135, .box_w = 8, .box_h = 10, .ofs_x = 0, .ofs_y = 0},
    {.bitmap_index = 78042, .adv_w = 141, .box_w = 9, .box_h = 10, .ofs_x = 0, .ofs_y = 0},
    {.bitmap_index = 78087, .adv_w = 135, .box_w = 8, .box_h = 11, .ofs_x = 0, .ofs_y = 0},
    {.bitmap_index = 78131, .adv_w = 141, .box_w = 9, .box_h = 11, .ofs_x = 0, .ofs_y = 0},
    {.bitmap_index = 78181, .adv_w = 135, .box_w = 8, .box_h = 13, .ofs_x = 0, .ofs_y = -4},
    {.bitmap_index = 78233, .adv_w = 141, .box_w = 9, .box_h = 13, .ofs_x = 0, .ofs_y = -4},
    {.bitmap_index = 78292, .adv_w = 135, .box_w = 8, .box_h = 9, .ofs_x = 0, .ofs_y = 0},
    {.bitmap_index = 78328, .adv_w = 141, .box_w = 9, .box_h = 9, .ofs_x = 0, .ofs_y = 0},
    {.bitmap_index = 78369, .adv_w = 0, .box_w = 0, .box_h = 0, .ofs_x = 0, .ofs_y = 0}
};

/*---------------------
 *  CHARACTER MAPPING
 *--------------------*/

static const uint16_t unicode_list_2[] = {
    0x0, 0x2, 0x3, 0x4, 0x5, 0x6, 0xa, 0xb,
    0xf, 0x10, 0x11, 0x13, 0x14, 0x15, 0x19, 0x1d,
    0x26, 0x30, 0x31, 0x46
};

/*Collect the unicode lists and glyph_id offsets*/
static const lv_font_fmt_txt_cmap_t cmaps[] =
{
    {
        .range_start = 32, .range_length = 95, .glyph_id_start = 1,
        .unicode_list = NULL, .glyph_id_ofs_list = NULL, .list_length = 0, .type = LV_FONT_FMT_TXT_CMAP_FORMAT0_TINY
    },
    {
        .range_start = 1536, .range_length = 256, .glyph_id_start = 96,
        .unicode_list = NULL, .glyph_id_ofs_list = NULL, .list_length = 0, .type = LV_FONT_FMT_TXT_CMAP_FORMAT0_TINY
    },
    {
        .range_start = 8201, .range_length = 71, .glyph_id_start = 352,
        .unicode_list = unicode_list_2, .glyph_id_ofs_list = NULL, .list_length = 20, .type = LV_FONT_FMT_TXT_CMAP_SPARSE_TINY
    },
    {
        .range_start = 64336, .range_length = 115, .glyph_id_start = 372,
        .unicode_list = NULL, .glyph_id_ofs_list = NULL, .list_length = 0, .type = LV_FONT_FMT_TXT_CMAP_FORMAT0_TINY
    },
    {
        .range_start = 64467, .range_length = 189, .glyph_id_start = 487,
        .unicode_list = NULL, .glyph_id_ofs_list = NULL, .list_length = 0, .type = LV_FONT_FMT_TXT_CMAP_FORMAT0_TINY
    },
    {
        .range_start = 64656, .range_length = 256, .glyph_id_start = 676,
        .unicode_list = NULL, .glyph_id_ofs_list = NULL, .list_length = 0, .type = LV_FONT_FMT_TXT_CMAP_FORMAT0_TINY
    },
    {
        .range_start = 64914, .range_length = 54, .glyph_id_start = 932,
        .unicode_list = NULL, .glyph_id_ofs_list = NULL, .list_length = 0, .type = LV_FONT_FMT_TXT_CMAP_FORMAT0_TINY
    },
    {
        .range_start = 64975, .range_length = 1, .glyph_id_start = 986,
        .unicode_list = NULL, .glyph_id_ofs_list = NULL, .list_length = 0, .type = LV_FONT_FMT_TXT_CMAP_FORMAT0_TINY
    },
    {
        .range_start = 65008, .range_length = 16, .glyph_id_start = 987,
        .unicode_list = NULL, .glyph_id_ofs_list = NULL, .list_length = 0, .type = LV_FONT_FMT_TXT_CMAP_FORMAT0_TINY
    },
    {
        .range_start = 65136, .range_length = 5, .glyph_id_start = 1003,
        .unicode_list = NULL, .glyph_id_ofs_list = NULL, .list_length = 0, .type = LV_FONT_FMT_TXT_CMAP_FORMAT0_TINY
    },
    {
        .range_start = 65142, .range_length = 135, .glyph_id_start = 1008,
        .unicode_list = NULL, .glyph_id_ofs_list = NULL, .list_length = 0, .type = LV_FONT_FMT_TXT_CMAP_FORMAT0_TINY
    },
    {
        .range_start = 65279, .range_length = 1, .glyph_id_start = 1143,
        .unicode_list = NULL, .glyph_id_ofs_list = NULL, .list_length = 0, .type = LV_FONT_FMT_TXT_CMAP_FORMAT0_TINY
    }
};

/*-----------------
 *    KERNING
 *----------------*/


/*Pair left and right glyphs for kerning*/
static const uint16_t kern_pair_glyph_ids[] =
{
    3, 34,
    3, 53,
    3, 55,
    3, 56,
    3, 58,
    3, 66,
    3, 68,
    3, 69,
    3, 70,
    3, 72,
    3, 78,
    3, 79,
    3, 80,
    3, 81,
    3, 82,
    3, 83,
    3, 84,
    3, 86,
    7, 53,
    7, 55,
    7, 56,
    7, 58,
    8, 34,
    8, 53,
    8, 55,
    8, 56,
    8, 58,
    8, 66,
    8, 68,
    8, 69,
    8, 70,
    8, 72,
    8, 78,
    8, 79,
    8, 80,
    8, 81,
    8, 82,
    8, 83,
    8, 84,
    8, 86,
    9, 43,
    9, 75,
    13, 36,
    13, 40,
    13, 48,
    13, 50,
    13, 53,
    13, 54,
    13, 55,
    13, 56,
    13, 58,
    14, 53,
    15, 36,
    15, 40,
    15, 48,
    15, 50,
    15, 53,
    15, 54,
    15, 55,
    15, 56,
    15, 58,
    34, 3,
    34, 8,
    34, 36,
    34, 40,
    34, 43,
    34, 48,
    34, 50,
    34, 53,
    34, 55,
    34, 56,
    34, 58,
    34, 361,
    34, 364,
    35, 13,
    35, 15,
    35, 362,
    35, 365,
    35, 367,
    36, 36,
    36, 40,
    36, 48,
    36, 50,
    36, 369,
    37, 13,
    37, 15,
    37, 34,
    37, 53,
    37, 55,
    37, 56,
    37, 57,
    37, 58,
    37, 59,
    37, 362,
    37, 365,
    37, 367,
    38, 43,
    39, 10,
    39, 13,
    39, 15,
    39, 32,
    39, 34,
    39, 62,
    39, 94,
    39, 362,
    39, 365,
    39, 367,
    44, 36,
    44, 40,
    44, 48,
    44, 50,
    44, 369,
    45, 3,
    45, 8,
    45, 36,
    45, 40,
    45, 48,
    45, 50,
    45, 53,
    45, 54,
    45, 55,
    45, 56,
    45, 58,
    45, 361,
    45, 364,
    48, 13,
    48, 15,
    48, 34,
    48, 53,
    48, 55,
    48, 56,
    48, 57,
    48, 58,
    48, 59,
    48, 362,
    48, 365,
    48, 367,
    49, 7,
    49, 13,
    49, 15,
    49, 34,
    49, 57,
    49, 59,
    49, 362,
    49, 365,
    49, 367,
    49, 369,
    50, 13,
    50, 15,
    50, 34,
    50, 53,
    50, 55,
    50, 56,
    50, 57,
    50, 58,
    50, 59,
    50, 362,
    50, 365,
    50, 367,
    51, 369,
    53, 7,
    53, 13,
    53, 14,
    53, 15,
    53, 32,
    53, 34,
    53, 36,
    53, 40,
    53, 48,
    53, 50,
    53, 53,
    53, 66,
    53, 68,
    53, 69,
    53, 70,
    53, 72,
    53, 78,
    53, 79,
    53, 80,
    53, 81,
    53, 82,
    53, 83,
    53, 84,
    53, 86,
    53, 87,
    53, 88,
    53, 89,
    53, 90,
    53, 91,
    53, 358,
    53, 359,
    53, 362,
    53, 365,
    53, 367,
    53, 369,
    53, 370,
    54, 13,
    54, 15,
    54, 34,
    54, 362,
    54, 365,
    54, 367,
    55, 13,
    55, 15,
    55, 32,
    55, 34,
    55, 36,
    55, 40,
    55, 48,
    55, 50,
    55, 66,
    55, 68,
    55, 69,
    55, 70,
    55, 72,
    55, 78,
    55, 79,
    55, 80,
    55, 81,
    55, 82,
    55, 83,
    55, 84,
    55, 86,
    55, 362,
    55, 365,
    55, 367,
    55, 369,
    55, 370,
    56, 13,
    56, 15,
    56, 32,
    56, 34,
    56, 36,
    56, 40,
    56, 48,
    56, 50,
    56, 66,
    56, 68,
    56, 69,
    56, 70,
    56, 72,
    56, 78,
    56, 79,
    56, 80,
    56, 81,
    56, 82,
    56, 83,
    56, 84,
    56, 86,
    56, 362,
    56, 365,
    56, 367,
    56, 369,
    56, 370,
    57, 36,
    57, 40,
    57, 48,
    57, 50,
    57, 369,
    58, 7,
    58, 13,
    58, 15,
    58, 32,
    58, 34,
    58, 36,
    58, 40,
    58, 48,
    58, 50,
    58, 66,
    58, 68,
    58, 69,
    58, 70,
    58, 72,
    58, 78,
    58, 79,
    58, 80,
    58, 81,
    58, 82,
    58, 83,
    58, 84,
    58, 86,
    58, 91,
    58, 362,
    58, 365,
    58, 367,
    58, 369,
    58, 370,
    59, 36,
    59, 40,
    59, 48,
    59, 50,
    59, 369,
    60, 43,
    60, 75,
    64, 43,
    66, 3,
    66, 8,
    66, 361,
    66, 364,
    67, 3,
    67, 8,
    67, 87,
    67, 88,
    67, 89,
    67, 90,
    67, 91,
    67, 361,
    67, 364,
    68, 3,
    68, 8,
    68, 361,
    68, 364,
    70, 3,
    70, 8,
    70, 87,
    70, 88,
    70, 89,
    70, 90,
    70, 91,
    70, 361,
    70, 364,
    71, 3,
    71, 8,
    71, 10,
    71, 13,
    71, 15,
    71, 62,
    71, 94,
    71, 361,
    71, 362,
    71, 364,
    71, 365,
    71, 367,
    73, 3,
    73, 8,
    73, 361,
    73, 364,
    78, 3,
    78, 8,
    78, 361,
    78, 364,
    79, 3,
    79, 8,
    79, 361,
    79, 364,
    80, 3,
    80, 8,
    80, 87,
    80, 88,
    80, 89,
    80, 90,
    80, 91,
    80, 361,
    80, 364,
    81, 3,
    81, 8,
    81, 87,
    81, 88,
    81, 89,
    81, 90,
    81, 91,
    81, 361,
    81, 364,
    83, 3,
    83, 8,
    83, 13,
    83, 15,
    83, 66,
    83, 68,
    83, 69,
    83, 70,
    83, 72,
    83, 80,
    83, 82,
    83, 361,
    83, 362,
    83, 364,
    83, 365,
    83, 367,
    85, 3,
    85, 8,
    85, 361,
    85, 364,
    87, 3,
    87, 8,
    87, 13,
    87, 15,
    87, 32,
    87, 361,
    87, 362,
    87, 364,
    87, 365,
    87, 367,
    88, 3,
    88, 8,
    88, 13,
    88, 15,
    88, 32,
    88, 361,
    88, 362,
    88, 364,
    88, 365,
    88, 367,
    89, 68,
    89, 69,
    89, 70,
    89, 80,
    89, 82,
    90, 3,
    90, 8,
    90, 13,
    90, 15,
    90, 32,
    90, 361,
    90, 362,
    90, 364,
    90, 365,
    90, 367,
    92, 43,
    92, 75,
    358, 53,
    359, 53,
    360, 34,
    360, 53,
    360, 55,
    360, 56,
    360, 58,
    360, 66,
    360, 68,
    360, 69,
    360, 70,
    360, 72,
    360, 78,
    360, 79,
    360, 80,
    360, 81,
    360, 82,
    360, 83,
    360, 84,
    360, 86,
    361, 34,
    361, 53,
    361, 55,
    361, 56,
    361, 58,
    361, 66,
    361, 68,
    361, 69,
    361, 70,
    361, 72,
    361, 78,
    361, 79,
    361, 80,
    361, 81,
    361, 82,
    361, 83,
    361, 84,
    361, 86,
    362, 36,
    362, 40,
    362, 48,
    362, 50,
    362, 53,
    362, 54,
    362, 55,
    362, 56,
    362, 58,
    363, 34,
    363, 53,
    363, 55,
    363, 56,
    363, 58,
    363, 66,
    363, 68,
    363, 69,
    363, 70,
    363, 72,
    363, 78,
    363, 79,
    363, 80,
    363, 81,
    363, 82,
    363, 83,
    363, 84,
    363, 86,
    364, 34,
    364, 53,
    364, 55,
    364, 56,
    364, 58,
    364, 66,
    364, 68,
    364, 69,
    364, 70,
    364, 72,
    364, 78,
    364, 79,
    364, 80,
    364, 81,
    364, 82,
    364, 83,
    364, 84,
    364, 86,
    365, 36,
    365, 40,
    365, 48,
    365, 50,
    365, 53,
    365, 54,
    365, 55,
    365, 56,
    365, 58,
    369, 53,
    369, 55,
    369, 56,
    369, 58,
    370, 53,
    370, 55,
    370, 56,
    370, 57,
    370, 58
};

/* Kerning between the respective left and right glyphs
 * 4.4 format which needs to scaled with `kern_scale`*/
static const int8_t kern_pair_values[] =
{
    -13, 4, 4, 4, 2, -8, -12, -12,
    -12, -6, -6, -6, -12, -6, -12, -6,
    -6, -6, -12, -4, -4, -6, -13, 4,
    4, 4, 2, -8, -12, -12, -12, -6,
    -6, -6, -12, -6, -12, -6, -6, -6,
    17, 8, -10, -10, -10, -10, -13, -4,
    -12, -12, -12, -8, -10, -10, -10, -10,
    -13, -4, -12, -12, -12, -13, -13, -4,
    -4, 10, -4, -4, -13, -8, -8, -12,
    -13, -13, -2, -2, -2, -2, -2, -4,
    -4, -4, -4, -4, -8, -8, -4, -6,
    -2, -2, -4, -2, -2, -8, -8, -8,
    12, 4, -12, -12, 4, -4, 4, 4,
    -12, -12, -12, -4, -4, -4, -4, -4,
    -15, -15, -4, -4, -4, -4, -4, -2,
    -4, -4, -6, -15, -15, -8, -8, -4,
    -6, -2, -2, -4, -2, -2, -8, -8,
    -8, -2, -25, -25, -10, -4, -2, -25,
    -25, -25, -4, -8, -8, -4, -6, -2,
    -2, -4, -2, -2, -8, -8, -8, -2,
    -4, -12, -8, -12, 4, -13, -4, -4,
    -4, -4, 4, -15, -13, -13, -13, -13,
    -10, -10, -13, -10, -13, -10, -12, -10,
    -4, -4, -4, -4, -8, -8, -8, -12,
    -12, -12, -12, -6, -4, -4, -2, -4,
    -4, -4, -10, -10, 4, -8, -2, -2,
    -2, -2, -4, -4, -4, -4, -2, -2,
    -2, -4, -2, -4, -2, -2, -2, -10,
    -10, -10, -6, -2, -10, -10, 4, -8,
    -2, -2, -2, -2, -4, -4, -4, -4,
    -2, -2, -2, -4, -2, -4, -2, -2,
    -2, -10, -10, -10, -6, -2, -4, -4,
    -4, -4, -4, -6, -12, -12, 4, -12,
    -4, -4, -4, -4, -10, -10, -10, -10,
    -10, -6, -6, -10, -6, -10, -6, -8,
    -6, -4, -12, -12, -12, -15, -6, -2,
    -2, -2, -2, -4, 17, 8, 18, -2,
    -2, -2, -2, -2, -2, -4, -4, -4,
    -4, -2, -2, -2, 4, 4, 4, 4,
    -2, -2, -4, -4, -4, -4, -2, -2,
    -2, 12, 12, 8, -4, -4, 8, 8,
    12, -4, 12, -4, -4, -2, -2, -2,
    -2, -2, -2, -2, -2, -2, -2, -2,
    -2, -2, -2, -4, -4, -4, -4, -2,
    -2, -2, -2, -2, -4, -4, -4, -4,
    -2, -2, -2, 8, 8, -31, -31, -4,
    -4, -4, -4, -2, -4, -4, 8, -31,
    8, -31, -31, 4, 4, 4, 4, 8,
    8, -8, -8, 4, 8, -8, 8, -8,
    -8, 8, 8, -8, -8, 4, 8, -8,
    8, -8, -8, -4, -4, -4, -4, -4,
    8, 8, -8, -8, 4, 8, -8, 8,
    -8, -8, 17, 8, -8, -8, -13, 4,
    4, 4, 2, -8, -12, -12, -12, -6,
    -6, -6, -12, -6, -12, -6, -6, -6,
    -13, 4, 4, 4, 2, -8, -12, -12,
    -12, -6, -6, -6, -12, -6, -12, -6,
    -6, -6, -10, -10, -10, -10, -13, -4,
    -12, -12, -12, -13, 4, 4, 4, 2,
    -8, -12, -12, -12, -6, -6, -6, -12,
    -6, -12, -6, -6, -6, -13, 4, 4,
    4, 2, -8, -12, -12, -12, -6, -6,
    -6, -12, -6, -12, -6, -6, -6, -10,
    -10, -10, -10, -13, -4, -12, -12, -12,
    -6, -2, -2, -6, -12, -6, -6, -4,
    -15
};

/*Collect the kern pair's data in one place*/
static const lv_font_fmt_txt_kern_pair_t kern_pairs =
{
    .glyph_ids = kern_pair_glyph_ids,
    .values = kern_pair_values,
    .pair_cnt = 521,
    .glyph_ids_size = 1
};

/*--------------------
 *  ALL CUSTOM DATA
 *--------------------*/

#if LVGL_VERSION_MAJOR == 8
/*Store all the custom data of the font*/
static  lv_font_fmt_txt_glyph_cache_t cache;
#endif

#if LVGL_VERSION_MAJOR >= 8
static const lv_font_fmt_txt_dsc_t font_dsc = {
#else
static lv_font_fmt_txt_dsc_t font_dsc = {
#endif
    .glyph_bitmap = glyph_bitmap,
    .glyph_dsc = glyph_dsc,
    .cmaps = cmaps,
    .kern_dsc = &kern_pairs,
    .kern_scale = 16,
    .cmap_num = 12,
    .bpp = 4,
    .kern_classes = 0,
    .bitmap_format = 0,
#if LVGL_VERSION_MAJOR == 8
    .cache = &cache
#endif
};



/*-----------------
 *  PUBLIC FONT
 *----------------*/

/*Initialize a public general font descriptor*/
#if LVGL_VERSION_MAJOR >= 8
const lv_font_t ui_font_arabic12 = {
#else
lv_font_t ui_font_arabic12 = {
#endif
    .get_glyph_dsc = lv_font_get_glyph_dsc_fmt_txt,    /*Function pointer to get glyph's data*/
    .get_glyph_bitmap = lv_font_get_bitmap_fmt_txt,    /*Function pointer to get glyph's bitmap*/
    .line_height = 27,          /*The maximum line height required by the font*/
    .base_line = 9,             /*Baseline measured from the bottom of the line*/
#if !(LVGL_VERSION_MAJOR == 6 && LVGL_VERSION_MINOR == 0)
    .subpx = LV_FONT_SUBPX_NONE,
#endif
#if LV_VERSION_CHECK(7, 4, 0) || LVGL_VERSION_MAJOR >= 8
    .underline_position = -1,
    .underline_thickness = 1,
#endif
    .dsc = &font_dsc,          /*The custom font data. Will be accessed by `get_glyph_bitmap/dsc` */
#if LV_VERSION_CHECK(8, 2, 0) || LVGL_VERSION_MAJOR >= 9
    .fallback = NULL,
#endif
    .user_data = NULL,
};



#endif /*#if UI_FONT_ARABIC12*/

