/*******************************************************************************
 * Size: 16 px
 * Bpp: 4
 * Opts: --bpp 4 --size 16 --font C:/Users/lenovo/Desktop/lvgl/squarline/assets/NotoKufiArabic-SemiBold.ttf -o C:/Users/lenovo/Desktop/lvgl/squarline/assets\ui_font_arabic1.c --format lvgl -r 0x0600-0x06FF -r 0xFB50-0xFDFF -r 0xFE70-0xFEFF -r 0x0020-0x007F -r 0x2000-0x206F --no-compress --no-prefilter
 ******************************************************************************/

#include "ui.h"

#ifndef UI_FONT_ARABIC1
#define UI_FONT_ARABIC1 1
#endif

#if UI_FONT_ARABIC1

/*-----------------
 *    BITMAPS
 *----------------*/

/*Store the image of the glyphs*/
static LV_ATTRIBUTE_LARGE_CONST const uint8_t glyph_bitmap[] = {
    /* U+0020 " " */

    /* U+0021 "!" */
    0xe, 0xf6, 0xd, 0xf5, 0xd, 0xf5, 0xc, 0xf4,
    0xb, 0xf3, 0xa, 0xf2, 0x9, 0xf1, 0x8, 0xf1,
    0x0, 0x0, 0x4, 0x71, 0xf, 0xf6, 0xb, 0xf3,

    /* U+0022 "\"" */
    0xef, 0xc, 0xf2, 0xdd, 0xa, 0xf0, 0xcc, 0x9,
    0xf0, 0xbb, 0x8, 0xe0, 0x22, 0x1, 0x20,

    /* U+0023 "#" */
    0x0, 0x3, 0xf4, 0xe, 0x90, 0x0, 0x6, 0xf2,
    0x1f, 0x60, 0x0, 0x9, 0xf0, 0x3f, 0x40, 0x2,
    0x2b, 0xd2, 0x7f, 0x31, 0x1f, 0xff, 0xff, 0xff,
    0xff, 0x5, 0x6f, 0x95, 0xec, 0x54, 0x12, 0x6f,
    0x42, 0xf8, 0x20, 0xaf, 0xff, 0xff, 0xff, 0xf6,
    0x35, 0xdd, 0x5a, 0xf5, 0x52, 0x0, 0xe9, 0xa,
    0xe0, 0x0, 0x1, 0xf7, 0xc, 0xb0, 0x0, 0x3,
    0xf4, 0xf, 0x80, 0x0,

    /* U+0024 "$" */
    0x0, 0x0, 0xf1, 0x0, 0x0, 0x5, 0x9f, 0xb9,
    0x40, 0xa, 0xff, 0xff, 0xff, 0x2, 0xff, 0x3f,
    0x23, 0x50, 0x2f, 0xe1, 0xf1, 0x0, 0x0, 0xcf,
    0xff, 0x40, 0x0, 0x0, 0x9f, 0xff, 0xc3, 0x0,
    0x0, 0x1f, 0xdf, 0xf2, 0x0, 0x0, 0xf1, 0xbf,
    0x62, 0x83, 0xf, 0x4d, 0xf5, 0x3f, 0xff, 0xff,
    0xfb, 0x0, 0x48, 0xaf, 0x95, 0x0, 0x0, 0x0,
    0xf1, 0x0, 0x0, 0x0, 0x4, 0x0, 0x0,

    /* U+0025 "%" */
    0x5, 0xef, 0x90, 0x0, 0xe, 0xc0, 0x0, 0x1f,
    0xda, 0xf6, 0x0, 0x7f, 0x30, 0x0, 0x5f, 0x60,
    0xfb, 0x0, 0xeb, 0x0, 0x0, 0x6f, 0x40, 0xec,
    0x8, 0xf2, 0x0, 0x0, 0x5f, 0x50, 0xfb, 0x1f,
    0xa0, 0x10, 0x0, 0x2f, 0xa5, 0xf8, 0x8f, 0x2c,
    0xff, 0x70, 0x8, 0xff, 0xe3, 0xf9, 0x7f, 0x8b,
    0xf2, 0x0, 0x24, 0x9, 0xf1, 0xaf, 0x5, 0xf6,
    0x0, 0x0, 0x2f, 0x80, 0xbf, 0x4, 0xf7, 0x0,
    0x0, 0xae, 0x10, 0xaf, 0x5, 0xf5, 0x0, 0x3,
    0xf7, 0x0, 0x5f, 0x8b, 0xf1, 0x0, 0xb, 0xe0,
    0x0, 0x9, 0xfe, 0x60,

    /* U+0026 "&" */
    0x0, 0x3c, 0xff, 0xb1, 0x0, 0x0, 0x0, 0xef,
    0xbc, 0xfb, 0x0, 0x0, 0x4, 0xfb, 0x0, 0xff,
    0x0, 0x0, 0x2, 0xfc, 0x3, 0xfd, 0x0, 0x0,
    0x0, 0xcf, 0x9e, 0xf5, 0x0, 0x0, 0x0, 0x5f,
    0xff, 0x50, 0x1, 0x10, 0x5, 0xff, 0xff, 0x50,
    0xe, 0xf2, 0x1f, 0xf6, 0x3f, 0xf5, 0x5f, 0xc0,
    0x4f, 0xe0, 0x3, 0xff, 0xef, 0x50, 0x3f, 0xf1,
    0x0, 0x5f, 0xfc, 0x0, 0xc, 0xfe, 0xab, 0xff,
    0xff, 0x60, 0x1, 0x9e, 0xff, 0xb5, 0x4f, 0xf6,

    /* U+0027 "'" */
    0xef, 0xdd, 0xcc, 0xbb, 0x22,

    /* U+0028 "(" */
    0x0, 0x6f, 0x60, 0x1f, 0xd0, 0x7, 0xf6, 0x0,
    0xdf, 0x0, 0x1f, 0xc0, 0x3, 0xf9, 0x0, 0x5f,
    0x80, 0x5, 0xf8, 0x0, 0x4f, 0x90, 0x2, 0xfb,
    0x0, 0xe, 0xf0, 0x0, 0x9f, 0x50, 0x2, 0xfb,
    0x0, 0x8, 0xf4, 0x0, 0x3, 0x20,

    /* U+0029 ")" */
    0x3f, 0x90, 0x0, 0x9f, 0x30, 0x2, 0xfb, 0x0,
    0xd, 0xf1, 0x0, 0x9f, 0x40, 0x6, 0xf7, 0x0,
    0x4f, 0x80, 0x4, 0xf9, 0x0, 0x5f, 0x70, 0x8,
    0xf5, 0x0, 0xcf, 0x20, 0x1f, 0xc0, 0x8, 0xf5,
    0x1, 0xfb, 0x0, 0x13, 0x10, 0x0,

    /* U+002A "*" */
    0x0, 0x8, 0xf3, 0x0, 0x0, 0x0, 0x6f, 0x20,
    0x0, 0x3a, 0x56, 0xf2, 0x6b, 0x6, 0xff, 0xff,
    0xff, 0xf2, 0x0, 0x3f, 0xfc, 0x10, 0x0, 0xa,
    0xf7, 0xf6, 0x0, 0x3, 0xfa, 0xe, 0xe0, 0x0,
    0x2, 0x20, 0x31, 0x0,

    /* U+002B "+" */
    0x0, 0x2, 0xe4, 0x0, 0x0, 0x0, 0x3f, 0x50,
    0x0, 0x0, 0x3, 0xf5, 0x0, 0x2, 0x88, 0xaf,
    0xb8, 0x83, 0x4f, 0xff, 0xff, 0xff, 0x60, 0x0,
    0x3f, 0x50, 0x0, 0x0, 0x3, 0xf5, 0x0, 0x0,
    0x0, 0x3f, 0x50, 0x0,

    /* U+002C "," */
    0xb, 0xf4, 0xe, 0xf0, 0x1f, 0xa0, 0x5f, 0x30,

    /* U+002D "-" */
    0x5c, 0xcc, 0x77, 0xff, 0xfa,

    /* U+002E "." */
    0x4, 0x71, 0xf, 0xf6, 0xb, 0xf3,

    /* U+002F "/" */
    0x0, 0x0, 0xcf, 0x10, 0x0, 0x2f, 0xb0, 0x0,
    0x7, 0xf6, 0x0, 0x0, 0xdf, 0x10, 0x0, 0x3f,
    0xa0, 0x0, 0x9, 0xf5, 0x0, 0x0, 0xef, 0x0,
    0x0, 0x4f, 0xa0, 0x0, 0xa, 0xf4, 0x0, 0x0,
    0xfe, 0x0, 0x0, 0x5f, 0x80, 0x0, 0xb, 0xf3,
    0x0, 0x0,

    /* U+0030 "0" */
    0x0, 0x6d, 0xfe, 0x70, 0x0, 0x6f, 0xfc, 0xff,
    0x70, 0xd, 0xf4, 0x3, 0xfe, 0x2, 0xfe, 0x0,
    0xc, 0xf4, 0x4f, 0xc0, 0x0, 0xaf, 0x65, 0xfb,
    0x0, 0x9, 0xf7, 0x5f, 0xb0, 0x0, 0x9f, 0x74,
    0xfc, 0x0, 0xa, 0xf6, 0x1f, 0xe0, 0x0, 0xcf,
    0x40, 0xdf, 0x40, 0x2f, 0xf0, 0x5, 0xff, 0xbf,
    0xf8, 0x0, 0x6, 0xdf, 0xe8, 0x0,

    /* U+0031 "1" */
    0x0, 0x2d, 0xf4, 0x4, 0xff, 0xf4, 0x6f, 0xed,
    0xf4, 0x6d, 0x2c, 0xf4, 0x0, 0xc, 0xf4, 0x0,
    0xc, 0xf4, 0x0, 0xc, 0xf4, 0x0, 0xc, 0xf4,
    0x0, 0xc, 0xf4, 0x0, 0xc, 0xf4, 0x0, 0xc,
    0xf4, 0x0, 0xc, 0xf4,

    /* U+0032 "2" */
    0x1, 0x9e, 0xfe, 0x90, 0x1, 0xef, 0xec, 0xff,
    0xa0, 0x8, 0x70, 0x2, 0xff, 0x10, 0x0, 0x0,
    0xf, 0xf2, 0x0, 0x0, 0x2, 0xfe, 0x0, 0x0,
    0x0, 0xbf, 0x70, 0x0, 0x0, 0x9f, 0xc0, 0x0,
    0x0, 0x8f, 0xd1, 0x0, 0x0, 0x7f, 0xd1, 0x0,
    0x0, 0x6f, 0xd1, 0x0, 0x0, 0x3f, 0xfe, 0xdd,
    0xdd, 0x75, 0xff, 0xff, 0xff, 0xf8,

    /* U+0033 "3" */
    0x5, 0xbf, 0xfe, 0x90, 0x1, 0xff, 0xcb, 0xff,
    0xb0, 0x5, 0x20, 0x2, 0xff, 0x0, 0x0, 0x0,
    0xf, 0xf0, 0x0, 0x0, 0x19, 0xf8, 0x0, 0x9,
    0xff, 0xf7, 0x0, 0x0, 0x6b, 0xcf, 0xf8, 0x0,
    0x0, 0x0, 0x1f, 0xf3, 0x0, 0x0, 0x0, 0xcf,
    0x62, 0x10, 0x0, 0x2f, 0xf4, 0x5f, 0xdb, 0xcf,
    0xfc, 0x2, 0xae, 0xff, 0xd8, 0x0,

    /* U+0034 "4" */
    0x0, 0x0, 0xd, 0xf6, 0x0, 0x0, 0x8, 0xff,
    0x60, 0x0, 0x2, 0xfe, 0xf6, 0x0, 0x0, 0xce,
    0xaf, 0x60, 0x0, 0x6f, 0x59, 0xf6, 0x0, 0x1f,
    0xb0, 0xaf, 0x60, 0xa, 0xf2, 0xa, 0xf6, 0x5,
    0xf7, 0x0, 0xaf, 0x60, 0xbf, 0xff, 0xff, 0xff,
    0xd8, 0xbb, 0xbb, 0xef, 0xd9, 0x0, 0x0, 0xa,
    0xf6, 0x0, 0x0, 0x0, 0xaf, 0x60,

    /* U+0035 "5" */
    0x8, 0xff, 0xff, 0xf9, 0x0, 0x9f, 0xed, 0xdd,
    0x70, 0xa, 0xf4, 0x0, 0x0, 0x0, 0xbf, 0x30,
    0x0, 0x0, 0xc, 0xfb, 0xba, 0x50, 0x0, 0xdf,
    0xff, 0xff, 0x90, 0x1, 0x20, 0x17, 0xff, 0x20,
    0x0, 0x0, 0xd, 0xf5, 0x0, 0x0, 0x0, 0xcf,
    0x41, 0x30, 0x0, 0x4f, 0xf1, 0x2f, 0xec, 0xcf,
    0xf8, 0x0, 0xae, 0xff, 0xc6, 0x0,

    /* U+0036 "6" */
    0x0, 0x6, 0xcf, 0xfa, 0x0, 0xb, 0xff, 0xbb,
    0x90, 0x7, 0xfb, 0x10, 0x0, 0x0, 0xdf, 0x10,
    0x0, 0x0, 0x1f, 0xc2, 0x89, 0x60, 0x4, 0xfd,
    0xff, 0xff, 0xc0, 0x5f, 0xf7, 0x2, 0xef, 0x44,
    0xfc, 0x0, 0x8, 0xf8, 0x2f, 0xd0, 0x0, 0x8f,
    0x80, 0xef, 0x40, 0xd, 0xf5, 0x5, 0xff, 0xbe,
    0xfd, 0x0, 0x5, 0xcf, 0xea, 0x10,

    /* U+0037 "7" */
    0x7f, 0xff, 0xff, 0xff, 0x86, 0xdd, 0xdd, 0xdf,
    0xf7, 0x0, 0x0, 0x0, 0xef, 0x10, 0x0, 0x0,
    0x6f, 0xa0, 0x0, 0x0, 0xd, 0xf4, 0x0, 0x0,
    0x4, 0xfd, 0x0, 0x0, 0x0, 0xbf, 0x60, 0x0,
    0x0, 0x2f, 0xf0, 0x0, 0x0, 0x9, 0xf9, 0x0,
    0x0, 0x0, 0xff, 0x20, 0x0, 0x0, 0x7f, 0xb0,
    0x0, 0x0, 0xd, 0xf5, 0x0, 0x0,

    /* U+0038 "8" */
    0x0, 0x8e, 0xfe, 0xa1, 0x0, 0xaf, 0xd9, 0xdf,
    0xc0, 0xf, 0xf1, 0x0, 0xef, 0x10, 0xef, 0x10,
    0xf, 0xf0, 0x7, 0xfd, 0x5c, 0xf8, 0x0, 0x8,
    0xff, 0xf7, 0x0, 0x4, 0xff, 0xbf, 0xf5, 0x1,
    0xff, 0x30, 0x3e, 0xf2, 0x5f, 0xa0, 0x0, 0x8f,
    0x74, 0xfc, 0x0, 0xa, 0xf6, 0xd, 0xfc, 0x9c,
    0xfe, 0x10, 0x1a, 0xef, 0xea, 0x20,

    /* U+0039 "9" */
    0x0, 0x8e, 0xfd, 0x60, 0x0, 0xbf, 0xec, 0xff,
    0x70, 0x2f, 0xe1, 0x2, 0xff, 0x15, 0xfa, 0x0,
    0xa, 0xf5, 0x5f, 0xa0, 0x0, 0xaf, 0x72, 0xff,
    0x30, 0x5f, 0xf7, 0x9, 0xff, 0xff, 0xcf, 0x60,
    0x5, 0x99, 0x39, 0xf4, 0x0, 0x0, 0x0, 0xef,
    0x0, 0x0, 0x0, 0x9f, 0x90, 0x7, 0xbb, 0xef,
    0xd1, 0x0, 0x8f, 0xfd, 0x80, 0x0,

    /* U+003A ":" */
    0xb, 0xf4, 0xf, 0xf6, 0x4, 0x70, 0x0, 0x0,
    0x0, 0x0, 0x0, 0x0, 0x4, 0x71, 0xf, 0xf6,
    0xb, 0xf3,

    /* U+003B ";" */
    0xb, 0xf3, 0xf, 0xf6, 0x4, 0x70, 0x0, 0x0,
    0x0, 0x0, 0x0, 0x0, 0x0, 0x0, 0xc, 0xf4,
    0xf, 0xf0, 0x2f, 0x90, 0x6f, 0x30,

    /* U+003C "<" */
    0x0, 0x0, 0x0, 0x0, 0x0, 0x0, 0x0, 0x2,
    0x96, 0x0, 0x0, 0x19, 0xff, 0x40, 0x1, 0x9f,
    0xf8, 0x10, 0x19, 0xfe, 0x70, 0x0, 0x4, 0xff,
    0x81, 0x0, 0x0, 0x3, 0xaf, 0xfa, 0x30, 0x0,
    0x0, 0x18, 0xff, 0xc3, 0x0, 0x0, 0x0, 0x7d,
    0x60, 0x0, 0x0, 0x0, 0x1,

    /* U+003D "=" */
    0x28, 0x88, 0x88, 0x88, 0x34, 0xff, 0xff, 0xff,
    0xf6, 0x0, 0x0, 0x0, 0x0, 0x2, 0x88, 0x88,
    0x88, 0x83, 0x4f, 0xff, 0xff, 0xff, 0x60,

    /* U+003E ">" */
    0x0, 0x0, 0x0, 0x0, 0x4, 0xb3, 0x0, 0x0,
    0x0, 0x3e, 0xfa, 0x20, 0x0, 0x0, 0x7, 0xef,
    0xa2, 0x0, 0x0, 0x0, 0x6d, 0xfa, 0x20, 0x0,
    0x0, 0x6f, 0xf6, 0x0, 0x29, 0xff, 0xb4, 0x2,
    0xbf, 0xf9, 0x20, 0x0, 0x4e, 0x81, 0x0, 0x0,
    0x1, 0x0, 0x0, 0x0, 0x0,

    /* U+003F "?" */
    0x4a, 0xef, 0xe9, 0x0, 0xaf, 0xdb, 0xef, 0xa0,
    0x22, 0x0, 0x1f, 0xf0, 0x0, 0x0, 0x1f, 0xe0,
    0x0, 0x1, 0xcf, 0x80, 0x0, 0x1d, 0xf9, 0x0,
    0x0, 0x9f, 0x60, 0x0, 0x0, 0xcf, 0x0, 0x0,
    0x0, 0x11, 0x0, 0x0, 0x0, 0x57, 0x0, 0x0,
    0x1, 0xff, 0x50, 0x0, 0x0, 0xce, 0x20, 0x0,

    /* U+0040 "@" */
    0x0, 0x0, 0x4a, 0xef, 0xfb, 0x50, 0x0, 0x0,
    0xa, 0xfc, 0x75, 0x6b, 0xfb, 0x0, 0x0, 0xaf,
    0x50, 0x0, 0x0, 0x5f, 0x90, 0x4, 0xf5, 0x6,
    0xdf, 0xec, 0x19, 0xf1, 0xb, 0xd0, 0x6f, 0xa5,
    0xaf, 0x22, 0xf5, 0xf, 0x80, 0xec, 0x0, 0x7f,
    0x10, 0xf7, 0x2f, 0x61, 0xf8, 0x0, 0x8f, 0x10,
    0xf7, 0x2f, 0x61, 0xf8, 0x0, 0xaf, 0x2, 0xf5,
    0xf, 0x80, 0xdd, 0x23, 0xff, 0x49, 0xf1, 0xc,
    0xd0, 0x3e, 0xff, 0x7b, 0xff, 0x50, 0x6, 0xf7,
    0x0, 0x32, 0x0, 0x31, 0x0, 0x0, 0xaf, 0xa4,
    0x11, 0x37, 0x70, 0x0, 0x0, 0x6, 0xdf, 0xff,
    0xff, 0x70, 0x0, 0x0, 0x0, 0x2, 0x44, 0x20,
    0x0, 0x0,

    /* U+0041 "A" */
    0x0, 0x0, 0xff, 0xc0, 0x0, 0x0, 0x0, 0x5f,
    0xff, 0x10, 0x0, 0x0, 0xb, 0xfa, 0xf7, 0x0,
    0x0, 0x1, 0xfe, 0x2f, 0xc0, 0x0, 0x0, 0x6f,
    0xa0, 0xdf, 0x20, 0x0, 0xb, 0xf5, 0x8, 0xf7,
    0x0, 0x1, 0xff, 0x0, 0x3f, 0xd0, 0x0, 0x6f,
    0xfd, 0xdd, 0xff, 0x30, 0xc, 0xff, 0xff, 0xff,
    0xf8, 0x2, 0xff, 0x10, 0x0, 0x5f, 0xe0, 0x7f,
    0xb0, 0x0, 0x0, 0xff, 0x3d, 0xf6, 0x0, 0x0,
    0xa, 0xf9,

    /* U+0042 "B" */
    0x8f, 0xff, 0xfe, 0xa3, 0x8, 0xfe, 0xcc, 0xff,
    0xf1, 0x8f, 0x90, 0x1, 0xef, 0x68, 0xf9, 0x0,
    0xb, 0xf6, 0x8f, 0x90, 0x3, 0xff, 0x28, 0xff,
    0xff, 0xfe, 0x50, 0x8f, 0xeb, 0xbe, 0xfd, 0x28,
    0xf9, 0x0, 0xa, 0xf9, 0x8f, 0x90, 0x0, 0x6f,
    0xc8, 0xf9, 0x0, 0xc, 0xfa, 0x8f, 0xec, 0xce,
    0xff, 0x38, 0xff, 0xff, 0xfb, 0x30,

    /* U+0043 "C" */
    0x0, 0x4, 0xbe, 0xfe, 0xa3, 0x0, 0x7f, 0xfe,
    0xcf, 0xf5, 0x3, 0xff, 0x60, 0x0, 0x50, 0xa,
    0xfa, 0x0, 0x0, 0x0, 0xe, 0xf4, 0x0, 0x0,
    0x0, 0xf, 0xf2, 0x0, 0x0, 0x0, 0xf, 0xf2,
    0x0, 0x0, 0x0, 0xf, 0xf4, 0x0, 0x0, 0x0,
    0xb, 0xf9, 0x0, 0x0, 0x0, 0x5, 0xff, 0x50,
    0x0, 0x21, 0x0, 0xaf, 0xfe, 0xce, 0xf3, 0x0,
    0x6, 0xcf, 0xfe, 0xa1,

    /* U+0044 "D" */
    0x8f, 0xff, 0xfd, 0x92, 0x0, 0x8f, 0xec, 0xcf,
    0xff, 0x40, 0x8f, 0x90, 0x0, 0x9f, 0xf1, 0x8f,
    0x90, 0x0, 0xc, 0xf7, 0x8f, 0x90, 0x0, 0x7,
    0xfb, 0x8f, 0x90, 0x0, 0x5, 0xfd, 0x8f, 0x90,
    0x0, 0x5, 0xfd, 0x8f, 0x90, 0x0, 0x8, 0xfb,
    0x8f, 0x90, 0x0, 0xd, 0xf6, 0x8f, 0x90, 0x1,
    0xaf, 0xe0, 0x8f, 0xec, 0xdf, 0xfe, 0x30, 0x8f,
    0xff, 0xfd, 0x81, 0x0,

    /* U+0045 "E" */
    0x8f, 0xff, 0xff, 0xf8, 0xfe, 0xcc, 0xcc, 0x8f,
    0x90, 0x0, 0x8, 0xf9, 0x0, 0x0, 0x8f, 0x90,
    0x0, 0x8, 0xff, 0xff, 0xfb, 0x8f, 0xec, 0xcc,
    0x88, 0xf9, 0x0, 0x0, 0x8f, 0x90, 0x0, 0x8,
    0xf9, 0x0, 0x0, 0x8f, 0xec, 0xcc, 0xc8, 0xff,
    0xff, 0xff,

    /* U+0046 "F" */
    0x8f, 0xff, 0xff, 0xf8, 0xfe, 0xcc, 0xcc, 0x8f,
    0x80, 0x0, 0x8, 0xf8, 0x0, 0x0, 0x8f, 0x80,
    0x0, 0x8, 0xfe, 0xcc, 0xc8, 0x8f, 0xff, 0xff,
    0xb8, 0xf8, 0x0, 0x0, 0x8f, 0x80, 0x0, 0x8,
    0xf8, 0x0, 0x0, 0x8f, 0x80, 0x0, 0x8, 0xf8,
    0x0, 0x0,

    /* U+0047 "G" */
    0x0, 0x2, 0x9e, 0xff, 0xd9, 0x10, 0x5, 0xff,
    0xfc, 0xdf, 0xe0, 0x2, 0xff, 0x90, 0x0, 0x3,
    0x0, 0xaf, 0xb0, 0x0, 0x0, 0x0, 0xe, 0xf5,
    0x0, 0x0, 0x0, 0x0, 0xff, 0x20, 0xc, 0xdd,
    0xd4, 0xf, 0xf2, 0x0, 0xff, 0xff, 0x50, 0xff,
    0x40, 0x0, 0xb, 0xf5, 0xb, 0xf9, 0x0, 0x0,
    0xbf, 0x50, 0x4f, 0xf6, 0x0, 0xb, 0xf5, 0x0,
    0x9f, 0xfe, 0xcd, 0xff, 0x50, 0x0, 0x5c, 0xff,
    0xfd, 0x92,

    /* U+0048 "H" */
    0x8f, 0x90, 0x0, 0x7, 0xfa, 0x8f, 0x90, 0x0,
    0x7, 0xfa, 0x8f, 0x90, 0x0, 0x7, 0xfa, 0x8f,
    0x90, 0x0, 0x7, 0xfa, 0x8f, 0x90, 0x0, 0x7,
    0xfa, 0x8f, 0xff, 0xff, 0xff, 0xfa, 0x8f, 0xed,
    0xdd, 0xde, 0xfa, 0x8f, 0x90, 0x0, 0x7, 0xfa,
    0x8f, 0x90, 0x0, 0x7, 0xfa, 0x8f, 0x90, 0x0,
    0x7, 0xfa, 0x8f, 0x90, 0x0, 0x7, 0xfa, 0x8f,
    0x90, 0x0, 0x7, 0xfa,

    /* U+0049 "I" */
    0x7f, 0xff, 0xf6, 0x2a, 0xff, 0xa2, 0x1, 0xff,
    0x0, 0x1, 0xff, 0x0, 0x1, 0xff, 0x0, 0x1,
    0xff, 0x0, 0x1, 0xff, 0x0, 0x1, 0xff, 0x0,
    0x1, 0xff, 0x0, 0x1, 0xff, 0x0, 0x2a, 0xff,
    0x92, 0x7f, 0xff, 0xf6,

    /* U+004A "J" */
    0x0, 0x8, 0xf8, 0x0, 0x8, 0xf8, 0x0, 0x8,
    0xf8, 0x0, 0x8, 0xf8, 0x0, 0x8, 0xf8, 0x0,
    0x8, 0xf8, 0x0, 0x8, 0xf8, 0x0, 0x8, 0xf8,
    0x0, 0x8, 0xf8, 0x0, 0x8, 0xf8, 0x0, 0x8,
    0xf8, 0x0, 0x9, 0xf8, 0x0, 0xd, 0xf6, 0x3d,
    0xef, 0xe1, 0x2f, 0xfc, 0x30,

    /* U+004B "K" */
    0x8f, 0x90, 0x0, 0x7f, 0xd0, 0x8f, 0x90, 0x3,
    0xff, 0x20, 0x8f, 0x90, 0x1e, 0xf5, 0x0, 0x8f,
    0x90, 0xcf, 0x80, 0x0, 0x8f, 0x99, 0xfb, 0x0,
    0x0, 0x8f, 0xdf, 0xf5, 0x0, 0x0, 0x8f, 0xfe,
    0xfd, 0x0, 0x0, 0x8f, 0xb1, 0xdf, 0x80, 0x0,
    0x8f, 0x90, 0x3f, 0xf3, 0x0, 0x8f, 0x90, 0x9,
    0xfc, 0x0, 0x8f, 0x90, 0x1, 0xef, 0x70, 0x8f,
    0x90, 0x0, 0x5f, 0xf1,

    /* U+004C "L" */
    0x8f, 0x90, 0x0, 0x0, 0x8f, 0x90, 0x0, 0x0,
    0x8f, 0x90, 0x0, 0x0, 0x8f, 0x90, 0x0, 0x0,
    0x8f, 0x90, 0x0, 0x0, 0x8f, 0x90, 0x0, 0x0,
    0x8f, 0x90, 0x0, 0x0, 0x8f, 0x90, 0x0, 0x0,
    0x8f, 0x90, 0x0, 0x0, 0x8f, 0x90, 0x0, 0x0,
    0x8f, 0xec, 0xcc, 0xc4, 0x8f, 0xff, 0xff, 0xf5,

    /* U+004D "M" */
    0x8f, 0xf8, 0x0, 0x0, 0xa, 0xff, 0x68, 0xff,
    0xd0, 0x0, 0x0, 0xff, 0xf6, 0x8f, 0xdf, 0x20,
    0x0, 0x5f, 0xdf, 0x68, 0xf9, 0xf7, 0x0, 0xa,
    0xf9, 0xf6, 0x8f, 0x5f, 0xd0, 0x0, 0xfb, 0x8f,
    0x68, 0xf5, 0xaf, 0x20, 0x4f, 0x69, 0xf6, 0x8f,
    0x55, 0xf7, 0xa, 0xf1, 0x9f, 0x68, 0xf5, 0xf,
    0xc0, 0xfb, 0x9, 0xf6, 0x8f, 0x50, 0xbf, 0x6f,
    0x60, 0x9f, 0x68, 0xf5, 0x6, 0xff, 0xf1, 0x9,
    0xf6, 0x8f, 0x50, 0x1f, 0xfb, 0x0, 0x9f, 0x68,
    0xf5, 0x0, 0xcf, 0x60, 0x9, 0xf6,

    /* U+004E "N" */
    0x8f, 0xf5, 0x0, 0x0, 0xaf, 0x48, 0xff, 0xe0,
    0x0, 0xa, 0xf4, 0x8f, 0xff, 0x70, 0x0, 0xaf,
    0x48, 0xf7, 0xff, 0x10, 0xa, 0xf4, 0x8f, 0x4a,
    0xfa, 0x0, 0xaf, 0x48, 0xf5, 0x1f, 0xf3, 0xa,
    0xf4, 0x8f, 0x50, 0x8f, 0xc0, 0xaf, 0x48, 0xf5,
    0x0, 0xef, 0x59, 0xf4, 0x8f, 0x50, 0x5, 0xfe,
    0x9f, 0x48, 0xf5, 0x0, 0xc, 0xff, 0xf4, 0x8f,
    0x50, 0x0, 0x3f, 0xff, 0x48, 0xf5, 0x0, 0x0,
    0xaf, 0xf4,

    /* U+004F "O" */
    0x0, 0x5, 0xcf, 0xfe, 0xa2, 0x0, 0x0, 0x9f,
    0xfe, 0xdf, 0xff, 0x40, 0x4, 0xff, 0x50, 0x0,
    0x9f, 0xe0, 0xb, 0xf9, 0x0, 0x0, 0xe, 0xf5,
    0xf, 0xf4, 0x0, 0x0, 0xa, 0xf9, 0xf, 0xf2,
    0x0, 0x0, 0x8, 0xfb, 0xf, 0xf2, 0x0, 0x0,
    0x8, 0xfb, 0xe, 0xf4, 0x0, 0x0, 0xa, 0xf9,
    0xb, 0xf9, 0x0, 0x0, 0xe, 0xf5, 0x4, 0xff,
    0x50, 0x0, 0xaf, 0xe0, 0x0, 0x9f, 0xfe, 0xdf,
    0xff, 0x40, 0x0, 0x5, 0xcf, 0xfe, 0xa2, 0x0,

    /* U+0050 "P" */
    0x8f, 0xff, 0xfd, 0x70, 0x8, 0xfe, 0xcd, 0xff,
    0x80, 0x8f, 0x90, 0x5, 0xff, 0x8, 0xf9, 0x0,
    0xf, 0xf2, 0x8f, 0x90, 0x0, 0xff, 0x18, 0xf9,
    0x1, 0xaf, 0xd0, 0x8f, 0xff, 0xff, 0xf3, 0x8,
    0xfe, 0xcb, 0x82, 0x0, 0x8f, 0x90, 0x0, 0x0,
    0x8, 0xf9, 0x0, 0x0, 0x0, 0x8f, 0x90, 0x0,
    0x0, 0x8, 0xf9, 0x0, 0x0, 0x0,

    /* U+0051 "Q" */
    0x0, 0x5, 0xcf, 0xfe, 0xa2, 0x0, 0x0, 0x9f,
    0xfe, 0xdf, 0xff, 0x40, 0x4, 0xff, 0x50, 0x0,
    0x9f, 0xe0, 0xb, 0xf9, 0x0, 0x0, 0xe, 0xf5,
    0xf, 0xf4, 0x0, 0x0, 0xa, 0xf9, 0xf, 0xf2,
    0x0, 0x0, 0x8, 0xfb, 0xf, 0xf2, 0x0, 0x0,
    0x8, 0xfb, 0xe, 0xf4, 0x0, 0x0, 0xa, 0xf9,
    0xb, 0xf9, 0x0, 0x0, 0xe, 0xf5, 0x4, 0xff,
    0x50, 0x0, 0xaf, 0xe0, 0x0, 0x9f, 0xfe, 0xdf,
    0xff, 0x40, 0x0, 0x5, 0xcf, 0xff, 0xf2, 0x0,
    0x0, 0x0, 0x0, 0x1e, 0xf9, 0x0, 0x0, 0x0,
    0x0, 0x3, 0xff, 0x80, 0x0, 0x0, 0x0, 0x0,
    0x48, 0x81,

    /* U+0052 "R" */
    0x8f, 0xff, 0xfc, 0x60, 0x0, 0x8f, 0xec, 0xdf,
    0xf8, 0x0, 0x8f, 0x90, 0x5, 0xff, 0x0, 0x8f,
    0x90, 0x0, 0xff, 0x20, 0x8f, 0x90, 0x0, 0xff,
    0x10, 0x8f, 0x90, 0x1a, 0xfc, 0x0, 0x8f, 0xff,
    0xff, 0xd2, 0x0, 0x8f, 0xeb, 0xef, 0x30, 0x0,
    0x8f, 0x90, 0x5f, 0xd0, 0x0, 0x8f, 0x90, 0xa,
    0xf8, 0x0, 0x8f, 0x90, 0x1, 0xff, 0x30, 0x8f,
    0x90, 0x0, 0x6f, 0xe0,

    /* U+0053 "S" */
    0x0, 0x8d, 0xff, 0xc6, 0x0, 0x9f, 0xfc, 0xdf,
    0xb0, 0xf, 0xf2, 0x0, 0x22, 0x1, 0xff, 0x0,
    0x0, 0x0, 0xd, 0xfc, 0x20, 0x0, 0x0, 0x3f,
    0xff, 0xb2, 0x0, 0x0, 0x19, 0xff, 0xf5, 0x0,
    0x0, 0x1, 0xbf, 0xe0, 0x0, 0x0, 0x0, 0xff,
    0x12, 0x50, 0x0, 0x3f, 0xf0, 0x3f, 0xfd, 0xcf,
    0xf8, 0x1, 0xae, 0xff, 0xd6, 0x0,

    /* U+0054 "T" */
    0xbf, 0xff, 0xff, 0xff, 0xd9, 0xcc, 0xef, 0xec,
    0xca, 0x0, 0x7, 0xf9, 0x0, 0x0, 0x0, 0x7f,
    0x90, 0x0, 0x0, 0x7, 0xf9, 0x0, 0x0, 0x0,
    0x7f, 0x90, 0x0, 0x0, 0x7, 0xf9, 0x0, 0x0,
    0x0, 0x7f, 0x90, 0x0, 0x0, 0x7, 0xf9, 0x0,
    0x0, 0x0, 0x7f, 0x90, 0x0, 0x0, 0x7, 0xf9,
    0x0, 0x0, 0x0, 0x7f, 0x90, 0x0,

    /* U+0055 "U" */
    0x9f, 0x70, 0x0, 0x8, 0xf9, 0x9f, 0x70, 0x0,
    0x8, 0xf9, 0x9f, 0x70, 0x0, 0x8, 0xf9, 0x9f,
    0x70, 0x0, 0x8, 0xf9, 0x9f, 0x70, 0x0, 0x8,
    0xf9, 0x9f, 0x70, 0x0, 0x8, 0xf9, 0x9f, 0x70,
    0x0, 0x8, 0xf9, 0x9f, 0x70, 0x0, 0x8, 0xf9,
    0x8f, 0x90, 0x0, 0xa, 0xf8, 0x4f, 0xf3, 0x0,
    0x3f, 0xf3, 0xa, 0xff, 0xdd, 0xff, 0x90, 0x0,
    0x7d, 0xff, 0xd6, 0x0,

    /* U+0056 "V" */
    0xdf, 0x40, 0x0, 0x2, 0xff, 0x8, 0xf9, 0x0,
    0x0, 0x7f, 0xa0, 0x2f, 0xe0, 0x0, 0xc, 0xf4,
    0x0, 0xdf, 0x30, 0x1, 0xff, 0x0, 0x8, 0xf8,
    0x0, 0x6f, 0xa0, 0x0, 0x3f, 0xd0, 0xb, 0xf5,
    0x0, 0x0, 0xdf, 0x21, 0xff, 0x0, 0x0, 0x8,
    0xf7, 0x5f, 0xa0, 0x0, 0x0, 0x3f, 0xc9, 0xf5,
    0x0, 0x0, 0x0, 0xef, 0xdf, 0x0, 0x0, 0x0,
    0x8, 0xff, 0xa0, 0x0, 0x0, 0x0, 0x3f, 0xf5,
    0x0, 0x0,

    /* U+0057 "W" */
    0xdf, 0x40, 0x0, 0x8f, 0xc0, 0x0, 0xf, 0xf1,
    0x9f, 0x80, 0x0, 0xcf, 0xf0, 0x0, 0x3f, 0xd0,
    0x5f, 0xb0, 0x0, 0xff, 0xf4, 0x0, 0x7f, 0x90,
    0x1f, 0xf0, 0x4, 0xfa, 0xf8, 0x0, 0xbf, 0x50,
    0xd, 0xf3, 0x8, 0xf4, 0xfc, 0x0, 0xef, 0x10,
    0x9, 0xf6, 0xd, 0xf0, 0xcf, 0x12, 0xfd, 0x0,
    0x5, 0xfa, 0x1f, 0xb0, 0x8f, 0x56, 0xf9, 0x0,
    0x1, 0xfd, 0x5f, 0x70, 0x3f, 0x99, 0xf5, 0x0,
    0x0, 0xdf, 0x9f, 0x30, 0xf, 0xcc, 0xf1, 0x0,
    0x0, 0x9f, 0xef, 0x0, 0xb, 0xff, 0xd0, 0x0,
    0x0, 0x5f, 0xfb, 0x0, 0x7, 0xff, 0x90, 0x0,
    0x0, 0x1f, 0xf7, 0x0, 0x3, 0xff, 0x60, 0x0,

    /* U+0058 "X" */
    0x7f, 0xd0, 0x0, 0x9, 0xfa, 0x0, 0xdf, 0x70,
    0x2, 0xff, 0x10, 0x3, 0xff, 0x10, 0xbf, 0x60,
    0x0, 0x9, 0xf9, 0x4f, 0xd0, 0x0, 0x0, 0x1e,
    0xfe, 0xf3, 0x0, 0x0, 0x0, 0x6f, 0xf9, 0x0,
    0x0, 0x0, 0x9, 0xff, 0xc0, 0x0, 0x0, 0x3,
    0xfe, 0xcf, 0x60, 0x0, 0x0, 0xdf, 0x53, 0xff,
    0x10, 0x0, 0x7f, 0xb0, 0xa, 0xfa, 0x0, 0x1f,
    0xf2, 0x0, 0x1f, 0xf4, 0xa, 0xf8, 0x0, 0x0,
    0x7f, 0xd0,

    /* U+0059 "Y" */
    0xbf, 0x80, 0x0, 0xd, 0xf6, 0x3f, 0xf1, 0x0,
    0x5f, 0xe0, 0xb, 0xf8, 0x0, 0xdf, 0x60, 0x3,
    0xff, 0x15, 0xfd, 0x0, 0x0, 0xbf, 0x8d, 0xf5,
    0x0, 0x0, 0x3f, 0xff, 0xd0, 0x0, 0x0, 0xa,
    0xff, 0x40, 0x0, 0x0, 0x3, 0xfe, 0x0, 0x0,
    0x0, 0x3, 0xfe, 0x0, 0x0, 0x0, 0x3, 0xfe,
    0x0, 0x0, 0x0, 0x3, 0xfe, 0x0, 0x0, 0x0,
    0x3, 0xfe, 0x0, 0x0,

    /* U+005A "Z" */
    0x6f, 0xff, 0xff, 0xff, 0x94, 0xcc, 0xcc, 0xcf,
    0xf8, 0x0, 0x0, 0x5, 0xfe, 0x0, 0x0, 0x1,
    0xef, 0x40, 0x0, 0x0, 0xaf, 0xa0, 0x0, 0x0,
    0x4f, 0xe1, 0x0, 0x0, 0xe, 0xf5, 0x0, 0x0,
    0x8, 0xfb, 0x0, 0x0, 0x3, 0xff, 0x10, 0x0,
    0x0, 0xdf, 0x60, 0x0, 0x0, 0x6f, 0xfc, 0xcc,
    0xcc, 0x98, 0xff, 0xff, 0xff, 0xfc,

    /* U+005B "[" */
    0xdf, 0xfe, 0xdf, 0x87, 0xdf, 0x0, 0xdf, 0x0,
    0xdf, 0x0, 0xdf, 0x0, 0xdf, 0x0, 0xdf, 0x0,
    0xdf, 0x0, 0xdf, 0x0, 0xdf, 0x0, 0xdf, 0x0,
    0xdf, 0x87, 0xdf, 0xfe,

    /* U+005C "\\" */
    0xbf, 0x30, 0x0, 0x5, 0xf8, 0x0, 0x0, 0xf,
    0xe0, 0x0, 0x0, 0xaf, 0x40, 0x0, 0x4, 0xf9,
    0x0, 0x0, 0xe, 0xf0, 0x0, 0x0, 0x9f, 0x50,
    0x0, 0x3, 0xfa, 0x0, 0x0, 0xd, 0xf0, 0x0,
    0x0, 0x8f, 0x60, 0x0, 0x2, 0xfb, 0x0, 0x0,
    0xc, 0xf1,

    /* U+005D "]" */
    0x9f, 0xff, 0x14, 0x8d, 0xf1, 0x0, 0xbf, 0x10,
    0xb, 0xf1, 0x0, 0xbf, 0x10, 0xb, 0xf1, 0x0,
    0xbf, 0x10, 0xb, 0xf1, 0x0, 0xbf, 0x10, 0xb,
    0xf1, 0x0, 0xbf, 0x10, 0xb, 0xf1, 0x48, 0xdf,
    0x19, 0xff, 0xf1,

    /* U+005E "^" */
    0x0, 0x2, 0x70, 0x0, 0x0, 0x0, 0x9f, 0x60,
    0x0, 0x0, 0x1f, 0xfd, 0x0, 0x0, 0x8, 0xf4,
    0xf6, 0x0, 0x0, 0xe9, 0xa, 0xe0, 0x0, 0x6f,
    0x20, 0x3f, 0x60, 0xd, 0xb0, 0x0, 0xbe, 0x5,
    0xf4, 0x0, 0x3, 0xf7,

    /* U+005F "_" */
    0xf, 0xff, 0xff, 0xfb, 0x2, 0x22, 0x22, 0x21,

    /* U+0060 "`" */
    0x28, 0x81, 0x0, 0x7f, 0xa0, 0x0, 0x5f, 0x70,

    /* U+0061 "a" */
    0x2, 0x9e, 0xff, 0xb2, 0x0, 0x2f, 0xc9, 0xdf,
    0xd0, 0x0, 0x20, 0x0, 0xff, 0x20, 0x0, 0x0,
    0xd, 0xf3, 0x4, 0xbf, 0xff, 0xff, 0x31, 0xff,
    0x84, 0x3e, 0xf3, 0x4f, 0xd0, 0x0, 0xff, 0x32,
    0xff, 0x87, 0xdf, 0xf3, 0x6, 0xef, 0xe7, 0x6f,
    0x30,

    /* U+0062 "b" */
    0xbf, 0x50, 0x0, 0x0, 0xb, 0xf5, 0x0, 0x0,
    0x0, 0xbf, 0x50, 0x0, 0x0, 0xb, 0xf6, 0xbf,
    0xe8, 0x0, 0xbf, 0xfd, 0xbf, 0xf9, 0xb, 0xfb,
    0x0, 0x4f, 0xf0, 0xbf, 0x60, 0x0, 0xef, 0x3b,
    0xf5, 0x0, 0xd, 0xf4, 0xbf, 0x60, 0x0, 0xff,
    0x3b, 0xfc, 0x0, 0x5f, 0xf0, 0xbf, 0xfd, 0xbf,
    0xf8, 0xb, 0xf8, 0xdf, 0xe8, 0x0,

    /* U+0063 "c" */
    0x0, 0x5c, 0xff, 0xc4, 0x5, 0xff, 0xcc, 0xf2,
    0xe, 0xf6, 0x0, 0x0, 0x2f, 0xf0, 0x0, 0x0,
    0x3f, 0xe0, 0x0, 0x0, 0x2f, 0xf0, 0x0, 0x0,
    0xf, 0xf6, 0x0, 0x1, 0x7, 0xff, 0xcc, 0xf5,
    0x0, 0x6d, 0xff, 0xc2,

    /* U+0064 "d" */
    0x0, 0x0, 0x0, 0x5f, 0xc0, 0x0, 0x0, 0x5,
    0xfc, 0x0, 0x0, 0x0, 0x5f, 0xc0, 0x8, 0xef,
    0xb6, 0xfc, 0x8, 0xff, 0xcd, 0xff, 0xc0, 0xff,
    0x50, 0xa, 0xfc, 0x2f, 0xf0, 0x0, 0x4f, 0xc3,
    0xfd, 0x0, 0x3, 0xfc, 0x2f, 0xf0, 0x0, 0x4f,
    0xc0, 0xff, 0x50, 0x9, 0xfc, 0x8, 0xff, 0xbc,
    0xef, 0xc0, 0x8, 0xef, 0xb2, 0xfc,

    /* U+0065 "e" */
    0x0, 0x5c, 0xff, 0xa1, 0x0, 0x5f, 0xf9, 0xbf,
    0xd0, 0xe, 0xf4, 0x0, 0xbf, 0x52, 0xff, 0x22,
    0x28, 0xf8, 0x3f, 0xff, 0xff, 0xff, 0x92, 0xfe,
    0x55, 0x55, 0x52, 0xe, 0xf4, 0x0, 0x0, 0x0,
    0x5f, 0xfb, 0x9b, 0xf2, 0x0, 0x4c, 0xff, 0xea,
    0x0,

    /* U+0066 "f" */
    0x0, 0x6d, 0xff, 0x70, 0x2f, 0xfb, 0xb3, 0x5,
    0xfc, 0x0, 0x6, 0xef, 0xff, 0xd0, 0x6b, 0xfe,
    0x97, 0x0, 0x5f, 0xb0, 0x0, 0x5, 0xfb, 0x0,
    0x0, 0x5f, 0xb0, 0x0, 0x5, 0xfb, 0x0, 0x0,
    0x5f, 0xb0, 0x0, 0x5, 0xfb, 0x0, 0x0, 0x5f,
    0xb0, 0x0,

    /* U+0067 "g" */
    0x0, 0x8e, 0xfb, 0x2f, 0xc0, 0x7f, 0xfc, 0xdf,
    0xfc, 0xe, 0xf5, 0x0, 0xaf, 0xc2, 0xff, 0x0,
    0x4, 0xfc, 0x3f, 0xe0, 0x0, 0x3f, 0xc2, 0xff,
    0x0, 0x4, 0xfc, 0xf, 0xf4, 0x0, 0x8f, 0xc0,
    0x8f, 0xfb, 0xcf, 0xfc, 0x0, 0x8e, 0xfb, 0x6f,
    0xc0, 0x0, 0x0, 0x5, 0xfb, 0x2, 0x0, 0x0,
    0xaf, 0x80, 0xae, 0xa9, 0xcf, 0xf2, 0x6, 0xcf,
    0xfe, 0xb3, 0x0,

    /* U+0068 "h" */
    0xbf, 0x50, 0x0, 0x0, 0xb, 0xf5, 0x0, 0x0,
    0x0, 0xbf, 0x50, 0x0, 0x0, 0xb, 0xf6, 0xaf,
    0xfb, 0x10, 0xbf, 0xfd, 0xbe, 0xfb, 0xb, 0xfc,
    0x0, 0x3f, 0xf0, 0xbf, 0x70, 0x0, 0xff, 0x1b,
    0xf5, 0x0, 0xf, 0xf1, 0xbf, 0x50, 0x0, 0xff,
    0x1b, 0xf5, 0x0, 0xf, 0xf1, 0xbf, 0x50, 0x0,
    0xff, 0x1b, 0xf5, 0x0, 0xf, 0xf1,

    /* U+0069 "i" */
    0x9f, 0x4b, 0xf5, 0x2, 0xb, 0xf5, 0xbf, 0x5b,
    0xf5, 0xbf, 0x5b, 0xf5, 0xbf, 0x5b, 0xf5, 0xbf,
    0x5b, 0xf5,

    /* U+006A "j" */
    0x0, 0x9f, 0x40, 0xb, 0xf5, 0x0, 0x2, 0x0,
    0xb, 0xf5, 0x0, 0xbf, 0x50, 0xb, 0xf5, 0x0,
    0xbf, 0x50, 0xb, 0xf5, 0x0, 0xbf, 0x50, 0xb,
    0xf5, 0x0, 0xbf, 0x50, 0xb, 0xf5, 0x0, 0xbf,
    0x50, 0xd, 0xf5, 0xbc, 0xff, 0x1e, 0xfd, 0x50,

    /* U+006B "k" */
    0xbf, 0x50, 0x0, 0x0, 0xb, 0xf5, 0x0, 0x0,
    0x0, 0xbf, 0x50, 0x0, 0x0, 0xb, 0xf5, 0x0,
    0x9f, 0xb0, 0xbf, 0x50, 0x8f, 0xc0, 0xb, 0xf5,
    0x6f, 0xe1, 0x0, 0xbf, 0x8f, 0xe2, 0x0, 0xb,
    0xff, 0xff, 0x30, 0x0, 0xbf, 0xd8, 0xfd, 0x0,
    0xb, 0xf5, 0xb, 0xf9, 0x0, 0xbf, 0x50, 0x1e,
    0xf5, 0xb, 0xf5, 0x0, 0x5f, 0xe1,

    /* U+006C "l" */
    0xbf, 0x5b, 0xf5, 0xbf, 0x5b, 0xf5, 0xbf, 0x5b,
    0xf5, 0xbf, 0x5b, 0xf5, 0xbf, 0x5b, 0xf5, 0xbf,
    0x5b, 0xf5,

    /* U+006D "m" */
    0xbf, 0x2b, 0xff, 0x90, 0x8e, 0xfc, 0x30, 0xbf,
    0xed, 0xbf, 0xfd, 0xfb, 0xef, 0xe0, 0xbf, 0xc0,
    0x7, 0xff, 0x30, 0x1f, 0xf2, 0xbf, 0x70, 0x4,
    0xfd, 0x0, 0xd, 0xf3, 0xbf, 0x50, 0x4, 0xfc,
    0x0, 0xd, 0xf3, 0xbf, 0x50, 0x4, 0xfc, 0x0,
    0xd, 0xf3, 0xbf, 0x50, 0x4, 0xfc, 0x0, 0xd,
    0xf3, 0xbf, 0x50, 0x4, 0xfc, 0x0, 0xd, 0xf3,
    0xbf, 0x50, 0x4, 0xfc, 0x0, 0xd, 0xf3,

    /* U+006E "n" */
    0xbf, 0x2b, 0xff, 0xb1, 0xb, 0xfe, 0xdb, 0xff,
    0xb0, 0xbf, 0xc0, 0x3, 0xff, 0xb, 0xf7, 0x0,
    0xf, 0xf1, 0xbf, 0x50, 0x0, 0xff, 0x1b, 0xf5,
    0x0, 0xf, 0xf1, 0xbf, 0x50, 0x0, 0xff, 0x1b,
    0xf5, 0x0, 0xf, 0xf1, 0xbf, 0x50, 0x0, 0xff,
    0x10,

    /* U+006F "o" */
    0x0, 0x5c, 0xff, 0xb3, 0x0, 0x5, 0xff, 0xcc,
    0xff, 0x30, 0xe, 0xf5, 0x0, 0x8f, 0xb0, 0x2f,
    0xf0, 0x0, 0x2f, 0xf0, 0x3f, 0xe0, 0x0, 0xf,
    0xf0, 0x2f, 0xf0, 0x0, 0x2f, 0xf0, 0xd, 0xf5,
    0x0, 0x8f, 0xb0, 0x5, 0xff, 0xbc, 0xff, 0x30,
    0x0, 0x4c, 0xff, 0xb3, 0x0,

    /* U+0070 "p" */
    0xbf, 0x2a, 0xfe, 0x80, 0xb, 0xfe, 0xdb, 0xff,
    0x90, 0xbf, 0xb0, 0x4, 0xff, 0xb, 0xf6, 0x0,
    0xe, 0xf3, 0xbf, 0x50, 0x0, 0xdf, 0x4b, 0xf6,
    0x0, 0xf, 0xf3, 0xbf, 0xc0, 0x5, 0xff, 0xb,
    0xff, 0xdb, 0xff, 0x80, 0xbf, 0x6b, 0xfe, 0x80,
    0xb, 0xf5, 0x0, 0x0, 0x0, 0xbf, 0x50, 0x0,
    0x0, 0xb, 0xf5, 0x0, 0x0, 0x0, 0xbf, 0x50,
    0x0, 0x0, 0x0,

    /* U+0071 "q" */
    0x0, 0x8e, 0xfb, 0x2f, 0xc0, 0x8f, 0xfc, 0xdf,
    0xfc, 0xf, 0xf5, 0x0, 0xaf, 0xc2, 0xff, 0x0,
    0x4, 0xfc, 0x3f, 0xe0, 0x0, 0x3f, 0xc2, 0xff,
    0x0, 0x4, 0xfc, 0xf, 0xf4, 0x0, 0x9f, 0xc0,
    0x8f, 0xfb, 0xcf, 0xfc, 0x0, 0x8e, 0xfb, 0x6f,
    0xc0, 0x0, 0x0, 0x5, 0xfc, 0x0, 0x0, 0x0,
    0x5f, 0xc0, 0x0, 0x0, 0x5, 0xfc, 0x0, 0x0,
    0x0, 0x5f, 0xc0,

    /* U+0072 "r" */
    0xbf, 0x9, 0xfa, 0xbf, 0xbf, 0xf9, 0xbf, 0xf4,
    0x0, 0xbf, 0x80, 0x0, 0xbf, 0x50, 0x0, 0xbf,
    0x50, 0x0, 0xbf, 0x50, 0x0, 0xbf, 0x50, 0x0,
    0xbf, 0x50, 0x0,

    /* U+0073 "s" */
    0x3, 0xcf, 0xfd, 0x80, 0x1f, 0xfa, 0xad, 0xb0,
    0x3f, 0xd0, 0x0, 0x0, 0xe, 0xfd, 0x60, 0x0,
    0x2, 0xbf, 0xfe, 0x50, 0x0, 0x2, 0xaf, 0xf1,
    0x0, 0x0, 0xd, 0xf3, 0x3f, 0xb9, 0xbf, 0xe0,
    0x1b, 0xff, 0xeb, 0x20,

    /* U+0074 "t" */
    0x0, 0xe8, 0x0, 0x0, 0x3f, 0x80, 0x0, 0x5e,
    0xff, 0xff, 0x6, 0xcf, 0xd9, 0x90, 0x8, 0xf8,
    0x0, 0x0, 0x8f, 0x80, 0x0, 0x8, 0xf8, 0x0,
    0x0, 0x8f, 0x80, 0x0, 0x7, 0xf9, 0x0, 0x0,
    0x4f, 0xfb, 0xc1, 0x0, 0x8e, 0xfd, 0x10,

    /* U+0075 "u" */
    0xcf, 0x40, 0x0, 0xff, 0xc, 0xf4, 0x0, 0xf,
    0xf0, 0xcf, 0x40, 0x0, 0xff, 0xc, 0xf4, 0x0,
    0xf, 0xf0, 0xcf, 0x40, 0x0, 0xff, 0xc, 0xf4,
    0x0, 0x2f, 0xf0, 0xbf, 0x70, 0x6, 0xff, 0x6,
    0xff, 0x9a, 0xff, 0xf0, 0x8, 0xef, 0xd5, 0xbf,
    0x0,

    /* U+0076 "v" */
    0xdf, 0x50, 0x0, 0x8f, 0x97, 0xfa, 0x0, 0xe,
    0xf3, 0x1f, 0xf0, 0x3, 0xfd, 0x0, 0xbf, 0x50,
    0x9f, 0x70, 0x5, 0xfa, 0xe, 0xf2, 0x0, 0xf,
    0xf3, 0xfc, 0x0, 0x0, 0x9f, 0xaf, 0x60, 0x0,
    0x4, 0xff, 0xf0, 0x0, 0x0, 0xe, 0xfa, 0x0,
    0x0,

    /* U+0077 "w" */
    0xbf, 0x50, 0x9, 0xfe, 0x0, 0xf, 0xf0, 0x6f,
    0x90, 0xd, 0xff, 0x30, 0x4f, 0xb0, 0x2f, 0xd0,
    0x2f, 0xaf, 0x70, 0x8f, 0x70, 0xe, 0xf1, 0x6f,
    0x3e, 0xb0, 0xcf, 0x30, 0x9, 0xf5, 0xaf, 0xb,
    0xf1, 0xfe, 0x0, 0x5, 0xf8, 0xec, 0x7, 0xf7,
    0xfa, 0x0, 0x1, 0xfc, 0xf8, 0x3, 0xfc, 0xf5,
    0x0, 0x0, 0xcf, 0xf3, 0x0, 0xff, 0xf1, 0x0,
    0x0, 0x8f, 0xf0, 0x0, 0xbf, 0xd0, 0x0,

    /* U+0078 "x" */
    0x6f, 0xe0, 0x0, 0xef, 0x60, 0xbf, 0x80, 0x8f,
    0xb0, 0x2, 0xff, 0x5f, 0xf1, 0x0, 0x6, 0xff,
    0xf6, 0x0, 0x0, 0xf, 0xff, 0x0, 0x0, 0x9,
    0xff, 0xf8, 0x0, 0x3, 0xff, 0x3f, 0xf3, 0x0,
    0xdf, 0x60, 0x6f, 0xd0, 0x8f, 0xc0, 0x0, 0xcf,
    0x80,

    /* U+0079 "y" */
    0xdf, 0x60, 0x0, 0x9f, 0x96, 0xfb, 0x0, 0xe,
    0xf3, 0x1f, 0xf1, 0x3, 0xfd, 0x0, 0xaf, 0x60,
    0x9f, 0x80, 0x4, 0xfc, 0xe, 0xf2, 0x0, 0xe,
    0xf4, 0xfc, 0x0, 0x0, 0x8f, 0xcf, 0x60, 0x0,
    0x1, 0xff, 0xf1, 0x0, 0x0, 0xb, 0xfb, 0x0,
    0x0, 0x0, 0xbf, 0x50, 0x0, 0x0, 0x3f, 0xe0,
    0x0, 0x6, 0xbf, 0xf6, 0x0, 0x0, 0x8f, 0xe6,
    0x0, 0x0, 0x0,

    /* U+007A "z" */
    0x4f, 0xff, 0xff, 0xf1, 0x29, 0x99, 0xcf, 0xe0,
    0x0, 0x0, 0xdf, 0x50, 0x0, 0x9, 0xf9, 0x0,
    0x0, 0x4f, 0xd0, 0x0, 0x1, 0xef, 0x30, 0x0,
    0xa, 0xf8, 0x0, 0x0, 0x5f, 0xfa, 0x99, 0x91,
    0x8f, 0xff, 0xff, 0xf3,

    /* U+007B "{" */
    0x0, 0x1a, 0xe9, 0x0, 0x9f, 0xe6, 0x0, 0xbf,
    0x30, 0x0, 0xbf, 0x20, 0x0, 0xbf, 0x20, 0x0,
    0xdf, 0x10, 0x7d, 0xf9, 0x0, 0xbf, 0xd5, 0x0,
    0x3, 0xef, 0x10, 0x0, 0xbf, 0x20, 0x0, 0xbf,
    0x20, 0x0, 0xbf, 0x20, 0x0, 0x9f, 0xd6, 0x0,
    0x1a, 0xe9,

    /* U+007C "|" */
    0x5f, 0x25, 0xf2, 0x5f, 0x25, 0xf2, 0x5f, 0x25,
    0xf2, 0x5f, 0x25, 0xf2, 0x5f, 0x25, 0xf2, 0x5f,
    0x25, 0xf2, 0x5f, 0x25, 0xf2, 0x5f, 0x25, 0xf2,

    /* U+007D "}" */
    0x6f, 0xc3, 0x0, 0x3c, 0xfc, 0x0, 0x0, 0xfe,
    0x0, 0x0, 0xef, 0x0, 0x0, 0xef, 0x0, 0x0,
    0xdf, 0x10, 0x0, 0x6f, 0xea, 0x0, 0x2b, 0xfe,
    0x0, 0xdf, 0x50, 0x0, 0xef, 0x0, 0x0, 0xef,
    0x0, 0x0, 0xff, 0x0, 0x3c, 0xfd, 0x0, 0x6f,
    0xc3, 0x0,

    /* U+007E "~" */
    0x3, 0x87, 0x20, 0x0, 0x23, 0xff, 0xff, 0xc9,
    0xd6, 0x46, 0x2, 0x8e, 0xfb, 0x10, 0x0, 0x0,
    0x0, 0x0,

    /* U+0600 "؀" */
    0x0, 0x0, 0x0, 0x0, 0x0, 0x0, 0x0, 0x0,
    0x0, 0x33, 0x0, 0x0, 0x0, 0x0, 0x0, 0x0,
    0x0, 0x0, 0x0, 0x0, 0xcf, 0x10, 0x0, 0x0,
    0x0, 0x0, 0x0, 0x0, 0x0, 0x0, 0x0, 0xfc,
    0x0, 0x1b, 0xbb, 0xbb, 0xbb, 0xbb, 0xbb, 0xbb,
    0xbb, 0xbb, 0xfe, 0xb4, 0xc, 0xff, 0xff, 0xff,
    0xff, 0xff, 0xff, 0xff, 0xff, 0xff, 0xf6,

    /* U+0601 "؁" */
    0x4b, 0x0, 0x89, 0x0, 0x5b, 0x0, 0x0, 0x0,
    0x0, 0x4, 0x7a, 0x91, 0x8e, 0x9, 0xff, 0xa0,
    0x8f, 0x20, 0x0, 0x15, 0x9c, 0xff, 0xff, 0xfa,
    0x7f, 0xbf, 0x55, 0xfb, 0xff, 0xda, 0xce, 0xff,
    0xfd, 0x95, 0x21, 0xfa, 0x1d, 0xf6, 0x0, 0x7f,
    0xb5, 0xef, 0xec, 0x95, 0x10, 0x0, 0xa, 0xf2,
    0x0, 0x0, 0x0, 0x0, 0x0, 0x0, 0x0, 0x0,
    0x0, 0x0, 0x4, 0x20,

    /* U+0602 "؂" */
    0x5, 0xdf, 0xc4, 0x0, 0x0, 0x0, 0x0, 0x0,
    0x0, 0x1, 0xff, 0xcf, 0xf4, 0x0, 0x0, 0x0,
    0x0, 0x0, 0x0, 0x2f, 0xb0, 0x2e, 0xe0, 0x0,
    0x0, 0x0, 0x0, 0x0, 0x0, 0xef, 0xeb, 0xef,
    0xbb, 0xbb, 0xbb, 0xbb, 0xbb, 0xba, 0x2, 0xae,
    0xff, 0xff, 0xff, 0xff, 0xff, 0xff, 0xff, 0x90,

    /* U+0603 "؃" */
    0x0, 0x0, 0x0, 0x0, 0x0, 0x0, 0x0, 0x0,
    0x0, 0x43, 0x0, 0x4a, 0xa8, 0x10, 0x0, 0x0,
    0x0, 0x0, 0x0, 0x0, 0x0, 0x0, 0x0, 0x2f,
    0xe1, 0xbf, 0xff, 0xfe, 0x20, 0x0, 0x0, 0x0,
    0x0, 0x0, 0x0, 0x0, 0x0, 0x2, 0xfe, 0xcd,
    0x50, 0x2b, 0xfa, 0x0, 0x0, 0x0, 0x0, 0x0,
    0x0, 0x0, 0x0, 0x0, 0x2f, 0xfd, 0x10, 0x0,
    0x2f, 0xf0, 0x0, 0x0, 0x0, 0x0, 0x0, 0x0,
    0x0, 0x0, 0x2, 0xff, 0x10, 0x0, 0x0, 0xff,
    0x17, 0xbb, 0xbb, 0xbb, 0xbb, 0xbb, 0xbb, 0xbb,
    0xbb, 0xcf, 0xfb, 0xbb, 0xbb, 0xbf, 0xf1, 0x4f,
    0xff, 0xff, 0xff, 0xff, 0xff, 0xff, 0xff, 0xff,
    0xff, 0xff, 0xff, 0xff, 0xff, 0x10,

    /* U+0604 "؄" */
    0x0, 0x0, 0x0, 0x0, 0x0, 0x0, 0x0, 0x0,
    0x0, 0x0, 0x0, 0x0, 0x0, 0x0, 0x0, 0x0,
    0x0, 0x7, 0x81, 0x0, 0x0, 0x0, 0x0, 0x0,
    0x0, 0x0, 0x0, 0x0, 0x0, 0x0, 0x0, 0x0,
    0x0, 0x0, 0x68, 0x20, 0xe, 0xf2, 0x0, 0x0,
    0x0, 0x0, 0x0, 0x0, 0x0, 0x0, 0x0, 0x0,
    0x2, 0xad, 0xa1, 0x0, 0x0, 0xcf, 0x40, 0xe,
    0xf2, 0x0, 0x0, 0x0, 0x0, 0x0, 0x0, 0x0,
    0x0, 0x0, 0x0, 0x3f, 0xff, 0xfd, 0x0, 0x0,
    0xcf, 0x40, 0xe, 0xf2, 0x0, 0x0, 0x0, 0x0,
    0x0, 0x0, 0x0, 0x0, 0x0, 0x0, 0xef, 0x51,
    0xbf, 0x90, 0x0, 0xcf, 0x40, 0xe, 0xf2, 0x0,
    0x0, 0x0, 0x0, 0x0, 0x0, 0x0, 0x0, 0x0,
    0x3, 0xfc, 0x0, 0xd, 0xf4, 0x1, 0xff, 0x70,
    0xe, 0xf2, 0x0, 0x0, 0x0, 0x0, 0x0, 0x0,
    0x0, 0x0, 0x0, 0x2, 0xfe, 0x10, 0x3, 0xff,
    0xce, 0xff, 0xfc, 0xbf, 0xf2, 0x0, 0x0, 0x0,
    0x0, 0x0, 0x0, 0x0, 0x0, 0x0, 0x0, 0x9f,
    0xc1, 0x0, 0x4d, 0xff, 0xa1, 0x8e, 0xff, 0xf2,
    0x0, 0x0, 0x0, 0x0, 0x0, 0x0, 0x0, 0x0,
    0x0, 0x0, 0x7, 0xfe, 0x50, 0x0, 0x0, 0x0,
    0x0, 0x0, 0x0, 0x1c, 0xcc, 0xcc, 0xcc, 0xcc,
    0xcc, 0xcc, 0xcc, 0xcc, 0xcc, 0xcc, 0xef, 0xf7,
    0x0, 0x0, 0x0, 0x0, 0x0, 0x0, 0xf, 0xff,
    0xff, 0xff, 0xff, 0xff, 0xff, 0xff, 0xff, 0xff,
    0xff, 0xff, 0xf6, 0x0, 0x0, 0x0, 0x0, 0x0,
    0x0,

    /* U+0605 "؅" */
    0x2, 0xaa, 0x84, 0x10, 0x0, 0x0, 0x0, 0x0,
    0x0, 0x0, 0x1, 0x36, 0x9a, 0xb, 0xff, 0xff,
    0xff, 0xdd, 0xdd, 0xdd, 0xdd, 0xdd, 0xde, 0xff,
    0xff, 0xfe, 0xf, 0xb0, 0x25, 0x8a, 0xcd, 0xef,
    0xff, 0xff, 0xfe, 0xdc, 0xa9, 0x75, 0x20, 0x1,
    0x10, 0x0, 0x0, 0x0, 0x0, 0x0, 0x0, 0x0,
    0x0, 0x0, 0x0, 0x0,

    /* U+0606 "؆" */
    0x0, 0xa, 0x67, 0x90, 0x0, 0x9e, 0x2a, 0xfd,
    0xa0, 0x0, 0x5f, 0x94, 0xe0, 0x0, 0x0, 0xe,
    0xe0, 0xf4, 0x0, 0x0, 0x8, 0xf5, 0x75, 0x59,
    0x96, 0x2, 0xfb, 0x0, 0xef, 0xfa, 0x0, 0xcf,
    0x17, 0xf4, 0x0, 0x0, 0x6f, 0x8e, 0xc0, 0x0,
    0x0, 0xf, 0xff, 0x40, 0x0, 0x0, 0x9, 0xfc,
    0x0, 0x0, 0x0, 0x3, 0xf3, 0x0, 0x0, 0x0,
    0x0, 0x90, 0x0, 0x0, 0x0, 0x0, 0x0, 0x0,
    0x0,

    /* U+0607 "؇" */
    0x0, 0x0, 0x1, 0x10, 0x0, 0x0, 0x0, 0x8f,
    0x50, 0x0, 0x58, 0x10, 0xaa, 0x0, 0x0, 0x7f,
    0x62, 0xc4, 0x0, 0x0, 0x1f, 0xd4, 0xff, 0xa0,
    0x0, 0xa, 0xf3, 0x1, 0x59, 0x96, 0x3, 0xf9,
    0x0, 0xef, 0xfa, 0x0, 0xdf, 0x7, 0xf4, 0x0,
    0x0, 0x7f, 0x7e, 0xc0, 0x0, 0x0, 0x1f, 0xff,
    0x40, 0x0, 0x0, 0xa, 0xfc, 0x0, 0x0, 0x0,
    0x4, 0xf3, 0x0, 0x0, 0x0, 0x0, 0x90, 0x0,
    0x0, 0x0, 0x0, 0x0, 0x0, 0x0,

    /* U+0608 "؈" */
    0x0, 0x0, 0x0, 0x0, 0x6, 0xcf, 0xff, 0xb0,
    0x0, 0x0, 0x0, 0x0, 0x9, 0xff, 0xcd, 0xfb,
    0x0, 0x0, 0x0, 0x0, 0x3, 0xff, 0x30, 0x6f,
    0xb0, 0x7, 0xff, 0xfe, 0x0, 0x7f, 0xa0, 0x6,
    0xfb, 0x0, 0x5b, 0xcf, 0xc0, 0x7, 0xfa, 0x0,
    0x6f, 0xb0, 0x0, 0x7, 0xf7, 0x0, 0x4f, 0xe1,
    0x6, 0xfb, 0x0, 0x0, 0xcf, 0x40, 0x0, 0xcf,
    0xfb, 0xdf, 0xeb, 0x70, 0xd, 0xf3, 0x0, 0x1,
    0x9e, 0xff, 0xff, 0xfb, 0x0, 0xcf, 0x60, 0x0,
    0x0, 0x0, 0x6f, 0xa0, 0x0, 0x7, 0xfe, 0x40,
    0x0, 0x0, 0x4d, 0xf6, 0x0, 0x0, 0xb, 0xff,
    0xff, 0xff, 0xff, 0xfc, 0x0, 0x0, 0x0, 0x5,
    0xab, 0xbb, 0xbb, 0x95, 0x0, 0x0,

    /* U+0609 "؉" */
    0x0, 0x0, 0x0, 0x5f, 0x40, 0x0, 0x6e, 0x60,
    0xe, 0xb0, 0x0, 0x7, 0xf7, 0x7, 0xf3, 0x0,
    0x0, 0x0, 0x1, 0xfa, 0x0, 0x0, 0x0, 0x0,
    0x9f, 0x10, 0x0, 0x0, 0x0, 0x2f, 0x80, 0x0,
    0x0, 0x0, 0xb, 0xe0, 0x0, 0x0, 0x0, 0x4,
    0xf6, 0x0, 0x0, 0x0, 0x0, 0xdd, 0x2, 0xfc,
    0xf, 0xf0, 0x5f, 0x40, 0x2e, 0xa0, 0xdd, 0xe,
    0xb0, 0x0, 0x0, 0x0, 0x0,

    /* U+060A "؊" */
    0x0, 0x0, 0x0, 0x5f, 0x40, 0x0, 0x0, 0x0,
    0x6e, 0x60, 0xe, 0xb0, 0x0, 0x0, 0x0, 0x7,
    0xf7, 0x7, 0xf3, 0x0, 0x0, 0x0, 0x0, 0x0,
    0x1, 0xfa, 0x0, 0x0, 0x0, 0x0, 0x0, 0x0,
    0x9f, 0x10, 0x0, 0x0, 0x0, 0x0, 0x0, 0x2f,
    0x80, 0x0, 0x0, 0x0, 0x0, 0x0, 0xb, 0xe0,
    0x0, 0x0, 0x0, 0x0, 0x0, 0x4, 0xf6, 0x0,
    0x0, 0x0, 0x0, 0x0, 0x0, 0xdd, 0x2, 0xfc,
    0xf, 0xf0, 0xcf, 0x20, 0x5f, 0x40, 0x2e, 0xa0,
    0xdd, 0xb, 0xe2, 0xe, 0xb0, 0x0, 0x0, 0x0,
    0x0, 0x0, 0x0,

    /* U+060B "؋" */
    0x0, 0x0, 0x0, 0x10, 0x0, 0x0, 0x0, 0xb,
    0xf1, 0x0, 0x0, 0x0, 0xa, 0xe1, 0x0, 0x0,
    0x0, 0x0, 0x0, 0x0, 0x0, 0x0, 0x6d, 0xff,
    0xfa, 0x0, 0xa, 0xff, 0xcd, 0xfa, 0x0, 0x4f,
    0xf2, 0x6, 0xfa, 0x0, 0x7f, 0xa0, 0x6, 0xfa,
    0x0, 0x7f, 0x90, 0x6, 0xfa, 0x0, 0x3f, 0xe1,
    0x6, 0xfa, 0x1b, 0xbf, 0xff, 0xbd, 0xfa, 0x2f,
    0xff, 0xff, 0xff, 0xfa, 0x0, 0x0, 0x0, 0x0,
    0x0, 0x0, 0x0, 0x6, 0xa0, 0x0, 0x0, 0x0,
    0x6, 0xa0, 0x0, 0x0, 0x0, 0x6, 0xa0, 0x0,
    0x0, 0x0, 0x0, 0x10, 0x0,

    /* U+060C "،" */
    0xb, 0xb2, 0xf9, 0x8f, 0x6d, 0xf3,

    /* U+060D "؍" */
    0x0, 0x19, 0xb1, 0x1, 0xef, 0xf2, 0xb, 0xf4,
    0x0, 0x2f, 0x80, 0x0, 0x7f, 0x10, 0x0, 0x2,
    0x0, 0x0,

    /* U+060E "؎" */
    0x8, 0xef, 0xa1, 0x0, 0x0, 0x0, 0x0, 0x0,
    0x0, 0x6, 0xfe, 0xcf, 0xe1, 0x0, 0x0, 0x0,
    0x0, 0x0, 0x0, 0x8f, 0x60, 0x6f, 0x90, 0x0,
    0x0, 0x0, 0x0, 0x0, 0x4, 0xff, 0xdb, 0xff,
    0xbb, 0xbb, 0xbb, 0xbb, 0xbb, 0xb6, 0x5, 0xcf,
    0xff, 0xff, 0xff, 0xff, 0xff, 0xff, 0xff, 0x40,

    /* U+060F "؏" */
    0x0, 0x5, 0xcf, 0xfd, 0x50, 0x7, 0xff, 0xcb,
    0xe4, 0x0, 0xff, 0x40, 0x0, 0x0, 0x2f, 0xe0,
    0x0, 0x0, 0x0, 0xff, 0x10, 0x54, 0x0, 0x6,
    0xfc, 0xef, 0xc0, 0x0, 0x1e, 0xfd, 0x50, 0x0,
    0xd, 0xf8, 0x0, 0x0, 0x7, 0xfc, 0xae, 0xfb,
    0x10, 0xbf, 0xfd, 0x8a, 0xfb, 0xc, 0xfb, 0x0,
    0xf, 0xe9, 0xef, 0xfd, 0xbe, 0xf8, 0x43, 0x3b,
    0xff, 0xd6, 0x0,

    /* U+0610 "ؐ" */
    0x55, 0x93, 0xb6, 0x19, 0xba, 0xa7, 0x50, 0x0,

    /* U+0611 "ؑ" */
    0x5, 0x90, 0x99, 0x0, 0xba, 0x90, 0x20, 0x0,

    /* U+0612 "ؒ" */
    0x9b, 0x50, 0x90, 0xc, 0xc, 0x18, 0xe3, 0xcb,
    0x31, 0x1c, 0x80, 0x2b, 0x50,

    /* U+0613 "ؓ" */
    0x1, 0x60, 0x24, 0x69, 0x3c, 0xba, 0xa7, 0xc7,
    0x0, 0xc, 0x0, 0x1b, 0x70,

    /* U+0614 "ؔ" */
    0x0, 0x0, 0x0, 0x7, 0x45, 0x48, 0xab, 0x22,
    0x0, 0x0,

    /* U+0615 "ؕ" */
    0x0, 0x0, 0xc1, 0x0, 0xc9, 0xd4, 0xc5, 0x49,
    0xfe, 0xe9,

    /* U+0616 "ؖ" */
    0x2, 0xbb, 0x20, 0x2b, 0xb2, 0x2, 0xbb, 0x20,
    0x8a, 0xb2, 0xd9, 0x12, 0xa, 0xee, 0xec,

    /* U+0617 "ؗ" */
    0xb, 0x0, 0x70, 0xd, 0x10, 0xe1, 0xbb, 0x0,

    /* U+0618 "ؘ" */
    0x0, 0x1b, 0xc4, 0x10, 0x0,

    /* U+0619 "ؙ" */
    0x4, 0xc5, 0x7, 0x98, 0x9c, 0x90,

    /* U+061A "ؚ" */
    0x48, 0x48, 0x40,

    /* U+061B "؛" */
    0x0, 0xbe, 0x0, 0x1f, 0xb0, 0x7, 0xf7, 0x0,
    0xbe, 0x40, 0x0, 0x0, 0x0, 0x0, 0x0, 0x0,
    0x0, 0x0, 0x0, 0x0, 0x5, 0x60, 0x1, 0xff,
    0x50, 0xd, 0xf3, 0x0,

    /* U+061C "؜" */

    /* U+061D "؝" */
    0x5, 0xbd, 0xa2, 0x6, 0xff, 0xff, 0xf2, 0xde,
    0x30, 0x7f, 0xaf, 0xc0, 0x0, 0x51, 0xcf, 0x30,
    0x0, 0x4, 0xfd, 0x0, 0x0, 0x7, 0xf6, 0x0,
    0x0, 0xe, 0xb0, 0x0, 0x0, 0xae, 0x0, 0x0,
    0x9, 0xfb, 0x90, 0x0, 0x8f, 0xff, 0x0, 0x1,
    0xcf, 0x90,

    /* U+061E "؞" */
    0x1, 0xe6, 0x0, 0x3, 0xb6, 0x10, 0x9f, 0x3d,
    0xf0, 0x7f, 0x2b, 0xd0,

    /* U+061F "؟" */
    0x4, 0x9a, 0x83, 0x6, 0xff, 0xff, 0xf5, 0xdf,
    0x40, 0x38, 0xe, 0xf0, 0x0, 0x0, 0xaf, 0x80,
    0x0, 0x1, 0xcf, 0x90, 0x0, 0x0, 0xbf, 0x50,
    0x0, 0x2, 0xf9, 0x0, 0x0, 0x3, 0x20, 0x0,
    0x1, 0x73, 0x0, 0x0, 0x8f, 0xe0, 0x0, 0x5,
    0xfa, 0x0,

    /* U+0620 "ؠ" */
    0x0, 0x0, 0x0, 0x0, 0x7e, 0xfb, 0x10, 0x0,
    0x0, 0x1, 0xcf, 0xfe, 0xd0, 0x0, 0x0, 0x0,
    0xcf, 0xa1, 0x1, 0x0, 0x0, 0x0, 0x5f, 0xb0,
    0x0, 0x0, 0x0, 0x0, 0x9, 0xf7, 0x0, 0x0,
    0x9, 0xf4, 0x0, 0x5f, 0xf8, 0x0, 0x0, 0xdf,
    0x10, 0x0, 0x5f, 0xfc, 0x10, 0xe, 0xf1, 0x0,
    0x0, 0x1b, 0xfe, 0x10, 0xef, 0x30, 0x0, 0x0,
    0xb, 0xf6, 0xb, 0xfc, 0x10, 0x0, 0x3, 0xdf,
    0x60, 0x3f, 0xff, 0xff, 0xff, 0xff, 0xc0, 0x0,
    0x39, 0xbb, 0xbb, 0xa9, 0x50, 0x0, 0x0, 0x0,
    0x0, 0x0, 0x0, 0x0, 0x0, 0x0, 0x0, 0x0,
    0x0, 0x0, 0x0, 0x0, 0x2, 0xde, 0x80, 0x0,
    0x0, 0x0, 0x0, 0x79, 0x1f, 0x0, 0x0, 0x0,
    0x0, 0x2, 0xde, 0x80, 0x0, 0x0, 0x0,

    /* U+0621 "ء" */
    0x4, 0xcf, 0xfc, 0x2, 0xff, 0xcb, 0xc0, 0x8f,
    0xa0, 0x0, 0x7, 0xf8, 0x0, 0x0, 0x1e, 0xe7,
    0x89, 0x5c, 0xff, 0xff, 0xf8, 0xa8, 0x64, 0x20,
    0x0,

    /* U+0622 "آ" */
    0x4e, 0xa1, 0x66, 0xc3, 0x7f, 0xe1, 0x11, 0x32,
    0x0, 0x6, 0xfa, 0x0, 0x6, 0xfa, 0x0, 0x6,
    0xfa, 0x0, 0x6, 0xfa, 0x0, 0x6, 0xfa, 0x0,
    0x6, 0xfa, 0x0, 0x6, 0xfa, 0x0, 0x6, 0xfa,
    0x0, 0x6, 0xfa, 0x0, 0x6, 0xfa, 0x0, 0x6,
    0xfa, 0x0,

    /* U+0623 "أ" */
    0x3d, 0xd0, 0xb6, 0x0, 0xa4, 0x0, 0xae, 0xd4,
    0x34, 0x20, 0x6f, 0xa0, 0x6f, 0xa0, 0x6f, 0xa0,
    0x6f, 0xa0, 0x6f, 0xa0, 0x6f, 0xa0, 0x6f, 0xa0,
    0x6f, 0xa0, 0x6f, 0xa0, 0x6f, 0xa0, 0x6f, 0xa0,

    /* U+0624 "ؤ" */
    0x0, 0x9, 0xd9, 0x0, 0x0, 0xf, 0x0, 0x0,
    0x0, 0x2d, 0xde, 0x0, 0x0, 0x14, 0x20, 0x0,
    0x0, 0x0, 0x0, 0x0, 0x0, 0x7d, 0xff, 0xf5,
    0xc, 0xfe, 0xbe, 0xf5, 0x8f, 0xc0, 0xb, 0xf5,
    0xcf, 0x50, 0xb, 0xf5, 0xdf, 0x40, 0xb, 0xf5,
    0xbf, 0x80, 0xb, 0xf5, 0x4f, 0xfc, 0xbe, 0xf5,
    0x5, 0xdf, 0xff, 0xf5, 0x0, 0x0, 0xc, 0xf4,
    0x25, 0x10, 0x5f, 0xf1, 0xbf, 0xff, 0xff, 0x70,
    0x27, 0xaa, 0x83, 0x0,

    /* U+0625 "إ" */
    0x6, 0xfa, 0x0, 0x6f, 0xa0, 0x6, 0xfa, 0x0,
    0x6f, 0xa0, 0x6, 0xfa, 0x0, 0x6f, 0xa0, 0x6,
    0xfa, 0x0, 0x6f, 0xa0, 0x6, 0xfa, 0x0, 0x6f,
    0xa0, 0x6, 0xfa, 0x0, 0x6f, 0xa0, 0x0, 0x0,
    0x0, 0x7d, 0xb0, 0xe, 0x20, 0x1, 0xcd, 0xd1,
    0x3, 0x10, 0x0,

    /* U+0626 "ئ" */
    0x6, 0xdb, 0x0, 0x0, 0x0, 0x0, 0x0, 0xe3,
    0x0, 0x0, 0x5, 0xbd, 0x90, 0xb, 0x30, 0x0,
    0xa, 0xff, 0xfe, 0x1, 0xff, 0xf2, 0xa, 0xfc,
    0x31, 0x50, 0x3, 0x10, 0x4, 0xfc, 0x0, 0x0,
    0x0, 0x0, 0x0, 0x9f, 0x60, 0x0, 0x0, 0x37,
    0x20, 0x7, 0xfe, 0x50, 0x0, 0xb, 0xf2, 0x0,
    0x9, 0xff, 0x90, 0x0, 0xef, 0x10, 0x0, 0x4,
    0xef, 0xb0, 0xf, 0xf1, 0x0, 0x0, 0x1, 0xdf,
    0x50, 0xdf, 0x80, 0x0, 0x0, 0xc, 0xf6, 0x6,
    0xff, 0xcb, 0xbb, 0xbe, 0xff, 0x10, 0x7, 0xef,
    0xff, 0xff, 0xd9, 0x20, 0x0,

    /* U+0627 "ا" */
    0x6f, 0xa6, 0xfa, 0x6f, 0xa6, 0xfa, 0x6f, 0xa6,
    0xfa, 0x6f, 0xa6, 0xfa, 0x6f, 0xa6, 0xfa, 0x6f,
    0xa6, 0xfa,

    /* U+0628 "ب" */
    0x0, 0x0, 0x0, 0x0, 0xf, 0xf0, 0x0, 0x0,
    0x0, 0x0, 0xf, 0xf0, 0x48, 0x20, 0x0, 0x0,
    0xf, 0xf0, 0xcf, 0x30, 0x0, 0x0, 0xf, 0xf0,
    0xef, 0x20, 0x0, 0x0, 0xf, 0xf0, 0xef, 0x50,
    0x0, 0x0, 0xf, 0xf0, 0x9f, 0xfb, 0xbb, 0xbb,
    0xbf, 0xf0, 0x9, 0xef, 0xff, 0xff, 0xff, 0xf0,
    0x0, 0x0, 0x0, 0x0, 0x0, 0x0, 0x0, 0x0,
    0x2f, 0x80, 0x0, 0x0, 0x0, 0x0, 0x3f, 0x90,
    0x0, 0x0, 0x0, 0x0, 0x1, 0x0, 0x0, 0x0,

    /* U+0629 "ة" */
    0x8, 0xe2, 0xcc, 0x0, 0xa, 0xf2, 0xee, 0x0,
    0x0, 0x10, 0x11, 0x0, 0x0, 0x0, 0x0, 0x0,
    0x2, 0xbf, 0xfa, 0x10, 0x1e, 0xfc, 0xdf, 0xd0,
    0x9f, 0x90, 0xb, 0xf7, 0xdf, 0x20, 0x5, 0xfc,
    0xff, 0x10, 0x3, 0xfd, 0xcf, 0x50, 0x7, 0xfb,
    0x6f, 0xfc, 0xcf, 0xf5, 0x6, 0xdf, 0xfc, 0x50,

    /* U+062A "ت" */
    0x0, 0x1, 0x0, 0x20, 0x0, 0x0, 0x0, 0x1f,
    0xb5, 0xf7, 0x0, 0x0, 0x0, 0x1e, 0xa4, 0xf6,
    0x0, 0x0, 0x0, 0x0, 0x0, 0x0, 0xf, 0xf0,
    0x0, 0x0, 0x0, 0x0, 0xf, 0xf0, 0x6a, 0x30,
    0x0, 0x0, 0xf, 0xf0, 0xdf, 0x20, 0x0, 0x0,
    0xf, 0xf0, 0xff, 0x20, 0x0, 0x0, 0xf, 0xf0,
    0xef, 0x50, 0x0, 0x0, 0xf, 0xf0, 0x8f, 0xfb,
    0xbb, 0xbb, 0xbf, 0xf0, 0x9, 0xef, 0xff, 0xff,
    0xff, 0xf0,

    /* U+062B "ث" */
    0x0, 0x0, 0x8e, 0x0, 0x0, 0x0, 0x0, 0x0,
    0x6c, 0x0, 0x0, 0x0, 0x0, 0xe, 0xa3, 0xf6,
    0x0, 0x0, 0x0, 0x1f, 0xc5, 0xf7, 0x0, 0x0,
    0x0, 0x1, 0x0, 0x20, 0xf, 0xf0, 0x0, 0x0,
    0x0, 0x0, 0xf, 0xf0, 0x6a, 0x30, 0x0, 0x0,
    0xf, 0xf0, 0xdf, 0x20, 0x0, 0x0, 0xf, 0xf0,
    0xff, 0x20, 0x0, 0x0, 0xf, 0xf0, 0xef, 0x50,
    0x0, 0x0, 0xf, 0xf0, 0x8f, 0xfb, 0xbb, 0xbb,
    0xbf, 0xf0, 0x9, 0xef, 0xff, 0xff, 0xff, 0xf0,

    /* U+062C "ج" */
    0x6, 0xbf, 0xfd, 0x70, 0x0, 0xe, 0xfc, 0xcf,
    0xf7, 0x0, 0x3, 0x0, 0x4, 0xfe, 0x0, 0x0,
    0x0, 0x0, 0xdf, 0x20, 0x0, 0x0, 0x0, 0x8f,
    0x60, 0x0, 0x0, 0x5b, 0xff, 0xd0, 0x0, 0x4e,
    0xfe, 0x9a, 0xf7, 0x6, 0xfe, 0x50, 0x0, 0x60,
    0x1f, 0xf2, 0xd, 0xb0, 0x0, 0x4f, 0xc0, 0xf,
    0xd0, 0x0, 0x3f, 0xf1, 0x1, 0x10, 0x0, 0xc,
    0xff, 0xbc, 0xe3, 0x0, 0x1, 0xae, 0xfe, 0xb2,
    0x0,

    /* U+062D "ح" */
    0x6, 0xbf, 0xfd, 0x70, 0x0, 0xe, 0xfc, 0xcf,
    0xf7, 0x0, 0x3, 0x0, 0x4, 0xfe, 0x0, 0x0,
    0x0, 0x0, 0xdf, 0x10, 0x0, 0x0, 0x0, 0x8f,
    0x60, 0x0, 0x0, 0x4a, 0xef, 0xc0, 0x0, 0x3d,
    0xff, 0xbc, 0xf7, 0x5, 0xff, 0x70, 0x0, 0x90,
    0xf, 0xf2, 0x0, 0x0, 0x0, 0x4f, 0xc0, 0x0,
    0x0, 0x0, 0x3f, 0xf1, 0x0, 0x0, 0x0, 0xd,
    0xff, 0xbc, 0xe3, 0x0, 0x1, 0xae, 0xfe, 0xb2,
    0x0,

    /* U+062E "خ" */
    0x0, 0x9, 0xe1, 0x0, 0x0, 0x0, 0xb, 0xf2,
    0x0, 0x0, 0x0, 0x0, 0x10, 0x0, 0x0, 0x0,
    0x0, 0x0, 0x0, 0x0, 0x6, 0xbf, 0xfd, 0x70,
    0x0, 0xe, 0xfc, 0xcf, 0xf7, 0x0, 0x3, 0x0,
    0x4, 0xfe, 0x0, 0x0, 0x0, 0x0, 0xdf, 0x10,
    0x0, 0x0, 0x0, 0x8f, 0x60, 0x0, 0x0, 0x4a,
    0xef, 0xc0, 0x0, 0x3d, 0xff, 0xbc, 0xf7, 0x5,
    0xff, 0x70, 0x0, 0x90, 0xf, 0xf2, 0x0, 0x0,
    0x0, 0x4f, 0xc0, 0x0, 0x0, 0x0, 0x3f, 0xf1,
    0x0, 0x0, 0x0, 0xd, 0xff, 0xbc, 0xe3, 0x0,
    0x1, 0xae, 0xfe, 0xb2, 0x0,

    /* U+062F "د" */
    0x0, 0x0, 0x0, 0x0, 0x0, 0x2, 0xd4, 0x0,
    0x0, 0x0, 0x8f, 0xf6, 0x0, 0x0, 0x0, 0x9f,
    0xf4, 0x0, 0x0, 0x0, 0x9f, 0xd0, 0x0, 0x0,
    0x0, 0xef, 0x50, 0x0, 0x0, 0x7, 0xfa, 0x0,
    0x0, 0x0, 0x2f, 0xf0, 0x3b, 0xbb, 0xbb, 0xff,
    0x14, 0xff, 0xff, 0xff, 0xf2,

    /* U+0630 "ذ" */
    0x0, 0xbd, 0x0, 0x0, 0x0, 0xd, 0xf0, 0x0,
    0x0, 0x0, 0x1, 0x0, 0x0, 0x0, 0x0, 0x10,
    0x0, 0x0, 0x0, 0x3f, 0x60, 0x0, 0x0, 0x8,
    0xff, 0x80, 0x0, 0x0, 0x7, 0xff, 0x50, 0x0,
    0x0, 0x8, 0xfe, 0x0, 0x0, 0x0, 0xd, 0xf5,
    0x0, 0x0, 0x0, 0x6f, 0xb0, 0x0, 0x0, 0x2,
    0xff, 0x3, 0xbb, 0xbb, 0xbf, 0xf1, 0x4f, 0xff,
    0xff, 0xff, 0x20,

    /* U+0631 "ر" */
    0x0, 0x0, 0x78, 0x0, 0x0, 0xf, 0xf0, 0x0,
    0x0, 0xff, 0x0, 0x0, 0xf, 0xf0, 0x0, 0x0,
    0xff, 0x0, 0x0, 0xf, 0xf0, 0x0, 0x0, 0xff,
    0x0, 0x0, 0xf, 0xf0, 0x0, 0x0, 0xff, 0x0,
    0x0, 0x4f, 0xe0, 0x3e, 0xcf, 0xf8, 0x4, 0xcf,
    0xe9, 0x0,

    /* U+0632 "ز" */
    0x0, 0x0, 0xdb, 0x0, 0x0, 0xf, 0xc0, 0x0,
    0x0, 0x10, 0x0, 0x0, 0x0, 0x0, 0x0, 0x0,
    0xff, 0x0, 0x0, 0xf, 0xf0, 0x0, 0x0, 0xff,
    0x0, 0x0, 0xf, 0xf0, 0x0, 0x0, 0xff, 0x0,
    0x0, 0xf, 0xf0, 0x0, 0x0, 0xff, 0x0, 0x0,
    0xf, 0xf0, 0x0, 0x0, 0xff, 0x0, 0x30, 0x7f,
    0xd0, 0x5f, 0xff, 0xf6, 0x1, 0x8b, 0xa5, 0x0,

    /* U+0633 "س" */
    0x0, 0x0, 0x0, 0x0, 0x0, 0x0, 0x0, 0x0,
    0xb, 0xf5, 0x0, 0x0, 0x0, 0x5, 0x82, 0x0,
    0x48, 0x30, 0xb, 0xf5, 0x0, 0x0, 0x0, 0xb,
    0xf5, 0x0, 0x9f, 0x70, 0xb, 0xf5, 0x0, 0x0,
    0x0, 0xb, 0xf5, 0x0, 0x9f, 0x70, 0xb, 0xf5,
    0x6f, 0x80, 0x0, 0xb, 0xf5, 0x0, 0x9f, 0x70,
    0xb, 0xf5, 0xbf, 0x40, 0x0, 0xb, 0xf5, 0x0,
    0xdf, 0x90, 0xb, 0xf5, 0xef, 0x20, 0x0, 0xb,
    0xfc, 0xbd, 0xff, 0xfd, 0xbe, 0xf5, 0xff, 0x20,
    0x0, 0xb, 0xff, 0xff, 0xc3, 0x6e, 0xff, 0xf5,
    0xdf, 0x40, 0x0, 0xd, 0xf4, 0x0, 0x0, 0x0,
    0x0, 0x0, 0x8f, 0xc2, 0x1, 0x8f, 0xf0, 0x0,
    0x0, 0x0, 0x0, 0x0, 0x1d, 0xff, 0xff, 0xff,
    0x60, 0x0, 0x0, 0x0, 0x0, 0x0, 0x0, 0x7a,
    0xba, 0x82, 0x0, 0x0, 0x0, 0x0, 0x0, 0x0,

    /* U+0634 "ش" */
    0x0, 0x0, 0x0, 0x0, 0x0, 0x0, 0x6e, 0x20,
    0x0, 0x0, 0x0, 0x0, 0x0, 0x0, 0x0, 0x1,
    0x6d, 0x30, 0x0, 0x0, 0x0, 0x0, 0x0, 0x0,
    0x0, 0xe, 0xe3, 0xfa, 0x0, 0x0, 0x0, 0x0,
    0x0, 0x0, 0x0, 0xc, 0xc2, 0xe8, 0x0, 0x0,
    0x0, 0x0, 0x0, 0x0, 0x0, 0x0, 0x0, 0x0,
    0x9, 0xc3, 0x0, 0x0, 0x0, 0x6, 0x83, 0x0,
    0x58, 0x30, 0xb, 0xf5, 0x0, 0x0, 0x0, 0xb,
    0xf5, 0x0, 0x9f, 0x70, 0xb, 0xf5, 0x1, 0x0,
    0x0, 0xb, 0xf5, 0x0, 0x9f, 0x70, 0xb, 0xf5,
    0x6f, 0x70, 0x0, 0xb, 0xf5, 0x0, 0x9f, 0x70,
    0xb, 0xf5, 0xbf, 0x40, 0x0, 0xb, 0xf5, 0x0,
    0xdf, 0x90, 0xb, 0xf5, 0xef, 0x20, 0x0, 0xb,
    0xfc, 0xbd, 0xff, 0xfd, 0xbe, 0xf5, 0xff, 0x20,
    0x0, 0xb, 0xff, 0xff, 0xc3, 0x6e, 0xff, 0xf5,
    0xdf, 0x40, 0x0, 0xd, 0xf4, 0x0, 0x0, 0x0,
    0x0, 0x0, 0x8f, 0xd2, 0x1, 0x8f, 0xf0, 0x0,
    0x0, 0x0, 0x0, 0x0, 0xd, 0xff, 0xff, 0xff,
    0x60, 0x0, 0x0, 0x0, 0x0, 0x0, 0x0, 0x7a,
    0xba, 0x82, 0x0, 0x0, 0x0, 0x0, 0x0, 0x0,

    /* U+0635 "ص" */
    0x0, 0x0, 0x0, 0xb, 0xf5, 0x6, 0xdf, 0xfb,
    0x20, 0x0, 0x0, 0x0, 0xb, 0xf5, 0x9f, 0xa9,
    0xdf, 0xe0, 0x0, 0x0, 0x0, 0xb, 0xfa, 0xe2,
    0x0, 0xd, 0xf6, 0x3, 0x10, 0x0, 0xb, 0xff,
    0x30, 0x0, 0x8, 0xf8, 0x7f, 0x70, 0x0, 0xb,
    0xf9, 0x0, 0x0, 0x7, 0xf9, 0xbf, 0x40, 0x0,
    0xb, 0xf5, 0x0, 0x0, 0x7, 0xf9, 0xef, 0x20,
    0x0, 0xb, 0xfc, 0xbb, 0xbb, 0xbd, 0xf9, 0xff,
    0x20, 0x0, 0xb, 0xff, 0xff, 0xff, 0xff, 0xf9,
    0xdf, 0x40, 0x0, 0xd, 0xf4, 0x0, 0x0, 0x0,
    0x0, 0x8f, 0xd2, 0x1, 0x8f, 0xf0, 0x0, 0x0,
    0x0, 0x0, 0xd, 0xff, 0xff, 0xff, 0x50, 0x0,
    0x0, 0x0, 0x0, 0x0, 0x6a, 0xba, 0x82, 0x0,
    0x0, 0x0, 0x0, 0x0,

    /* U+0636 "ض" */
    0x0, 0x0, 0x0, 0x0, 0x0, 0x7, 0xf2, 0x0,
    0x0, 0x0, 0x0, 0x0, 0x0, 0x0, 0x9, 0xf3,
    0x0, 0x0, 0x0, 0x0, 0x0, 0x0, 0x0, 0x0,
    0x10, 0x0, 0x0, 0x0, 0x0, 0x0, 0x0, 0x0,
    0x0, 0x0, 0x0, 0x0, 0x0, 0x0, 0x0, 0xb,
    0xf5, 0x6, 0xdf, 0xfb, 0x20, 0x0, 0x0, 0x0,
    0xb, 0xf5, 0x9f, 0xa9, 0xdf, 0xe0, 0x0, 0x0,
    0x0, 0xb, 0xfa, 0xe2, 0x0, 0xd, 0xf6, 0x3,
    0x10, 0x0, 0xb, 0xff, 0x30, 0x0, 0x8, 0xf8,
    0x7f, 0x70, 0x0, 0xb, 0xf9, 0x0, 0x0, 0x7,
    0xf9, 0xbf, 0x40, 0x0, 0xb, 0xf5, 0x0, 0x0,
    0x7, 0xf9, 0xef, 0x20, 0x0, 0xb, 0xfc, 0xbb,
    0xbb, 0xbd, 0xf9, 0xff, 0x20, 0x0, 0xb, 0xff,
    0xff, 0xff, 0xff, 0xf9, 0xdf, 0x40, 0x0, 0xd,
    0xf4, 0x0, 0x0, 0x0, 0x0, 0x8f, 0xd2, 0x1,
    0x8f, 0xf0, 0x0, 0x0, 0x0, 0x0, 0xd, 0xff,
    0xff, 0xff, 0x50, 0x0, 0x0, 0x0, 0x0, 0x0,
    0x6a, 0xba, 0x82, 0x0, 0x0, 0x0, 0x0, 0x0,

    /* U+0637 "ط" */
    0x0, 0xff, 0x0, 0x0, 0x0, 0x0, 0x0, 0xf,
    0xf0, 0x0, 0x0, 0x0, 0x0, 0x0, 0xff, 0x0,
    0x0, 0x0, 0x0, 0x0, 0xf, 0xf0, 0x0, 0x0,
    0x0, 0x0, 0x0, 0xff, 0x0, 0x9e, 0xfe, 0x80,
    0x0, 0xf, 0xf1, 0xdf, 0xcc, 0xff, 0xa0, 0x0,
    0xff, 0xac, 0x20, 0x3, 0xff, 0x10, 0xf, 0xfe,
    0x10, 0x0, 0xd, 0xf3, 0x0, 0xff, 0x50, 0x0,
    0x0, 0xcf, 0x40, 0xf, 0xf0, 0x0, 0x0, 0xc,
    0xf4, 0x7b, 0xff, 0xbb, 0xbb, 0xbb, 0xef, 0x4a,
    0xff, 0xff, 0xff, 0xff, 0xff, 0xf4,

    /* U+0638 "ظ" */
    0x0, 0xff, 0x0, 0x3, 0xf6, 0x0, 0x0, 0xf,
    0xf0, 0x0, 0x4f, 0x80, 0x0, 0x0, 0xff, 0x0,
    0x0, 0x20, 0x0, 0x0, 0xf, 0xf0, 0x0, 0x0,
    0x0, 0x0, 0x0, 0xff, 0x0, 0x9e, 0xfe, 0x80,
    0x0, 0xf, 0xf1, 0xdf, 0xcc, 0xff, 0xa0, 0x0,
    0xff, 0xac, 0x20, 0x3, 0xff, 0x10, 0xf, 0xfe,
    0x10, 0x0, 0xd, 0xf3, 0x0, 0xff, 0x50, 0x0,
    0x0, 0xcf, 0x40, 0xf, 0xf0, 0x0, 0x0, 0xc,
    0xf4, 0x7b, 0xff, 0xbb, 0xbb, 0xbb, 0xef, 0x4a,
    0xff, 0xff, 0xff, 0xff, 0xff, 0xf4,

    /* U+0639 "ع" */
    0x0, 0x7d, 0xff, 0xc3, 0x9, 0xff, 0xbc, 0xf1,
    0x2f, 0xf2, 0x0, 0x0, 0x5f, 0xb0, 0x0, 0x0,
    0x3f, 0xc0, 0x0, 0x0, 0xd, 0xf3, 0x6c, 0x60,
    0x3, 0xff, 0xfd, 0x60, 0x1c, 0xfc, 0x30, 0x0,
    0x9f, 0x90, 0x0, 0x0, 0xef, 0x20, 0x0, 0x0,
    0xef, 0x50, 0x0, 0x0, 0x7f, 0xfc, 0xbd, 0x80,
    0x7, 0xdf, 0xfc, 0x60,

    /* U+063A "غ" */
    0x0, 0xa, 0xe0, 0x0, 0x0, 0xc, 0xf1, 0x0,
    0x0, 0x0, 0x10, 0x0, 0x0, 0x0, 0x0, 0x0,
    0x0, 0x7d, 0xff, 0xc3, 0x9, 0xff, 0xbc, 0xf1,
    0x2f, 0xf2, 0x0, 0x0, 0x5f, 0xb0, 0x0, 0x0,
    0x3f, 0xc0, 0x0, 0x0, 0xd, 0xf3, 0x6c, 0x60,
    0x3, 0xff, 0xfd, 0x60, 0x1c, 0xfc, 0x30, 0x0,
    0x9f, 0x90, 0x0, 0x0, 0xef, 0x20, 0x0, 0x0,
    0xef, 0x50, 0x0, 0x0, 0x7f, 0xfc, 0xbd, 0x80,
    0x7, 0xdf, 0xfc, 0x60,

    /* U+063B "ػ" */
    0x0, 0x0, 0x83, 0x0, 0x1, 0x0, 0x0, 0x0,
    0xd7, 0x1, 0x9f, 0x50, 0x0, 0x8c, 0x0, 0x2e,
    0xff, 0x70, 0x0, 0x47, 0x2, 0xef, 0xb2, 0x0,
    0x0, 0x0, 0xd, 0xf8, 0x0, 0x0, 0x0, 0x0,
    0x8f, 0x90, 0x0, 0x0, 0x0, 0x0, 0xdf, 0xff,
    0xea, 0x20, 0x0, 0x0, 0x9b, 0xbb, 0xff, 0xe1,
    0x25, 0x10, 0x0, 0x0, 0x1d, 0xf7, 0xcf, 0x30,
    0x0, 0x0, 0x8, 0xf9, 0xef, 0x10, 0x0, 0x0,
    0x7, 0xf9, 0xef, 0x40, 0x0, 0x0, 0x7, 0xf9,
    0x9f, 0xfb, 0xbb, 0xbb, 0xbd, 0xf9, 0xa, 0xff,
    0xff, 0xff, 0xff, 0xf9,

    /* U+063C "ؼ" */
    0x0, 0x0, 0x0, 0x0, 0x0, 0x0, 0x0, 0x0,
    0x0, 0x0, 0x7e, 0x40, 0x0, 0x0, 0x0, 0x1c,
    0xff, 0x80, 0x0, 0x0, 0x2, 0xef, 0xc3, 0x0,
    0x0, 0x0, 0xd, 0xf9, 0x0, 0x0, 0x0, 0x0,
    0x8f, 0x90, 0x0, 0x0, 0x0, 0x0, 0xdf, 0xff,
    0xea, 0x20, 0x0, 0x0, 0x9b, 0xbb, 0xff, 0xe1,
    0x25, 0x10, 0x0, 0x0, 0x1d, 0xf7, 0xcf, 0x30,
    0x0, 0x0, 0x8, 0xf9, 0xef, 0x10, 0x0, 0x0,
    0x7, 0xf9, 0xef, 0x40, 0x0, 0x0, 0x7, 0xf9,
    0x9f, 0xfb, 0xbb, 0xbb, 0xbd, 0xf9, 0xa, 0xff,
    0xff, 0xff, 0xff, 0xf9, 0x0, 0x0, 0x0, 0x0,
    0x0, 0x0, 0x0, 0x0, 0x0, 0x0, 0x0, 0x0,
    0x0, 0x0, 0x10, 0x10, 0x0, 0x0, 0x0, 0xd,
    0xe2, 0xfb, 0x0, 0x0, 0x0, 0xb, 0xd1, 0xe9,
    0x0, 0x0, 0x0, 0x0, 0x5f, 0x20, 0x0, 0x0,
    0x0, 0x0, 0x4d, 0x20, 0x0, 0x0,

    /* U+063D "ؽ" */
    0x0, 0x72, 0x0, 0x0, 0x0, 0x0, 0x0, 0x8e,
    0xb0, 0x0, 0x5, 0xbd, 0x80, 0x1f, 0x3e, 0x40,
    0xa, 0xff, 0xfe, 0x5, 0x70, 0x57, 0xa, 0xfc,
    0x31, 0x20, 0x0, 0x0, 0x4, 0xfc, 0x0, 0x0,
    0x0, 0x0, 0x0, 0x9f, 0x60, 0x0, 0x0, 0x6c,
    0x30, 0x7, 0xfe, 0x50, 0x0, 0xc, 0xf2, 0x0,
    0x9, 0xff, 0x90, 0x0, 0xef, 0x10, 0x0, 0x4,
    0xef, 0xb0, 0xf, 0xf2, 0x0, 0x0, 0x1, 0xdf,
    0x50, 0xcf, 0x80, 0x0, 0x0, 0xc, 0xf6, 0x6,
    0xff, 0xcb, 0xbb, 0xbe, 0xff, 0x10, 0x7, 0xef,
    0xff, 0xff, 0xd9, 0x20, 0x0,

    /* U+063E "ؾ" */
    0x6c, 0x2a, 0xb0, 0x0, 0x5b, 0xd8, 0x8, 0xf3,
    0xcd, 0x0, 0xaf, 0xff, 0xe0, 0x0, 0x0, 0x0,
    0xaf, 0xc3, 0x12, 0x0, 0x0, 0x0, 0x4f, 0xc0,
    0x0, 0x0, 0x0, 0x0, 0x9, 0xf6, 0x0, 0x0,
    0x6, 0xc3, 0x0, 0x7f, 0xe5, 0x0, 0x0, 0xcf,
    0x20, 0x0, 0x9f, 0xf9, 0x0, 0xe, 0xf1, 0x0,
    0x0, 0x4e, 0xfb, 0x0, 0xff, 0x20, 0x0, 0x0,
    0x1d, 0xf5, 0xc, 0xf8, 0x0, 0x0, 0x0, 0xcf,
    0x60, 0x6f, 0xfc, 0xbb, 0xbb, 0xef, 0xf1, 0x0,
    0x7e, 0xff, 0xff, 0xfd, 0x92, 0x0,

    /* U+063F "ؿ" */
    0x1, 0xd5, 0x0, 0x0, 0x0, 0x0, 0x0, 0x1e,
    0x60, 0x0, 0x0, 0x0, 0x0, 0x7f, 0x2b, 0xd0,
    0x0, 0x7e, 0xfb, 0x19, 0xf4, 0xdf, 0x0, 0xcf,
    0xfe, 0xd0, 0x2, 0x1, 0x20, 0xbf, 0xa1, 0x1,
    0x0, 0x0, 0x0, 0x4f, 0xb0, 0x0, 0x0, 0x0,
    0x0, 0x9, 0xf7, 0x0, 0x0, 0x7, 0xd4, 0x0,
    0x7f, 0xf6, 0x0, 0x0, 0xcf, 0x20, 0x0, 0x8f,
    0xfb, 0x0, 0xe, 0xf1, 0x0, 0x0, 0x4d, 0xfc,
    0x0, 0xff, 0x20, 0x0, 0x0, 0xd, 0xf5, 0xc,
    0xf9, 0x0, 0x0, 0x0, 0xcf, 0x60, 0x5f, 0xfc,
    0xbb, 0xbb, 0xef, 0xe1, 0x0, 0x7e, 0xff, 0xff,
    0xfd, 0x92, 0x0,

    /* U+0640 "ـ" */
    0x1b, 0xba, 0x2f, 0xfe,

    /* U+0641 "ف" */
    0x0, 0x0, 0x0, 0x0, 0x0, 0xdb, 0x0, 0x0,
    0x0, 0x0, 0x0, 0x0, 0xf, 0xd0, 0x0, 0x0,
    0x0, 0x0, 0x0, 0x0, 0x11, 0x0, 0x0, 0x0,
    0x0, 0x0, 0x0, 0x0, 0x0, 0x0, 0x0, 0x0,
    0x0, 0x0, 0x8, 0xdf, 0xff, 0x80, 0x0, 0x0,
    0x0, 0xc, 0xff, 0xbd, 0xf8, 0x7b, 0x30, 0x0,
    0x6, 0xfe, 0x10, 0x8f, 0x8d, 0xf2, 0x0, 0x0,
    0x9f, 0x80, 0x8, 0xf8, 0xff, 0x20, 0x0, 0x9,
    0xf7, 0x0, 0x8f, 0x8d, 0xf5, 0x0, 0x0, 0x5f,
    0xd0, 0x8, 0xf8, 0x8f, 0xfb, 0xbb, 0xbb, 0xff,
    0xeb, 0xdf, 0x80, 0x9e, 0xff, 0xff, 0xff, 0xff,
    0xff, 0xf8,

    /* U+0642 "ق" */
    0x0, 0x0, 0x0, 0xbd, 0x1e, 0xa0, 0x0, 0x0,
    0x0, 0xc, 0xf2, 0xfb, 0x0, 0x0, 0x0, 0x0,
    0x1, 0x1, 0x0, 0x0, 0x0, 0x0, 0x0, 0x0,
    0x0, 0x0, 0x0, 0x0, 0x0, 0x7, 0xdf, 0xff,
    0x90, 0x0, 0x0, 0xb, 0xff, 0xcd, 0xf9, 0x0,
    0x0, 0x5, 0xfe, 0x20, 0x7f, 0x90, 0x11, 0x0,
    0x8f, 0x90, 0x7, 0xf9, 0x6f, 0x70, 0x9, 0xf8,
    0x0, 0x7f, 0x9b, 0xf4, 0x0, 0x6f, 0xd1, 0x7,
    0xf9, 0xef, 0x20, 0x0, 0xdf, 0xeb, 0xdf, 0x9f,
    0xf2, 0x0, 0x1, 0xaf, 0xff, 0xf8, 0xdf, 0x40,
    0x0, 0x0, 0x0, 0x8f, 0x77, 0xfd, 0x30, 0x0,
    0x0, 0x5e, 0xf4, 0xc, 0xff, 0xff, 0xff, 0xff,
    0xfa, 0x0, 0x6, 0xab, 0xbb, 0xbb, 0x95, 0x0,

    /* U+0643 "ك" */
    0x0, 0x0, 0x0, 0x0, 0xf, 0xf0, 0x0, 0x0,
    0x0, 0x0, 0xf, 0xf0, 0x0, 0x0, 0x0, 0x0,
    0xf, 0xf0, 0x0, 0x0, 0x1, 0x20, 0xf, 0xf0,
    0x0, 0x0, 0x3e, 0x40, 0xf, 0xf0, 0x0, 0x0,
    0x5a, 0xe3, 0xf, 0xf0, 0x48, 0x20, 0xbc, 0xd4,
    0xf, 0xf0, 0xcf, 0x20, 0x0, 0x0, 0xf, 0xf0,
    0xef, 0x10, 0x0, 0x0, 0xf, 0xf0, 0xef, 0x50,
    0x0, 0x0, 0xf, 0xf0, 0x9f, 0xfb, 0xbb, 0xbb,
    0xbf, 0xf0, 0x9, 0xef, 0xff, 0xff, 0xff, 0xf0,

    /* U+0644 "ل" */
    0x0, 0x0, 0x0, 0xb, 0xf5, 0x0, 0x0, 0x0,
    0xb, 0xf5, 0x0, 0x0, 0x0, 0xb, 0xf5, 0x0,
    0x0, 0x0, 0xb, 0xf5, 0x0, 0x0, 0x0, 0xb,
    0xf5, 0x0, 0x0, 0x0, 0xb, 0xf5, 0x0, 0x0,
    0x0, 0xb, 0xf5, 0x0, 0x0, 0x0, 0xb, 0xf5,
    0x6f, 0x70, 0x0, 0xb, 0xf5, 0xbf, 0x40, 0x0,
    0xb, 0xf5, 0xef, 0x20, 0x0, 0xb, 0xf5, 0xff,
    0x10, 0x0, 0xb, 0xf5, 0xef, 0x30, 0x0, 0xc,
    0xf4, 0xaf, 0xa0, 0x0, 0x4f, 0xf1, 0x2f, 0xfd,
    0xbc, 0xff, 0x90, 0x3, 0xbf, 0xff, 0xd7, 0x0,

    /* U+0645 "م" */
    0x0, 0x4, 0x9a, 0x82, 0x0, 0x0, 0xbf, 0xff,
    0xff, 0x40, 0x2, 0xfd, 0x30, 0x7f, 0xe0, 0x5,
    0xfa, 0x0, 0xf, 0xf1, 0x5, 0xf9, 0x0, 0xf,
    0xf1, 0x2, 0xfc, 0x0, 0x7f, 0xe0, 0x19, 0xff,
    0xbc, 0xff, 0x50, 0xbf, 0xff, 0xff, 0xc4, 0x0,
    0xff, 0x40, 0x0, 0x0, 0x0, 0xff, 0x10, 0x0,
    0x0, 0x0, 0xff, 0x10, 0x0, 0x0, 0x0, 0xff,
    0x10, 0x0, 0x0, 0x0, 0xff, 0x10, 0x0, 0x0,
    0x0, 0x12, 0x0, 0x0, 0x0, 0x0,

    /* U+0646 "ن" */
    0x0, 0x6, 0xf4, 0x0, 0x0, 0x0, 0x7, 0xf5,
    0x0, 0x0, 0x0, 0x0, 0x20, 0x9, 0xe4, 0x0,
    0x0, 0x0, 0xb, 0xf5, 0x0, 0x0, 0x0, 0xb,
    0xf5, 0x0, 0x0, 0x0, 0xb, 0xf5, 0x5e, 0x70,
    0x0, 0xb, 0xf5, 0xaf, 0x50, 0x0, 0xb, 0xf5,
    0xdf, 0x20, 0x0, 0xb, 0xf5, 0xff, 0x10, 0x0,
    0xb, 0xf5, 0xef, 0x30, 0x0, 0xc, 0xf4, 0xaf,
    0xa0, 0x0, 0x4f, 0xf1, 0x2f, 0xfd, 0xbc, 0xff,
    0x90, 0x3, 0xbf, 0xff, 0xd6, 0x0,

    /* U+0647 "ه" */
    0x0, 0x48, 0xab, 0xb9, 0x50, 0x0, 0x0, 0xff,
    0xff, 0xff, 0xfd, 0x20, 0x0, 0x74, 0x10, 0x3,
    0xcf, 0xe0, 0x0, 0x0, 0x0, 0x0, 0xd, 0xf7,
    0x0, 0x9e, 0xfc, 0x40, 0x6, 0xfb, 0xb, 0xff,
    0xdf, 0xf3, 0x3, 0xfd, 0x3f, 0xf1, 0x9, 0xf9,
    0x2, 0xfe, 0x4f, 0xd0, 0x6, 0xfa, 0x2, 0xfe,
    0xf, 0xf2, 0x6, 0xfa, 0x2, 0xfe, 0xad, 0xff,
    0xbd, 0xfe, 0xbc, 0xfe, 0xff, 0xff, 0xff, 0xff,
    0xff, 0xfe,

    /* U+0648 "و" */
    0x0, 0x7d, 0xff, 0xf5, 0xc, 0xfe, 0xbe, 0xf5,
    0x8f, 0xc0, 0xb, 0xf5, 0xcf, 0x50, 0xb, 0xf5,
    0xdf, 0x40, 0xb, 0xf5, 0xbf, 0x80, 0xb, 0xf5,
    0x4f, 0xfc, 0xbe, 0xf5, 0x5, 0xdf, 0xff, 0xf5,
    0x0, 0x0, 0xc, 0xf4, 0x25, 0x10, 0x5f, 0xf1,
    0xbf, 0xff, 0xff, 0x70, 0x27, 0xaa, 0x83, 0x0,

    /* U+0649 "ى" */
    0x0, 0x0, 0x0, 0x0, 0x5b, 0xd8, 0x0, 0x0,
    0x0, 0x0, 0xaf, 0xff, 0xe0, 0x0, 0x0, 0x0,
    0xaf, 0xc3, 0x12, 0x0, 0x0, 0x0, 0x4f, 0xc0,
    0x0, 0x0, 0x0, 0x0, 0x9, 0xf6, 0x0, 0x0,
    0x6, 0xc3, 0x0, 0x7f, 0xe5, 0x0, 0x0, 0xcf,
    0x20, 0x0, 0x9f, 0xf9, 0x0, 0xe, 0xf1, 0x0,
    0x0, 0x4e, 0xfb, 0x0, 0xff, 0x20, 0x0, 0x0,
    0x1d, 0xf5, 0xc, 0xf8, 0x0, 0x0, 0x0, 0xcf,
    0x60, 0x6f, 0xfc, 0xbb, 0xbb, 0xef, 0xf1, 0x0,
    0x7e, 0xff, 0xff, 0xfd, 0x92, 0x0,

    /* U+064A "ي" */
    0x0, 0x0, 0x0, 0x0, 0x7e, 0xfb, 0x10, 0x0,
    0x0, 0x1, 0xcf, 0xfe, 0xd0, 0x0, 0x0, 0x0,
    0xcf, 0xa1, 0x1, 0x0, 0x0, 0x0, 0x5f, 0xb0,
    0x0, 0x0, 0x0, 0x0, 0x9, 0xf7, 0x0, 0x0,
    0x9, 0xf4, 0x0, 0x5f, 0xf8, 0x0, 0x0, 0xdf,
    0x10, 0x0, 0x5f, 0xfc, 0x10, 0xe, 0xf1, 0x0,
    0x0, 0x1b, 0xfe, 0x10, 0xef, 0x30, 0x0, 0x0,
    0xb, 0xf6, 0xb, 0xfc, 0x10, 0x0, 0x3, 0xdf,
    0x60, 0x3f, 0xff, 0xff, 0xff, 0xff, 0xc0, 0x0,
    0x39, 0xbb, 0xbb, 0xa9, 0x50, 0x0, 0x0, 0x1,
    0x0, 0x20, 0x0, 0x0, 0x0, 0x0, 0xfd, 0x4f,
    0x80, 0x0, 0x0, 0x0, 0xd, 0xb3, 0xf7, 0x0,
    0x0, 0x0,

    /* U+064B "ً" */
    0x0, 0x25, 0x6c, 0xd6, 0x93, 0x57, 0x9e, 0xa3,
    0x60, 0x0,

    /* U+064C "ٌ" */
    0x0, 0x9, 0xd6, 0x1, 0xe, 0x2c, 0x7e, 0x2d,
    0xc8, 0x76, 0xdd, 0x80,

    /* U+064D "ٍ" */
    0x1, 0x69, 0xbe, 0x92, 0x54, 0x9a, 0xdb, 0x50,
    0x10, 0x0,

    /* U+064E "َ" */
    0x0, 0x57, 0x9e, 0xa3, 0x60, 0x0,

    /* U+064F "ُ" */
    0x0, 0x9d, 0x50, 0x1d, 0x3b, 0x20, 0xdd, 0x69,
    0xed, 0x60,

    /* U+0650 "ِ" */
    0x1, 0x69, 0xbe, 0x92, 0x50, 0x0,

    /* U+0651 "ّ" */
    0x0, 0x0, 0x0, 0x80, 0xd0, 0xb3, 0xf0, 0xd1,
    0xc3, 0x9e, 0x8d, 0xb0,

    /* U+0652 "ْ" */
    0x8e, 0xc2, 0xf1, 0x97, 0x8e, 0xd2,

    /* U+0653 "ٓ" */
    0x5e, 0x91, 0x85, 0xd3, 0x8f, 0xe0, 0x10, 0x1,
    0x0,

    /* U+0654 "ٔ" */
    0x1c, 0xd5, 0x5b, 0x0, 0x5f, 0xd9, 0x22, 0x0,

    /* U+0655 "ٕ" */
    0x2c, 0xd3, 0x79, 0x0, 0x6f, 0xd8, 0x32, 0x0,

    /* U+0656 "ٖ" */
    0x0, 0x79, 0x79, 0x79,

    /* U+0657 "ٗ" */
    0x0, 0x43, 0x6, 0xb2, 0xd, 0xb2, 0xc, 0x59,
    0x7, 0xd3,

    /* U+0658 "٘" */
    0x55, 0x87,

    /* U+0659 "ٙ" */
    0x4b, 0xba, 0xc, 0xff, 0x80,

    /* U+065A "ٚ" */
    0xbb, 0xc, 0xa2, 0xf8, 0xf1, 0x8, 0xf7, 0x0,

    /* U+065B "ٛ" */
    0x0, 0xdd, 0x0, 0x7, 0xcc, 0x60, 0x1e, 0x33,
    0xe1,

    /* U+065C "ٜ" */
    0x11, 0xe, 0xe0, 0xcc, 0x0,

    /* U+065D "ٝ" */
    0x8e, 0x60, 0xf, 0x1d, 0x0, 0xac, 0xa1, 0x20,
    0x8d, 0xd6,

    /* U+065E "ٞ" */
    0x10, 0x0, 0xf4, 0x13, 0xac, 0xd7, 0x72, 0x8b,
    0x0, 0x12,

    /* U+065F "ٟ" */
    0x0, 0x3d, 0xd3, 0x0, 0x79, 0x0, 0xa, 0xef,
    0xd7, 0x2, 0x11, 0x0,

    /* U+0660 "٠" */
    0x0, 0x40, 0x0, 0xaf, 0x60, 0x3f, 0xff, 0x50,
    0x4f, 0xc0, 0x0, 0x40, 0x0,

    /* U+0661 "١" */
    0x5c, 0x77, 0xf9, 0x7f, 0x97, 0xf9, 0x7f, 0x97,
    0xf9, 0x7f, 0x97, 0xf9, 0x7f, 0x97, 0xf9, 0x7f,
    0x90,

    /* U+0662 "٢" */
    0xbc, 0xcc, 0xcc, 0xc1, 0xef, 0xff, 0xff, 0xf1,
    0x9f, 0x80, 0x0, 0x0, 0x4f, 0xd0, 0x0, 0x0,
    0xe, 0xf3, 0x0, 0x0, 0x8, 0xf9, 0x0, 0x0,
    0x2, 0xfe, 0x0, 0x0, 0x0, 0xdf, 0x50, 0x0,
    0x0, 0x7f, 0xb0, 0x0, 0x0, 0x1f, 0xf1, 0x0,
    0x0, 0xc, 0xf6, 0x0,

    /* U+0663 "٣" */
    0x48, 0x40, 0x76, 0x7, 0x65, 0xfc, 0xf, 0xc0,
    0xed, 0xf, 0xf4, 0xfc, 0x4f, 0xa0, 0xaf, 0xff,
    0xff, 0xf3, 0x4, 0xfd, 0x31, 0x41, 0x0, 0xe,
    0xf1, 0x0, 0x0, 0x0, 0x8f, 0x70, 0x0, 0x0,
    0x3, 0xfd, 0x0, 0x0, 0x0, 0xd, 0xf4, 0x0,
    0x0, 0x0, 0x7f, 0xa0, 0x0, 0x0, 0x1, 0xff,
    0x10, 0x0,

    /* U+0664 "٤" */
    0x0, 0x0, 0x1, 0x0, 0x0, 0x6d, 0xc0, 0x1,
    0xbf, 0xfa, 0x0, 0xcf, 0xb2, 0x0, 0xe, 0xf4,
    0x0, 0x0, 0x2d, 0xf7, 0x0, 0x0, 0x1e, 0xf5,
    0x0, 0x1c, 0xf6, 0x0, 0x1d, 0xf4, 0x0, 0x9,
    0xf7, 0x0, 0x0, 0x7f, 0xfc, 0xbc, 0xc0, 0x6c,
    0xff, 0xe9,

    /* U+0665 "٥" */
    0x0, 0x1b, 0xfc, 0x30, 0x0, 0xd, 0xfb, 0xff,
    0x10, 0x6, 0xf9, 0x6, 0xf9, 0x0, 0xdf, 0x20,
    0xf, 0xf0, 0x1f, 0xe0, 0x0, 0xcf, 0x43, 0xfc,
    0x0, 0xa, 0xf6, 0x4f, 0xb0, 0x0, 0x9f, 0x74,
    0xfc, 0x0, 0xa, 0xf7, 0x1f, 0xf2, 0x1, 0xef,
    0x40, 0xaf, 0xfb, 0xef, 0xd0, 0x0, 0x9e, 0xfe,
    0xa2, 0x0,

    /* U+0666 "٦" */
    0x9c, 0xcc, 0xcc, 0xbb, 0xff, 0xff, 0xfe, 0x0,
    0x0, 0x2f, 0xe0, 0x0, 0x2, 0xfe, 0x0, 0x0,
    0x2f, 0xe0, 0x0, 0x2, 0xfe, 0x0, 0x0, 0x2f,
    0xe0, 0x0, 0x2, 0xfe, 0x0, 0x0, 0x2f, 0xe0,
    0x0, 0x2, 0xfe, 0x0, 0x0, 0x2f, 0xe0,

    /* U+0667 "٧" */
    0x7f, 0xa0, 0x0, 0x8f, 0x92, 0xfe, 0x0, 0xc,
    0xf5, 0xe, 0xf2, 0x0, 0xff, 0x10, 0xaf, 0x60,
    0x4f, 0xc0, 0x5, 0xfa, 0x8, 0xf7, 0x0, 0x1f,
    0xe0, 0xcf, 0x30, 0x0, 0xcf, 0x2f, 0xe0, 0x0,
    0x8, 0xf8, 0xfa, 0x0, 0x0, 0x3f, 0xdf, 0x60,
    0x0, 0x0, 0xff, 0xf1, 0x0, 0x0, 0xb, 0xfd,
    0x0, 0x0,

    /* U+0668 "٨" */
    0x0, 0xb, 0xfd, 0x0, 0x0, 0x0, 0xff, 0xf1,
    0x0, 0x0, 0x3f, 0xdf, 0x60, 0x0, 0x8, 0xf8,
    0xfa, 0x0, 0x0, 0xcf, 0x2f, 0xe0, 0x0, 0x1f,
    0xe0, 0xcf, 0x30, 0x5, 0xfa, 0x8, 0xf7, 0x0,
    0xaf, 0x60, 0x4f, 0xc0, 0xe, 0xf2, 0x0, 0xff,
    0x12, 0xfe, 0x0, 0xc, 0xf5, 0x7f, 0xb0, 0x0,
    0x8f, 0x90,

    /* U+0669 "٩" */
    0x2, 0xbf, 0xfc, 0x30, 0x1e, 0xfc, 0xcf, 0xf2,
    0x6f, 0xb0, 0xa, 0xf8, 0x7f, 0x80, 0x5, 0xfc,
    0x5f, 0xc0, 0x3, 0xfd, 0xe, 0xfd, 0xab, 0xfe,
    0x2, 0xae, 0xff, 0xfe, 0x0, 0x0, 0x2, 0xfe,
    0x0, 0x0, 0x2, 0xfe, 0x0, 0x0, 0x2, 0xfe,
    0x0, 0x0, 0x2, 0xfe,

    /* U+066A "٪" */
    0x0, 0x0, 0x0, 0x5f, 0x40, 0x6e, 0x60, 0xe,
    0xb0, 0x7, 0xf7, 0x7, 0xf3, 0x0, 0x0, 0x1,
    0xfa, 0x0, 0x0, 0x0, 0x9f, 0x10, 0x0, 0x0,
    0x2f, 0x80, 0x0, 0x0, 0xb, 0xe0, 0x0, 0x0,
    0x4, 0xf6, 0x0, 0x0, 0x0, 0xdd, 0x2, 0xfc,
    0x0, 0x5f, 0x40, 0x2e, 0xa0, 0xe, 0xb0, 0x0,
    0x0, 0x0,

    /* U+066B "٫" */
    0x3e, 0xc6, 0xf8, 0xaf, 0x2d, 0xc0,

    /* U+066C "٬" */
    0xb, 0xb2, 0xf9, 0x8f, 0x6d, 0xf3,

    /* U+066D "٭" */
    0x0, 0x7, 0xf5, 0x0, 0x0, 0x0, 0x5f, 0x30,
    0x0, 0x2b, 0x75, 0xf5, 0x7b, 0x14, 0xff, 0xff,
    0xff, 0xf3, 0x0, 0x1e, 0xfd, 0x10, 0x0, 0xa,
    0xf6, 0xf9, 0x0, 0x2, 0xeb, 0xb, 0xe1, 0x0,
    0x0, 0x20, 0x20, 0x0,

    /* U+066E "ٮ" */
    0x0, 0x0, 0x0, 0x0, 0xf, 0xf0, 0x0, 0x0,
    0x0, 0x0, 0xf, 0xf0, 0x48, 0x20, 0x0, 0x0,
    0xf, 0xf0, 0xcf, 0x30, 0x0, 0x0, 0xf, 0xf0,
    0xef, 0x20, 0x0, 0x0, 0xf, 0xf0, 0xef, 0x50,
    0x0, 0x0, 0xf, 0xf0, 0x9f, 0xfb, 0xbb, 0xbb,
    0xbf, 0xf0, 0x9, 0xef, 0xff, 0xff, 0xff, 0xf0,

    /* U+066F "ٯ" */
    0x0, 0x0, 0x0, 0x7, 0xdf, 0xff, 0x90, 0x0,
    0x0, 0xb, 0xff, 0xcd, 0xf9, 0x0, 0x0, 0x5,
    0xfe, 0x20, 0x7f, 0x90, 0x11, 0x0, 0x8f, 0x90,
    0x7, 0xf9, 0x6f, 0x70, 0x9, 0xf8, 0x0, 0x7f,
    0x9b, 0xf4, 0x0, 0x6f, 0xd1, 0x7, 0xf9, 0xef,
    0x20, 0x0, 0xdf, 0xeb, 0xdf, 0x9f, 0xf2, 0x0,
    0x1, 0xaf, 0xff, 0xf8, 0xdf, 0x40, 0x0, 0x0,
    0x0, 0x8f, 0x77, 0xfd, 0x30, 0x0, 0x0, 0x5e,
    0xf4, 0xc, 0xff, 0xff, 0xff, 0xff, 0xfa, 0x0,
    0x6, 0xab, 0xbb, 0xbb, 0x95, 0x0,

    /* U+0670 "ٰ" */
    0x1, 0x79, 0x79, 0x79,

    /* U+0671 "ٱ" */
    0x1, 0xbc, 0x10, 0x86, 0x76, 0x6e, 0xde, 0x60,
    0x13, 0x20, 0x6, 0xfa, 0x0, 0x6f, 0xa0, 0x6,
    0xfa, 0x0, 0x6f, 0xa0, 0x6, 0xfa, 0x0, 0x6f,
    0xa0, 0x6, 0xfa, 0x0, 0x6f, 0xa0, 0x6, 0xfa,
    0x0, 0x6f, 0xa0, 0x6, 0xfa, 0x0,

    /* U+0672 "ٲ" */
    0x0, 0x2c, 0xd2, 0x0, 0x88, 0x0, 0x0, 0x87,
    0x0, 0xa, 0xdf, 0xe6, 0x2, 0x34, 0x20, 0x0,
    0x6f, 0xa0, 0x0, 0x6f, 0xa0, 0x0, 0x6f, 0xa0,
    0x0, 0x6f, 0xa0, 0x0, 0x6f, 0xa0, 0x0, 0x6f,
    0xa0, 0x0, 0x6f, 0xa0, 0x0, 0x6f, 0xa0, 0x0,
    0x6f, 0xa0, 0x0, 0x6f, 0xa0, 0x0, 0x6f, 0xa0,

    /* U+0673 "ٳ" */
    0x0, 0x6f, 0xa0, 0x0, 0x6f, 0xa0, 0x0, 0x6f,
    0xa0, 0x0, 0x6f, 0xa0, 0x0, 0x6f, 0xa0, 0x0,
    0x6f, 0xa0, 0x0, 0x6f, 0xa0, 0x0, 0x6f, 0xa0,
    0x0, 0x6f, 0xa0, 0x0, 0x6f, 0xa0, 0x0, 0x6f,
    0xa0, 0x0, 0x6f, 0xa0, 0x0, 0x0, 0x0, 0x0,
    0x8e, 0xb0, 0x0, 0xe2, 0x0, 0x2d, 0xee, 0xd1,
    0x2, 0x10, 0x0,

    /* U+0674 "ٴ" */
    0x4, 0xcf, 0xfc, 0x2, 0xff, 0xdb, 0xc0, 0x8f,
    0xa0, 0x0, 0x7, 0xf8, 0x0, 0x0, 0x1e, 0xf7,
    0x8a, 0x6c, 0xff, 0xff, 0xf8, 0xa8, 0x64, 0x20,
    0x0,

    /* U+0675 "ٵ" */
    0x6f, 0xa0, 0x0, 0x0, 0x0, 0x0, 0x6f, 0xa0,
    0x0, 0x5, 0xab, 0x82, 0x6f, 0xa0, 0x0, 0x9f,
    0xff, 0xf3, 0x6f, 0xa0, 0x2, 0xff, 0x40, 0x20,
    0x6f, 0xa0, 0x4, 0xfc, 0x0, 0x0, 0x6f, 0xa0,
    0x1, 0xfe, 0x0, 0x0, 0x6f, 0xa0, 0x0, 0xaf,
    0xcc, 0xec, 0x6f, 0xa0, 0xb, 0xff, 0xfe, 0xc9,
    0x6f, 0xa0, 0x4, 0x42, 0x0, 0x0, 0x6f, 0xa0,
    0x0, 0x0, 0x0, 0x0, 0x6f, 0xa0, 0x0, 0x0,
    0x0, 0x0, 0x6f, 0xa0, 0x0, 0x0, 0x0, 0x0,

    /* U+0676 "ٶ" */
    0x0, 0x0, 0x0, 0x0, 0x0, 0x2, 0x8b, 0xa5,
    0x0, 0x0, 0x0, 0x0, 0x0, 0x3, 0xff, 0xff,
    0xa0, 0x0, 0x0, 0x0, 0x0, 0x0, 0xbf, 0x90,
    0x12, 0x0, 0x7, 0xdf, 0xff, 0x50, 0xd, 0xf3,
    0x0, 0x0, 0xc, 0xfe, 0xbe, 0xf5, 0x0, 0xaf,
    0x50, 0x0, 0x8, 0xfc, 0x0, 0xbf, 0x50, 0x5,
    0xff, 0xbd, 0xf3, 0xcf, 0x50, 0xb, 0xf5, 0x4,
    0xff, 0xff, 0xdc, 0x2d, 0xf4, 0x0, 0xbf, 0x50,
    0x25, 0x31, 0x0, 0x0, 0xbf, 0x80, 0xb, 0xf5,
    0x0, 0x0, 0x0, 0x0, 0x4, 0xff, 0xcb, 0xef,
    0x50, 0x0, 0x0, 0x0, 0x0, 0x5, 0xdf, 0xff,
    0xf5, 0x0, 0x0, 0x0, 0x0, 0x0, 0x0, 0x0,
    0xcf, 0x40, 0x0, 0x0, 0x0, 0x0, 0x25, 0x10,
    0x5f, 0xf1, 0x0, 0x0, 0x0, 0x0, 0xb, 0xff,
    0xff, 0xf7, 0x0, 0x0, 0x0, 0x0, 0x0, 0x27,
    0xaa, 0x83, 0x0, 0x0, 0x0, 0x0, 0x0, 0x0,

    /* U+0677 "ٷ" */
    0x0, 0x0, 0x63, 0x0, 0x0, 0x0, 0x0, 0x0,
    0x0, 0x0, 0x7f, 0xc0, 0x0, 0x0, 0x0, 0x0,
    0x0, 0x0, 0x2, 0xdb, 0x0, 0x0, 0x0, 0x0,
    0x0, 0x0, 0x0, 0x3c, 0x20, 0x0, 0x0, 0x28,
    0xba, 0x50, 0x0, 0x6, 0x10, 0x0, 0x0, 0x3f,
    0xff, 0xfa, 0x0, 0x0, 0x0, 0x0, 0x0, 0xb,
    0xf9, 0x1, 0x20, 0x0, 0x7d, 0xff, 0xf5, 0x0,
    0xdf, 0x30, 0x0, 0x0, 0xcf, 0xeb, 0xef, 0x50,
    0xa, 0xf5, 0x0, 0x0, 0x8f, 0xc0, 0xb, 0xf5,
    0x0, 0x5f, 0xfb, 0xdf, 0x3c, 0xf5, 0x0, 0xbf,
    0x50, 0x4f, 0xff, 0xfd, 0xc2, 0xdf, 0x40, 0xb,
    0xf5, 0x2, 0x53, 0x10, 0x0, 0xb, 0xf8, 0x0,
    0xbf, 0x50, 0x0, 0x0, 0x0, 0x0, 0x4f, 0xfc,
    0xbe, 0xf5, 0x0, 0x0, 0x0, 0x0, 0x0, 0x5d,
    0xff, 0xff, 0x50, 0x0, 0x0, 0x0, 0x0, 0x0,
    0x0, 0xc, 0xf4, 0x0, 0x0, 0x0, 0x0, 0x2,
    0x51, 0x5, 0xff, 0x10, 0x0, 0x0, 0x0, 0x0,
    0xbf, 0xff, 0xff, 0x70, 0x0, 0x0, 0x0, 0x0,
    0x2, 0x7a, 0xa8, 0x30, 0x0, 0x0, 0x0, 0x0,
    0x0,

    /* U+0678 "ٸ" */
    0x0, 0x0, 0x0, 0x0, 0x0, 0x0, 0x0, 0x5,
    0xcf, 0xfb, 0x0, 0x0, 0x0, 0x0, 0x0, 0x0,
    0x0, 0x4, 0xff, 0xcb, 0xa0, 0x0, 0x0, 0x0,
    0x0, 0x5b, 0xd8, 0x0, 0xaf, 0x80, 0x0, 0x0,
    0x0, 0x0, 0x0, 0xaf, 0xff, 0xe0, 0x9, 0xf6,
    0x0, 0x0, 0x0, 0x0, 0x0, 0xaf, 0xc3, 0x13,
    0x0, 0x2e, 0xe6, 0x8a, 0x40, 0x0, 0x0, 0x4f,
    0xc0, 0x0, 0x0, 0xd, 0xff, 0xff, 0xf6, 0x0,
    0x0, 0x9, 0xf6, 0x0, 0x0, 0x0, 0xa8, 0x53,
    0x20, 0x5, 0xb3, 0x0, 0x7f, 0xe5, 0x0, 0x0,
    0x0, 0x0, 0x0, 0x0, 0xcf, 0x20, 0x0, 0x9f,
    0xf9, 0x0, 0x0, 0x0, 0x0, 0x0, 0xe, 0xf1,
    0x0, 0x0, 0x4e, 0xfb, 0x0, 0x0, 0x0, 0x0,
    0x0, 0xff, 0x20, 0x0, 0x0, 0x1d, 0xf5, 0x0,
    0x0, 0x0, 0x0, 0xc, 0xf8, 0x0, 0x0, 0x0,
    0xcf, 0x60, 0x0, 0x0, 0x0, 0x0, 0x6f, 0xfc,
    0xbb, 0xbb, 0xef, 0xf1, 0x0, 0x0, 0x0, 0x0,
    0x0, 0x7e, 0xff, 0xff, 0xfd, 0x92, 0x0, 0x0,
    0x0, 0x0, 0x0,

    /* U+0679 "ٹ" */
    0x0, 0x8, 0x50, 0x0, 0x0, 0x0, 0x0, 0x8,
    0xad, 0x80, 0x0, 0x0, 0x0, 0x8, 0x90, 0xd0,
    0x0, 0x0, 0x0, 0xb, 0xee, 0xd0, 0x0, 0x0,
    0x0, 0x0, 0x0, 0x0, 0xf, 0xf0, 0x0, 0x0,
    0x0, 0x0, 0xf, 0xf0, 0x6a, 0x30, 0x0, 0x0,
    0xf, 0xf0, 0xdf, 0x20, 0x0, 0x0, 0xf, 0xf0,
    0xff, 0x20, 0x0, 0x0, 0xf, 0xf0, 0xef, 0x50,
    0x0, 0x0, 0xf, 0xf0, 0x8f, 0xfb, 0xbb, 0xbb,
    0xbf, 0xf0, 0x9, 0xef, 0xff, 0xff, 0xff, 0xf0,

    /* U+067A "ٺ" */
    0x0, 0x0, 0xbe, 0x0, 0x0, 0x0, 0x0, 0x0,
    0xcf, 0x10, 0x0, 0x0, 0x0, 0x0, 0x1, 0x0,
    0x0, 0x0, 0x0, 0x0, 0xbe, 0x0, 0x0, 0x0,
    0x0, 0x0, 0xcf, 0x10, 0x1, 0x10, 0x0, 0x0,
    0x1, 0x0, 0xf, 0xf0, 0x0, 0x0, 0x0, 0x0,
    0xf, 0xf0, 0x7c, 0x30, 0x0, 0x0, 0xf, 0xf0,
    0xdf, 0x20, 0x0, 0x0, 0xf, 0xf0, 0xff, 0x20,
    0x0, 0x0, 0xf, 0xf0, 0xdf, 0x50, 0x0, 0x0,
    0xf, 0xf0, 0x8f, 0xfb, 0xbb, 0xbb, 0xbf, 0xf0,
    0x9, 0xef, 0xff, 0xff, 0xff, 0xf0,

    /* U+067B "ٻ" */
    0x0, 0x0, 0x0, 0x0, 0xf, 0xf0, 0x0, 0x0,
    0x0, 0x0, 0xf, 0xf0, 0x48, 0x20, 0x0, 0x0,
    0xf, 0xf0, 0xcf, 0x30, 0x0, 0x0, 0xf, 0xf0,
    0xef, 0x20, 0x0, 0x0, 0xf, 0xf0, 0xef, 0x50,
    0x0, 0x0, 0xf, 0xf0, 0x9f, 0xfb, 0xbb, 0xbb,
    0xbf, 0xf0, 0x9, 0xef, 0xff, 0xff, 0xff, 0xf0,
    0x0, 0x0, 0x2, 0x0, 0x0, 0x0, 0x0, 0x0,
    0x3f, 0xa0, 0x0, 0x0, 0x0, 0x0, 0x2f, 0x80,
    0x0, 0x0, 0x0, 0x0, 0x1, 0x0, 0x0, 0x0,
    0x0, 0x0, 0x3f, 0x90, 0x0, 0x0, 0x0, 0x0,
    0x2f, 0x80, 0x0, 0x0,

    /* U+067C "ټ" */
    0x0, 0x1, 0x0, 0x20, 0x0, 0x0, 0x0, 0x1f,
    0xb5, 0xf7, 0x0, 0x0, 0x0, 0x1e, 0xa4, 0xf6,
    0x0, 0x0, 0x0, 0x0, 0x0, 0x0, 0xf, 0xf0,
    0x0, 0x0, 0x0, 0x0, 0xf, 0xf0, 0x6a, 0x30,
    0x0, 0x0, 0xf, 0xf0, 0xdf, 0x20, 0x0, 0x0,
    0xf, 0xf0, 0xff, 0x20, 0x0, 0x0, 0xf, 0xf0,
    0xef, 0x50, 0x0, 0x0, 0xf, 0xf0, 0x8f, 0xfb,
    0xbb, 0xbb, 0xbf, 0xf0, 0x9, 0xef, 0xff, 0xff,
    0xff, 0xf0, 0x0, 0x0, 0xf1, 0xa7, 0x0, 0x0,
    0x0, 0x0, 0x8e, 0xc2, 0x0, 0x0,

    /* U+067D "ٽ" */
    0x0, 0x1e, 0xa4, 0xf6, 0x0, 0x0, 0x0, 0x1f,
    0xb5, 0xf7, 0x0, 0x0, 0x0, 0x1, 0x7c, 0x20,
    0x0, 0x0, 0x0, 0x0, 0x8e, 0x0, 0x2, 0x20,
    0x0, 0x0, 0x0, 0x0, 0xf, 0xf0, 0x0, 0x0,
    0x0, 0x0, 0xf, 0xf0, 0x7c, 0x30, 0x0, 0x0,
    0xf, 0xf0, 0xdf, 0x20, 0x0, 0x0, 0xf, 0xf0,
    0xff, 0x20, 0x0, 0x0, 0xf, 0xf0, 0xdf, 0x50,
    0x0, 0x0, 0xf, 0xf0, 0x8f, 0xfb, 0xbb, 0xbb,
    0xbf, 0xf0, 0x9, 0xef, 0xff, 0xff, 0xff, 0xf0,

    /* U+067E "پ" */
    0x0, 0x0, 0x0, 0x0, 0xf, 0xf0, 0x0, 0x0,
    0x0, 0x0, 0xf, 0xf0, 0x48, 0x20, 0x0, 0x0,
    0xf, 0xf0, 0xcf, 0x30, 0x0, 0x0, 0xf, 0xf0,
    0xef, 0x20, 0x0, 0x0, 0xf, 0xf0, 0xef, 0x50,
    0x0, 0x0, 0xf, 0xf0, 0x9f, 0xfb, 0xbb, 0xbb,
    0xbf, 0xf0, 0x9, 0xef, 0xff, 0xff, 0xff, 0xf0,
    0x0, 0x0, 0x0, 0x0, 0x0, 0x0, 0x0, 0x0,
    0x20, 0x1, 0x0, 0x0, 0x0, 0x7, 0xf5, 0xbf,
    0x10, 0x0, 0x0, 0x5, 0xf4, 0x9e, 0x10, 0x0,
    0x0, 0x0, 0xe, 0x80, 0x0, 0x0, 0x0, 0x0,
    0xc, 0x70, 0x0, 0x0,

    /* U+067F "ٿ" */
    0x0, 0xc, 0xb5, 0xf3, 0x0, 0x0, 0x0, 0xb,
    0xa5, 0xe3, 0x0, 0x0, 0x0, 0xc, 0xa5, 0xe3,
    0x0, 0x0, 0x0, 0xc, 0xb5, 0xf3, 0x4, 0x40,
    0x0, 0x0, 0x0, 0x0, 0xf, 0xf0, 0x0, 0x0,
    0x0, 0x0, 0xf, 0xf0, 0x8e, 0x30, 0x0, 0x0,
    0xf, 0xf0, 0xdf, 0x20, 0x0, 0x0, 0xf, 0xf0,
    0xff, 0x20, 0x0, 0x0, 0xf, 0xf0, 0xdf, 0x60,
    0x0, 0x0, 0xf, 0xf0, 0x8f, 0xfb, 0xbb, 0xbb,
    0xbf, 0xf0, 0x9, 0xef, 0xff, 0xff, 0xff, 0xf0,

    /* U+0680 "ڀ" */
    0x0, 0x0, 0x0, 0x0, 0xf, 0xf0, 0x0, 0x0,
    0x0, 0x0, 0xf, 0xf0, 0x48, 0x20, 0x0, 0x0,
    0xf, 0xf0, 0xcf, 0x30, 0x0, 0x0, 0xf, 0xf0,
    0xef, 0x20, 0x0, 0x0, 0xf, 0xf0, 0xef, 0x50,
    0x0, 0x0, 0xf, 0xf0, 0x9f, 0xfb, 0xbb, 0xbb,
    0xbf, 0xf0, 0x9, 0xef, 0xff, 0xff, 0xff, 0xf0,
    0x0, 0x0, 0x0, 0x0, 0x0, 0x0, 0x0, 0x4,
    0xe3, 0xca, 0x0, 0x0, 0x0, 0x4, 0xf3, 0xca,
    0x0, 0x0, 0x0, 0x0, 0x0, 0x0, 0x0, 0x0,
    0x0, 0x4, 0xf4, 0xca, 0x0, 0x0, 0x0, 0x4,
    0xe3, 0xca, 0x0, 0x0,

    /* U+0681 "ځ" */
    0x0, 0x1c, 0xd5, 0x0, 0x0, 0x0, 0x5b, 0x0,
    0x0, 0x0, 0x0, 0x4f, 0xc9, 0x0, 0x0, 0x0,
    0x33, 0x10, 0x0, 0x0, 0x0, 0x0, 0x0, 0x0,
    0x0, 0x6, 0xbf, 0xfd, 0x70, 0x0, 0xe, 0xfc,
    0xcf, 0xf7, 0x0, 0x3, 0x0, 0x4, 0xfe, 0x0,
    0x0, 0x0, 0x0, 0xdf, 0x10, 0x0, 0x0, 0x0,
    0x8f, 0x60, 0x0, 0x0, 0x4a, 0xef, 0xc0, 0x0,
    0x3d, 0xff, 0xbc, 0xf7, 0x5, 0xff, 0x70, 0x0,
    0x90, 0xf, 0xf2, 0x0, 0x0, 0x0, 0x4f, 0xc0,
    0x0, 0x0, 0x0, 0x3f, 0xf1, 0x0, 0x0, 0x0,
    0xd, 0xff, 0xbc, 0xe3, 0x0, 0x1, 0xae, 0xfe,
    0xb2, 0x0,

    /* U+0682 "ڂ" */
    0x0, 0xa, 0xe1, 0x0, 0x0, 0x0, 0xb, 0xf1,
    0x0, 0x0, 0x0, 0x0, 0x10, 0x0, 0x0, 0x0,
    0xa, 0xe1, 0x0, 0x0, 0x0, 0xb, 0xf1, 0x0,
    0x0, 0x0, 0x0, 0x10, 0x0, 0x0, 0x0, 0x0,
    0x0, 0x0, 0x0, 0x6, 0xbf, 0xfd, 0x70, 0x0,
    0xe, 0xfc, 0xcf, 0xf7, 0x0, 0x3, 0x0, 0x4,
    0xfe, 0x0, 0x0, 0x0, 0x0, 0xdf, 0x10, 0x0,
    0x0, 0x0, 0x8f, 0x60, 0x0, 0x0, 0x4a, 0xef,
    0xc0, 0x0, 0x3d, 0xff, 0xbc, 0xf7, 0x5, 0xff,
    0x70, 0x0, 0x90, 0xf, 0xf2, 0x0, 0x0, 0x0,
    0x4f, 0xc0, 0x0, 0x0, 0x0, 0x3f, 0xf1, 0x0,
    0x0, 0x0, 0xd, 0xff, 0xbc, 0xe3, 0x0, 0x1,
    0xae, 0xfe, 0xb2, 0x0,

    /* U+0683 "ڃ" */
    0x6, 0xbf, 0xfd, 0x70, 0x0, 0xe, 0xfc, 0xcf,
    0xf7, 0x0, 0x3, 0x0, 0x4, 0xfe, 0x0, 0x0,
    0x0, 0x0, 0xdf, 0x10, 0x0, 0x0, 0x0, 0x8f,
    0x60, 0x0, 0x0, 0x4a, 0xff, 0xd0, 0x0, 0x4d,
    0xff, 0xab, 0xf7, 0x5, 0xfe, 0x60, 0x0, 0x80,
    0xf, 0xf2, 0x0, 0x0, 0x0, 0x4f, 0xc0, 0x0,
    0x10, 0x10, 0x3f, 0xf1, 0xc, 0xf2, 0xfc, 0xd,
    0xff, 0x7a, 0xe1, 0xea, 0x1, 0xae, 0x60, 0x0,
    0x0,

    /* U+0684 "ڄ" */
    0x1, 0x6a, 0xa8, 0x20, 0x0, 0x1f, 0xff, 0xff,
    0xf3, 0x0, 0x7, 0x51, 0x19, 0xfc, 0x0, 0x0,
    0x0, 0x0, 0xef, 0x0, 0x0, 0x0, 0x0, 0xaf,
    0x40, 0x0, 0x0, 0x4, 0xbf, 0xa0, 0x0, 0x7,
    0xef, 0xff, 0xf5, 0x1, 0xcf, 0xd6, 0x13, 0xe2,
    0xc, 0xf9, 0x0, 0x2, 0x0, 0x2f, 0xe0, 0x0,
    0x6f, 0x60, 0x4f, 0xc0, 0x0, 0x4f, 0x50, 0x1f,
    0xf5, 0x0, 0x0, 0x0, 0x9, 0xff, 0x90, 0x5f,
    0x50, 0x0, 0x5a, 0x40, 0x5f, 0x50,

    /* U+0685 "څ" */
    0x0, 0x7, 0xe1, 0x0, 0x0, 0x0, 0x6, 0xc0,
    0x0, 0x0, 0x0, 0xdb, 0x3f, 0x70, 0x0, 0x0,
    0xfd, 0x4f, 0x80, 0x0, 0x0, 0x10, 0x2, 0x0,
    0x0, 0x0, 0x0, 0x0, 0x0, 0x0, 0x6, 0xbf,
    0xfd, 0x70, 0x0, 0xe, 0xfc, 0xcf, 0xf7, 0x0,
    0x3, 0x0, 0x4, 0xfe, 0x0, 0x0, 0x0, 0x0,
    0xdf, 0x10, 0x0, 0x0, 0x0, 0x8f, 0x60, 0x0,
    0x0, 0x4a, 0xef, 0xc0, 0x0, 0x3d, 0xff, 0xbc,
    0xf7, 0x5, 0xff, 0x70, 0x0, 0x90, 0xf, 0xf2,
    0x0, 0x0, 0x0, 0x4f, 0xc0, 0x0, 0x0, 0x0,
    0x3f, 0xf1, 0x0, 0x0, 0x0, 0xd, 0xff, 0xbc,
    0xe3, 0x0, 0x1, 0xae, 0xfe, 0xb2, 0x0,

    /* U+0686 "چ" */
    0x6, 0xbf, 0xfd, 0x70, 0x0, 0xe, 0xfc, 0xcf,
    0xf7, 0x0, 0x3, 0x0, 0x4, 0xfe, 0x0, 0x0,
    0x0, 0x0, 0xdf, 0x10, 0x0, 0x0, 0x0, 0x8f,
    0x60, 0x0, 0x0, 0x4a, 0xff, 0xd0, 0x0, 0x4d,
    0xff, 0xbb, 0xf7, 0x5, 0xfe, 0x60, 0x0, 0x90,
    0xf, 0xf2, 0x0, 0x10, 0x10, 0x4f, 0xc0, 0xc,
    0xf2, 0xfc, 0x3f, 0xf1, 0xa, 0xe1, 0xeb, 0xd,
    0xff, 0x70, 0x2a, 0x20, 0x1, 0xae, 0x60, 0x3f,
    0x40,

    /* U+0687 "ڇ" */
    0x1, 0x6a, 0xa8, 0x20, 0x0, 0x1f, 0xff, 0xff,
    0xf3, 0x0, 0x7, 0x51, 0x19, 0xfc, 0x0, 0x0,
    0x0, 0x0, 0xef, 0x0, 0x0, 0x0, 0x0, 0xaf,
    0x40, 0x0, 0x0, 0x4, 0xcf, 0xa0, 0x0, 0x7,
    0xef, 0xfe, 0xf5, 0x1, 0xcf, 0xc5, 0x2, 0xd2,
    0xc, 0xf8, 0x0, 0x0, 0x0, 0x2f, 0xe0, 0x7,
    0xe2, 0xe7, 0x4f, 0xc0, 0x7, 0xe2, 0xe7, 0x1f,
    0xf5, 0x0, 0x0, 0x0, 0x9, 0xff, 0x97, 0xe2,
    0xe7, 0x0, 0x5a, 0x47, 0xe2, 0xe7,

    /* U+0688 "ڈ" */
    0x4, 0x20, 0x0, 0x0, 0x0, 0x8a, 0xd7, 0x0,
    0x0, 0x8, 0x80, 0xd0, 0x0, 0x0, 0xbe, 0xec,
    0x0, 0x0, 0x0, 0x0, 0x0, 0x0, 0x0, 0x0,
    0x0, 0x0, 0x0, 0x0, 0x3e, 0x60, 0x0, 0x0,
    0x8, 0xff, 0x80, 0x0, 0x0, 0x8, 0xff, 0x50,
    0x0, 0x0, 0x8, 0xfe, 0x0, 0x0, 0x0, 0xd,
    0xf5, 0x0, 0x0, 0x0, 0x6f, 0xb0, 0x0, 0x0,
    0x2, 0xff, 0x3, 0xbb, 0xbb, 0xbf, 0xf1, 0x4f,
    0xff, 0xff, 0xff, 0x20,

    /* U+0689 "ډ" */
    0x0, 0x0, 0x0, 0x0, 0x0, 0x2, 0xd4, 0x0,
    0x0, 0x0, 0x8f, 0xf6, 0x0, 0x0, 0x0, 0x9f,
    0xf4, 0x0, 0x0, 0x0, 0x9f, 0xd0, 0x0, 0x0,
    0x0, 0xef, 0x50, 0x0, 0x0, 0x7, 0xfa, 0x0,
    0x0, 0x0, 0x2f, 0xf0, 0x3b, 0xbb, 0xbb, 0xff,
    0x14, 0xff, 0xff, 0xff, 0xf2, 0x0, 0xa6, 0x5c,
    0x0, 0x0, 0x4, 0xde, 0x50, 0x0,

    /* U+068A "ڊ" */
    0x0, 0x0, 0x0, 0x0, 0x0, 0x2, 0xd4, 0x0,
    0x0, 0x0, 0x8f, 0xf6, 0x0, 0x0, 0x0, 0x9f,
    0xf4, 0x0, 0x0, 0x0, 0x9f, 0xd0, 0x0, 0x0,
    0x0, 0xef, 0x50, 0x0, 0x0, 0x7, 0xfa, 0x0,
    0x0, 0x0, 0x2f, 0xf0, 0x3b, 0xbb, 0xbb, 0xff,
    0x14, 0xff, 0xff, 0xff, 0xf2, 0x0, 0x0, 0x0,
    0x0, 0x0, 0x0, 0x2, 0x0, 0x0, 0x0, 0x6,
    0xf6, 0x0, 0x0, 0x0, 0x4f, 0x50, 0x0,

    /* U+068B "ڋ" */
    0x4, 0x20, 0x0, 0x0, 0x0, 0x8a, 0xd7, 0x0,
    0x0, 0x8, 0x80, 0xd0, 0x0, 0x0, 0xbe, 0xec,
    0x0, 0x0, 0x0, 0x0, 0x0, 0x0, 0x0, 0x0,
    0x0, 0x0, 0x0, 0x0, 0x3e, 0x60, 0x0, 0x0,
    0x8, 0xff, 0x80, 0x0, 0x0, 0x8, 0xff, 0x50,
    0x0, 0x0, 0x8, 0xfe, 0x0, 0x0, 0x0, 0xd,
    0xf5, 0x0, 0x0, 0x0, 0x6f, 0xb0, 0x0, 0x0,
    0x2, 0xff, 0x3, 0xbb, 0xbb, 0xbf, 0xf1, 0x4f,
    0xff, 0xff, 0xff, 0x20, 0x0, 0x0, 0x0, 0x0,
    0x0, 0x0, 0x20, 0x0, 0x0, 0x0, 0x6f, 0x60,
    0x0, 0x0, 0x4, 0xf5, 0x0, 0x0,

    /* U+068C "ڌ" */
    0x1e, 0x94, 0xf5, 0x0, 0x2, 0xfb, 0x6f, 0x60,
    0x0, 0x1, 0x0, 0x20, 0x0, 0x0, 0x0, 0x0,
    0x0, 0x0, 0x0, 0x2d, 0x40, 0x0, 0x0, 0x8,
    0xff, 0x60, 0x0, 0x0, 0x9, 0xff, 0x40, 0x0,
    0x0, 0x9, 0xfd, 0x0, 0x0, 0x0, 0xd, 0xf5,
    0x0, 0x0, 0x0, 0x7f, 0xa0, 0x0, 0x0, 0x2,
    0xff, 0x3, 0xbb, 0xbb, 0xbf, 0xf1, 0x4f, 0xff,
    0xff, 0xff, 0x20,

    /* U+068D "ڍ" */
    0x0, 0x0, 0x0, 0x0, 0x0, 0x2, 0xd4, 0x0,
    0x0, 0x0, 0x8f, 0xf6, 0x0, 0x0, 0x0, 0x9f,
    0xf4, 0x0, 0x0, 0x0, 0x9f, 0xd0, 0x0, 0x0,
    0x0, 0xef, 0x50, 0x0, 0x0, 0x7, 0xfa, 0x0,
    0x0, 0x0, 0x2f, 0xf0, 0x3b, 0xbb, 0xbb, 0xff,
    0x14, 0xff, 0xff, 0xff, 0xf2, 0x0, 0x0, 0x0,
    0x0, 0x0, 0xa, 0xe1, 0xdb, 0x0, 0x0, 0xbf,
    0x2f, 0xc0, 0x0, 0x0, 0x10, 0x10, 0x0,

    /* U+068E "ڎ" */
    0x0, 0x9e, 0x0, 0x0, 0x0, 0x7, 0xb0, 0x0,
    0x0, 0x1e, 0x94, 0xf5, 0x0, 0x1, 0xfb, 0x5f,
    0x70, 0x0, 0x1, 0x0, 0x20, 0x0, 0x0, 0x0,
    0x0, 0x0, 0x0, 0x0, 0x3e, 0x60, 0x0, 0x0,
    0x8, 0xff, 0x80, 0x0, 0x0, 0x8, 0xff, 0x50,
    0x0, 0x0, 0x8, 0xfe, 0x0, 0x0, 0x0, 0xd,
    0xf5, 0x0, 0x0, 0x0, 0x6f, 0xb0, 0x0, 0x0,
    0x2, 0xff, 0x3, 0xbb, 0xbb, 0xbf, 0xf1, 0x4f,
    0xff, 0xff, 0xff, 0x20,

    /* U+068F "ڏ" */
    0x1e, 0x94, 0xf5, 0x0, 0x2, 0xfb, 0x6f, 0x60,
    0x0, 0x1, 0x0, 0x20, 0x0, 0x0, 0x8, 0xd0,
    0x0, 0x0, 0x0, 0x7c, 0x0, 0x0, 0x0, 0x0,
    0x0, 0x0, 0x0, 0x0, 0x6, 0x0, 0x0, 0x0,
    0x7, 0xfd, 0x20, 0x0, 0x0, 0x3d, 0xfe, 0x10,
    0x0, 0x0, 0xb, 0xfb, 0x0, 0x0, 0x0, 0x1e,
    0xf4, 0x0, 0x0, 0x0, 0x7f, 0xa0, 0x0, 0x0,
    0x2, 0xfe, 0x3, 0xbb, 0xbb, 0xbf, 0xf1, 0x4f,
    0xff, 0xff, 0xff, 0x20,

    /* U+0690 "ڐ" */
    0xd, 0xa6, 0xe2, 0x0, 0x0, 0xc9, 0x5e, 0x20,
    0x0, 0x0, 0x0, 0x0, 0x0, 0x0, 0xda, 0x6e,
    0x20, 0x0, 0xc, 0x95, 0xe2, 0x0, 0x0, 0x0,
    0x0, 0x0, 0x0, 0x0, 0x17, 0x0, 0x0, 0x0,
    0x7, 0xfd, 0x20, 0x0, 0x0, 0x3d, 0xfe, 0x20,
    0x0, 0x0, 0xb, 0xfc, 0x0, 0x0, 0x0, 0x1e,
    0xf4, 0x0, 0x0, 0x0, 0x7f, 0xa0, 0x0, 0x0,
    0x2, 0xfe, 0x3, 0xbb, 0xbb, 0xbf, 0xf1, 0x4f,
    0xff, 0xff, 0xff, 0x20,

    /* U+0691 "ڑ" */
    0x0, 0x6, 0x0, 0x0, 0x0, 0xc9, 0xd4, 0x0,
    0xc, 0x54, 0xa0, 0x0, 0xee, 0xe9, 0x0, 0x0,
    0x0, 0x0, 0x0, 0x0, 0x0, 0x0, 0x0, 0xef,
    0x0, 0x0, 0xf, 0xf0, 0x0, 0x0, 0xff, 0x0,
    0x0, 0xf, 0xf0, 0x0, 0x0, 0xff, 0x0, 0x0,
    0xf, 0xf0, 0x0, 0x0, 0xff, 0x0, 0x0, 0xf,
    0xf0, 0x0, 0x0, 0xff, 0x0, 0x0, 0x4f, 0xe0,
    0x3e, 0xcf, 0xf8, 0x4, 0xcf, 0xe9, 0x0,

    /* U+0692 "ڒ" */
    0x0, 0x37, 0x1, 0x81, 0x0, 0x1e, 0x5a, 0xc0,
    0x0, 0x6, 0xef, 0x30, 0x0, 0x0, 0x75, 0x0,
    0x0, 0x0, 0x0, 0x0, 0x0, 0x0, 0x78, 0x0,
    0x0, 0x0, 0xff, 0x0, 0x0, 0x0, 0xff, 0x0,
    0x0, 0x0, 0xff, 0x0, 0x0, 0x0, 0xff, 0x0,
    0x0, 0x0, 0xff, 0x0, 0x0, 0x0, 0xff, 0x0,
    0x0, 0x0, 0xff, 0x0, 0x0, 0x0, 0xff, 0x0,
    0x0, 0x4, 0xfe, 0x0, 0x3e, 0xcf, 0xf8, 0x0,
    0x4c, 0xfe, 0x90, 0x0,

    /* U+0693 "ړ" */
    0x0, 0x0, 0x0, 0x0, 0x0, 0xf, 0xf0, 0x0,
    0x0, 0xff, 0x0, 0x0, 0xf, 0xf0, 0x0, 0x0,
    0xff, 0x0, 0x0, 0xf, 0xf0, 0x0, 0x0, 0xff,
    0x0, 0x0, 0xf, 0xf0, 0x0, 0x0, 0xff, 0x0,
    0x0, 0xf, 0xf0, 0x3, 0x7, 0xfd, 0x3, 0xff,
    0xff, 0x60, 0x4a, 0xbf, 0xdb, 0x10, 0x1, 0xe0,
    0xb5, 0x0, 0x9, 0xec, 0x10,

    /* U+0694 "ڔ" */
    0x0, 0x0, 0xff, 0x0, 0x0, 0xf, 0xf0, 0x0,
    0x0, 0xff, 0x0, 0x0, 0xf, 0xf0, 0x0, 0x0,
    0xff, 0x0, 0x0, 0xf, 0xf0, 0x0, 0x0, 0xff,
    0x0, 0x0, 0xf, 0xf0, 0x0, 0x0, 0xff, 0x0,
    0x30, 0x7f, 0xd0, 0x5f, 0xff, 0xf6, 0x1, 0x8b,
    0xa5, 0x0, 0x0, 0x20, 0x0, 0x0, 0x5f, 0x70,
    0x0, 0x4, 0xf6, 0x0, 0x0,

    /* U+0695 "ڕ" */
    0x0, 0x0, 0x78, 0x0, 0x0, 0xf, 0xf0, 0x0,
    0x0, 0xff, 0x0, 0x0, 0xf, 0xf0, 0x0, 0x0,
    0xff, 0x0, 0x0, 0xf, 0xf0, 0x0, 0x0, 0xff,
    0x0, 0x0, 0xf, 0xf0, 0x0, 0x0, 0xff, 0x0,
    0x0, 0x4f, 0xe0, 0x3e, 0xcf, 0xf8, 0x4, 0xcf,
    0xe9, 0x0, 0x0, 0x0, 0x0, 0x8, 0x80, 0x69,
    0x0, 0x3f, 0x3f, 0x60, 0x0, 0xaf, 0xd0, 0x0,
    0x2, 0x83, 0x0, 0x0,

    /* U+0696 "ږ" */
    0x0, 0x0, 0xff, 0x0, 0x0, 0xf, 0xf0, 0x0,
    0x0, 0xff, 0x0, 0x0, 0xf, 0xf0, 0x0, 0x0,
    0xff, 0x0, 0x0, 0xf, 0xf0, 0x1, 0x10, 0xff,
    0x0, 0xee, 0xf, 0xf0, 0xc, 0xc0, 0xff, 0x0,
    0x30, 0x7f, 0xd0, 0x5f, 0xff, 0xf6, 0x1, 0x8b,
    0xa5, 0x0, 0x0, 0x20, 0x0, 0x0, 0x5f, 0x70,
    0x0, 0x4, 0xf6, 0x0, 0x0,

    /* U+0697 "ڗ" */
    0x0, 0x3f, 0x67, 0xf2, 0x0, 0x5f, 0x79, 0xf3,
    0x0, 0x2, 0x0, 0x10, 0x0, 0x0, 0x0, 0x0,
    0x0, 0x0, 0xcc, 0x0, 0x0, 0x0, 0xff, 0x0,
    0x0, 0x0, 0xff, 0x0, 0x0, 0x0, 0xff, 0x0,
    0x0, 0x0, 0xff, 0x0, 0x0, 0x0, 0xff, 0x0,
    0x0, 0x0, 0xff, 0x0, 0x0, 0x0, 0xff, 0x0,
    0x0, 0x0, 0xff, 0x0, 0x0, 0x4, 0xfe, 0x0,
    0x3e, 0xcf, 0xf8, 0x0, 0x4c, 0xfe, 0x90, 0x0,

    /* U+0698 "ژ" */
    0x0, 0x0, 0xcb, 0x0, 0x0, 0x0, 0xa9, 0x0,
    0x0, 0x3f, 0x67, 0xf3, 0x0, 0x4f, 0x88, 0xf4,
    0x0, 0x2, 0x0, 0x20, 0x0, 0x0, 0x0, 0x0,
    0x0, 0x0, 0xff, 0x0, 0x0, 0x0, 0xff, 0x0,
    0x0, 0x0, 0xff, 0x0, 0x0, 0x0, 0xff, 0x0,
    0x0, 0x0, 0xff, 0x0, 0x0, 0x0, 0xff, 0x0,
    0x0, 0x0, 0xff, 0x0, 0x0, 0x0, 0xff, 0x0,
    0x0, 0x0, 0xff, 0x0, 0x3, 0x7, 0xfd, 0x0,
    0x5f, 0xff, 0xf6, 0x0, 0x18, 0xba, 0x50, 0x0,

    /* U+0699 "ڙ" */
    0x0, 0x1e, 0x79, 0xe0, 0x0, 0x1e, 0x68, 0xd0,
    0x0, 0x0, 0x0, 0x0, 0x0, 0x1e, 0x79, 0xe0,
    0x0, 0x1e, 0x68, 0xd0, 0x0, 0x0, 0x0, 0x0,
    0x0, 0x0, 0x56, 0x0, 0x0, 0x0, 0xff, 0x0,
    0x0, 0x0, 0xff, 0x0, 0x0, 0x0, 0xff, 0x0,
    0x0, 0x0, 0xff, 0x0, 0x0, 0x0, 0xff, 0x0,
    0x0, 0x0, 0xff, 0x0, 0x0, 0x0, 0xff, 0x0,
    0x0, 0x0, 0xff, 0x0, 0x0, 0x4, 0xff, 0x0,
    0x3e, 0xcf, 0xf9, 0x0, 0x4c, 0xfe, 0x90, 0x0,

    /* U+069A "ښ" */
    0x0, 0x0, 0x0, 0x0, 0x0, 0x0, 0x1, 0x0,
    0x0, 0x0, 0x0, 0x0, 0x0, 0x0, 0x0, 0x0,
    0xaf, 0x20, 0x0, 0x0, 0x0, 0x0, 0x0, 0x0,
    0x0, 0x0, 0x8f, 0x20, 0x0, 0x0, 0x0, 0x0,
    0x0, 0x0, 0x0, 0x0, 0x0, 0x0, 0x9, 0xc4,
    0x0, 0x0, 0x0, 0x6, 0x93, 0x0, 0x59, 0x30,
    0xb, 0xf5, 0x0, 0x0, 0x0, 0xb, 0xf5, 0x0,
    0x9f, 0x70, 0xb, 0xf5, 0x1, 0x0, 0x0, 0xb,
    0xf5, 0x0, 0x9f, 0x70, 0xb, 0xf5, 0x6f, 0x70,
    0x0, 0xb, 0xf5, 0x0, 0x9f, 0x70, 0xb, 0xf5,
    0xbf, 0x40, 0x0, 0xb, 0xf5, 0x0, 0xdf, 0x90,
    0xb, 0xf5, 0xef, 0x20, 0x0, 0xb, 0xfc, 0xbd,
    0xff, 0xfd, 0xbe, 0xf5, 0xff, 0x20, 0x0, 0xb,
    0xff, 0xff, 0xc3, 0x6e, 0xff, 0xf5, 0xdf, 0x40,
    0x0, 0xd, 0xf4, 0x0, 0x0, 0x0, 0x0, 0x0,
    0x8f, 0xd2, 0x1, 0x8f, 0xf0, 0x0, 0xe, 0xa0,
    0x0, 0x0, 0xd, 0xff, 0xff, 0xff, 0x60, 0x0,
    0x1f, 0xc0, 0x0, 0x0, 0x0, 0x7a, 0xba, 0x82,
    0x0, 0x0, 0x1, 0x0, 0x0, 0x0,

    /* U+069B "ڛ" */
    0x0, 0x0, 0x0, 0x0, 0x0, 0x0, 0x0, 0x0,
    0xb, 0xf5, 0x0, 0x0, 0x0, 0x5, 0x82, 0x0,
    0x48, 0x30, 0xb, 0xf5, 0x0, 0x0, 0x0, 0xb,
    0xf5, 0x0, 0x9f, 0x70, 0xb, 0xf5, 0x0, 0x0,
    0x0, 0xb, 0xf5, 0x0, 0x9f, 0x70, 0xb, 0xf5,
    0x6f, 0x80, 0x0, 0xb, 0xf5, 0x0, 0x9f, 0x70,
    0xb, 0xf5, 0xbf, 0x40, 0x0, 0xb, 0xf5, 0x0,
    0xdf, 0x90, 0xb, 0xf5, 0xef, 0x20, 0x0, 0xb,
    0xfc, 0xbd, 0xff, 0xfd, 0xbe, 0xf5, 0xff, 0x20,
    0x0, 0xb, 0xff, 0xff, 0xc3, 0x6e, 0xff, 0xf5,
    0xdf, 0x40, 0x0, 0xd, 0xf4, 0x0, 0x0, 0x0,
    0x0, 0x0, 0x8f, 0xc2, 0x1, 0x8f, 0xf0, 0x0,
    0x61, 0x26, 0x0, 0x0, 0x1d, 0xff, 0xff, 0xff,
    0x60, 0x5, 0xf9, 0xaf, 0x40, 0x0, 0x0, 0x7a,
    0xba, 0x82, 0x0, 0x1, 0xa3, 0x4a, 0x10, 0x0,
    0x0, 0x0, 0x0, 0x0, 0x0, 0x0, 0xc, 0xa0,
    0x0, 0x0, 0x0, 0x0, 0x0, 0x0, 0x0, 0x0,
    0xa, 0x90, 0x0, 0x0,

    /* U+069C "ڜ" */
    0x0, 0x0, 0x0, 0x0, 0x0, 0x0, 0x6e, 0x20,
    0x0, 0x0, 0x0, 0x0, 0x0, 0x0, 0x0, 0x1,
    0x6d, 0x30, 0x0, 0x0, 0x0, 0x0, 0x0, 0x0,
    0x0, 0xe, 0xe3, 0xfa, 0x0, 0x0, 0x0, 0x0,
    0x0, 0x0, 0x0, 0xc, 0xc2, 0xe8, 0x0, 0x0,
    0x0, 0x0, 0x0, 0x0, 0x0, 0x0, 0x0, 0x0,
    0x9, 0xc3, 0x0, 0x0, 0x0, 0x6, 0x83, 0x0,
    0x58, 0x30, 0xb, 0xf5, 0x0, 0x0, 0x0, 0xb,
    0xf5, 0x0, 0x9f, 0x70, 0xb, 0xf5, 0x1, 0x0,
    0x0, 0xb, 0xf5, 0x0, 0x9f, 0x70, 0xb, 0xf5,
    0x6f, 0x70, 0x0, 0xb, 0xf5, 0x0, 0x9f, 0x70,
    0xb, 0xf5, 0xbf, 0x40, 0x0, 0xb, 0xf5, 0x0,
    0xdf, 0x90, 0xb, 0xf5, 0xef, 0x20, 0x0, 0xb,
    0xfc, 0xbd, 0xff, 0xfd, 0xbe, 0xf5, 0xff, 0x20,
    0x0, 0xb, 0xff, 0xff, 0xc3, 0x6e, 0xff, 0xf5,
    0xdf, 0x40, 0x0, 0xd, 0xf4, 0x0, 0x0, 0x0,
    0x0, 0x0, 0x8f, 0xd2, 0x1, 0x8f, 0xf0, 0x0,
    0x61, 0x26, 0x0, 0x0, 0xd, 0xff, 0xff, 0xff,
    0x60, 0x5, 0xf9, 0xaf, 0x40, 0x0, 0x0, 0x7a,
    0xba, 0x82, 0x0, 0x1, 0xa3, 0x4a, 0x10, 0x0,
    0x0, 0x0, 0x0, 0x0, 0x0, 0x0, 0xc, 0xa0,
    0x0, 0x0, 0x0, 0x0, 0x0, 0x0, 0x0, 0x0,
    0xa, 0x90, 0x0, 0x0,

    /* U+069D "ڝ" */
    0x0, 0x0, 0x0, 0xb, 0xf5, 0x6, 0xdf, 0xfb,
    0x20, 0x0, 0x0, 0x0, 0xb, 0xf5, 0x9f, 0xa9,
    0xdf, 0xe0, 0x0, 0x0, 0x0, 0xb, 0xfa, 0xe2,
    0x0, 0xd, 0xf6, 0x3, 0x10, 0x0, 0xb, 0xff,
    0x30, 0x0, 0x8, 0xf8, 0x7f, 0x70, 0x0, 0xb,
    0xf9, 0x0, 0x0, 0x7, 0xf9, 0xbf, 0x40, 0x0,
    0xb, 0xf5, 0x0, 0x0, 0x7, 0xf9, 0xef, 0x20,
    0x0, 0xb, 0xfc, 0xbb, 0xbb, 0xbd, 0xf9, 0xff,
    0x20, 0x0, 0xb, 0xff, 0xff, 0xff, 0xff, 0xf9,
    0xdf, 0x40, 0x0, 0xd, 0xf4, 0x0, 0x0, 0x0,
    0x0, 0x8f, 0xd2, 0x1, 0x8f, 0xf4, 0xf7, 0x6f,
    0x30, 0x0, 0xd, 0xff, 0xff, 0xff, 0x54, 0xf8,
    0x8f, 0x40, 0x0, 0x0, 0x6a, 0xba, 0x82, 0x0,
    0x20, 0x2, 0x0, 0x0,

    /* U+069E "ڞ" */
    0x0, 0x0, 0x0, 0x0, 0x0, 0x5, 0xf2, 0x0,
    0x0, 0x0, 0x0, 0x0, 0x0, 0x0, 0x4, 0xd1,
    0x0, 0x0, 0x0, 0x0, 0x0, 0x0, 0x0, 0xcd,
    0x1e, 0x80, 0x0, 0x0, 0x0, 0x0, 0x0, 0x0,
    0xee, 0x2f, 0xa0, 0x0, 0x0, 0x0, 0x0, 0x0,
    0x0, 0x11, 0x1, 0x0, 0x0, 0x0, 0x0, 0x0,
    0x0, 0x0, 0x0, 0x0, 0x0, 0x0, 0x0, 0x0,
    0x0, 0xb, 0xf5, 0x6, 0xdf, 0xfb, 0x20, 0x0,
    0x0, 0x0, 0xb, 0xf5, 0x9f, 0xa9, 0xdf, 0xe0,
    0x0, 0x0, 0x0, 0xb, 0xfa, 0xe2, 0x0, 0xd,
    0xf6, 0x3, 0x10, 0x0, 0xb, 0xff, 0x30, 0x0,
    0x8, 0xf8, 0x7f, 0x70, 0x0, 0xb, 0xf9, 0x0,
    0x0, 0x7, 0xf9, 0xbf, 0x40, 0x0, 0xb, 0xf5,
    0x0, 0x0, 0x7, 0xf9, 0xef, 0x20, 0x0, 0xb,
    0xfc, 0xbb, 0xbb, 0xbd, 0xf9, 0xff, 0x20, 0x0,
    0xb, 0xff, 0xff, 0xff, 0xff, 0xf9, 0xdf, 0x40,
    0x0, 0xd, 0xf4, 0x0, 0x0, 0x0, 0x0, 0x8f,
    0xd2, 0x1, 0x8f, 0xf0, 0x0, 0x0, 0x0, 0x0,
    0xd, 0xff, 0xff, 0xff, 0x50, 0x0, 0x0, 0x0,
    0x0, 0x0, 0x6a, 0xba, 0x82, 0x0, 0x0, 0x0,
    0x0, 0x0,

    /* U+069F "ڟ" */
    0x0, 0x0, 0x0, 0x1, 0xd5, 0x0, 0x0, 0x0,
    0x0, 0x0, 0x1e, 0x60, 0x0, 0x0, 0xff, 0x0,
    0x7f, 0x2b, 0xd0, 0x0, 0xf, 0xf0, 0x9, 0xf3,
    0xdf, 0x0, 0x0, 0xff, 0x0, 0x2, 0x1, 0x10,
    0x0, 0xf, 0xf0, 0x0, 0x0, 0x0, 0x0, 0x0,
    0xff, 0x0, 0x9e, 0xfe, 0x80, 0x0, 0xf, 0xf1,
    0xdf, 0xcc, 0xff, 0xa0, 0x0, 0xff, 0xac, 0x20,
    0x3, 0xff, 0x10, 0xf, 0xfe, 0x10, 0x0, 0xd,
    0xf3, 0x0, 0xff, 0x50, 0x0, 0x0, 0xcf, 0x40,
    0xf, 0xf0, 0x0, 0x0, 0xc, 0xf4, 0x7b, 0xff,
    0xbb, 0xbb, 0xbb, 0xef, 0x4a, 0xff, 0xff, 0xff,
    0xff, 0xff, 0xf4,

    /* U+06A0 "ڠ" */
    0x0, 0x8, 0xe0, 0x0, 0x0, 0x7, 0xc0, 0x0,
    0x1, 0xea, 0x4f, 0x60, 0x1, 0xfb, 0x5f, 0x70,
    0x0, 0x10, 0x2, 0x0, 0x0, 0x0, 0x0, 0x0,
    0x0, 0x7d, 0xff, 0xc3, 0x9, 0xff, 0xbc, 0xf1,
    0x2f, 0xf2, 0x0, 0x0, 0x5f, 0xb0, 0x0, 0x0,
    0x3f, 0xc0, 0x0, 0x0, 0xd, 0xf3, 0x6c, 0x60,
    0x3, 0xff, 0xfd, 0x60, 0x1c, 0xfc, 0x30, 0x0,
    0x9f, 0x90, 0x0, 0x0, 0xef, 0x20, 0x0, 0x0,
    0xef, 0x50, 0x0, 0x0, 0x7f, 0xfc, 0xbd, 0x80,
    0x7, 0xdf, 0xfc, 0x60,

    /* U+06A1 "ڡ" */
    0x0, 0x0, 0x0, 0x0, 0x8, 0xdf, 0xff, 0x80,
    0x0, 0x0, 0x0, 0xc, 0xff, 0xbd, 0xf8, 0x7b,
    0x30, 0x0, 0x6, 0xfe, 0x10, 0x8f, 0x8d, 0xf2,
    0x0, 0x0, 0x9f, 0x80, 0x8, 0xf8, 0xff, 0x20,
    0x0, 0x9, 0xf7, 0x0, 0x8f, 0x8d, 0xf5, 0x0,
    0x0, 0x5f, 0xd0, 0x8, 0xf8, 0x8f, 0xfb, 0xbb,
    0xbb, 0xff, 0xeb, 0xdf, 0x80, 0x9e, 0xff, 0xff,
    0xff, 0xff, 0xff, 0xf8,

    /* U+06A2 "ڢ" */
    0x0, 0x0, 0x0, 0x0, 0x8, 0xdf, 0xff, 0x80,
    0x0, 0x0, 0x0, 0xc, 0xff, 0xbd, 0xf8, 0x7b,
    0x30, 0x0, 0x6, 0xfe, 0x10, 0x8f, 0x8d, 0xf2,
    0x0, 0x0, 0x9f, 0x80, 0x8, 0xf8, 0xff, 0x20,
    0x0, 0x9, 0xf7, 0x0, 0x8f, 0x8d, 0xf5, 0x0,
    0x0, 0x5f, 0xd0, 0x8, 0xf8, 0x8f, 0xfb, 0xbb,
    0xbb, 0xff, 0xeb, 0xdf, 0x80, 0x9e, 0xff, 0xff,
    0xff, 0xff, 0xff, 0xf8, 0x0, 0x0, 0x0, 0x0,
    0x0, 0x0, 0x0, 0x0, 0x0, 0x0, 0x0, 0x0,
    0x7, 0xf2, 0x0, 0x0, 0x0, 0x0, 0x0, 0x0,
    0x9f, 0x30, 0x0, 0x0, 0x0, 0x0, 0x0, 0x0,
    0x20, 0x0,

    /* U+06A3 "ڣ" */
    0x0, 0x0, 0x0, 0x0, 0x0, 0xdb, 0x0, 0x0,
    0x0, 0x0, 0x0, 0x0, 0xf, 0xd0, 0x0, 0x0,
    0x0, 0x0, 0x0, 0x0, 0x11, 0x0, 0x0, 0x0,
    0x0, 0x0, 0x0, 0x0, 0x0, 0x0, 0x0, 0x0,
    0x0, 0x0, 0x8, 0xdf, 0xff, 0x80, 0x0, 0x0,
    0x0, 0xc, 0xff, 0xbd, 0xf8, 0x7b, 0x30, 0x0,
    0x6, 0xfe, 0x10, 0x8f, 0x8d, 0xf2, 0x0, 0x0,
    0x9f, 0x80, 0x8, 0xf8, 0xff, 0x20, 0x0, 0x9,
    0xf7, 0x0, 0x8f, 0x8d, 0xf5, 0x0, 0x0, 0x5f,
    0xd0, 0x8, 0xf8, 0x8f, 0xfb, 0xbb, 0xbb, 0xff,
    0xeb, 0xdf, 0x80, 0x9e, 0xff, 0xff, 0xff, 0xff,
    0xff, 0xf8, 0x0, 0x0, 0x0, 0x0, 0x0, 0x0,
    0x0, 0x0, 0x0, 0x0, 0x0, 0x0, 0x7, 0xf2,
    0x0, 0x0, 0x0, 0x0, 0x0, 0x0, 0x9f, 0x30,
    0x0, 0x0, 0x0, 0x0, 0x0, 0x0, 0x20, 0x0,

    /* U+06A4 "ڤ" */
    0x0, 0x0, 0x0, 0x0, 0x0, 0x9a, 0x0, 0x0,
    0x0, 0x0, 0x0, 0x0, 0xb, 0xb0, 0x0, 0x0,
    0x0, 0x0, 0x0, 0x3f, 0x76, 0xf3, 0x0, 0x0,
    0x0, 0x0, 0x4, 0xf8, 0x8f, 0x40, 0x0, 0x0,
    0x0, 0x0, 0x2, 0x0, 0x20, 0x0, 0x0, 0x0,
    0x0, 0x0, 0x0, 0x0, 0x0, 0x0, 0x0, 0x0,
    0x0, 0x8, 0xdf, 0xff, 0x80, 0x0, 0x0, 0x0,
    0xc, 0xff, 0xbd, 0xf8, 0x7b, 0x30, 0x0, 0x6,
    0xfe, 0x10, 0x8f, 0x8d, 0xf2, 0x0, 0x0, 0x9f,
    0x80, 0x8, 0xf8, 0xff, 0x20, 0x0, 0x9, 0xf7,
    0x0, 0x8f, 0x8d, 0xf5, 0x0, 0x0, 0x5f, 0xd0,
    0x8, 0xf8, 0x8f, 0xfb, 0xbb, 0xbb, 0xff, 0xeb,
    0xdf, 0x80, 0x9e, 0xff, 0xff, 0xff, 0xff, 0xff,
    0xf8,

    /* U+06A5 "ڥ" */
    0x0, 0x0, 0x0, 0x0, 0x8, 0xdf, 0xff, 0x80,
    0x0, 0x0, 0x0, 0xc, 0xff, 0xbd, 0xf8, 0x7b,
    0x30, 0x0, 0x6, 0xfe, 0x10, 0x8f, 0x8d, 0xf2,
    0x0, 0x0, 0x9f, 0x80, 0x8, 0xf8, 0xff, 0x20,
    0x0, 0x9, 0xf7, 0x0, 0x8f, 0x8d, 0xf5, 0x0,
    0x0, 0x5f, 0xd0, 0x8, 0xf8, 0x8f, 0xfb, 0xbb,
    0xbb, 0xff, 0xeb, 0xdf, 0x80, 0x9e, 0xff, 0xff,
    0xff, 0xff, 0xff, 0xf8, 0x0, 0x0, 0x0, 0x0,
    0x0, 0x0, 0x0, 0x0, 0x0, 0x0, 0x0, 0x0,
    0x1, 0x1, 0x0, 0x0, 0x0, 0x0, 0x0, 0xd,
    0xf2, 0xfb, 0x0, 0x0, 0x0, 0x0, 0x0, 0xbd,
    0x1e, 0x90, 0x0, 0x0, 0x0, 0x0, 0x0, 0x4f,
    0x30, 0x0, 0x0, 0x0, 0x0, 0x0, 0x3, 0xd2,
    0x0,

    /* U+06A6 "ڦ" */
    0x0, 0x0, 0x0, 0x0, 0x1e, 0x78, 0xd0, 0x0,
    0x0, 0x0, 0x0, 0x1, 0xe7, 0x8e, 0x0, 0x0,
    0x0, 0x0, 0x0, 0x0, 0x0, 0x0, 0x0, 0x0,
    0x0, 0x0, 0x1, 0xe7, 0x8e, 0x0, 0x0, 0x0,
    0x0, 0x0, 0x1e, 0x78, 0xd0, 0x0, 0x0, 0x0,
    0x0, 0x0, 0x0, 0x0, 0x0, 0x0, 0x0, 0x0,
    0x0, 0x8, 0xdf, 0xff, 0x80, 0x0, 0x0, 0x0,
    0xc, 0xff, 0xbd, 0xf8, 0x7b, 0x30, 0x0, 0x6,
    0xfe, 0x10, 0x8f, 0x8d, 0xf2, 0x0, 0x0, 0x9f,
    0x80, 0x8, 0xf8, 0xff, 0x20, 0x0, 0x9, 0xf7,
    0x0, 0x8f, 0x8d, 0xf5, 0x0, 0x0, 0x5f, 0xd0,
    0x8, 0xf8, 0x8f, 0xfb, 0xbb, 0xbb, 0xff, 0xeb,
    0xdf, 0x80, 0x9e, 0xff, 0xff, 0xff, 0xff, 0xff,
    0xf8,

    /* U+06A7 "ڧ" */
    0x0, 0x0, 0x0, 0x6, 0xf3, 0x0, 0x0, 0x0,
    0x0, 0x0, 0x8f, 0x50, 0x0, 0x0, 0x0, 0x0,
    0x0, 0x20, 0x0, 0x0, 0x0, 0x0, 0x0, 0x0,
    0x0, 0x0, 0x0, 0x0, 0x0, 0x7, 0xdf, 0xff,
    0x90, 0x0, 0x0, 0xb, 0xff, 0xcd, 0xf9, 0x0,
    0x0, 0x5, 0xfe, 0x20, 0x7f, 0x90, 0x11, 0x0,
    0x8f, 0x90, 0x7, 0xf9, 0x6f, 0x70, 0x9, 0xf8,
    0x0, 0x7f, 0x9b, 0xf4, 0x0, 0x6f, 0xd1, 0x7,
    0xf9, 0xef, 0x20, 0x0, 0xdf, 0xeb, 0xdf, 0x9f,
    0xf2, 0x0, 0x1, 0xaf, 0xff, 0xf8, 0xdf, 0x40,
    0x0, 0x0, 0x0, 0x8f, 0x77, 0xfd, 0x30, 0x0,
    0x0, 0x5e, 0xf4, 0xc, 0xff, 0xff, 0xff, 0xff,
    0xfa, 0x0, 0x6, 0xab, 0xbb, 0xbb, 0x95, 0x0,

    /* U+06A8 "ڨ" */
    0x0, 0x0, 0x0, 0x4, 0xf3, 0x0, 0x0, 0x0,
    0x0, 0x0, 0x3d, 0x20, 0x0, 0x0, 0x0, 0x0,
    0xbe, 0x1e, 0xa0, 0x0, 0x0, 0x0, 0xc, 0xf2,
    0xfc, 0x0, 0x0, 0x0, 0x0, 0x1, 0x1, 0x0,
    0x0, 0x0, 0x0, 0x0, 0x0, 0x0, 0x0, 0x0,
    0x0, 0x0, 0x7, 0xdf, 0xff, 0x90, 0x0, 0x0,
    0xb, 0xff, 0xcd, 0xf9, 0x0, 0x0, 0x5, 0xfe,
    0x20, 0x7f, 0x90, 0x11, 0x0, 0x8f, 0x90, 0x7,
    0xf9, 0x6f, 0x70, 0x9, 0xf8, 0x0, 0x7f, 0x9b,
    0xf4, 0x0, 0x6f, 0xd1, 0x7, 0xf9, 0xef, 0x20,
    0x0, 0xdf, 0xeb, 0xdf, 0x9f, 0xf2, 0x0, 0x1,
    0xaf, 0xff, 0xf8, 0xdf, 0x40, 0x0, 0x0, 0x0,
    0x8f, 0x77, 0xfd, 0x30, 0x0, 0x0, 0x5e, 0xf4,
    0xc, 0xff, 0xff, 0xff, 0xff, 0xfa, 0x0, 0x6,
    0xab, 0xbb, 0xbb, 0x95, 0x0,

    /* U+06A9 "ک" */
    0x0, 0x0, 0x0, 0x0, 0x0, 0x0, 0x0, 0x0,
    0x0, 0x0, 0x7e, 0x40, 0x0, 0x0, 0x0, 0x1c,
    0xff, 0x80, 0x0, 0x0, 0x2, 0xef, 0xc3, 0x0,
    0x0, 0x0, 0xd, 0xf9, 0x0, 0x0, 0x0, 0x0,
    0x8f, 0x90, 0x0, 0x0, 0x0, 0x0, 0xdf, 0xff,
    0xea, 0x20, 0x0, 0x0, 0x9b, 0xbb, 0xff, 0xe1,
    0x25, 0x10, 0x0, 0x0, 0x1d, 0xf7, 0xcf, 0x30,
    0x0, 0x0, 0x8, 0xf9, 0xef, 0x10, 0x0, 0x0,
    0x7, 0xf9, 0xef, 0x40, 0x0, 0x0, 0x7, 0xf9,
    0x9f, 0xfb, 0xbb, 0xbb, 0xbd, 0xf9, 0xa, 0xff,
    0xff, 0xff, 0xff, 0xf9,

    /* U+06AA "ڪ" */
    0x0, 0x0, 0x0, 0x0, 0x4a, 0x0, 0x0, 0x0,
    0x0, 0x0, 0x0, 0x0, 0xa, 0xff, 0x40, 0x0,
    0x0, 0x0, 0x0, 0x0, 0x1, 0xdf, 0xe7, 0x10,
    0x0, 0x0, 0x0, 0x0, 0x0, 0xd, 0xfa, 0x10,
    0x0, 0x0, 0x0, 0x0, 0x0, 0x0, 0x9f, 0x90,
    0x0, 0x0, 0x0, 0x0, 0x0, 0x0, 0x1, 0xff,
    0xbb, 0xbb, 0xbb, 0xba, 0x72, 0x0, 0x0, 0x1,
    0xff, 0xff, 0xff, 0xff, 0xff, 0xff, 0x50, 0x0,
    0x0, 0x0, 0x0, 0x0, 0x0, 0x2, 0xaf, 0xe0,
    0x10, 0x0, 0x0, 0x0, 0x0, 0x0, 0x0, 0xf,
    0xf2, 0x9f, 0xdc, 0xbb, 0xbb, 0xbb, 0xbb, 0xbb,
    0xbf, 0xf2, 0x15, 0x9c, 0xef, 0xff, 0xff, 0xff,
    0xff, 0xff, 0xf2,

    /* U+06AB "ګ" */
    0x0, 0x0, 0x0, 0x0, 0x0, 0x0, 0x0, 0x0,
    0x0, 0x0, 0x5d, 0x30, 0x0, 0x0, 0x0, 0xa,
    0xff, 0x90, 0x0, 0x0, 0x0, 0xcf, 0xff, 0x50,
    0x0, 0x0, 0xa, 0xff, 0x56, 0xb0, 0x0, 0x0,
    0x5f, 0xd6, 0xed, 0x50, 0x0, 0x0, 0xdf, 0xca,
    0x94, 0x0, 0x0, 0x0, 0xdf, 0xff, 0xff, 0xb0,
    0x48, 0x20, 0x0, 0x0, 0x5f, 0xf5, 0xcf, 0x20,
    0x0, 0x0, 0x9, 0xf8, 0xef, 0x10, 0x0, 0x0,
    0x7, 0xf9, 0xef, 0x50, 0x0, 0x0, 0x7, 0xf9,
    0x9f, 0xfb, 0xbb, 0xbb, 0xbd, 0xf9, 0x9, 0xef,
    0xff, 0xff, 0xff, 0xf9,

    /* U+06AC "ڬ" */
    0x0, 0x0, 0x2f, 0x80, 0xf, 0xf0, 0x0, 0x0,
    0x3f, 0x90, 0xf, 0xf0, 0x0, 0x0, 0x1, 0x0,
    0xf, 0xf0, 0x0, 0x0, 0x5, 0x40, 0xf, 0xf0,
    0x0, 0x0, 0x5e, 0x40, 0xf, 0xf0, 0x0, 0x0,
    0x59, 0xe3, 0xf, 0xf0, 0x48, 0x20, 0xbc, 0xd4,
    0xf, 0xf0, 0xcf, 0x20, 0x0, 0x0, 0xf, 0xf0,
    0xef, 0x10, 0x0, 0x0, 0xf, 0xf0, 0xef, 0x50,
    0x0, 0x0, 0xf, 0xf0, 0x9f, 0xfb, 0xbb, 0xbb,
    0xbf, 0xf0, 0x9, 0xef, 0xff, 0xff, 0xff, 0xf0,

    /* U+06AD "ڭ" */
    0x0, 0x0, 0x1, 0x0, 0x0, 0x0, 0x0, 0x0,
    0xd, 0x60, 0x0, 0x0, 0x0, 0x0, 0x96, 0x95,
    0xf, 0xf0, 0x0, 0x0, 0xe6, 0xc8, 0xf, 0xf0,
    0x0, 0x0, 0x0, 0x0, 0xf, 0xf0, 0x0, 0x0,
    0x3, 0x30, 0xf, 0xf0, 0x0, 0x0, 0x4e, 0x40,
    0xf, 0xf0, 0x0, 0x0, 0x59, 0xd3, 0xf, 0xf0,
    0x48, 0x20, 0xbc, 0xd4, 0xf, 0xf0, 0xcf, 0x20,
    0x0, 0x0, 0xf, 0xf0, 0xef, 0x10, 0x0, 0x0,
    0xf, 0xf0, 0xef, 0x50, 0x0, 0x0, 0xf, 0xf0,
    0x9f, 0xfb, 0xbb, 0xbb, 0xbf, 0xf0, 0x9, 0xef,
    0xff, 0xff, 0xff, 0xf0,

    /* U+06AE "ڮ" */
    0x0, 0x0, 0x0, 0x0, 0xf, 0xf0, 0x0, 0x0,
    0x0, 0x0, 0xf, 0xf0, 0x0, 0x0, 0x0, 0x0,
    0xf, 0xf0, 0x0, 0x0, 0x1, 0x20, 0xf, 0xf0,
    0x0, 0x0, 0x3e, 0x40, 0xf, 0xf0, 0x0, 0x0,
    0x5a, 0xe3, 0xf, 0xf0, 0x48, 0x20, 0xbc, 0xd4,
    0xf, 0xf0, 0xcf, 0x20, 0x0, 0x0, 0xf, 0xf0,
    0xef, 0x10, 0x0, 0x0, 0xf, 0xf0, 0xef, 0x50,
    0x0, 0x0, 0xf, 0xf0, 0x9f, 0xfb, 0xbb, 0xbb,
    0xbf, 0xf0, 0x9, 0xef, 0xff, 0xff, 0xff, 0xf0,
    0x0, 0x0, 0x0, 0x0, 0x0, 0x0, 0x0, 0x0,
    0x0, 0x0, 0x0, 0x0, 0x0, 0xc, 0xc2, 0xf8,
    0x0, 0x0, 0x0, 0xe, 0xe2, 0xfa, 0x0, 0x0,
    0x0, 0x1, 0x10, 0x10, 0x0, 0x0, 0x0, 0x0,
    0x6e, 0x20, 0x0, 0x0, 0x0, 0x0, 0x5d, 0x10,
    0x0, 0x0,

    /* U+06AF "گ" */
    0x0, 0x0, 0x0, 0x0, 0x0, 0x0, 0x0, 0x0,
    0x0, 0x6, 0xe5, 0x0, 0x0, 0x0, 0x0, 0xbf,
    0x71, 0x0, 0x0, 0x0, 0x1d, 0xc2, 0x7e, 0x40,
    0x0, 0x0, 0xca, 0x2c, 0xff, 0x80, 0x0, 0x6,
    0xb2, 0xef, 0xc3, 0x0, 0x0, 0x1, 0x1d, 0xf9,
    0x0, 0x0, 0x0, 0x0, 0x8f, 0x90, 0x0, 0x0,
    0x0, 0x0, 0xdf, 0xff, 0xea, 0x20, 0x0, 0x0,
    0x9b, 0xbb, 0xff, 0xe1, 0x25, 0x10, 0x0, 0x0,
    0x1d, 0xf7, 0xcf, 0x30, 0x0, 0x0, 0x8, 0xf9,
    0xef, 0x10, 0x0, 0x0, 0x7, 0xf9, 0xef, 0x40,
    0x0, 0x0, 0x7, 0xf9, 0x9f, 0xfb, 0xbb, 0xbb,
    0xbd, 0xf9, 0xa, 0xff, 0xff, 0xff, 0xff, 0xf9,

    /* U+06B0 "ڰ" */
    0x0, 0x0, 0x0, 0x0, 0x0, 0x0, 0x0, 0x0,
    0x0, 0x4, 0xd5, 0x0, 0x0, 0x0, 0x0, 0xaf,
    0x81, 0x0, 0x0, 0x0, 0x1c, 0xc2, 0x5d, 0x30,
    0x0, 0x0, 0xca, 0x1a, 0xff, 0x90, 0x0, 0x6,
    0xa0, 0xcf, 0xff, 0x50, 0x0, 0x1, 0xa, 0xff,
    0x56, 0xb0, 0x0, 0x0, 0x5f, 0xd6, 0xed, 0x50,
    0x0, 0x0, 0xdf, 0xca, 0x94, 0x0, 0x0, 0x0,
    0xdf, 0xff, 0xff, 0xb0, 0x48, 0x20, 0x0, 0x0,
    0x5f, 0xf5, 0xcf, 0x20, 0x0, 0x0, 0x9, 0xf8,
    0xef, 0x10, 0x0, 0x0, 0x7, 0xf9, 0xef, 0x50,
    0x0, 0x0, 0x7, 0xf9, 0x9f, 0xfb, 0xbb, 0xbb,
    0xbd, 0xf9, 0x9, 0xef, 0xff, 0xff, 0xff, 0xf9,

    /* U+06B1 "ڱ" */
    0x0, 0x0, 0x57, 0x0, 0x31, 0x0, 0x0, 0x0,
    0x8c, 0xa, 0xf6, 0x0, 0x0, 0x3e, 0x22, 0xde,
    0x62, 0x0, 0x0, 0x19, 0x3e, 0xb2, 0xaf, 0x40,
    0x0, 0x0, 0xda, 0x3e, 0xff, 0x80, 0x0, 0x6,
    0xb3, 0xff, 0xc3, 0x0, 0x0, 0x1, 0x1d, 0xf8,
    0x0, 0x0, 0x0, 0x0, 0x8f, 0x90, 0x0, 0x0,
    0x0, 0x0, 0xdf, 0xff, 0xea, 0x20, 0x0, 0x0,
    0x9b, 0xbb, 0xff, 0xe1, 0x25, 0x10, 0x0, 0x0,
    0x1d, 0xf7, 0xcf, 0x30, 0x0, 0x0, 0x8, 0xf9,
    0xef, 0x10, 0x0, 0x0, 0x7, 0xf9, 0xef, 0x40,
    0x0, 0x0, 0x7, 0xf9, 0x9f, 0xfb, 0xbb, 0xbb,
    0xbd, 0xf9, 0xa, 0xff, 0xff, 0xff, 0xff, 0xf9,

    /* U+06B2 "ڲ" */
    0x0, 0x0, 0x0, 0x0, 0x0, 0x0, 0x0, 0x0,
    0x0, 0x6, 0xe5, 0x0, 0x0, 0x0, 0x0, 0xbf,
    0x71, 0x0, 0x0, 0x0, 0x1d, 0xc2, 0x7e, 0x40,
    0x0, 0x0, 0xca, 0x2c, 0xff, 0x80, 0x0, 0x6,
    0xb2, 0xef, 0xc3, 0x0, 0x0, 0x1, 0x1d, 0xf9,
    0x0, 0x0, 0x0, 0x0, 0x8f, 0x90, 0x0, 0x0,
    0x0, 0x0, 0xdf, 0xff, 0xea, 0x20, 0x0, 0x0,
    0x9b, 0xbb, 0xff, 0xe1, 0x25, 0x10, 0x0, 0x0,
    0x1d, 0xf7, 0xcf, 0x30, 0x0, 0x0, 0x8, 0xf9,
    0xef, 0x10, 0x0, 0x0, 0x7, 0xf9, 0xef, 0x40,
    0x0, 0x0, 0x7, 0xf9, 0x9f, 0xfb, 0xbb, 0xbb,
    0xbd, 0xf9, 0xa, 0xff, 0xff, 0xff, 0xff, 0xf9,
    0x0, 0x0, 0x0, 0x0, 0x0, 0x0, 0x0, 0x1,
    0x10, 0x10, 0x0, 0x0, 0x0, 0xe, 0xd3, 0xf9,
    0x0, 0x0, 0x0, 0xd, 0xc2, 0xf8, 0x0, 0x0,

    /* U+06B3 "ڳ" */
    0x0, 0x0, 0x0, 0x0, 0x0, 0x0, 0x0, 0x0,
    0x0, 0x6, 0xe5, 0x0, 0x0, 0x0, 0x0, 0xbf,
    0x71, 0x0, 0x0, 0x0, 0x1d, 0xc2, 0x7e, 0x40,
    0x0, 0x0, 0xca, 0x2c, 0xff, 0x80, 0x0, 0x6,
    0xb2, 0xef, 0xc3, 0x0, 0x0, 0x1, 0x1d, 0xf9,
    0x0, 0x0, 0x0, 0x0, 0x8f, 0x90, 0x0, 0x0,
    0x0, 0x0, 0xdf, 0xff, 0xea, 0x20, 0x0, 0x0,
    0x9b, 0xbb, 0xff, 0xe1, 0x25, 0x10, 0x0, 0x0,
    0x1d, 0xf7, 0xcf, 0x30, 0x0, 0x0, 0x8, 0xf9,
    0xef, 0x10, 0x0, 0x0, 0x7, 0xf9, 0xef, 0x40,
    0x0, 0x0, 0x7, 0xf9, 0x9f, 0xfb, 0xbb, 0xbb,
    0xbd, 0xf9, 0xa, 0xff, 0xff, 0xff, 0xff, 0xf9,
    0x0, 0x0, 0x0, 0x0, 0x0, 0x0, 0x0, 0x0,
    0x2, 0x0, 0x0, 0x0, 0x0, 0x0, 0x9f, 0x30,
    0x0, 0x0, 0x0, 0x0, 0x8f, 0x20, 0x0, 0x0,
    0x0, 0x0, 0x1, 0x0, 0x0, 0x0, 0x0, 0x0,
    0x9f, 0x30, 0x0, 0x0, 0x0, 0x0, 0x8f, 0x20,
    0x0, 0x0,

    /* U+06B4 "ڴ" */
    0x0, 0x7b, 0x57, 0x0, 0x31, 0x0, 0x0, 0x25,
    0x8c, 0xa, 0xf6, 0x0, 0x0, 0x3e, 0x22, 0xde,
    0x62, 0x0, 0x0, 0x19, 0x3e, 0xb2, 0xaf, 0x40,
    0x0, 0x0, 0xda, 0x3e, 0xff, 0x80, 0x0, 0x6,
    0xb3, 0xff, 0xc3, 0x0, 0x0, 0x1, 0x1d, 0xf8,
    0x0, 0x0, 0x0, 0x0, 0x8f, 0x90, 0x0, 0x0,
    0x0, 0x0, 0xdf, 0xff, 0xea, 0x20, 0x0, 0x0,
    0x9b, 0xbb, 0xff, 0xe1, 0x25, 0x10, 0x0, 0x0,
    0x1d, 0xf7, 0xcf, 0x30, 0x0, 0x0, 0x8, 0xf9,
    0xef, 0x10, 0x0, 0x0, 0x7, 0xf9, 0xef, 0x40,
    0x0, 0x0, 0x7, 0xf9, 0x9f, 0xfb, 0xbb, 0xbb,
    0xbd, 0xf9, 0xa, 0xff, 0xff, 0xff, 0xff, 0xf9,

    /* U+06B5 "ڵ" */
    0x0, 0x0, 0x1, 0xf6, 0x1f, 0x70, 0x0, 0x0,
    0x8, 0xd7, 0xe0, 0x0, 0x0, 0x0, 0x1f, 0xf6,
    0x0, 0x0, 0x0, 0x0, 0x57, 0x0, 0x0, 0x0,
    0x0, 0xb, 0xf5, 0x0, 0x0, 0x0, 0x0, 0xbf,
    0x50, 0x0, 0x0, 0x0, 0xb, 0xf5, 0x0, 0x0,
    0x0, 0x0, 0xbf, 0x50, 0x0, 0x0, 0x0, 0xb,
    0xf5, 0x0, 0x0, 0x0, 0x0, 0xbf, 0x50, 0x0,
    0x0, 0x0, 0xb, 0xf5, 0x0, 0x0, 0x0, 0x0,
    0xbf, 0x50, 0x6f, 0x70, 0x0, 0xb, 0xf5, 0xb,
    0xf4, 0x0, 0x0, 0xbf, 0x50, 0xef, 0x20, 0x0,
    0xb, 0xf5, 0xf, 0xf1, 0x0, 0x0, 0xbf, 0x50,
    0xef, 0x30, 0x0, 0xc, 0xf4, 0xa, 0xfa, 0x0,
    0x4, 0xff, 0x10, 0x2f, 0xfd, 0xbc, 0xff, 0x90,
    0x0, 0x3b, 0xff, 0xfd, 0x70, 0x0,

    /* U+06B6 "ڶ" */
    0x0, 0x0, 0x0, 0x0, 0x10, 0x0, 0x0, 0x0,
    0xa, 0xf2, 0x0, 0x0, 0x0, 0x9, 0xe1, 0x0,
    0x0, 0x0, 0x0, 0x0, 0x0, 0x0, 0x0, 0xb,
    0xf5, 0x0, 0x0, 0x0, 0xb, 0xf5, 0x0, 0x0,
    0x0, 0xb, 0xf5, 0x0, 0x0, 0x0, 0xb, 0xf5,
    0x0, 0x0, 0x0, 0xb, 0xf5, 0x0, 0x0, 0x0,
    0xb, 0xf5, 0x0, 0x0, 0x0, 0xb, 0xf5, 0x0,
    0x0, 0x0, 0xb, 0xf5, 0x6f, 0x70, 0x0, 0xb,
    0xf5, 0xbf, 0x40, 0x0, 0xb, 0xf5, 0xef, 0x20,
    0x0, 0xb, 0xf5, 0xff, 0x10, 0x0, 0xb, 0xf5,
    0xef, 0x30, 0x0, 0xc, 0xf4, 0xaf, 0xa0, 0x0,
    0x4f, 0xf1, 0x2f, 0xfd, 0xbc, 0xff, 0x90, 0x3,
    0xbf, 0xff, 0xd7, 0x0,

    /* U+06B7 "ڷ" */
    0x0, 0x0, 0x0, 0x6, 0xe1, 0x0, 0x0, 0x0,
    0x1, 0x5c, 0x30, 0x0, 0x0, 0x0, 0xed, 0x3f,
    0x90, 0x0, 0x0, 0xd, 0xb2, 0xf7, 0x0, 0x0,
    0x0, 0x0, 0x0, 0x0, 0x0, 0x0, 0x0, 0xbf,
    0x50, 0x0, 0x0, 0x0, 0xb, 0xf5, 0x0, 0x0,
    0x0, 0x0, 0xbf, 0x50, 0x0, 0x0, 0x0, 0xb,
    0xf5, 0x0, 0x0, 0x0, 0x0, 0xbf, 0x50, 0x0,
    0x0, 0x0, 0xb, 0xf5, 0x0, 0x0, 0x0, 0x0,
    0xbf, 0x50, 0x0, 0x0, 0x0, 0xb, 0xf5, 0x6,
    0xf7, 0x0, 0x0, 0xbf, 0x50, 0xbf, 0x40, 0x0,
    0xb, 0xf5, 0xe, 0xf2, 0x0, 0x0, 0xbf, 0x50,
    0xff, 0x10, 0x0, 0xb, 0xf5, 0xe, 0xf3, 0x0,
    0x0, 0xcf, 0x40, 0xaf, 0xa0, 0x0, 0x4f, 0xf1,
    0x2, 0xff, 0xdb, 0xcf, 0xf9, 0x0, 0x3, 0xbf,
    0xff, 0xd7, 0x0, 0x0,

    /* U+06B8 "ڸ" */
    0x0, 0x0, 0x0, 0xb, 0xf5, 0x0, 0x0, 0x0,
    0xb, 0xf5, 0x0, 0x0, 0x0, 0xb, 0xf5, 0x0,
    0x0, 0x0, 0xb, 0xf5, 0x0, 0x0, 0x0, 0xb,
    0xf5, 0x0, 0x0, 0x0, 0xb, 0xf5, 0x0, 0x0,
    0x0, 0xb, 0xf5, 0x0, 0x0, 0x0, 0xb, 0xf5,
    0x6f, 0x70, 0x0, 0xb, 0xf5, 0xbf, 0x40, 0x0,
    0xb, 0xf5, 0xef, 0x20, 0x0, 0xb, 0xf5, 0xff,
    0x10, 0x0, 0xb, 0xf5, 0xef, 0x30, 0x0, 0xc,
    0xf4, 0xaf, 0xa0, 0x0, 0x4f, 0xf1, 0x2f, 0xfd,
    0xbc, 0xff, 0x90, 0x3, 0xbf, 0xff, 0xd7, 0x0,
    0x0, 0x0, 0x0, 0x0, 0x0, 0x0, 0x0, 0x0,
    0x0, 0x0, 0x0, 0x9e, 0x1d, 0xb0, 0x0, 0x0,
    0xbf, 0x2f, 0xd0, 0x0, 0x0, 0x1, 0x1, 0x10,
    0x0, 0x0, 0x3, 0xf4, 0x0, 0x0, 0x0, 0x2,
    0xd4, 0x0, 0x0,

    /* U+06B9 "ڹ" */
    0x0, 0x6, 0xf4, 0x0, 0x0, 0x0, 0x7, 0xf5,
    0x0, 0x0, 0x0, 0x0, 0x20, 0x9, 0xe4, 0x0,
    0x0, 0x0, 0xb, 0xf5, 0x0, 0x0, 0x0, 0xb,
    0xf5, 0x0, 0x0, 0x0, 0xb, 0xf5, 0x5e, 0x70,
    0x0, 0xb, 0xf5, 0xaf, 0x50, 0x0, 0xb, 0xf5,
    0xdf, 0x20, 0x0, 0xb, 0xf5, 0xff, 0x10, 0x0,
    0xb, 0xf5, 0xef, 0x30, 0x0, 0xc, 0xf4, 0xaf,
    0xa0, 0x0, 0x4f, 0xf1, 0x2f, 0xfd, 0xbc, 0xff,
    0x90, 0x3, 0xbf, 0xff, 0xd6, 0x0, 0x0, 0x0,
    0x0, 0x0, 0x0, 0x0, 0x0, 0x10, 0x0, 0x0,
    0x0, 0xc, 0xf1, 0x0, 0x0, 0x0, 0xa, 0xe0,
    0x0, 0x0,

    /* U+06BA "ں" */
    0x0, 0x0, 0x0, 0x5, 0x82, 0x0, 0x0, 0x0,
    0xb, 0xf5, 0x0, 0x0, 0x0, 0xb, 0xf5, 0x0,
    0x0, 0x0, 0xb, 0xf5, 0x6f, 0x80, 0x0, 0xb,
    0xf5, 0xbf, 0x40, 0x0, 0xb, 0xf5, 0xef, 0x20,
    0x0, 0xb, 0xf5, 0xff, 0x10, 0x0, 0xb, 0xf5,
    0xef, 0x30, 0x0, 0xc, 0xf4, 0x9f, 0xa0, 0x0,
    0x3f, 0xf1, 0x2f, 0xfd, 0xbc, 0xff, 0x90, 0x3,
    0xbf, 0xff, 0xd7, 0x0,

    /* U+06BB "ڻ" */
    0x0, 0x3a, 0x0, 0x0, 0x0, 0x0, 0x3b, 0xcb,
    0x0, 0x0, 0x0, 0x3d, 0xb, 0x20, 0x0, 0x0,
    0x6e, 0xee, 0x20, 0x0, 0x0, 0x0, 0x0, 0xa,
    0xe4, 0x0, 0x0, 0x0, 0xb, 0xf5, 0x0, 0x0,
    0x0, 0xb, 0xf5, 0x0, 0x0, 0x0, 0xb, 0xf5,
    0x6f, 0x70, 0x0, 0xb, 0xf5, 0xbf, 0x40, 0x0,
    0xb, 0xf5, 0xef, 0x20, 0x0, 0xb, 0xf5, 0xff,
    0x20, 0x0, 0xb, 0xf5, 0xdf, 0x40, 0x0, 0xd,
    0xf4, 0x8f, 0xd2, 0x1, 0x8f, 0xf0, 0xd, 0xff,
    0xff, 0xff, 0x50, 0x0, 0x6a, 0xba, 0x82, 0x0,

    /* U+06BC "ڼ" */
    0x0, 0x0, 0x20, 0x0, 0x0, 0x0, 0x7, 0xf5,
    0x0, 0x0, 0x0, 0x6, 0xf4, 0x0, 0x0, 0x0,
    0x0, 0x0, 0xb, 0xf5, 0x0, 0x0, 0x0, 0xb,
    0xf5, 0x0, 0x0, 0x0, 0xb, 0xf5, 0x2, 0x10,
    0x0, 0xb, 0xf5, 0x7f, 0x70, 0x0, 0xb, 0xf5,
    0xbf, 0x40, 0x0, 0xb, 0xf5, 0xef, 0x20, 0x0,
    0xb, 0xf5, 0xff, 0x20, 0x0, 0xb, 0xf5, 0xdf,
    0x40, 0x0, 0xd, 0xf4, 0x8f, 0xd2, 0x1, 0x8f,
    0xf0, 0xd, 0xff, 0xff, 0xff, 0x50, 0x0, 0x6e,
    0xde, 0xc2, 0x0, 0x0, 0xd, 0x37, 0xa0, 0x0,
    0x0, 0x5, 0xed, 0x30, 0x0,

    /* U+06BD "ڽ" */
    0x0, 0x4, 0xf3, 0x0, 0x0, 0x0, 0x3, 0xd3,
    0x0, 0x0, 0x0, 0xae, 0x1e, 0xa0, 0x0, 0x0,
    0xcf, 0x2f, 0xc0, 0x0, 0x0, 0x1, 0x1, 0x9,
    0xd4, 0x0, 0x0, 0x0, 0xb, 0xf5, 0x0, 0x0,
    0x0, 0xb, 0xf5, 0x0, 0x0, 0x0, 0xb, 0xf5,
    0x5e, 0x70, 0x0, 0xb, 0xf5, 0xaf, 0x50, 0x0,
    0xb, 0xf5, 0xdf, 0x20, 0x0, 0xb, 0xf5, 0xff,
    0x10, 0x0, 0xb, 0xf5, 0xef, 0x30, 0x0, 0xc,
    0xf4, 0xaf, 0xa0, 0x0, 0x4f, 0xf1, 0x2f, 0xfd,
    0xbc, 0xff, 0x90, 0x3, 0xbf, 0xff, 0xd6, 0x0,

    /* U+06BE "ھ" */
    0x0, 0x48, 0xab, 0xb9, 0x50, 0x0, 0x0, 0xff,
    0xff, 0xff, 0xfd, 0x20, 0x0, 0x74, 0x10, 0x3,
    0xcf, 0xe0, 0x0, 0x0, 0x0, 0x0, 0xd, 0xf7,
    0x0, 0x9e, 0xfc, 0x40, 0x6, 0xfb, 0xb, 0xff,
    0xdf, 0xf3, 0x3, 0xfd, 0x3f, 0xf1, 0x9, 0xf9,
    0x2, 0xfe, 0x4f, 0xd0, 0x6, 0xfa, 0x2, 0xfe,
    0xf, 0xf2, 0x6, 0xfa, 0x2, 0xfe, 0xad, 0xff,
    0xbd, 0xfe, 0xbc, 0xfe, 0xff, 0xff, 0xff, 0xff,
    0xff, 0xfe,

    /* U+06BF "ڿ" */
    0x0, 0x9, 0xe1, 0x0, 0x0, 0x0, 0xb, 0xf2,
    0x0, 0x0, 0x0, 0x0, 0x10, 0x0, 0x0, 0x0,
    0x0, 0x0, 0x0, 0x0, 0x6, 0xbf, 0xfd, 0x70,
    0x0, 0xe, 0xfc, 0xcf, 0xf6, 0x0, 0x3, 0x0,
    0x5, 0xfe, 0x0, 0x0, 0x0, 0x0, 0xdf, 0x10,
    0x0, 0x0, 0x0, 0x9f, 0x50, 0x0, 0x0, 0x39,
    0xef, 0xc0, 0x0, 0x3c, 0xff, 0xcd, 0xf7, 0x4,
    0xff, 0x81, 0x1, 0xa1, 0xf, 0xf3, 0x0, 0x0,
    0x0, 0x4f, 0xc0, 0xa, 0xe1, 0xeb, 0x3f, 0xe1,
    0xc, 0xf2, 0xfc, 0xd, 0xff, 0x70, 0x3a, 0x40,
    0x1, 0xae, 0x60, 0x3f, 0x40,

    /* U+06C0 "ۀ" */
    0x0, 0xce, 0xa0, 0x0, 0x1, 0xdc, 0xd1, 0x0,
    0x1, 0x52, 0x0, 0x0, 0x0, 0x0, 0x0, 0x0,
    0x2, 0xbf, 0xfa, 0x10, 0x1e, 0xfc, 0xdf, 0xd0,
    0x9f, 0x90, 0xb, 0xf7, 0xdf, 0x20, 0x5, 0xfc,
    0xff, 0x10, 0x3, 0xfd, 0xcf, 0x50, 0x7, 0xfb,
    0x6f, 0xfc, 0xcf, 0xf5, 0x6, 0xdf, 0xfc, 0x50,

    /* U+06C1 "ہ" */
    0x2, 0xbf, 0xfa, 0x10, 0x1e, 0xfc, 0xdf, 0xd0,
    0x9f, 0x90, 0xb, 0xf7, 0xdf, 0x20, 0x5, 0xfc,
    0xff, 0x10, 0x3, 0xfd, 0xcf, 0x50, 0x7, 0xfb,
    0x6f, 0xfc, 0xcf, 0xf5, 0x6, 0xdf, 0xfc, 0x50,

    /* U+06C2 "ۂ" */
    0x0, 0x8e, 0xc0, 0x0, 0x0, 0xbd, 0xd3, 0x0,
    0x0, 0x53, 0x0, 0x0, 0x0, 0x0, 0x0, 0x0,
    0x2, 0xbf, 0xfa, 0x10, 0x1e, 0xfc, 0xdf, 0xd0,
    0x9f, 0x90, 0xb, 0xf7, 0xdf, 0x20, 0x5, 0xfc,
    0xff, 0x10, 0x3, 0xfd, 0xcf, 0x50, 0x7, 0xfb,
    0x6f, 0xfc, 0xcf, 0xf5, 0x6, 0xdf, 0xfc, 0x50,

    /* U+06C3 "ۃ" */
    0x5, 0xf4, 0x9e, 0x10, 0x6, 0xf6, 0xbf, 0x20,
    0x0, 0x20, 0x1, 0x0, 0x0, 0x0, 0x0, 0x0,
    0x2, 0xbf, 0xfa, 0x10, 0x1e, 0xfc, 0xdf, 0xd0,
    0x9f, 0x90, 0xb, 0xf7, 0xdf, 0x20, 0x5, 0xfc,
    0xff, 0x10, 0x3, 0xfd, 0xcf, 0x50, 0x7, 0xfb,
    0x6f, 0xfc, 0xcf, 0xf5, 0x6, 0xdf, 0xfc, 0x50,

    /* U+06C4 "ۄ" */
    0x0, 0x8d, 0xff, 0xf3, 0x1d, 0xfe, 0xbf, 0xf3,
    0x9f, 0xb0, 0xc, 0xf3, 0xdf, 0x40, 0xc, 0xf3,
    0xef, 0x30, 0xc, 0xf3, 0xcf, 0x70, 0xc, 0xf3,
    0x5f, 0xfc, 0xbf, 0xf3, 0x6, 0xdf, 0xff, 0xf3,
    0x0, 0x2d, 0xde, 0xf3, 0x0, 0xa6, 0x5f, 0xf2,
    0x0, 0x96, 0x6f, 0xd0, 0x0, 0x2e, 0xff, 0x40,
    0x0, 0xa, 0xf7, 0x0, 0x0, 0x0, 0x50, 0x0,

    /* U+06C5 "ۅ" */
    0x0, 0x8d, 0xff, 0xf3, 0x1d, 0xfe, 0xbf, 0xf3,
    0x9f, 0xb0, 0xc, 0xf3, 0xdf, 0x40, 0xc, 0xf3,
    0xef, 0x30, 0xc, 0xf3, 0xcf, 0x70, 0xc, 0xf3,
    0x5f, 0xfc, 0xbf, 0xf3, 0x6, 0xdf, 0xff, 0xf3,
    0x0, 0x0, 0xd, 0xf3, 0x4, 0xff, 0xbf, 0xf1,
    0x1, 0x66, 0xef, 0xb0, 0x0, 0x6, 0xff, 0x20,
    0x0, 0x7, 0xf3, 0x0, 0x0, 0x0, 0x10, 0x0,

    /* U+06C6 "ۆ" */
    0x0, 0x64, 0x5, 0x60, 0x0, 0x6e, 0x2f, 0x50,
    0x0, 0xd, 0xec, 0x0, 0x0, 0x3, 0x82, 0x0,
    0x0, 0x0, 0x0, 0x0, 0x0, 0x7d, 0xff, 0xf5,
    0xc, 0xfe, 0xbe, 0xf5, 0x8f, 0xc0, 0xb, 0xf5,
    0xcf, 0x50, 0xb, 0xf5, 0xdf, 0x40, 0xb, 0xf5,
    0xbf, 0x80, 0xb, 0xf5, 0x4f, 0xfc, 0xbe, 0xf5,
    0x5, 0xdf, 0xff, 0xf5, 0x0, 0x0, 0xc, 0xf4,
    0x25, 0x10, 0x5f, 0xf1, 0xbf, 0xff, 0xff, 0x70,
    0x27, 0xaa, 0x83, 0x0,

    /* U+06C7 "ۇ" */
    0x0, 0x0, 0x63, 0x0, 0x0, 0x7, 0xfc, 0x0,
    0x0, 0x2, 0xeb, 0x0, 0x0, 0x2, 0xb3, 0x0,
    0x0, 0x7, 0x20, 0x0, 0x0, 0x0, 0x0, 0x0,
    0x0, 0x7d, 0xff, 0xf5, 0xc, 0xfe, 0xbe, 0xf5,
    0x8f, 0xc0, 0xb, 0xf5, 0xcf, 0x50, 0xb, 0xf5,
    0xdf, 0x40, 0xb, 0xf5, 0xbf, 0x80, 0xb, 0xf5,
    0x4f, 0xfc, 0xbe, 0xf5, 0x5, 0xdf, 0xff, 0xf5,
    0x0, 0x0, 0xc, 0xf4, 0x25, 0x10, 0x5f, 0xf1,
    0xbf, 0xff, 0xff, 0x70, 0x27, 0xaa, 0x83, 0x0,

    /* U+06C8 "ۈ" */
    0x0, 0x9, 0x70, 0x0, 0x0, 0x9, 0x70, 0x0,
    0x0, 0x9, 0x70, 0x0, 0x0, 0x1, 0x0, 0x0,
    0x0, 0x7d, 0xff, 0xf5, 0xc, 0xfe, 0xbe, 0xf5,
    0x8f, 0xc0, 0xb, 0xf5, 0xcf, 0x50, 0xb, 0xf5,
    0xdf, 0x40, 0xb, 0xf5, 0xbf, 0x80, 0xb, 0xf5,
    0x4f, 0xfc, 0xbe, 0xf5, 0x5, 0xdf, 0xff, 0xf5,
    0x0, 0x0, 0xc, 0xf4, 0x25, 0x10, 0x5f, 0xf1,
    0xbf, 0xff, 0xff, 0x70, 0x27, 0xaa, 0x83, 0x0,

    /* U+06C9 "ۉ" */
    0x0, 0x1, 0x81, 0x0, 0x0, 0xa, 0xe9, 0x0,
    0x0, 0x3e, 0x2f, 0x30, 0x0, 0x54, 0x5, 0x50,
    0x0, 0x0, 0x0, 0x0, 0x0, 0x7d, 0xff, 0xf5,
    0xc, 0xfe, 0xbe, 0xf5, 0x8f, 0xc0, 0xb, 0xf5,
    0xcf, 0x50, 0xb, 0xf5, 0xdf, 0x40, 0xb, 0xf5,
    0xbf, 0x80, 0xb, 0xf5, 0x4f, 0xfc, 0xbe, 0xf5,
    0x5, 0xdf, 0xff, 0xf5, 0x0, 0x0, 0xc, 0xf4,
    0x25, 0x10, 0x5f, 0xf1, 0xbf, 0xff, 0xff, 0x70,
    0x27, 0xaa, 0x83, 0x0,

    /* U+06CA "ۊ" */
    0x0, 0x9e, 0x1d, 0xb0, 0x0, 0xbf, 0x2f, 0xd0,
    0x0, 0x1, 0x1, 0x0, 0x0, 0x0, 0x0, 0x0,
    0x0, 0x7d, 0xff, 0xf5, 0xc, 0xfe, 0xbe, 0xf5,
    0x8f, 0xc0, 0xb, 0xf5, 0xcf, 0x50, 0xb, 0xf5,
    0xdf, 0x40, 0xb, 0xf5, 0xbf, 0x80, 0xb, 0xf5,
    0x4f, 0xfc, 0xbe, 0xf5, 0x5, 0xdf, 0xff, 0xf5,
    0x0, 0x0, 0xc, 0xf4, 0x25, 0x10, 0x5f, 0xf1,
    0xbf, 0xff, 0xff, 0x70, 0x27, 0xaa, 0x83, 0x0,

    /* U+06CB "ۋ" */
    0x0, 0x3, 0xf5, 0x0, 0x0, 0x2, 0xd4, 0x0,
    0x0, 0x9e, 0x1d, 0xb0, 0x0, 0xbf, 0x2f, 0xd0,
    0x0, 0x1, 0x1, 0x0, 0x0, 0x0, 0x0, 0x0,
    0x0, 0x7d, 0xff, 0xf5, 0xc, 0xfe, 0xbe, 0xf5,
    0x8f, 0xc0, 0xb, 0xf5, 0xcf, 0x50, 0xb, 0xf5,
    0xdf, 0x40, 0xb, 0xf5, 0xbf, 0x80, 0xb, 0xf5,
    0x4f, 0xfc, 0xbe, 0xf5, 0x5, 0xdf, 0xff, 0xf5,
    0x0, 0x0, 0xc, 0xf4, 0x25, 0x10, 0x5f, 0xf1,
    0xbf, 0xff, 0xff, 0x70, 0x27, 0xaa, 0x83, 0x0,

    /* U+06CC "ی" */
    0x0, 0x0, 0x0, 0x0, 0x5b, 0xd8, 0x0, 0x0,
    0x0, 0x0, 0xaf, 0xff, 0xe0, 0x0, 0x0, 0x0,
    0xaf, 0xc3, 0x12, 0x0, 0x0, 0x0, 0x4f, 0xc0,
    0x0, 0x0, 0x0, 0x0, 0x9, 0xf6, 0x0, 0x0,
    0x6, 0xc3, 0x0, 0x7f, 0xe5, 0x0, 0x0, 0xcf,
    0x20, 0x0, 0x9f, 0xf9, 0x0, 0xe, 0xf1, 0x0,
    0x0, 0x4e, 0xfb, 0x0, 0xff, 0x20, 0x0, 0x0,
    0x1d, 0xf5, 0xc, 0xf8, 0x0, 0x0, 0x0, 0xcf,
    0x60, 0x6f, 0xfc, 0xbb, 0xbb, 0xef, 0xf1, 0x0,
    0x7e, 0xff, 0xff, 0xfd, 0x92, 0x0,

    /* U+06CD "ۍ" */
    0x0, 0x0, 0x0, 0x0, 0x0, 0x0, 0x5b, 0xd8,
    0x0, 0x0, 0x0, 0x0, 0x0, 0x0, 0xaf, 0xff,
    0xe0, 0x0, 0x0, 0x0, 0x0, 0x0, 0xaf, 0xc3,
    0x12, 0x0, 0x0, 0x0, 0x20, 0x0, 0x4f, 0xc0,
    0x0, 0x0, 0x0, 0x17, 0xee, 0x10, 0x9, 0xf6,
    0x0, 0x0, 0x0, 0xaf, 0xff, 0xf5, 0x0, 0x7f,
    0xe5, 0x0, 0x0, 0x8, 0x61, 0xcf, 0x20, 0x0,
    0x9f, 0xf9, 0x0, 0x0, 0x0, 0xe, 0xf1, 0x0,
    0x0, 0x4e, 0xfb, 0x0, 0x0, 0x0, 0xff, 0x20,
    0x0, 0x0, 0x1d, 0xf5, 0x0, 0x0, 0xc, 0xf8,
    0x0, 0x0, 0x0, 0xcf, 0x60, 0x0, 0x0, 0x6f,
    0xfc, 0xbb, 0xbb, 0xef, 0xf1, 0x0, 0x0, 0x0,
    0x7e, 0xff, 0xff, 0xfd, 0x92, 0x0,

    /* U+06CE "ێ" */
    0x55, 0x4, 0x70, 0x0, 0x0, 0x0, 0x5, 0xf2,
    0xd8, 0x0, 0x5, 0xbd, 0x80, 0xc, 0xde, 0x0,
    0xa, 0xff, 0xfe, 0x0, 0x2a, 0x50, 0xa, 0xfc,
    0x31, 0x20, 0x0, 0x0, 0x4, 0xfc, 0x0, 0x0,
    0x0, 0x0, 0x0, 0x9f, 0x60, 0x0, 0x0, 0x6c,
    0x30, 0x7, 0xfe, 0x50, 0x0, 0xc, 0xf2, 0x0,
    0x9, 0xff, 0x90, 0x0, 0xef, 0x10, 0x0, 0x4,
    0xef, 0xb0, 0xf, 0xf2, 0x0, 0x0, 0x1, 0xdf,
    0x50, 0xcf, 0x80, 0x0, 0x0, 0xc, 0xf6, 0x6,
    0xff, 0xcb, 0xbb, 0xbe, 0xff, 0x10, 0x7, 0xef,
    0xff, 0xff, 0xd9, 0x20, 0x0,

    /* U+06CF "ۏ" */
    0x0, 0x4, 0xf5, 0x0, 0x0, 0x6, 0xf6, 0x0,
    0x0, 0x0, 0x20, 0x0, 0x0, 0x0, 0x0, 0x0,
    0x0, 0x7d, 0xff, 0xf5, 0xc, 0xfe, 0xbe, 0xf5,
    0x8f, 0xc0, 0xb, 0xf5, 0xcf, 0x50, 0xb, 0xf5,
    0xdf, 0x40, 0xb, 0xf5, 0xbf, 0x80, 0xb, 0xf5,
    0x4f, 0xfc, 0xbe, 0xf5, 0x5, 0xdf, 0xff, 0xf5,
    0x0, 0x0, 0xc, 0xf4, 0x25, 0x10, 0x5f, 0xf1,
    0xbf, 0xff, 0xff, 0x70, 0x27, 0xaa, 0x83, 0x0,

    /* U+06D0 "ې" */
    0x0, 0x0, 0x0, 0x0, 0x5b, 0xd8, 0x0, 0x0,
    0x0, 0x0, 0xaf, 0xff, 0xe0, 0x0, 0x0, 0x0,
    0xaf, 0xc3, 0x12, 0x0, 0x0, 0x0, 0x4f, 0xc0,
    0x0, 0x0, 0x0, 0x0, 0x9, 0xf6, 0x0, 0x0,
    0x6, 0xc3, 0x0, 0x7f, 0xe5, 0x0, 0x0, 0xcf,
    0x20, 0x0, 0x9f, 0xf9, 0x0, 0xe, 0xf1, 0x0,
    0x0, 0x4e, 0xfb, 0x0, 0xff, 0x20, 0x0, 0x0,
    0x1d, 0xf5, 0xc, 0xf8, 0x0, 0x0, 0x0, 0xcf,
    0x60, 0x6f, 0xfc, 0xbb, 0xbb, 0xef, 0xf1, 0x0,
    0x7e, 0xff, 0xff, 0xfd, 0x92, 0x0, 0x0, 0x0,
    0x0, 0x0, 0x0, 0x0, 0x0, 0x0, 0x0, 0x10,
    0x0, 0x0, 0x0, 0x0, 0x0, 0xaf, 0x20, 0x0,
    0x0, 0x0, 0x0, 0x9, 0xe1, 0x0, 0x0, 0x0,
    0x0, 0x0, 0x1, 0x0, 0x0, 0x0, 0x0, 0x0,
    0xa, 0xf2, 0x0, 0x0, 0x0, 0x0, 0x0, 0x9e,
    0x10, 0x0, 0x0, 0x0,

    /* U+06D1 "ۑ" */
    0x0, 0x0, 0x0, 0x0, 0x7e, 0xfb, 0x10, 0x0,
    0x0, 0x1, 0xcf, 0xfe, 0xd0, 0x0, 0x0, 0x0,
    0xcf, 0xa1, 0x1, 0x0, 0x0, 0x0, 0x5f, 0xb0,
    0x0, 0x0, 0x0, 0x0, 0x9, 0xf7, 0x0, 0x0,
    0x9, 0xf4, 0x0, 0x5f, 0xf8, 0x0, 0x0, 0xdf,
    0x10, 0x0, 0x5f, 0xfc, 0x10, 0xe, 0xf1, 0x0,
    0x0, 0x1b, 0xfe, 0x10, 0xef, 0x30, 0x0, 0x0,
    0xb, 0xf6, 0xb, 0xfc, 0x10, 0x0, 0x3, 0xdf,
    0x60, 0x3f, 0xff, 0xff, 0xff, 0xff, 0xc0, 0x0,
    0x39, 0xbb, 0xbb, 0xa9, 0x50, 0x0, 0x0, 0x0,
    0x0, 0x0, 0x0, 0x0, 0x0, 0x0, 0x11, 0x2,
    0x0, 0x0, 0x0, 0x0, 0xe, 0xe3, 0xfa, 0x0,
    0x0, 0x0, 0x0, 0xcc, 0x2e, 0x80, 0x0, 0x0,
    0x0, 0x0, 0x5d, 0x10, 0x0, 0x0, 0x0, 0x0,
    0x6, 0xf2, 0x0, 0x0, 0x0,

    /* U+06D2 "ے" */
    0x0, 0x0, 0x0, 0x58, 0x30, 0x0, 0x0, 0x0,
    0x0, 0xaf, 0x60, 0x0, 0x0, 0x0, 0x2, 0xef,
    0x30, 0x0, 0x0, 0x3, 0x9f, 0xf9, 0x0, 0x0,
    0x2, 0xbf, 0xfb, 0x40, 0x0, 0x0, 0xe, 0xf9,
    0x10, 0x0, 0x0, 0x0, 0x4f, 0xd0, 0x0, 0x0,
    0x0, 0x0, 0x1f, 0xfb, 0xbb, 0xbb, 0xbb, 0xb2,
    0x5, 0xdf, 0xff, 0xff, 0xff, 0xf3,

    /* U+06D3 "ۓ" */
    0x0, 0x1, 0xce, 0x60, 0x0, 0x0, 0x0, 0x4,
    0xc0, 0x0, 0x0, 0x0, 0x0, 0x4, 0xec, 0xa0,
    0x0, 0x0, 0x0, 0x2, 0x20, 0x0, 0x0, 0x0,
    0x0, 0x0, 0x0, 0x47, 0x30, 0x0, 0x0, 0x0,
    0x0, 0xaf, 0x60, 0x0, 0x0, 0x0, 0x2, 0xef,
    0x30, 0x0, 0x0, 0x2, 0x9f, 0xf9, 0x0, 0x0,
    0x1, 0xbf, 0xfb, 0x40, 0x0, 0x0, 0xe, 0xf9,
    0x20, 0x0, 0x0, 0x0, 0x4f, 0xd0, 0x0, 0x0,
    0x0, 0x0, 0x2f, 0xfb, 0xbb, 0xbb, 0xbb, 0xb2,
    0x5, 0xdf, 0xff, 0xff, 0xff, 0xf3,

    /* U+06D4 "۔" */
    0x4b, 0xb7, 0xcf, 0xf4,

    /* U+06D5 "ە" */
    0x2, 0xbf, 0xfa, 0x10, 0x1e, 0xfc, 0xdf, 0xd0,
    0x9f, 0x90, 0xb, 0xf7, 0xdf, 0x20, 0x5, 0xfc,
    0xff, 0x10, 0x3, 0xfd, 0xcf, 0x50, 0x7, 0xfb,
    0x6f, 0xfc, 0xcf, 0xf5, 0x6, 0xdf, 0xfc, 0x50,

    /* U+06D6 "ۖ" */
    0x0, 0x10, 0x0, 0x0, 0x2, 0xb0, 0x0, 0x0,
    0x2, 0xb4, 0x5a, 0xb2, 0x2, 0xb8, 0x90, 0x48,
    0x6b, 0xcb, 0xba, 0xb7, 0xd0, 0x0, 0x0, 0x0,
    0x9a, 0xaa, 0xa7, 0x0,

    /* U+06D7 "ۗ" */
    0x2, 0xa0, 0x67, 0x20, 0x2b, 0xa, 0xb6, 0x2,
    0xb5, 0x85, 0x86, 0xbc, 0xbd, 0xb6, 0xd0, 0x0,
    0x0, 0x9, 0xbb, 0xbb, 0x70,

    /* U+06D8 "ۘ" */
    0x0, 0x7b, 0x80, 0x0, 0xc0, 0xd0, 0xaa, 0xca,
    0x70,

    /* U+06D9 "ۙ" */
    0x0, 0x1, 0x10, 0x39, 0x67, 0x39, 0x2a, 0x39,
    0xd, 0x39, 0xac, 0xb3,

    /* U+06DA "ۚ" */
    0x9b, 0x50, 0x0, 0xc0, 0x3, 0xd2, 0x8a, 0x54,
    0xd6, 0x10, 0x7b, 0x60,

    /* U+06DB "ۛ" */
    0x0, 0x0, 0xc, 0x70, 0x86, 0x95, 0xd6, 0xc8,

    /* U+06DC "ۜ" */
    0x0, 0x2, 0x2, 0x17, 0x20, 0x1b, 0x1c, 0x1b,
    0xc0, 0x1e, 0xb9, 0xa9, 0xd0, 0x39, 0x0, 0x0,
    0x6b, 0xa2, 0x0, 0x0,

    /* U+06DD "۝" */
    0x0, 0x2, 0x7a, 0xcc, 0xaa, 0xcc, 0xa7, 0x20,
    0x0, 0x0, 0x6, 0xe, 0x50, 0x0, 0x5, 0xe0,
    0x60, 0x0, 0x0, 0x1c, 0x8d, 0xee, 0xee, 0xee,
    0xd8, 0xc1, 0x0, 0x0, 0xc3, 0x0, 0x0, 0x0,
    0x0, 0x0, 0x3c, 0x0, 0x8, 0x60, 0x0, 0x0,
    0x0, 0x0, 0x0, 0x7, 0x70, 0xd, 0x0, 0x0,
    0x0, 0x0, 0x0, 0x0, 0x0, 0xd0, 0x58, 0x0,
    0x0, 0x0, 0x0, 0x0, 0x0, 0x0, 0x85, 0x85,
    0x0, 0x0, 0x0, 0x0, 0x0, 0x0, 0x0, 0x58,
    0x94, 0x0, 0x0, 0x0, 0x0, 0x0, 0x0, 0x0,
    0x49, 0x85, 0x0, 0x0, 0x0, 0x0, 0x0, 0x0,
    0x0, 0x57, 0x58, 0x0, 0x0, 0x0, 0x0, 0x0,
    0x0, 0x0, 0x94, 0xc, 0x0, 0x0, 0x0, 0x0,
    0x0, 0x0, 0x0, 0xc0, 0x7, 0x70, 0x0, 0x0,
    0x0, 0x0, 0x0, 0x7, 0x60, 0x0, 0xb4, 0x0,
    0x0, 0x0, 0x0, 0x0, 0x5a, 0x0, 0x0, 0xb,
    0x7e, 0xdd, 0xdd, 0xdd, 0xe7, 0xb0, 0x0, 0x0,
    0x3, 0x6c, 0x72, 0x0, 0x28, 0xc6, 0x30, 0x0,
    0x0, 0x0, 0x0, 0x6c, 0xee, 0xb6, 0x0, 0x0,
    0x0,

    /* U+06DE "۞" */
    0x0, 0x0, 0x0, 0x0, 0x0, 0x0, 0x0, 0x0,
    0x0, 0x0, 0x0, 0x0, 0x2b, 0x60, 0x0, 0x0,
    0x0, 0x0, 0x0, 0x0, 0x2a, 0x7, 0x60, 0x0,
    0x0, 0x0, 0x2, 0xa9, 0xac, 0x99, 0x9b, 0xb9,
    0x96, 0x0, 0x0, 0x36, 0x2a, 0x0, 0x0, 0x6,
    0x70, 0x80, 0x0, 0x3, 0x99, 0x0, 0x0, 0x0,
    0x5, 0x88, 0x0, 0x0, 0x4a, 0x0, 0x0, 0x0,
    0x0, 0x5, 0xa0, 0x0, 0x3b, 0x60, 0x0, 0x49,
    0x70, 0x0, 0xc, 0x70, 0x39, 0x36, 0x0, 0xa,
    0x5, 0x40, 0x0, 0x85, 0x73, 0x93, 0x60, 0x0,
    0xa0, 0x54, 0x0, 0x8, 0x57, 0x3, 0xb6, 0x0,
    0x4, 0x97, 0x0, 0x0, 0xc8, 0x0, 0x5, 0xa0,
    0x0, 0x0, 0x0, 0x0, 0x4a, 0x0, 0x0, 0x3a,
    0x90, 0x0, 0x0, 0x0, 0x49, 0x80, 0x0, 0x3,
    0x64, 0x80, 0x0, 0x0, 0x48, 0x8, 0x0, 0x0,
    0x3c, 0x9d, 0xb9, 0x99, 0x9e, 0x99, 0x80, 0x0,
    0x0, 0x0, 0x4, 0x80, 0x49, 0x0, 0x0, 0x0,
    0x0, 0x0, 0x0, 0x4, 0xa9, 0x0, 0x0, 0x0,
    0x0, 0x0, 0x0, 0x0, 0x2, 0x0, 0x0, 0x0,
    0x0,

    /* U+06DF "۟" */
    0x8c, 0x6d, 0xd, 0x8c, 0x60,

    /* U+06E0 "۠" */
    0x0, 0x0, 0x6f, 0xa0, 0xe6, 0xf1, 0xf3, 0xf2,
    0x9f, 0xd0, 0x2, 0x0,

    /* U+06E1 "ۡ" */
    0xfe, 0xf1, 0x49, 0x90, 0xe9, 0x0,

    /* U+06E2 "ۢ" */
    0x1a, 0xb3, 0x57, 0x49, 0xbc, 0xb2, 0xd0, 0x0,
    0xd0, 0x0,

    /* U+06E3 "ۣ" */
    0x0, 0x2, 0x2, 0x17, 0x20, 0x1b, 0x1c, 0x1b,
    0xc0, 0x1e, 0xb9, 0xa9, 0xd0, 0x39, 0x0, 0x0,
    0x6b, 0xa2, 0x0, 0x0,

    /* U+06E4 "ۤ" */
    0x5e, 0x91, 0x85, 0xd3, 0x8f, 0xe0, 0x10, 0x1,
    0x0,

    /* U+06E5 "ۥ" */
    0x1a, 0xc3, 0x84, 0x93, 0x88, 0xb3, 0x5, 0xc3,
    0x6b, 0xb0,

    /* U+06E6 "ۦ" */
    0x0, 0x33, 0x0, 0x2b, 0x30, 0x79, 0x20, 0x7,
    0xbb, 0xb5,

    /* U+06E7 "ۧ" */
    0x0, 0x80, 0x1, 0x7b, 0x0, 0xc4, 0x0, 0x9,
    0xbb, 0xb2,

    /* U+06E8 "ۨ" */
    0x16, 0x21, 0xc0, 0x1b, 0xd0, 0x2b, 0x6b, 0xb3,

    /* U+06E9 "۩" */
    0x0, 0x0, 0x0, 0x0, 0x0, 0x0, 0x1, 0x86,
    0x0, 0x0, 0x0, 0x18, 0x65, 0x60, 0x0, 0x0,
    0x86, 0x67, 0x56, 0x0, 0x8, 0x66, 0x36, 0x75,
    0x60, 0x54, 0x86, 0x3, 0x57, 0x80, 0x7, 0x58,
    0x15, 0x77, 0x20, 0x0, 0x89, 0x15, 0x67, 0x0,
    0x0, 0x79, 0x15, 0x76, 0x0, 0x0, 0x79, 0x15,
    0x76, 0x0, 0x0, 0x79, 0x15, 0x76, 0x0, 0x0,
    0x79, 0x78, 0x76, 0x0, 0x4, 0x5a, 0x66, 0x78,
    0x10, 0x3c, 0x77, 0x77, 0x77, 0xb0,

    /* U+06EA "۪" */
    0x7, 0x0, 0x94, 0x90, 0x59, 0x60, 0x2, 0x0,

    /* U+06EB "۫" */
    0x5, 0x0, 0x76, 0x80, 0x77, 0x70, 0x4, 0x0,

    /* U+06EC "۬" */
    0x11, 0xe, 0xe0, 0xcc, 0x0,

    /* U+06ED "ۭ" */
    0x1a, 0xb3, 0x57, 0x49, 0xbc, 0xb2, 0xd0, 0x0,
    0xd0, 0x0,

    /* U+06EE "ۮ" */
    0x0, 0x46, 0x0, 0x0, 0x0, 0x1e, 0xe3, 0x0,
    0x0, 0xa, 0x96, 0xc0, 0x0, 0x0, 0x71, 0x7,
    0x10, 0x0, 0x0, 0x0, 0x0, 0x0, 0x0, 0x3,
    0xe5, 0x0, 0x0, 0x0, 0x8f, 0xf7, 0x0, 0x0,
    0x0, 0x8f, 0xf4, 0x0, 0x0, 0x0, 0x8f, 0xe0,
    0x0, 0x0, 0x0, 0xdf, 0x50, 0x0, 0x0, 0x6,
    0xfb, 0x0, 0x0, 0x0, 0x2f, 0xf0, 0x3b, 0xbb,
    0xbb, 0xff, 0x14, 0xff, 0xff, 0xff, 0xf2,

    /* U+06EF "ۯ" */
    0x0, 0x0, 0x64, 0x0, 0x0, 0x4, 0xee, 0x10,
    0x0, 0xd, 0x6a, 0x90, 0x0, 0x27, 0x1, 0x70,
    0x0, 0x0, 0x0, 0x0, 0x0, 0x0, 0x78, 0x0,
    0x0, 0x0, 0xff, 0x0, 0x0, 0x0, 0xff, 0x0,
    0x0, 0x0, 0xff, 0x0, 0x0, 0x0, 0xff, 0x0,
    0x0, 0x0, 0xff, 0x0, 0x0, 0x0, 0xff, 0x0,
    0x0, 0x0, 0xff, 0x0, 0x0, 0x0, 0xff, 0x0,
    0x0, 0x4, 0xfe, 0x0, 0x3e, 0xcf, 0xf8, 0x0,
    0x4c, 0xfe, 0x90, 0x0,

    /* U+06F0 "۰" */
    0x0, 0x40, 0x0, 0xaf, 0x60, 0x3f, 0xff, 0x50,
    0x4f, 0xc0, 0x0, 0x40, 0x0,

    /* U+06F1 "۱" */
    0x5c, 0x77, 0xf9, 0x7f, 0x97, 0xf9, 0x7f, 0x97,
    0xf9, 0x7f, 0x97, 0xf9, 0x7f, 0x97, 0xf9, 0x7f,
    0x90,

    /* U+06F2 "۲" */
    0xbc, 0xcc, 0xcc, 0xc1, 0xef, 0xff, 0xff, 0xf1,
    0x9f, 0x80, 0x0, 0x0, 0x4f, 0xd0, 0x0, 0x0,
    0xe, 0xf3, 0x0, 0x0, 0x8, 0xf9, 0x0, 0x0,
    0x2, 0xfe, 0x0, 0x0, 0x0, 0xdf, 0x50, 0x0,
    0x0, 0x7f, 0xb0, 0x0, 0x0, 0x1f, 0xf1, 0x0,
    0x0, 0xc, 0xf6, 0x0,

    /* U+06F3 "۳" */
    0x48, 0x40, 0x76, 0x7, 0x65, 0xfc, 0xf, 0xc0,
    0xed, 0xf, 0xf4, 0xfc, 0x4f, 0xa0, 0xaf, 0xff,
    0xff, 0xf3, 0x4, 0xfd, 0x31, 0x41, 0x0, 0xe,
    0xf1, 0x0, 0x0, 0x0, 0x8f, 0x70, 0x0, 0x0,
    0x3, 0xfd, 0x0, 0x0, 0x0, 0xd, 0xf4, 0x0,
    0x0, 0x0, 0x7f, 0xa0, 0x0, 0x0, 0x1, 0xff,
    0x10, 0x0,

    /* U+06F4 "۴" */
    0x59, 0x40, 0xbe, 0x63, 0x35, 0xfc, 0x3f, 0x41,
    0xfb, 0xe, 0xfa, 0xf8, 0x9f, 0x70, 0x9f, 0xde,
    0xff, 0x90, 0x4, 0xfd, 0x0, 0x0, 0x0, 0xe,
    0xf2, 0x0, 0x0, 0x0, 0x8f, 0x80, 0x0, 0x0,
    0x3, 0xfe, 0x0, 0x0, 0x0, 0xd, 0xf4, 0x0,
    0x0, 0x0, 0x7f, 0xa0, 0x0, 0x0, 0x2, 0xff,
    0x0, 0x0,

    /* U+06F5 "۵" */
    0x0, 0x1b, 0xfc, 0x30, 0x0, 0xc, 0xfb, 0xfe,
    0x10, 0x6, 0xf9, 0x7, 0xf9, 0x0, 0xcf, 0x20,
    0xf, 0xe0, 0xf, 0xe0, 0x0, 0xbf, 0x33, 0xfb,
    0x0, 0x9, 0xf6, 0x4f, 0xa0, 0x0, 0x8f, 0x74,
    0xfa, 0x1, 0x8, 0xf7, 0x2f, 0xc0, 0xf4, 0xaf,
    0x50, 0xef, 0xdf, 0xdf, 0xf1, 0x4, 0xee, 0x6d,
    0xf6, 0x0,

    /* U+06F6 "۶" */
    0x4, 0xcf, 0xfc, 0x33, 0xff, 0xcb, 0xf2, 0x9f,
    0x90, 0x0, 0x9, 0xf6, 0x0, 0x0, 0x6f, 0xb0,
    0x5, 0x20, 0xbf, 0xdb, 0xfa, 0x0, 0x6f, 0xfd,
    0x30, 0xc, 0xfa, 0x0, 0x8, 0xfa, 0x0, 0x1,
    0xfe, 0x10, 0x0, 0x7f, 0x70, 0x0, 0x0,

    /* U+06F7 "۷" */
    0x7f, 0xa0, 0x0, 0x8f, 0x92, 0xfe, 0x0, 0xc,
    0xf5, 0xe, 0xf2, 0x0, 0xff, 0x10, 0xaf, 0x60,
    0x4f, 0xc0, 0x5, 0xfa, 0x8, 0xf7, 0x0, 0x1f,
    0xe0, 0xcf, 0x30, 0x0, 0xcf, 0x2f, 0xe0, 0x0,
    0x8, 0xf8, 0xfa, 0x0, 0x0, 0x3f, 0xdf, 0x60,
    0x0, 0x0, 0xff, 0xf1, 0x0, 0x0, 0xb, 0xfd,
    0x0, 0x0,

    /* U+06F8 "۸" */
    0x0, 0xb, 0xfd, 0x0, 0x0, 0x0, 0xff, 0xf1,
    0x0, 0x0, 0x3f, 0xdf, 0x60, 0x0, 0x8, 0xf8,
    0xfa, 0x0, 0x0, 0xcf, 0x2f, 0xe0, 0x0, 0x1f,
    0xe0, 0xcf, 0x30, 0x5, 0xfa, 0x8, 0xf7, 0x0,
    0xaf, 0x60, 0x4f, 0xc0, 0xe, 0xf2, 0x0, 0xff,
    0x12, 0xfe, 0x0, 0xc, 0xf5, 0x7f, 0xb0, 0x0,
    0x8f, 0x90,

    /* U+06F9 "۹" */
    0x2, 0xbf, 0xfc, 0x30, 0x1e, 0xfc, 0xcf, 0xf2,
    0x6f, 0xb0, 0xa, 0xf8, 0x7f, 0x80, 0x5, 0xfc,
    0x5f, 0xc0, 0x3, 0xfd, 0xe, 0xfd, 0xab, 0xfe,
    0x2, 0xae, 0xff, 0xfe, 0x0, 0x0, 0x2, 0xfe,
    0x0, 0x0, 0x2, 0xfe, 0x0, 0x0, 0x2, 0xfe,
    0x0, 0x0, 0x2, 0xfe,

    /* U+06FA "ۺ" */
    0x0, 0x0, 0x0, 0x0, 0x0, 0x0, 0x6e, 0x20,
    0x0, 0x0, 0x0, 0x0, 0x0, 0x0, 0x0, 0x1,
    0x6d, 0x30, 0x0, 0x0, 0x0, 0x0, 0x0, 0x0,
    0x0, 0xe, 0xe3, 0xfa, 0x0, 0x0, 0x0, 0x0,
    0x0, 0x0, 0x0, 0xc, 0xc2, 0xe8, 0x0, 0x0,
    0x0, 0x0, 0x0, 0x0, 0x0, 0x0, 0x0, 0x0,
    0x9, 0xc3, 0x0, 0x0, 0x0, 0x6, 0x83, 0x0,
    0x58, 0x30, 0xb, 0xf5, 0x0, 0x0, 0x0, 0xb,
    0xf5, 0x0, 0x9f, 0x70, 0xb, 0xf5, 0x1, 0x0,
    0x0, 0xb, 0xf5, 0x0, 0x9f, 0x70, 0xb, 0xf5,
    0x6f, 0x70, 0x0, 0xb, 0xf5, 0x0, 0x9f, 0x70,
    0xb, 0xf5, 0xbf, 0x40, 0x0, 0xb, 0xf5, 0x0,
    0xdf, 0x90, 0xb, 0xf5, 0xef, 0x20, 0x0, 0xb,
    0xfc, 0xbd, 0xff, 0xfd, 0xbe, 0xf5, 0xff, 0x20,
    0x0, 0xb, 0xff, 0xff, 0xc3, 0x6e, 0xff, 0xf5,
    0xdf, 0x40, 0x0, 0xd, 0xf4, 0x0, 0x0, 0x0,
    0x0, 0x0, 0x8f, 0xd2, 0x1, 0x8f, 0xf0, 0x0,
    0xe, 0xa0, 0x0, 0x0, 0xd, 0xff, 0xff, 0xff,
    0x60, 0x0, 0x1f, 0xc0, 0x0, 0x0, 0x0, 0x7a,
    0xba, 0x82, 0x0, 0x0, 0x1, 0x0, 0x0, 0x0,

    /* U+06FB "ۻ" */
    0x0, 0x0, 0x0, 0x0, 0x0, 0x7, 0xf2, 0x0,
    0x0, 0x0, 0x0, 0x0, 0x0, 0x0, 0x9, 0xf3,
    0x0, 0x0, 0x0, 0x0, 0x0, 0x0, 0x0, 0x0,
    0x10, 0x0, 0x0, 0x0, 0x0, 0x0, 0x0, 0x0,
    0x0, 0x0, 0x0, 0x0, 0x0, 0x0, 0x0, 0xb,
    0xf5, 0x6, 0xdf, 0xfb, 0x20, 0x0, 0x0, 0x0,
    0xb, 0xf5, 0x9f, 0xa9, 0xdf, 0xe0, 0x0, 0x0,
    0x0, 0xb, 0xfa, 0xe2, 0x0, 0xd, 0xf6, 0x3,
    0x10, 0x0, 0xb, 0xff, 0x30, 0x0, 0x8, 0xf8,
    0x7f, 0x70, 0x0, 0xb, 0xf9, 0x0, 0x0, 0x7,
    0xf9, 0xbf, 0x40, 0x0, 0xb, 0xf5, 0x0, 0x0,
    0x7, 0xf9, 0xef, 0x20, 0x0, 0xb, 0xfc, 0xbb,
    0xbb, 0xbd, 0xf9, 0xff, 0x20, 0x0, 0xb, 0xff,
    0xff, 0xff, 0xff, 0xf9, 0xdf, 0x40, 0x0, 0xd,
    0xf4, 0x0, 0x0, 0x0, 0x0, 0x8f, 0xd2, 0x1,
    0x8f, 0xf0, 0x5, 0x40, 0x0, 0x0, 0xd, 0xff,
    0xff, 0xff, 0x50, 0xf, 0xf0, 0x0, 0x0, 0x0,
    0x6a, 0xba, 0x82, 0x0, 0x8, 0x70, 0x0, 0x0,

    /* U+06FC "ۼ" */
    0x0, 0xa, 0xe0, 0x0, 0x0, 0xc, 0xf1, 0x0,
    0x0, 0x0, 0x10, 0x0, 0x0, 0x0, 0x0, 0x0,
    0x0, 0x7d, 0xff, 0xc3, 0xa, 0xff, 0xbc, 0xf1,
    0x2f, 0xf2, 0x0, 0x0, 0x5f, 0xb0, 0x0, 0x0,
    0x2f, 0xc0, 0x0, 0x0, 0xb, 0xf6, 0xaf, 0x70,
    0x3, 0xff, 0xf9, 0x30, 0x2e, 0xf9, 0x10, 0x0,
    0xbf, 0x77, 0xf3, 0x0, 0xef, 0x18, 0xf4, 0x0,
    0xdf, 0x50, 0x20, 0x0, 0x7f, 0xfc, 0xbe, 0x80,
    0x7, 0xdf, 0xfc, 0x60,

    /* U+06FD "۽" */
    0x4, 0xcf, 0xfc, 0x2, 0xff, 0xcb, 0xc0, 0x8f,
    0xa0, 0x0, 0x7, 0xf8, 0x0, 0x0, 0x1e, 0xe7,
    0x89, 0x5c, 0xff, 0xff, 0xf8, 0xb9, 0x74, 0x21,
    0x0, 0x1, 0x1, 0x0, 0x0, 0xf1, 0xf0, 0x0,
    0xf, 0x1f, 0x0, 0x0, 0xf1, 0xf0, 0x0,

    /* U+06FE "۾" */
    0x0, 0x4, 0x9a, 0x82, 0x0, 0x0, 0xbf, 0xff,
    0xff, 0x40, 0x2, 0xfd, 0x30, 0x7f, 0xe0, 0x5,
    0xfa, 0x0, 0xf, 0xf1, 0x5, 0xf9, 0x0, 0xf,
    0xf1, 0x2, 0xfc, 0x0, 0x7f, 0xe0, 0x19, 0xff,
    0xbc, 0xff, 0x50, 0xbf, 0xff, 0xff, 0xc4, 0x0,
    0xff, 0x40, 0x0, 0x0, 0x0, 0xff, 0x11, 0xf1,
    0xe0, 0x0, 0xff, 0x11, 0xf1, 0xe0, 0x0, 0xff,
    0x11, 0xf1, 0xe0, 0x0, 0xff, 0x10, 0x10, 0x10,
    0x0, 0x12, 0x0, 0x0, 0x0, 0x0,

    /* U+06FF "ۿ" */
    0x0, 0x0, 0x73, 0x0, 0x0, 0x0, 0x0, 0x5,
    0xed, 0x0, 0x0, 0x0, 0x0, 0xe, 0x4b, 0x80,
    0x0, 0x0, 0x0, 0x37, 0x2, 0x70, 0x0, 0x0,
    0x0, 0x0, 0x0, 0x0, 0x0, 0x0, 0x0, 0x48,
    0xab, 0xb9, 0x50, 0x0, 0x0, 0xff, 0xff, 0xff,
    0xfd, 0x20, 0x0, 0x74, 0x10, 0x3, 0xcf, 0xe0,
    0x0, 0x0, 0x0, 0x0, 0xd, 0xf7, 0x0, 0x9e,
    0xfc, 0x40, 0x6, 0xfb, 0xb, 0xff, 0xdf, 0xf3,
    0x3, 0xfd, 0x3f, 0xf1, 0x9, 0xf9, 0x2, 0xfe,
    0x4f, 0xd0, 0x6, 0xfa, 0x2, 0xfe, 0xf, 0xf2,
    0x6, 0xfa, 0x2, 0xfe, 0xad, 0xff, 0xbd, 0xfe,
    0xbc, 0xfe, 0xff, 0xff, 0xff, 0xff, 0xff, 0xfe,

    /* U+2009 " " */

    /* U+200B "​" */

    /* U+200C "‌" */
    0x33, 0x44, 0x44, 0x44, 0x44, 0x44, 0x44, 0x44,
    0x44, 0x44, 0x44, 0x44,

    /* U+200D "‍" */
    0x51, 0x15, 0x9, 0x90, 0x1c, 0xc1, 0x55, 0x55,
    0x4, 0x40, 0x4, 0x40, 0x4, 0x40, 0x4, 0x40,
    0x4, 0x40, 0x4, 0x40, 0x4, 0x40, 0x4, 0x40,

    /* U+200E "‎" */
    0x0, 0x20, 0x0, 0x3, 0x70, 0x4b, 0x9e, 0x24,
    0x46, 0x30, 0x44, 0x0, 0x4, 0x40, 0x0, 0x44,
    0x0, 0x4, 0x40, 0x0, 0x44, 0x0, 0x4, 0x40,
    0x0, 0x44, 0x0, 0x4, 0x40, 0x0, 0x22, 0x0,
    0x0,

    /* U+200F "‏" */
    0x0, 0x20, 0x0, 0x83, 0x0, 0x2e, 0x9b, 0x40,
    0x36, 0x44, 0x0, 0x4, 0x40, 0x0, 0x44, 0x0,
    0x4, 0x40, 0x0, 0x44, 0x0, 0x4, 0x40, 0x0,
    0x44, 0x0, 0x4, 0x40, 0x0, 0x44, 0x0, 0x2,
    0x20,

    /* U+2013 "–" */
    0x3a, 0xaa, 0xaa, 0xa3, 0x5f, 0xff, 0xff, 0xf5,

    /* U+2014 "—" */
    0x3a, 0xaa, 0xaa, 0xaa, 0xaa, 0xaa, 0xaa, 0xa3,
    0x5f, 0xff, 0xff, 0xff, 0xff, 0xff, 0xff, 0xf5,

    /* U+2018 "‘" */
    0xa, 0xf0, 0x1f, 0xb0, 0x6f, 0x80, 0xbf, 0x50,

    /* U+2019 "’" */
    0x1f, 0xf0, 0x4f, 0xa0, 0x7f, 0x40, 0xad, 0x0,

    /* U+201A "‚" */
    0xc, 0xf4, 0xf, 0xf0, 0x2f, 0x90, 0x6f, 0x30,

    /* U+201C "“" */
    0xa, 0xe0, 0x3f, 0x51, 0xfb, 0xa, 0xf2, 0x6f,
    0x80, 0xff, 0xb, 0xf5, 0x4f, 0xc0,

    /* U+201D "”" */
    0x1f, 0xf0, 0xaf, 0x54, 0xfa, 0xd, 0xf1, 0x7f,
    0x41, 0xfb, 0xa, 0xd0, 0x4f, 0x40,

    /* U+201E "„" */
    0xc, 0xf4, 0x5f, 0xa0, 0xff, 0x8, 0xf5, 0x2f,
    0x90, 0xcf, 0x6, 0xf3, 0xf, 0x90,

    /* U+2022 "•" */
    0x3, 0xaa, 0x30, 0xe, 0xff, 0xe0, 0x1f, 0xff,
    0xf1, 0xf, 0xff, 0xf0, 0x5, 0xee, 0x60,

    /* U+2026 "…" */
    0x4, 0x71, 0x1, 0x74, 0x0, 0x57, 0x0, 0xff,
    0x60, 0x8f, 0xd0, 0x1f, 0xf4, 0xb, 0xf3, 0x5,
    0xf9, 0x0, 0xde, 0x20,

    /* U+202F " " */

    /* U+2039 "‹" */
    0x0, 0x0, 0x0, 0x1, 0xc6, 0x0, 0xbf, 0x60,
    0x9f, 0x90, 0x3f, 0xe0, 0x0, 0xbf, 0x70, 0x1,
    0xdf, 0x40, 0x2, 0xe8, 0x0, 0x0, 0x0,

    /* U+203A "›" */
    0x0, 0x0, 0x1, 0xa8, 0x0, 0xc, 0xf5, 0x0,
    0x1e, 0xf2, 0x0, 0x5f, 0xc0, 0xd, 0xf4, 0xa,
    0xf7, 0x1, 0xda, 0x0, 0x0, 0x0, 0x0,

    /* U+204F "⁏" */
    0xd, 0xe2, 0x1f, 0xf4, 0x5, 0x70, 0x0, 0x0,
    0x0, 0x0, 0x0, 0x0, 0x0, 0x0, 0xe, 0xf1,
    0xa, 0xf4, 0x4, 0xf7, 0x0, 0xeb,

    /* U+FB50 "ﭐ" */
    0x1, 0xbc, 0x10, 0x86, 0x76, 0x6e, 0xde, 0x60,
    0x13, 0x20, 0x6, 0xfa, 0x0, 0x6f, 0xa0, 0x6,
    0xfa, 0x0, 0x6f, 0xa0, 0x6, 0xfa, 0x0, 0x6f,
    0xa0, 0x6, 0xfa, 0x0, 0x6f, 0xa0, 0x6, 0xfa,
    0x0, 0x6f, 0xa0, 0x6, 0xfa, 0x0,

    /* U+FB51 "ﭑ" */
    0x5, 0xdc, 0x10, 0x7e, 0xde, 0x40, 0x0, 0x0,
    0x0, 0x0, 0x0, 0x0, 0x6, 0xfa, 0x0, 0x6,
    0xfa, 0x0, 0x6, 0xfa, 0x0, 0x6, 0xfa, 0x0,
    0x6, 0xfa, 0x0, 0x6, 0xfa, 0x0, 0x6, 0xfa,
    0x0, 0x6, 0xfa, 0x0, 0x6, 0xfa, 0x0, 0x6,
    0xfa, 0x0, 0x6, 0xfe, 0xb8, 0x6, 0xff, 0xfc,

    /* U+FB52 "ﭒ" */
    0x0, 0x0, 0x0, 0x0, 0xf, 0xf0, 0x0, 0x0,
    0x0, 0x0, 0xf, 0xf0, 0x48, 0x20, 0x0, 0x0,
    0xf, 0xf0, 0xcf, 0x30, 0x0, 0x0, 0xf, 0xf0,
    0xef, 0x20, 0x0, 0x0, 0xf, 0xf0, 0xef, 0x50,
    0x0, 0x0, 0xf, 0xf0, 0x9f, 0xfb, 0xbb, 0xbb,
    0xbf, 0xf0, 0x9, 0xef, 0xff, 0xff, 0xff, 0xf0,
    0x0, 0x0, 0x2, 0x0, 0x0, 0x0, 0x0, 0x0,
    0x3f, 0xa0, 0x0, 0x0, 0x0, 0x0, 0x2f, 0x80,
    0x0, 0x0, 0x0, 0x0, 0x1, 0x0, 0x0, 0x0,
    0x0, 0x0, 0x3f, 0x90, 0x0, 0x0, 0x0, 0x0,
    0x2f, 0x80, 0x0, 0x0,

    /* U+FB53 "ﭓ" */
    0x0, 0x0, 0x0, 0x0, 0xf, 0xf0, 0x0, 0x0,
    0x0, 0x0, 0x0, 0xf, 0xf0, 0x0, 0x48, 0x20,
    0x0, 0x0, 0xf, 0xf0, 0x0, 0xcf, 0x30, 0x0,
    0x0, 0xf, 0xf0, 0x0, 0xef, 0x20, 0x0, 0x0,
    0xf, 0xf0, 0x0, 0xef, 0x50, 0x0, 0x0, 0xf,
    0xf0, 0x0, 0x9f, 0xfb, 0xbb, 0xbb, 0xbf, 0xfb,
    0xb2, 0x9, 0xef, 0xff, 0xff, 0xff, 0xff, 0xf3,
    0x0, 0x0, 0x0, 0x0, 0x0, 0x0, 0x0, 0x0,
    0x0, 0x1, 0x0, 0x0, 0x0, 0x0, 0x0, 0x0,
    0xaf, 0x20, 0x0, 0x0, 0x0, 0x0, 0x0, 0x9e,
    0x10, 0x0, 0x0, 0x0, 0x0, 0x0, 0x1, 0x0,
    0x0, 0x0, 0x0, 0x0, 0x0, 0xaf, 0x20, 0x0,
    0x0, 0x0, 0x0, 0x0, 0x9e, 0x10, 0x0, 0x0,
    0x0,

    /* U+FB54 "ﭔ" */
    0x0, 0xf, 0xf0, 0x0, 0xf, 0xf0, 0x0, 0xf,
    0xf0, 0x0, 0xf, 0xf0, 0x0, 0xf, 0xf0, 0x0,
    0xf, 0xf0, 0x1b, 0xbf, 0xf0, 0x2f, 0xff, 0xf0,
    0x0, 0x0, 0x0, 0x0, 0x11, 0x0, 0x0, 0xee,
    0x0, 0x0, 0xcd, 0x0, 0x0, 0x11, 0x0, 0x0,
    0xee, 0x0, 0x0, 0xcd, 0x0,

    /* U+FB55 "ﭕ" */
    0x0, 0xf, 0xf0, 0x0, 0x0, 0xf, 0xf0, 0x0,
    0x0, 0xf, 0xf0, 0x0, 0x0, 0xf, 0xf0, 0x0,
    0x0, 0xf, 0xf0, 0x0, 0x0, 0xf, 0xf0, 0x0,
    0x1b, 0xbf, 0xfb, 0xb1, 0x2f, 0xff, 0xff, 0xf2,
    0x0, 0x0, 0x0, 0x0, 0x0, 0x2, 0x0, 0x0,
    0x0, 0x4f, 0x80, 0x0, 0x0, 0x3f, 0x70, 0x0,
    0x0, 0x2, 0x0, 0x0, 0x0, 0x4f, 0x80, 0x0,
    0x0, 0x3f, 0x70, 0x0,

    /* U+FB56 "ﭖ" */
    0x0, 0x0, 0x0, 0x0, 0xf, 0xf0, 0x0, 0x0,
    0x0, 0x0, 0xf, 0xf0, 0x48, 0x20, 0x0, 0x0,
    0xf, 0xf0, 0xcf, 0x30, 0x0, 0x0, 0xf, 0xf0,
    0xef, 0x20, 0x0, 0x0, 0xf, 0xf0, 0xef, 0x50,
    0x0, 0x0, 0xf, 0xf0, 0x9f, 0xfb, 0xbb, 0xbb,
    0xbf, 0xf0, 0x9, 0xef, 0xff, 0xff, 0xff, 0xf0,
    0x0, 0x0, 0x0, 0x0, 0x0, 0x0, 0x0, 0x0,
    0x20, 0x1, 0x0, 0x0, 0x0, 0x7, 0xf5, 0xbf,
    0x10, 0x0, 0x0, 0x5, 0xf4, 0x9e, 0x10, 0x0,
    0x0, 0x0, 0xe, 0x80, 0x0, 0x0, 0x0, 0x0,
    0xc, 0x70, 0x0, 0x0,

    /* U+FB57 "ﭗ" */
    0x0, 0x0, 0x0, 0x0, 0xf, 0xf0, 0x0, 0x0,
    0x0, 0x0, 0x0, 0xf, 0xf0, 0x0, 0x48, 0x20,
    0x0, 0x0, 0xf, 0xf0, 0x0, 0xcf, 0x30, 0x0,
    0x0, 0xf, 0xf0, 0x0, 0xef, 0x20, 0x0, 0x0,
    0xf, 0xf0, 0x0, 0xef, 0x50, 0x0, 0x0, 0xf,
    0xf0, 0x0, 0x9f, 0xfb, 0xbb, 0xbb, 0xbf, 0xfb,
    0xb2, 0x9, 0xef, 0xff, 0xff, 0xff, 0xff, 0xf3,
    0x0, 0x0, 0x0, 0x0, 0x0, 0x0, 0x0, 0x0,
    0x0, 0x0, 0x0, 0x0, 0x0, 0x0, 0x0, 0xc,
    0xc2, 0xf8, 0x0, 0x0, 0x0, 0x0, 0xe, 0xe2,
    0xfa, 0x0, 0x0, 0x0, 0x0, 0x1, 0x10, 0x10,
    0x0, 0x0, 0x0, 0x0, 0x0, 0x6e, 0x20, 0x0,
    0x0, 0x0, 0x0, 0x0, 0x5d, 0x10, 0x0, 0x0,
    0x0,

    /* U+FB58 "ﭘ" */
    0x0, 0x3, 0xfe, 0x0, 0x0, 0x3f, 0xe0, 0x0,
    0x3, 0xfe, 0x0, 0x0, 0x3f, 0xe0, 0x0, 0x3,
    0xfe, 0x0, 0x0, 0x3f, 0xe0, 0x1b, 0xbc, 0xfe,
    0x2, 0xff, 0xff, 0xe0, 0x0, 0x0, 0x0, 0x0,
    0x0, 0x0, 0x0, 0x3, 0xf7, 0x7f, 0x30, 0x4f,
    0x88, 0xf4, 0x0, 0x20, 0x2, 0x0, 0x0, 0xbb,
    0x0, 0x0, 0xa, 0x90, 0x0,

    /* U+FB59 "ﭙ" */
    0x0, 0x9, 0xf8, 0x0, 0x0, 0x9, 0xf8, 0x0,
    0x0, 0x9, 0xf8, 0x0, 0x0, 0x9, 0xf8, 0x0,
    0x0, 0x9, 0xf8, 0x0, 0x0, 0x9, 0xf8, 0x0,
    0x1b, 0xbd, 0xfd, 0xba, 0x2f, 0xff, 0xff, 0xff,
    0x0, 0x0, 0x0, 0x0, 0x0, 0x0, 0x0, 0x0,
    0x0, 0xea, 0x3f, 0x60, 0x1, 0xfc, 0x4f, 0x80,
    0x0, 0x10, 0x2, 0x0, 0x0, 0x7, 0xe0, 0x0,
    0x0, 0x6, 0xc0, 0x0,

    /* U+FB5A "ﭚ" */
    0x0, 0x0, 0x0, 0x0, 0xf, 0xf0, 0x0, 0x0,
    0x0, 0x0, 0xf, 0xf0, 0x48, 0x20, 0x0, 0x0,
    0xf, 0xf0, 0xcf, 0x30, 0x0, 0x0, 0xf, 0xf0,
    0xef, 0x20, 0x0, 0x0, 0xf, 0xf0, 0xef, 0x50,
    0x0, 0x0, 0xf, 0xf0, 0x9f, 0xfb, 0xbb, 0xbb,
    0xbf, 0xf0, 0x9, 0xef, 0xff, 0xff, 0xff, 0xf0,
    0x0, 0x0, 0x0, 0x0, 0x0, 0x0, 0x0, 0x4,
    0xe3, 0xca, 0x0, 0x0, 0x0, 0x4, 0xf3, 0xca,
    0x0, 0x0, 0x0, 0x0, 0x0, 0x0, 0x0, 0x0,
    0x0, 0x4, 0xf4, 0xca, 0x0, 0x0, 0x0, 0x4,
    0xe3, 0xca, 0x0, 0x0,

    /* U+FB5B "ﭛ" */
    0x0, 0x0, 0x0, 0x0, 0xf, 0xf0, 0x0, 0x0,
    0x0, 0x0, 0x0, 0xf, 0xf0, 0x0, 0x48, 0x20,
    0x0, 0x0, 0xf, 0xf0, 0x0, 0xcf, 0x30, 0x0,
    0x0, 0xf, 0xf0, 0x0, 0xef, 0x20, 0x0, 0x0,
    0xf, 0xf0, 0x0, 0xef, 0x50, 0x0, 0x0, 0xf,
    0xf0, 0x0, 0x9f, 0xfb, 0xbb, 0xbb, 0xbf, 0xfb,
    0xb2, 0x9, 0xef, 0xff, 0xff, 0xff, 0xff, 0xf3,
    0x0, 0x0, 0x0, 0x0, 0x0, 0x0, 0x0, 0x0,
    0x0, 0x0, 0x0, 0x0, 0x0, 0x0, 0x0, 0xb,
    0xb4, 0xf3, 0x0, 0x0, 0x0, 0x0, 0xb, 0xb4,
    0xe3, 0x0, 0x0, 0x0, 0x0, 0x0, 0x0, 0x0,
    0x0, 0x0, 0x0, 0x0, 0xb, 0xb4, 0xf3, 0x0,
    0x0, 0x0, 0x0, 0xb, 0xb4, 0xe3, 0x0, 0x0,
    0x0,

    /* U+FB5C "ﭜ" */
    0x0, 0x3, 0xfe, 0x0, 0x0, 0x3f, 0xe0, 0x0,
    0x3, 0xfe, 0x0, 0x0, 0x3f, 0xe0, 0x0, 0x3,
    0xfe, 0x0, 0x0, 0x3f, 0xe0, 0x1b, 0xbc, 0xfe,
    0x2, 0xff, 0xff, 0xe0, 0x0, 0x0, 0x0, 0x0,
    0x0, 0x0, 0x0, 0x2, 0xf6, 0xad, 0x0, 0x2e,
    0x59, 0xd0, 0x0, 0x0, 0x0, 0x0, 0x2f, 0x6a,
    0xd0, 0x2, 0xe5, 0x9d, 0x0,

    /* U+FB5D "ﭝ" */
    0x0, 0x9, 0xf8, 0x0, 0x0, 0x9, 0xf8, 0x0,
    0x0, 0x9, 0xf8, 0x0, 0x0, 0x9, 0xf8, 0x0,
    0x0, 0x9, 0xf8, 0x0, 0x0, 0x9, 0xf8, 0x0,
    0x1b, 0xbd, 0xfd, 0xba, 0x2f, 0xff, 0xff, 0xff,
    0x0, 0x0, 0x0, 0x0, 0x0, 0x0, 0x0, 0x0,
    0x0, 0xd9, 0x6e, 0x20, 0x0, 0xd9, 0x6e, 0x20,
    0x0, 0x0, 0x0, 0x0, 0x0, 0xd9, 0x6e, 0x20,
    0x0, 0xd9, 0x6e, 0x20,

    /* U+FB5E "ﭞ" */
    0x0, 0x0, 0xbe, 0x0, 0x0, 0x0, 0x0, 0x0,
    0xcf, 0x10, 0x0, 0x0, 0x0, 0x0, 0x1, 0x0,
    0x0, 0x0, 0x0, 0x0, 0xbe, 0x0, 0x0, 0x0,
    0x0, 0x0, 0xcf, 0x10, 0x1, 0x10, 0x0, 0x0,
    0x1, 0x0, 0xf, 0xf0, 0x0, 0x0, 0x0, 0x0,
    0xf, 0xf0, 0x7c, 0x30, 0x0, 0x0, 0xf, 0xf0,
    0xdf, 0x20, 0x0, 0x0, 0xf, 0xf0, 0xff, 0x20,
    0x0, 0x0, 0xf, 0xf0, 0xdf, 0x50, 0x0, 0x0,
    0xf, 0xf0, 0x8f, 0xfb, 0xbb, 0xbb, 0xbf, 0xf0,
    0x9, 0xef, 0xff, 0xff, 0xff, 0xf0,

    /* U+FB5F "ﭟ" */
    0x0, 0x0, 0x2, 0x0, 0x0, 0x0, 0x0, 0x0,
    0x0, 0x6f, 0x60, 0x0, 0x0, 0x0, 0x0, 0x0,
    0x4f, 0x50, 0x0, 0x0, 0x0, 0x0, 0x0, 0x2,
    0x0, 0x0, 0x0, 0x0, 0x0, 0x0, 0x6f, 0x60,
    0xc, 0xc0, 0x0, 0x0, 0x0, 0x4f, 0x50, 0xf,
    0xf0, 0x0, 0x48, 0x20, 0x0, 0x0, 0xf, 0xf0,
    0x0, 0xcf, 0x30, 0x0, 0x0, 0xf, 0xf0, 0x0,
    0xef, 0x20, 0x0, 0x0, 0xf, 0xf0, 0x0, 0xef,
    0x50, 0x0, 0x0, 0xf, 0xf0, 0x0, 0x9f, 0xfb,
    0xbb, 0xbb, 0xbf, 0xfb, 0xb2, 0x9, 0xef, 0xff,
    0xff, 0xff, 0xff, 0xf3,

    /* U+FB60 "ﭠ" */
    0x0, 0xa, 0xe1, 0x0, 0xb, 0xf1, 0x0, 0x0,
    0x10, 0x0, 0xa, 0xe1, 0x0, 0xb, 0xf1, 0x0,
    0x0, 0x10, 0x0, 0x0, 0x11, 0x0, 0x3, 0xfe,
    0x0, 0x3, 0xfe, 0x0, 0x3, 0xfe, 0x0, 0x3,
    0xfe, 0x0, 0x3, 0xfe, 0x0, 0x3, 0xfe, 0x1b,
    0xbc, 0xfe, 0x2f, 0xff, 0xfe,

    /* U+FB61 "ﭡ" */
    0x0, 0x1e, 0x90, 0x0, 0x0, 0x1f, 0xb0, 0x0,
    0x0, 0x1, 0x0, 0x0, 0x0, 0x1e, 0x90, 0x0,
    0x0, 0x1f, 0xb0, 0x0, 0x0, 0x1, 0x0, 0x0,
    0x0, 0x0, 0x0, 0x0, 0x0, 0x7, 0xd6, 0x0,
    0x0, 0x9, 0xf8, 0x0, 0x0, 0x9, 0xf8, 0x0,
    0x0, 0x9, 0xf8, 0x0, 0x0, 0x9, 0xf8, 0x0,
    0x0, 0x9, 0xf8, 0x0, 0x1b, 0xbd, 0xfd, 0xba,
    0x2f, 0xff, 0xff, 0xff,

    /* U+FB62 "ﭢ" */
    0x0, 0xc, 0xb5, 0xf3, 0x0, 0x0, 0x0, 0xb,
    0xa5, 0xe3, 0x0, 0x0, 0x0, 0xc, 0xa5, 0xe3,
    0x0, 0x0, 0x0, 0xc, 0xb5, 0xf3, 0x4, 0x40,
    0x0, 0x0, 0x0, 0x0, 0xf, 0xf0, 0x0, 0x0,
    0x0, 0x0, 0xf, 0xf0, 0x8e, 0x30, 0x0, 0x0,
    0xf, 0xf0, 0xdf, 0x20, 0x0, 0x0, 0xf, 0xf0,
    0xff, 0x20, 0x0, 0x0, 0xf, 0xf0, 0xdf, 0x60,
    0x0, 0x0, 0xf, 0xf0, 0x8f, 0xfb, 0xbb, 0xbb,
    0xbf, 0xf0, 0x9, 0xef, 0xff, 0xff, 0xff, 0xf0,

    /* U+FB63 "ﭣ" */
    0x0, 0x5, 0xe2, 0xd8, 0x0, 0x0, 0x0, 0x0,
    0x6, 0xf2, 0xe8, 0x0, 0x0, 0x0, 0x0, 0x0,
    0x0, 0x0, 0x0, 0x0, 0x0, 0x0, 0x4, 0xb1,
    0xa6, 0xc, 0xc0, 0x0, 0x0, 0x6, 0xf2, 0xe9,
    0xf, 0xf0, 0x0, 0x48, 0x20, 0x0, 0x0, 0xf,
    0xf0, 0x0, 0xcf, 0x30, 0x0, 0x0, 0xf, 0xf0,
    0x0, 0xef, 0x20, 0x0, 0x0, 0xf, 0xf0, 0x0,
    0xef, 0x50, 0x0, 0x0, 0xf, 0xf0, 0x0, 0x9f,
    0xfb, 0xbb, 0xbb, 0xbf, 0xfb, 0xb2, 0x9, 0xef,
    0xff, 0xff, 0xff, 0xff, 0xf3,

    /* U+FB64 "ﭤ" */
    0x0, 0xbc, 0x4f, 0x40, 0xa, 0xb4, 0xe3, 0x0,
    0xab, 0x4e, 0x40, 0xb, 0xc4, 0xf4, 0x0, 0x0,
    0x0, 0x0, 0x0, 0x3, 0x30, 0x0, 0x3, 0xfe,
    0x0, 0x0, 0x3f, 0xe0, 0x0, 0x3, 0xfe, 0x0,
    0x0, 0x3f, 0xe0, 0x0, 0x3, 0xfe, 0x0, 0x0,
    0x3f, 0xe0, 0x1b, 0xbc, 0xfe, 0x2, 0xff, 0xff,
    0xe0,

    /* U+FB65 "ﭥ" */
    0x2, 0xf6, 0xad, 0x0, 0x2, 0xe5, 0x9d, 0x0,
    0x2, 0xf6, 0xad, 0x0, 0x2, 0xe5, 0x9d, 0x0,
    0x0, 0x0, 0x0, 0x0, 0x0, 0x0, 0x0, 0x0,
    0x0, 0x9, 0xf8, 0x0, 0x0, 0x9, 0xf8, 0x0,
    0x0, 0x9, 0xf8, 0x0, 0x0, 0x9, 0xf8, 0x0,
    0x0, 0x9, 0xf8, 0x0, 0x0, 0x9, 0xf8, 0x0,
    0x1b, 0xbd, 0xfd, 0xba, 0x2f, 0xff, 0xff, 0xff,

    /* U+FB66 "ﭦ" */
    0x0, 0x8, 0x50, 0x0, 0x0, 0x0, 0x0, 0x8,
    0xad, 0x80, 0x0, 0x0, 0x0, 0x8, 0x90, 0xd0,
    0x0, 0x0, 0x0, 0xb, 0xee, 0xd0, 0x0, 0x0,
    0x0, 0x0, 0x0, 0x0, 0xf, 0xf0, 0x0, 0x0,
    0x0, 0x0, 0xf, 0xf0, 0x6a, 0x30, 0x0, 0x0,
    0xf, 0xf0, 0xdf, 0x20, 0x0, 0x0, 0xf, 0xf0,
    0xff, 0x20, 0x0, 0x0, 0xf, 0xf0, 0xef, 0x50,
    0x0, 0x0, 0xf, 0xf0, 0x8f, 0xfb, 0xbb, 0xbb,
    0xbf, 0xf0, 0x9, 0xef, 0xff, 0xff, 0xff, 0xf0,

    /* U+FB67 "ﭧ" */
    0x0, 0x0, 0x60, 0x0, 0x0, 0x0, 0x0, 0x0,
    0x1, 0xc0, 0x0, 0x0, 0x0, 0x0, 0x0, 0x1,
    0xdb, 0xc1, 0x0, 0x0, 0x0, 0x0, 0x1, 0xe1,
    0x94, 0x8, 0x80, 0x0, 0x0, 0x4, 0xee, 0xe4,
    0xf, 0xf0, 0x0, 0x24, 0x10, 0x0, 0x0, 0xf,
    0xf0, 0x0, 0xbf, 0x30, 0x0, 0x0, 0xf, 0xf0,
    0x0, 0xef, 0x20, 0x0, 0x0, 0xf, 0xf0, 0x0,
    0xef, 0x50, 0x0, 0x0, 0xf, 0xf0, 0x0, 0x9f,
    0xfb, 0xbb, 0xbb, 0xbf, 0xfb, 0xb2, 0x9, 0xef,
    0xff, 0xff, 0xff, 0xff, 0xf3,

    /* U+FB68 "ﭨ" */
    0x2, 0x40, 0x0, 0x4, 0xbc, 0xb0, 0x4, 0xc0,
    0xc1, 0x7, 0xee, 0xe1, 0x0, 0x0, 0x0, 0x0,
    0x0, 0x0, 0x0, 0xf, 0xf0, 0x0, 0xf, 0xf0,
    0x0, 0xf, 0xf0, 0x0, 0xf, 0xf0, 0x0, 0xf,
    0xf0, 0x0, 0xf, 0xf0, 0x1b, 0xbf, 0xf0, 0x2f,
    0xff, 0xf0,

    /* U+FB69 "ﭩ" */
    0x0, 0xd0, 0x0, 0x0, 0x0, 0xd9, 0xd4, 0x0,
    0x0, 0xd4, 0x59, 0x0, 0x0, 0xfe, 0xe8, 0x0,
    0x0, 0x0, 0x0, 0x0, 0x0, 0x0, 0x0, 0x0,
    0x0, 0x6, 0xc6, 0x0, 0x0, 0x9, 0xf8, 0x0,
    0x0, 0x9, 0xf8, 0x0, 0x0, 0x9, 0xf8, 0x0,
    0x0, 0x9, 0xf8, 0x0, 0x0, 0x9, 0xf8, 0x0,
    0x1b, 0xbd, 0xfd, 0xba, 0x2f, 0xff, 0xff, 0xff,

    /* U+FB6A "ﭪ" */
    0x0, 0x0, 0x0, 0x0, 0x0, 0x9a, 0x0, 0x0,
    0x0, 0x0, 0x0, 0x0, 0xb, 0xb0, 0x0, 0x0,
    0x0, 0x0, 0x0, 0x3f, 0x76, 0xf3, 0x0, 0x0,
    0x0, 0x0, 0x4, 0xf8, 0x8f, 0x40, 0x0, 0x0,
    0x0, 0x0, 0x2, 0x0, 0x20, 0x0, 0x0, 0x0,
    0x0, 0x0, 0x0, 0x0, 0x0, 0x0, 0x0, 0x0,
    0x0, 0x8, 0xdf, 0xff, 0x80, 0x0, 0x0, 0x0,
    0xc, 0xff, 0xbd, 0xf8, 0x7b, 0x30, 0x0, 0x6,
    0xfe, 0x10, 0x8f, 0x8d, 0xf2, 0x0, 0x0, 0x9f,
    0x80, 0x8, 0xf8, 0xff, 0x20, 0x0, 0x9, 0xf7,
    0x0, 0x8f, 0x8d, 0xf5, 0x0, 0x0, 0x5f, 0xd0,
    0x8, 0xf8, 0x8f, 0xfb, 0xbb, 0xbb, 0xff, 0xeb,
    0xdf, 0x80, 0x9e, 0xff, 0xff, 0xff, 0xff, 0xff,
    0xf8,

    /* U+FB6B "ﭫ" */
    0x0, 0x0, 0x0, 0x0, 0x0, 0xe8, 0x0, 0x0,
    0x0, 0x0, 0x0, 0x0, 0x0, 0xc, 0x70, 0x0,
    0x0, 0x0, 0x0, 0x0, 0x0, 0x5f, 0x4a, 0xe1,
    0x0, 0x0, 0x0, 0x0, 0x0, 0x7, 0xf5, 0xbf,
    0x10, 0x0, 0x0, 0x0, 0x0, 0x0, 0x2, 0x0,
    0x10, 0x0, 0x0, 0x0, 0x0, 0x0, 0x0, 0x0,
    0x0, 0x0, 0x0, 0x0, 0x0, 0x0, 0x0, 0x8,
    0xdf, 0xff, 0x80, 0x0, 0x0, 0x0, 0x0, 0xc,
    0xff, 0xbd, 0xf8, 0x0, 0x7b, 0x30, 0x0, 0x6,
    0xfe, 0x10, 0x8f, 0x80, 0xd, 0xf2, 0x0, 0x0,
    0x9f, 0x80, 0x8, 0xf8, 0x0, 0xff, 0x20, 0x0,
    0x9, 0xf7, 0x0, 0x8f, 0x80, 0xd, 0xf5, 0x0,
    0x0, 0x5f, 0xd0, 0x8, 0xf8, 0x0, 0x8f, 0xfb,
    0xbb, 0xbb, 0xff, 0xeb, 0xdf, 0xdb, 0x50, 0x9e,
    0xff, 0xff, 0xff, 0xff, 0xff, 0xff, 0xf8,

    /* U+FB6C "ﭬ" */
    0x0, 0x0, 0xb, 0x80, 0x0, 0x0, 0x0, 0xd,
    0x90, 0x0, 0x0, 0x4, 0xf5, 0x8e, 0x20, 0x0,
    0x5, 0xf7, 0xaf, 0x20, 0x0, 0x0, 0x20, 0x1,
    0x0, 0x0, 0x0, 0x0, 0x0, 0x0, 0x0, 0x0,
    0x6d, 0xff, 0xfa, 0x0, 0xa, 0xff, 0xcd, 0xfa,
    0x0, 0x4f, 0xf2, 0x6, 0xfa, 0x0, 0x7f, 0xa0,
    0x6, 0xfa, 0x0, 0x7f, 0x90, 0x6, 0xfa, 0x0,
    0x3f, 0xe1, 0x6, 0xfa, 0x1b, 0xbf, 0xff, 0xbd,
    0xfa, 0x2f, 0xff, 0xff, 0xff, 0xfa,

    /* U+FB6D "ﭭ" */
    0x0, 0x0, 0xb, 0x80, 0x0, 0x0, 0x0, 0x0,
    0xd, 0x90, 0x0, 0x0, 0x0, 0x4, 0xf5, 0x8e,
    0x20, 0x0, 0x0, 0x5, 0xf7, 0xaf, 0x20, 0x0,
    0x0, 0x0, 0x20, 0x1, 0x0, 0x0, 0x0, 0x0,
    0x0, 0x0, 0x0, 0x0, 0x0, 0x0, 0x7d, 0xff,
    0xfa, 0x0, 0x0, 0xa, 0xff, 0xcd, 0xfa, 0x0,
    0x0, 0x4f, 0xf2, 0x6, 0xfa, 0x0, 0x0, 0x7f,
    0xa0, 0x6, 0xfa, 0x0, 0x0, 0x7f, 0x90, 0x6,
    0xfa, 0x0, 0x0, 0x3f, 0xe1, 0x6, 0xfa, 0x0,
    0x1b, 0xbf, 0xff, 0xbd, 0xfe, 0xb7, 0x2f, 0xff,
    0xff, 0xff, 0xff, 0xfa,

    /* U+FB6E "ﭮ" */
    0x0, 0x0, 0x0, 0x0, 0x1e, 0x78, 0xd0, 0x0,
    0x0, 0x0, 0x0, 0x1, 0xe7, 0x8e, 0x0, 0x0,
    0x0, 0x0, 0x0, 0x0, 0x0, 0x0, 0x0, 0x0,
    0x0, 0x0, 0x1, 0xe7, 0x8e, 0x0, 0x0, 0x0,
    0x0, 0x0, 0x1e, 0x78, 0xd0, 0x0, 0x0, 0x0,
    0x0, 0x0, 0x0, 0x0, 0x0, 0x0, 0x0, 0x0,
    0x0, 0x8, 0xdf, 0xff, 0x80, 0x0, 0x0, 0x0,
    0xc, 0xff, 0xbd, 0xf8, 0x7b, 0x30, 0x0, 0x6,
    0xfe, 0x10, 0x8f, 0x8d, 0xf2, 0x0, 0x0, 0x9f,
    0x80, 0x8, 0xf8, 0xff, 0x20, 0x0, 0x9, 0xf7,
    0x0, 0x8f, 0x8d, 0xf5, 0x0, 0x0, 0x5f, 0xd0,
    0x8, 0xf8, 0x8f, 0xfb, 0xbb, 0xbb, 0xff, 0xeb,
    0xdf, 0x80, 0x9e, 0xff, 0xff, 0xff, 0xff, 0xff,
    0xf8,

    /* U+FB6F "ﭯ" */
    0x0, 0x0, 0x0, 0x0, 0x3f, 0x5b, 0xc0, 0x0,
    0x0, 0x0, 0x0, 0x0, 0x3, 0xe4, 0xab, 0x0,
    0x0, 0x0, 0x0, 0x0, 0x0, 0x0, 0x0, 0x0,
    0x0, 0x0, 0x0, 0x0, 0x0, 0x3, 0xf5, 0xbc,
    0x0, 0x0, 0x0, 0x0, 0x0, 0x0, 0x3e, 0x4a,
    0xb0, 0x0, 0x0, 0x0, 0x0, 0x0, 0x0, 0x0,
    0x0, 0x0, 0x0, 0x0, 0x0, 0x0, 0x0, 0x8,
    0xdf, 0xff, 0x80, 0x0, 0x0, 0x0, 0x0, 0xc,
    0xff, 0xbd, 0xf8, 0x0, 0x7b, 0x30, 0x0, 0x6,
    0xfe, 0x10, 0x8f, 0x80, 0xd, 0xf2, 0x0, 0x0,
    0x9f, 0x80, 0x8, 0xf8, 0x0, 0xff, 0x20, 0x0,
    0x9, 0xf7, 0x0, 0x8f, 0x80, 0xd, 0xf5, 0x0,
    0x0, 0x5f, 0xd0, 0x8, 0xf8, 0x0, 0x8f, 0xfb,
    0xbb, 0xbb, 0xff, 0xeb, 0xdf, 0xdb, 0x50, 0x9e,
    0xff, 0xff, 0xff, 0xff, 0xff, 0xff, 0xf8,

    /* U+FB70 "ﭰ" */
    0x0, 0x2, 0xe5, 0x9c, 0x0, 0x0, 0x2, 0xf5,
    0xad, 0x0, 0x0, 0x0, 0x0, 0x0, 0x0, 0x0,
    0x2, 0xf6, 0xad, 0x0, 0x0, 0x2, 0xe5, 0x9c,
    0x0, 0x0, 0x0, 0x0, 0x0, 0x0, 0x0, 0x0,
    0x6d, 0xff, 0xfa, 0x0, 0xa, 0xff, 0xcd, 0xfa,
    0x0, 0x4f, 0xf2, 0x6, 0xfa, 0x0, 0x7f, 0xa0,
    0x6, 0xfa, 0x0, 0x7f, 0x90, 0x6, 0xfa, 0x0,
    0x3f, 0xe1, 0x6, 0xfa, 0x1b, 0xbf, 0xff, 0xbd,
    0xfa, 0x2f, 0xff, 0xff, 0xff, 0xfa,

    /* U+FB71 "ﭱ" */
    0x0, 0x2, 0xe5, 0x9c, 0x0, 0x0, 0x0, 0x2,
    0xf5, 0xad, 0x0, 0x0, 0x0, 0x0, 0x0, 0x0,
    0x0, 0x0, 0x0, 0x2, 0xf6, 0xad, 0x0, 0x0,
    0x0, 0x2, 0xe5, 0x9c, 0x0, 0x0, 0x0, 0x0,
    0x0, 0x0, 0x0, 0x0, 0x0, 0x0, 0x7d, 0xff,
    0xfa, 0x0, 0x0, 0xa, 0xff, 0xcd, 0xfa, 0x0,
    0x0, 0x4f, 0xf2, 0x6, 0xfa, 0x0, 0x0, 0x7f,
    0xa0, 0x6, 0xfa, 0x0, 0x0, 0x7f, 0x90, 0x6,
    0xfa, 0x0, 0x0, 0x3f, 0xe1, 0x6, 0xfa, 0x0,
    0x1b, 0xbf, 0xff, 0xbd, 0xfe, 0xb7, 0x2f, 0xff,
    0xff, 0xff, 0xff, 0xfa,

    /* U+FB72 "ﭲ" */
    0x1, 0x6a, 0xa8, 0x20, 0x0, 0x1f, 0xff, 0xff,
    0xf3, 0x0, 0x7, 0x51, 0x19, 0xfc, 0x0, 0x0,
    0x0, 0x0, 0xef, 0x0, 0x0, 0x0, 0x0, 0xaf,
    0x40, 0x0, 0x0, 0x4, 0xbf, 0xa0, 0x0, 0x7,
    0xef, 0xff, 0xf5, 0x1, 0xcf, 0xd6, 0x13, 0xe2,
    0xc, 0xf9, 0x0, 0x2, 0x0, 0x2f, 0xe0, 0x0,
    0x6f, 0x60, 0x4f, 0xc0, 0x0, 0x4f, 0x50, 0x1f,
    0xf5, 0x0, 0x0, 0x0, 0x9, 0xff, 0x90, 0x5f,
    0x50, 0x0, 0x5a, 0x40, 0x5f, 0x50,

    /* U+FB73 "ﭳ" */
    0x6, 0xcf, 0xfd, 0x70, 0x0, 0x0, 0xef, 0xcc,
    0xff, 0x60, 0x0, 0x3, 0x0, 0x5, 0xfe, 0x0,
    0x0, 0x0, 0x0, 0xd, 0xf1, 0x0, 0x0, 0x0,
    0x0, 0x9f, 0x60, 0x0, 0x0, 0x3, 0x8e, 0xfd,
    0x0, 0x0, 0x2b, 0xff, 0xcc, 0xfd, 0x30, 0x3f,
    0xf9, 0x20, 0x1a, 0xf5, 0xe, 0xf5, 0x0, 0x2,
    0x0, 0x3, 0xfd, 0x0, 0x6, 0xf6, 0x0, 0x4f,
    0xd0, 0x0, 0x4f, 0x50, 0x0, 0xff, 0x93, 0x0,
    0x30, 0x0, 0x5, 0xff, 0x70, 0x6f, 0x70, 0x0,
    0x1, 0x62, 0x4, 0xf5, 0x0,

    /* U+FB74 "ﭴ" */
    0x1, 0x9d, 0xff, 0xb2, 0x0, 0x0, 0xed, 0xbe,
    0xfd, 0x0, 0x0, 0x10, 0x0, 0xef, 0x40, 0x0,
    0x0, 0x0, 0x8f, 0x80, 0x0, 0x0, 0x0, 0x5f,
    0xb0, 0x0, 0x0, 0x0, 0xf, 0xf1, 0x1b, 0xbb,
    0xbb, 0xbe, 0xf8, 0x2f, 0xff, 0xff, 0xff, 0xf9,
    0x0, 0x0, 0x0, 0x0, 0x0, 0x0, 0x0, 0x10,
    0x0, 0x0, 0x0, 0x1, 0xfc, 0x0, 0x0, 0x0,
    0x0, 0xeb, 0x0, 0x0, 0x0, 0x0, 0x10, 0x0,
    0x0, 0x0, 0x1, 0xfc, 0x0, 0x0, 0x0, 0x0,
    0xeb, 0x0, 0x0,

    /* U+FB75 "ﭵ" */
    0x1, 0x9d, 0xff, 0xb2, 0x0, 0x0, 0xe, 0xdb,
    0xef, 0xd0, 0x0, 0x0, 0x10, 0x0, 0xef, 0x40,
    0x0, 0x0, 0x0, 0x8, 0xf8, 0x0, 0x0, 0x0,
    0x0, 0x5f, 0xb0, 0x0, 0x0, 0x0, 0x0, 0xff,
    0x10, 0x1b, 0xbb, 0xbb, 0xbe, 0xfd, 0x82, 0xff,
    0xff, 0xff, 0xff, 0xfb, 0x0, 0x0, 0x0, 0x0,
    0x0, 0x0, 0x0, 0x1, 0x0, 0x0, 0x0, 0x0,
    0x1, 0xfc, 0x0, 0x0, 0x0, 0x0, 0xe, 0xb0,
    0x0, 0x0, 0x0, 0x0, 0x10, 0x0, 0x0, 0x0,
    0x0, 0x1f, 0xc0, 0x0, 0x0, 0x0, 0x0, 0xeb,
    0x0, 0x0, 0x0,

    /* U+FB76 "ﭶ" */
    0x6, 0xbf, 0xfd, 0x70, 0x0, 0xe, 0xfc, 0xcf,
    0xf7, 0x0, 0x3, 0x0, 0x4, 0xfe, 0x0, 0x0,
    0x0, 0x0, 0xdf, 0x10, 0x0, 0x0, 0x0, 0x8f,
    0x60, 0x0, 0x0, 0x4a, 0xff, 0xd0, 0x0, 0x4d,
    0xff, 0xab, 0xf7, 0x5, 0xfe, 0x60, 0x0, 0x80,
    0xf, 0xf2, 0x0, 0x0, 0x0, 0x4f, 0xc0, 0x0,
    0x10, 0x10, 0x3f, 0xf1, 0xc, 0xf2, 0xfc, 0xd,
    0xff, 0x7a, 0xe1, 0xea, 0x1, 0xae, 0x60, 0x0,
    0x0,

    /* U+FB77 "ﭷ" */
    0x6, 0xcf, 0xfd, 0x70, 0x0, 0x0, 0xef, 0xcc,
    0xff, 0x60, 0x0, 0x3, 0x0, 0x5, 0xfe, 0x0,
    0x0, 0x0, 0x0, 0xd, 0xf1, 0x0, 0x0, 0x0,
    0x0, 0x9f, 0x60, 0x0, 0x0, 0x3, 0x9e, 0xfd,
    0x0, 0x0, 0x3c, 0xff, 0xcc, 0xfd, 0x30, 0x4f,
    0xf7, 0x10, 0x1a, 0xf5, 0xe, 0xf3, 0x0, 0x0,
    0x0, 0x4, 0xfc, 0x0, 0x0, 0x0, 0x0, 0x3f,
    0xe1, 0xa, 0xe1, 0xea, 0x0, 0xdf, 0xf7, 0xcf,
    0x2f, 0xc0, 0x1, 0xae, 0x60, 0x10, 0x10, 0x0,

    /* U+FB78 "ﭸ" */
    0x1, 0x9d, 0xff, 0xb2, 0x0, 0x0, 0xed, 0xbe,
    0xfd, 0x0, 0x0, 0x10, 0x0, 0xef, 0x40, 0x0,
    0x0, 0x0, 0x8f, 0x80, 0x0, 0x0, 0x0, 0x5f,
    0xb0, 0x0, 0x0, 0x0, 0xf, 0xf1, 0x1b, 0xbb,
    0xbb, 0xbe, 0xf8, 0x2f, 0xff, 0xff, 0xff, 0xf9,
    0x0, 0x0, 0x0, 0x0, 0x0, 0x0, 0x4f, 0x58,
    0xf2, 0x0, 0x0, 0x5f, 0x79, 0xf3, 0x0, 0x0,
    0x2, 0x0, 0x10, 0x0,

    /* U+FB79 "ﭹ" */
    0x1, 0x9d, 0xff, 0xb2, 0x0, 0x0, 0xe, 0xdb,
    0xef, 0xd0, 0x0, 0x0, 0x10, 0x0, 0xef, 0x40,
    0x0, 0x0, 0x0, 0x8, 0xf8, 0x0, 0x0, 0x0,
    0x0, 0x5f, 0xb0, 0x0, 0x0, 0x0, 0x0, 0xff,
    0x10, 0x1b, 0xbb, 0xbb, 0xbe, 0xfd, 0x82, 0xff,
    0xff, 0xff, 0xff, 0xfb, 0x0, 0x0, 0x0, 0x0,
    0x0, 0x0, 0x4, 0xf5, 0x8f, 0x20, 0x0, 0x0,
    0x5f, 0x79, 0xf3, 0x0, 0x0, 0x0, 0x20, 0x1,
    0x0, 0x0,

    /* U+FB7A "ﭺ" */
    0x6, 0xbf, 0xfd, 0x70, 0x0, 0xe, 0xfc, 0xcf,
    0xf7, 0x0, 0x3, 0x0, 0x4, 0xfe, 0x0, 0x0,
    0x0, 0x0, 0xdf, 0x10, 0x0, 0x0, 0x0, 0x8f,
    0x60, 0x0, 0x0, 0x4a, 0xff, 0xd0, 0x0, 0x4d,
    0xff, 0xbb, 0xf7, 0x5, 0xfe, 0x60, 0x0, 0x90,
    0xf, 0xf2, 0x0, 0x10, 0x10, 0x4f, 0xc0, 0xc,
    0xf2, 0xfc, 0x3f, 0xf1, 0xa, 0xe1, 0xeb, 0xd,
    0xff, 0x70, 0x2a, 0x20, 0x1, 0xae, 0x60, 0x3f,
    0x40,

    /* U+FB7B "ﭻ" */
    0x6, 0xcf, 0xfd, 0x70, 0x0, 0x0, 0xef, 0xcc,
    0xff, 0x60, 0x0, 0x3, 0x0, 0x5, 0xfe, 0x0,
    0x0, 0x0, 0x0, 0xd, 0xf1, 0x0, 0x0, 0x0,
    0x0, 0x9f, 0x60, 0x0, 0x0, 0x3, 0x9e, 0xfd,
    0x0, 0x0, 0x3c, 0xff, 0xcc, 0xfd, 0x30, 0x4f,
    0xf7, 0x10, 0x1a, 0xf5, 0xe, 0xf3, 0x0, 0x0,
    0x0, 0x4, 0xfc, 0x0, 0xae, 0x1e, 0xb0, 0x3f,
    0xe1, 0xc, 0xf2, 0xfc, 0x0, 0xdf, 0xf7, 0x3,
    0xa4, 0x0, 0x1, 0xae, 0x60, 0x3f, 0x40, 0x0,

    /* U+FB7C "ﭼ" */
    0x1, 0x9d, 0xff, 0xb2, 0x0, 0x0, 0xed, 0xbe,
    0xfd, 0x0, 0x0, 0x10, 0x0, 0xef, 0x40, 0x0,
    0x0, 0x0, 0x8f, 0x80, 0x0, 0x0, 0x0, 0x5f,
    0xb0, 0x0, 0x0, 0x0, 0xf, 0xf1, 0x1b, 0xbb,
    0xbb, 0xbe, 0xf8, 0x2f, 0xff, 0xff, 0xff, 0xf9,
    0x0, 0x0, 0x0, 0x0, 0x0, 0x0, 0x0, 0x0,
    0x0, 0x0, 0x0, 0x3f, 0x77, 0xf3, 0x0, 0x0,
    0x4f, 0x88, 0xf4, 0x0, 0x0, 0x2, 0x0, 0x20,
    0x0, 0x0, 0x0, 0xbb, 0x0, 0x0, 0x0, 0x0,
    0x99, 0x0, 0x0,

    /* U+FB7D "ﭽ" */
    0x1, 0x9d, 0xff, 0xb2, 0x0, 0x0, 0xe, 0xdb,
    0xef, 0xd0, 0x0, 0x0, 0x10, 0x0, 0xef, 0x40,
    0x0, 0x0, 0x0, 0x8, 0xf8, 0x0, 0x0, 0x0,
    0x0, 0x5f, 0xb0, 0x0, 0x0, 0x0, 0x0, 0xff,
    0x10, 0x1b, 0xbb, 0xbb, 0xbe, 0xfd, 0x82, 0xff,
    0xff, 0xff, 0xff, 0xfb, 0x0, 0x0, 0x0, 0x0,
    0x0, 0x0, 0x0, 0x0, 0x0, 0x0, 0x0, 0x0,
    0x3f, 0x77, 0xf3, 0x0, 0x0, 0x4, 0xf8, 0x8f,
    0x40, 0x0, 0x0, 0x2, 0x0, 0x20, 0x0, 0x0,
    0x0, 0xb, 0xb0, 0x0, 0x0, 0x0, 0x0, 0x99,
    0x0, 0x0, 0x0,

    /* U+FB7E "ﭾ" */
    0x1, 0x6a, 0xa8, 0x20, 0x0, 0x1f, 0xff, 0xff,
    0xf3, 0x0, 0x7, 0x51, 0x19, 0xfc, 0x0, 0x0,
    0x0, 0x0, 0xef, 0x0, 0x0, 0x0, 0x0, 0xaf,
    0x40, 0x0, 0x0, 0x4, 0xcf, 0xa0, 0x0, 0x7,
    0xef, 0xfe, 0xf5, 0x1, 0xcf, 0xc5, 0x2, 0xd2,
    0xc, 0xf8, 0x0, 0x0, 0x0, 0x2f, 0xe0, 0x7,
    0xe2, 0xe7, 0x4f, 0xc0, 0x7, 0xe2, 0xe7, 0x1f,
    0xf5, 0x0, 0x0, 0x0, 0x9, 0xff, 0x97, 0xe2,
    0xe7, 0x0, 0x5a, 0x47, 0xe2, 0xe7,

    /* U+FB7F "ﭿ" */
    0x6, 0xcf, 0xfd, 0x70, 0x0, 0x0, 0xef, 0xcc,
    0xff, 0x60, 0x0, 0x3, 0x0, 0x5, 0xfe, 0x0,
    0x0, 0x0, 0x0, 0xd, 0xf1, 0x0, 0x0, 0x0,
    0x0, 0x9f, 0x60, 0x0, 0x0, 0x4, 0x9e, 0xfd,
    0x0, 0x0, 0x4d, 0xff, 0xcc, 0xfd, 0x30, 0x5f,
    0xe6, 0x10, 0x1a, 0xf5, 0x1f, 0xf2, 0x0, 0x0,
    0x0, 0x4, 0xfc, 0x0, 0x7e, 0x2e, 0x70, 0x2f,
    0xf4, 0x7, 0xe2, 0xe7, 0x0, 0xaf, 0xf9, 0x7e,
    0x2e, 0x70, 0x0, 0x6a, 0x47, 0xe2, 0xe7, 0x0,

    /* U+FB80 "ﮀ" */
    0x1, 0x9d, 0xff, 0xb2, 0x0, 0x0, 0xed, 0xbe,
    0xfd, 0x0, 0x0, 0x10, 0x0, 0xef, 0x40, 0x0,
    0x0, 0x0, 0x8f, 0x80, 0x0, 0x0, 0x0, 0x5f,
    0xb0, 0x0, 0x0, 0x0, 0xf, 0xf1, 0x1b, 0xbb,
    0xbb, 0xbe, 0xf8, 0x2f, 0xff, 0xff, 0xff, 0xf9,
    0x0, 0x0, 0x0, 0x0, 0x0, 0x0, 0x0, 0x0,
    0x0, 0x0, 0x0, 0x2f, 0x6a, 0xd0, 0x0, 0x0,
    0x1e, 0x59, 0xd0, 0x0, 0x0, 0x0, 0x0, 0x0,
    0x0, 0x0, 0x2f, 0x6a, 0xd0, 0x0, 0x0, 0x1e,
    0x59, 0xd0, 0x0,

    /* U+FB81 "ﮁ" */
    0x1, 0x9d, 0xff, 0xb2, 0x0, 0x0, 0xe, 0xdb,
    0xef, 0xd0, 0x0, 0x0, 0x10, 0x0, 0xef, 0x40,
    0x0, 0x0, 0x0, 0x8, 0xf8, 0x0, 0x0, 0x0,
    0x0, 0x5f, 0xb0, 0x0, 0x0, 0x0, 0x0, 0xff,
    0x10, 0x1b, 0xbb, 0xbb, 0xbe, 0xfd, 0x82, 0xff,
    0xff, 0xff, 0xff, 0xfb, 0x0, 0x0, 0x0, 0x0,
    0x0, 0x0, 0x0, 0x0, 0x0, 0x0, 0x0, 0x0,
    0x2f, 0x6a, 0xd0, 0x0, 0x0, 0x1, 0xe5, 0x9d,
    0x0, 0x0, 0x0, 0x0, 0x0, 0x0, 0x0, 0x0,
    0x2, 0xf6, 0xad, 0x0, 0x0, 0x0, 0x1e, 0x59,
    0xd0, 0x0, 0x0,

    /* U+FB82 "ﮂ" */
    0x0, 0x0, 0x0, 0x0, 0x0, 0x2, 0xd4, 0x0,
    0x0, 0x0, 0x8f, 0xf6, 0x0, 0x0, 0x0, 0x9f,
    0xf4, 0x0, 0x0, 0x0, 0x9f, 0xd0, 0x0, 0x0,
    0x0, 0xef, 0x50, 0x0, 0x0, 0x7, 0xfa, 0x0,
    0x0, 0x0, 0x2f, 0xf0, 0x3b, 0xbb, 0xbb, 0xff,
    0x14, 0xff, 0xff, 0xff, 0xf2, 0x0, 0x0, 0x0,
    0x0, 0x0, 0xa, 0xe1, 0xdb, 0x0, 0x0, 0xbf,
    0x2f, 0xc0, 0x0, 0x0, 0x10, 0x10, 0x0,

    /* U+FB83 "ﮃ" */
    0x0, 0x0, 0x0, 0x0, 0x0, 0x0, 0x2, 0xd3,
    0x0, 0x0, 0x0, 0x0, 0x8f, 0xf6, 0x0, 0x0,
    0x0, 0x0, 0x9f, 0xf3, 0x0, 0x0, 0x0, 0x0,
    0x9f, 0xd0, 0x0, 0x0, 0x0, 0x0, 0xdf, 0x50,
    0x0, 0x0, 0x0, 0x6, 0xfa, 0x0, 0x0, 0x0,
    0x0, 0x1f, 0xe0, 0x0, 0x3b, 0xbb, 0xbb, 0xff,
    0xbb, 0x14, 0xff, 0xff, 0xff, 0xff, 0xf2, 0x0,
    0x0, 0x0, 0x0, 0x0, 0x0, 0x7f, 0x2b, 0xd0,
    0x0, 0x0, 0x9, 0xf4, 0xdf, 0x0, 0x0, 0x0,
    0x2, 0x1, 0x10, 0x0, 0x0,

    /* U+FB84 "ﮄ" */
    0x1e, 0x94, 0xf5, 0x0, 0x2, 0xfb, 0x6f, 0x60,
    0x0, 0x1, 0x0, 0x20, 0x0, 0x0, 0x0, 0x0,
    0x0, 0x0, 0x0, 0x2d, 0x40, 0x0, 0x0, 0x8,
    0xff, 0x60, 0x0, 0x0, 0x9, 0xff, 0x40, 0x0,
    0x0, 0x9, 0xfd, 0x0, 0x0, 0x0, 0xd, 0xf5,
    0x0, 0x0, 0x0, 0x7f, 0xa0, 0x0, 0x0, 0x2,
    0xff, 0x3, 0xbb, 0xbb, 0xbf, 0xf1, 0x4f, 0xff,
    0xff, 0xff, 0x20,

    /* U+FB85 "ﮅ" */
    0x9e, 0x1d, 0xb0, 0x0, 0x0, 0xb, 0xf2, 0xfd,
    0x0, 0x0, 0x0, 0x1, 0x1, 0x0, 0x0, 0x0,
    0x0, 0x0, 0x0, 0x0, 0x0, 0x0, 0x0, 0x3e,
    0x50, 0x0, 0x0, 0x0, 0x8, 0xff, 0x70, 0x0,
    0x0, 0x0, 0x8, 0xff, 0x40, 0x0, 0x0, 0x0,
    0x8, 0xfd, 0x0, 0x0, 0x0, 0x0, 0xd, 0xf5,
    0x0, 0x0, 0x0, 0x0, 0x6f, 0xa0, 0x0, 0x0,
    0x0, 0x1, 0xff, 0x0, 0x3, 0xbb, 0xbb, 0xbf,
    0xfb, 0xb1, 0x4f, 0xff, 0xff, 0xff, 0xff, 0x20,

    /* U+FB86 "ﮆ" */
    0x0, 0x9e, 0x0, 0x0, 0x0, 0x7, 0xb0, 0x0,
    0x0, 0x1e, 0x94, 0xf5, 0x0, 0x1, 0xfb, 0x5f,
    0x70, 0x0, 0x1, 0x0, 0x20, 0x0, 0x0, 0x0,
    0x0, 0x0, 0x0, 0x0, 0x3e, 0x60, 0x0, 0x0,
    0x8, 0xff, 0x80, 0x0, 0x0, 0x8, 0xff, 0x50,
    0x0, 0x0, 0x8, 0xfe, 0x0, 0x0, 0x0, 0xd,
    0xf5, 0x0, 0x0, 0x0, 0x6f, 0xb0, 0x0, 0x0,
    0x2, 0xff, 0x3, 0xbb, 0xbb, 0xbf, 0xf1, 0x4f,
    0xff, 0xff, 0xff, 0x20,

    /* U+FB87 "ﮇ" */
    0x2, 0xd3, 0x0, 0x0, 0x0, 0x0, 0x2f, 0x40,
    0x0, 0x0, 0x0, 0x9e, 0x1d, 0xb0, 0x0, 0x0,
    0xb, 0xf2, 0xfd, 0x0, 0x0, 0x0, 0x1, 0x1,
    0x0, 0x0, 0x0, 0x0, 0x0, 0x20, 0x0, 0x0,
    0x0, 0x0, 0x4f, 0x70, 0x0, 0x0, 0x0, 0x8,
    0xff, 0x90, 0x0, 0x0, 0x0, 0x6, 0xff, 0x50,
    0x0, 0x0, 0x0, 0x7, 0xfe, 0x0, 0x0, 0x0,
    0x0, 0xd, 0xf5, 0x0, 0x0, 0x0, 0x0, 0x6f,
    0xb0, 0x0, 0x0, 0x0, 0x1, 0xff, 0x0, 0x3,
    0xbb, 0xbb, 0xbf, 0xfb, 0xb1, 0x4f, 0xff, 0xff,
    0xff, 0xff, 0x20,

    /* U+FB88 "ﮈ" */
    0x4, 0x20, 0x0, 0x0, 0x0, 0x8a, 0xd7, 0x0,
    0x0, 0x8, 0x80, 0xd0, 0x0, 0x0, 0xbe, 0xec,
    0x0, 0x0, 0x0, 0x0, 0x0, 0x0, 0x0, 0x0,
    0x0, 0x0, 0x0, 0x0, 0x3e, 0x60, 0x0, 0x0,
    0x8, 0xff, 0x80, 0x0, 0x0, 0x8, 0xff, 0x50,
    0x0, 0x0, 0x8, 0xfe, 0x0, 0x0, 0x0, 0xd,
    0xf5, 0x0, 0x0, 0x0, 0x6f, 0xb0, 0x0, 0x0,
    0x2, 0xff, 0x3, 0xbb, 0xbb, 0xbf, 0xf1, 0x4f,
    0xff, 0xff, 0xff, 0x20,

    /* U+FB89 "ﮉ" */
    0x15, 0x0, 0x0, 0x0, 0x0, 0x2, 0xcb, 0xc0,
    0x0, 0x0, 0x0, 0x2e, 0x1a, 0x30, 0x0, 0x0,
    0x5, 0xee, 0xe3, 0x0, 0x0, 0x0, 0x0, 0x0,
    0x0, 0x0, 0x0, 0x0, 0x0, 0x20, 0x0, 0x0,
    0x0, 0x0, 0x4f, 0x70, 0x0, 0x0, 0x0, 0x8,
    0xff, 0x90, 0x0, 0x0, 0x0, 0x6, 0xff, 0x50,
    0x0, 0x0, 0x0, 0x7, 0xfe, 0x0, 0x0, 0x0,
    0x0, 0xd, 0xf5, 0x0, 0x0, 0x0, 0x0, 0x6f,
    0xb0, 0x0, 0x0, 0x0, 0x1, 0xff, 0x0, 0x3,
    0xbb, 0xbb, 0xbf, 0xfb, 0xb1, 0x4f, 0xff, 0xff,
    0xff, 0xff, 0x20,

    /* U+FB8A "ﮊ" */
    0x0, 0x0, 0xcb, 0x0, 0x0, 0x0, 0xa9, 0x0,
    0x0, 0x3f, 0x67, 0xf3, 0x0, 0x4f, 0x88, 0xf4,
    0x0, 0x2, 0x0, 0x20, 0x0, 0x0, 0x0, 0x0,
    0x0, 0x0, 0xff, 0x0, 0x0, 0x0, 0xff, 0x0,
    0x0, 0x0, 0xff, 0x0, 0x0, 0x0, 0xff, 0x0,
    0x0, 0x0, 0xff, 0x0, 0x0, 0x0, 0xff, 0x0,
    0x0, 0x0, 0xff, 0x0, 0x0, 0x0, 0xff, 0x0,
    0x0, 0x0, 0xff, 0x0, 0x3, 0x7, 0xfd, 0x0,
    0x5f, 0xff, 0xf6, 0x0, 0x18, 0xba, 0x50, 0x0,

    /* U+FB8B "ﮋ" */
    0x0, 0x0, 0xa9, 0x0, 0x0, 0x0, 0xc, 0xa0,
    0x0, 0x0, 0x3f, 0x67, 0xf2, 0x0, 0x5, 0xf7,
    0x9f, 0x30, 0x0, 0x2, 0x0, 0x10, 0x0, 0x0,
    0x2, 0x20, 0x0, 0x0, 0x0, 0xff, 0x0, 0x0,
    0x0, 0xf, 0xf0, 0x0, 0x0, 0x0, 0xff, 0x0,
    0x0, 0x0, 0xf, 0xf0, 0x0, 0x0, 0x0, 0xff,
    0x0, 0x0, 0x0, 0xf, 0xf0, 0x0, 0x0, 0x0,
    0xff, 0xbb, 0x10, 0x0, 0xf, 0xff, 0xf2, 0x0,
    0x0, 0xff, 0x0, 0x0, 0x30, 0x7f, 0xd0, 0x0,
    0x5f, 0xff, 0xf6, 0x0, 0x1, 0x8b, 0xa5, 0x0,
    0x0,

    /* U+FB8C "ﮌ" */
    0x0, 0x6, 0x0, 0x0, 0x0, 0xc9, 0xd4, 0x0,
    0xc, 0x54, 0xa0, 0x0, 0xee, 0xe9, 0x0, 0x0,
    0x0, 0x0, 0x0, 0x0, 0x0, 0x0, 0x0, 0xef,
    0x0, 0x0, 0xf, 0xf0, 0x0, 0x0, 0xff, 0x0,
    0x0, 0xf, 0xf0, 0x0, 0x0, 0xff, 0x0, 0x0,
    0xf, 0xf0, 0x0, 0x0, 0xff, 0x0, 0x0, 0xf,
    0xf0, 0x0, 0x0, 0xff, 0x0, 0x0, 0x4f, 0xe0,
    0x3e, 0xcf, 0xf8, 0x4, 0xcf, 0xe9, 0x0,

    /* U+FB8D "ﮍ" */
    0x0, 0x6, 0x0, 0x0, 0x0, 0x0, 0xc1, 0x0,
    0x0, 0x0, 0xc, 0x9d, 0x60, 0x0, 0x0, 0xee,
    0xe9, 0x0, 0x0, 0x0, 0x0, 0x0, 0x0, 0x0,
    0x2, 0x20, 0x0, 0x0, 0x0, 0xff, 0x0, 0x0,
    0x0, 0xf, 0xf0, 0x0, 0x0, 0x0, 0xff, 0x0,
    0x0, 0x0, 0xf, 0xf0, 0x0, 0x0, 0x0, 0xff,
    0x0, 0x0, 0x0, 0xf, 0xf0, 0x0, 0x0, 0x0,
    0xff, 0xbb, 0x10, 0x0, 0xf, 0xff, 0xf2, 0x0,
    0x0, 0xff, 0x0, 0x0, 0x30, 0x7f, 0xd0, 0x0,
    0x5f, 0xff, 0xf6, 0x0, 0x1, 0x8b, 0xa5, 0x0,
    0x0,

    /* U+FB8E "ﮎ" */
    0x0, 0x0, 0x0, 0x0, 0x0, 0x0, 0x0, 0x0,
    0x0, 0x0, 0x7e, 0x40, 0x0, 0x0, 0x0, 0x1c,
    0xff, 0x80, 0x0, 0x0, 0x2, 0xef, 0xc3, 0x0,
    0x0, 0x0, 0xd, 0xf9, 0x0, 0x0, 0x0, 0x0,
    0x8f, 0x90, 0x0, 0x0, 0x0, 0x0, 0xdf, 0xff,
    0xea, 0x20, 0x0, 0x0, 0x9b, 0xbb, 0xff, 0xe1,
    0x25, 0x10, 0x0, 0x0, 0x1d, 0xf7, 0xcf, 0x30,
    0x0, 0x0, 0x8, 0xf9, 0xef, 0x10, 0x0, 0x0,
    0x7, 0xf9, 0xef, 0x40, 0x0, 0x0, 0x7, 0xf9,
    0x9f, 0xfb, 0xbb, 0xbb, 0xbd, 0xf9, 0xa, 0xff,
    0xff, 0xff, 0xff, 0xf9,

    /* U+FB8F "ﮏ" */
    0x0, 0x0, 0x0, 0x0, 0x0, 0x0, 0x0, 0x0,
    0x0, 0x0, 0x0, 0x7e, 0x40, 0x0, 0x0, 0x0,
    0x0, 0x1c, 0xff, 0x80, 0x0, 0x0, 0x0, 0x2,
    0xef, 0xc3, 0x0, 0x0, 0x0, 0x0, 0xd, 0xf9,
    0x0, 0x0, 0x0, 0x0, 0x0, 0x8f, 0x90, 0x0,
    0x0, 0x0, 0x0, 0x0, 0xdf, 0xff, 0xea, 0x20,
    0x0, 0x0, 0x0, 0x9b, 0xbb, 0xff, 0xe1, 0x0,
    0x25, 0x10, 0x0, 0x0, 0x1d, 0xf7, 0x0, 0xcf,
    0x30, 0x0, 0x0, 0x8, 0xf9, 0x0, 0xef, 0x10,
    0x0, 0x0, 0x7, 0xf9, 0x0, 0xef, 0x40, 0x0,
    0x0, 0x7, 0xf9, 0x0, 0x9f, 0xfb, 0xbb, 0xbb,
    0xbd, 0xfe, 0xb8, 0xa, 0xff, 0xff, 0xff, 0xff,
    0xff, 0xfb,

    /* U+FB90 "ﮐ" */
    0x0, 0x0, 0x0, 0x0, 0x0, 0x0, 0x0, 0x0,
    0x8e, 0x10, 0x0, 0x0, 0x3e, 0xff, 0x50, 0x0,
    0x4, 0xff, 0xb2, 0x0, 0x0, 0x2f, 0xf6, 0x0,
    0x0, 0x0, 0xbf, 0x60, 0x0, 0x0, 0x0, 0xff,
    0xff, 0xd8, 0x10, 0x0, 0xbb, 0xbc, 0xff, 0xd0,
    0x0, 0x0, 0x0, 0x2f, 0xf4, 0x0, 0x0, 0x0,
    0xb, 0xf6, 0x0, 0x0, 0x0, 0xa, 0xf6, 0x0,
    0x0, 0x0, 0xa, 0xf6, 0x1b, 0xbb, 0xbb, 0xbe,
    0xf6, 0x2f, 0xff, 0xff, 0xff, 0xf6,

    /* U+FB91 "ﮑ" */
    0x0, 0x0, 0x0, 0x0, 0x0, 0x0, 0x0, 0x0,
    0x0, 0x8e, 0x10, 0x0, 0x0, 0x0, 0x3e, 0xff,
    0x50, 0x0, 0x0, 0x4, 0xff, 0xb2, 0x0, 0x0,
    0x0, 0x2f, 0xf6, 0x0, 0x0, 0x0, 0x0, 0xcf,
    0x60, 0x0, 0x0, 0x0, 0x0, 0xff, 0xff, 0xd8,
    0x10, 0x0, 0x0, 0xbb, 0xbc, 0xff, 0xd0, 0x0,
    0x0, 0x0, 0x0, 0x2f, 0xf4, 0x0, 0x0, 0x0,
    0x0, 0xb, 0xf6, 0x0, 0x0, 0x0, 0x0, 0xa,
    0xf6, 0x0, 0x0, 0x0, 0x0, 0xa, 0xf6, 0x0,
    0x1b, 0xbb, 0xbb, 0xbe, 0xfd, 0xb6, 0x2f, 0xff,
    0xff, 0xff, 0xff, 0xf8,

    /* U+FB92 "ﮒ" */
    0x0, 0x0, 0x0, 0x0, 0x0, 0x0, 0x0, 0x0,
    0x0, 0x6, 0xe5, 0x0, 0x0, 0x0, 0x0, 0xbf,
    0x71, 0x0, 0x0, 0x0, 0x1d, 0xc2, 0x7e, 0x40,
    0x0, 0x0, 0xca, 0x2c, 0xff, 0x80, 0x0, 0x6,
    0xb2, 0xef, 0xc3, 0x0, 0x0, 0x1, 0x1d, 0xf9,
    0x0, 0x0, 0x0, 0x0, 0x8f, 0x90, 0x0, 0x0,
    0x0, 0x0, 0xdf, 0xff, 0xea, 0x20, 0x0, 0x0,
    0x9b, 0xbb, 0xff, 0xe1, 0x25, 0x10, 0x0, 0x0,
    0x1d, 0xf7, 0xcf, 0x30, 0x0, 0x0, 0x8, 0xf9,
    0xef, 0x10, 0x0, 0x0, 0x7, 0xf9, 0xef, 0x40,
    0x0, 0x0, 0x7, 0xf9, 0x9f, 0xfb, 0xbb, 0xbb,
    0xbd, 0xf9, 0xa, 0xff, 0xff, 0xff, 0xff, 0xf9,

    /* U+FB93 "ﮓ" */
    0x0, 0x0, 0x0, 0x0, 0x0, 0x0, 0x0, 0x0,
    0x0, 0x0, 0x6, 0xe5, 0x0, 0x0, 0x0, 0x0,
    0x0, 0xbf, 0x71, 0x0, 0x0, 0x0, 0x0, 0x1d,
    0xc2, 0x7e, 0x40, 0x0, 0x0, 0x0, 0xca, 0x2c,
    0xff, 0x80, 0x0, 0x0, 0x6, 0xb2, 0xef, 0xc3,
    0x0, 0x0, 0x0, 0x1, 0x1d, 0xf9, 0x0, 0x0,
    0x0, 0x0, 0x0, 0x8f, 0x90, 0x0, 0x0, 0x0,
    0x0, 0x0, 0xdf, 0xff, 0xea, 0x20, 0x0, 0x0,
    0x0, 0x9b, 0xbb, 0xff, 0xe1, 0x0, 0x25, 0x10,
    0x0, 0x0, 0x1d, 0xf7, 0x0, 0xcf, 0x30, 0x0,
    0x0, 0x8, 0xf9, 0x0, 0xef, 0x10, 0x0, 0x0,
    0x7, 0xf9, 0x0, 0xef, 0x40, 0x0, 0x0, 0x7,
    0xf9, 0x0, 0x9f, 0xfb, 0xbb, 0xbb, 0xbd, 0xfe,
    0xb8, 0xa, 0xff, 0xff, 0xff, 0xff, 0xff, 0xfb,

    /* U+FB94 "ﮔ" */
    0x0, 0x0, 0x0, 0x10, 0x0, 0x0, 0x0, 0x8,
    0xf3, 0x0, 0x0, 0x2, 0xdd, 0x50, 0x0, 0x0,
    0x2e, 0xa1, 0x8e, 0x10, 0x1, 0xe7, 0x3e, 0xff,
    0x50, 0x9, 0x84, 0xff, 0xb2, 0x0, 0x2, 0x2f,
    0xf6, 0x0, 0x0, 0x0, 0xbf, 0x60, 0x0, 0x0,
    0x0, 0xff, 0xff, 0xd8, 0x10, 0x0, 0xbb, 0xbc,
    0xff, 0xd0, 0x0, 0x0, 0x0, 0x2f, 0xf4, 0x0,
    0x0, 0x0, 0xb, 0xf6, 0x0, 0x0, 0x0, 0xa,
    0xf6, 0x0, 0x0, 0x0, 0xa, 0xf6, 0x1b, 0xbb,
    0xbb, 0xbe, 0xf6, 0x2f, 0xff, 0xff, 0xff, 0xf6,

    /* U+FB95 "ﮕ" */
    0x0, 0x0, 0x0, 0x10, 0x0, 0x0, 0x0, 0x0,
    0x8, 0xf3, 0x0, 0x0, 0x0, 0x2, 0xdd, 0x50,
    0x0, 0x0, 0x0, 0x2e, 0xa1, 0x8e, 0x10, 0x0,
    0x1, 0xe7, 0x3e, 0xff, 0x50, 0x0, 0x9, 0x84,
    0xff, 0xb2, 0x0, 0x0, 0x2, 0x2f, 0xf6, 0x0,
    0x0, 0x0, 0x0, 0xcf, 0x60, 0x0, 0x0, 0x0,
    0x0, 0xff, 0xff, 0xd8, 0x10, 0x0, 0x0, 0xbb,
    0xbc, 0xff, 0xd0, 0x0, 0x0, 0x0, 0x0, 0x2f,
    0xf4, 0x0, 0x0, 0x0, 0x0, 0xb, 0xf6, 0x0,
    0x0, 0x0, 0x0, 0xa, 0xf6, 0x0, 0x0, 0x0,
    0x0, 0xa, 0xf6, 0x0, 0x1b, 0xbb, 0xbb, 0xbe,
    0xfd, 0xb6, 0x2f, 0xff, 0xff, 0xff, 0xff, 0xf8,

    /* U+FB96 "ﮖ" */
    0x0, 0x0, 0x0, 0x0, 0x0, 0x0, 0x0, 0x0,
    0x0, 0x6, 0xe5, 0x0, 0x0, 0x0, 0x0, 0xbf,
    0x71, 0x0, 0x0, 0x0, 0x1d, 0xc2, 0x7e, 0x40,
    0x0, 0x0, 0xca, 0x2c, 0xff, 0x80, 0x0, 0x6,
    0xb2, 0xef, 0xc3, 0x0, 0x0, 0x1, 0x1d, 0xf9,
    0x0, 0x0, 0x0, 0x0, 0x8f, 0x90, 0x0, 0x0,
    0x0, 0x0, 0xdf, 0xff, 0xea, 0x20, 0x0, 0x0,
    0x9b, 0xbb, 0xff, 0xe1, 0x25, 0x10, 0x0, 0x0,
    0x1d, 0xf7, 0xcf, 0x30, 0x0, 0x0, 0x8, 0xf9,
    0xef, 0x10, 0x0, 0x0, 0x7, 0xf9, 0xef, 0x40,
    0x0, 0x0, 0x7, 0xf9, 0x9f, 0xfb, 0xbb, 0xbb,
    0xbd, 0xf9, 0xa, 0xff, 0xff, 0xff, 0xff, 0xf9,
    0x0, 0x0, 0x0, 0x0, 0x0, 0x0, 0x0, 0x0,
    0x2, 0x0, 0x0, 0x0, 0x0, 0x0, 0x9f, 0x30,
    0x0, 0x0, 0x0, 0x0, 0x8f, 0x20, 0x0, 0x0,
    0x0, 0x0, 0x1, 0x0, 0x0, 0x0, 0x0, 0x0,
    0x9f, 0x30, 0x0, 0x0, 0x0, 0x0, 0x8f, 0x20,
    0x0, 0x0,

    /* U+FB97 "ﮗ" */
    0x0, 0x0, 0x0, 0x0, 0x0, 0x0, 0x0, 0x0,
    0x0, 0x0, 0x6, 0xe5, 0x0, 0x0, 0x0, 0x0,
    0x0, 0xbf, 0x71, 0x0, 0x0, 0x0, 0x0, 0x1d,
    0xc2, 0x7e, 0x40, 0x0, 0x0, 0x0, 0xca, 0x2c,
    0xff, 0x80, 0x0, 0x0, 0x6, 0xb2, 0xef, 0xc3,
    0x0, 0x0, 0x0, 0x1, 0x1d, 0xf9, 0x0, 0x0,
    0x0, 0x0, 0x0, 0x8f, 0x90, 0x0, 0x0, 0x0,
    0x0, 0x0, 0xdf, 0xff, 0xea, 0x20, 0x0, 0x0,
    0x0, 0x9b, 0xbb, 0xff, 0xe1, 0x0, 0x25, 0x10,
    0x0, 0x0, 0x1d, 0xf7, 0x0, 0xcf, 0x30, 0x0,
    0x0, 0x8, 0xf9, 0x0, 0xef, 0x10, 0x0, 0x0,
    0x7, 0xf9, 0x0, 0xef, 0x40, 0x0, 0x0, 0x7,
    0xf9, 0x0, 0x9f, 0xfb, 0xbb, 0xbb, 0xbd, 0xfe,
    0xb8, 0xa, 0xff, 0xff, 0xff, 0xff, 0xff, 0xfb,
    0x0, 0x0, 0x0, 0x0, 0x0, 0x0, 0x0, 0x0,
    0x0, 0x1, 0x0, 0x0, 0x0, 0x0, 0x0, 0x0,
    0xaf, 0x20, 0x0, 0x0, 0x0, 0x0, 0x0, 0x9e,
    0x10, 0x0, 0x0, 0x0, 0x0, 0x0, 0x1, 0x0,
    0x0, 0x0, 0x0, 0x0, 0x0, 0xaf, 0x20, 0x0,
    0x0, 0x0, 0x0, 0x0, 0x9e, 0x10, 0x0, 0x0,
    0x0,

    /* U+FB98 "ﮘ" */
    0x0, 0x0, 0x0, 0x10, 0x0, 0x0, 0x0, 0x8,
    0xf3, 0x0, 0x0, 0x2, 0xdd, 0x50, 0x0, 0x0,
    0x2e, 0xa1, 0x8e, 0x10, 0x1, 0xe7, 0x3e, 0xff,
    0x50, 0x9, 0x84, 0xff, 0xb2, 0x0, 0x2, 0x2f,
    0xf6, 0x0, 0x0, 0x0, 0xbf, 0x60, 0x0, 0x0,
    0x0, 0xff, 0xff, 0xd8, 0x10, 0x0, 0xbb, 0xbc,
    0xff, 0xd0, 0x0, 0x0, 0x0, 0x2f, 0xf4, 0x0,
    0x0, 0x0, 0xb, 0xf6, 0x0, 0x0, 0x0, 0xa,
    0xf6, 0x0, 0x0, 0x0, 0xa, 0xf6, 0x1b, 0xbb,
    0xbb, 0xbe, 0xf6, 0x2f, 0xff, 0xff, 0xff, 0xf6,
    0x0, 0x0, 0x0, 0x0, 0x0, 0x0, 0x0, 0x1,
    0x0, 0x0, 0x0, 0x0, 0xcf, 0x10, 0x0, 0x0,
    0x0, 0xae, 0x0, 0x0, 0x0, 0x0, 0x1, 0x0,
    0x0, 0x0, 0x0, 0xcf, 0x10, 0x0, 0x0, 0x0,
    0xae, 0x0, 0x0,

    /* U+FB99 "ﮙ" */
    0x0, 0x0, 0x0, 0x10, 0x0, 0x0, 0x0, 0x0,
    0x8, 0xf3, 0x0, 0x0, 0x0, 0x2, 0xdd, 0x50,
    0x0, 0x0, 0x0, 0x2e, 0xa1, 0x8e, 0x10, 0x0,
    0x1, 0xe7, 0x3e, 0xff, 0x50, 0x0, 0x9, 0x84,
    0xff, 0xb2, 0x0, 0x0, 0x2, 0x2f, 0xf6, 0x0,
    0x0, 0x0, 0x0, 0xcf, 0x60, 0x0, 0x0, 0x0,
    0x0, 0xff, 0xff, 0xd8, 0x10, 0x0, 0x0, 0xbb,
    0xbc, 0xff, 0xd0, 0x0, 0x0, 0x0, 0x0, 0x2f,
    0xf4, 0x0, 0x0, 0x0, 0x0, 0xb, 0xf6, 0x0,
    0x0, 0x0, 0x0, 0xa, 0xf6, 0x0, 0x0, 0x0,
    0x0, 0xa, 0xf6, 0x0, 0x1b, 0xbb, 0xbb, 0xbe,
    0xfd, 0xb6, 0x2f, 0xff, 0xff, 0xff, 0xff, 0xf8,
    0x0, 0x0, 0x0, 0x0, 0x0, 0x0, 0x0, 0x0,
    0x0, 0x10, 0x0, 0x0, 0x0, 0x0, 0xb, 0xf1,
    0x0, 0x0, 0x0, 0x0, 0xa, 0xe1, 0x0, 0x0,
    0x0, 0x0, 0x0, 0x10, 0x0, 0x0, 0x0, 0x0,
    0xb, 0xf1, 0x0, 0x0, 0x0, 0x0, 0xa, 0xe1,
    0x0, 0x0,

    /* U+FB9A "ﮚ" */
    0x0, 0x0, 0x57, 0x0, 0x31, 0x0, 0x0, 0x0,
    0x8c, 0xa, 0xf6, 0x0, 0x0, 0x3e, 0x22, 0xde,
    0x62, 0x0, 0x0, 0x19, 0x3e, 0xb2, 0xaf, 0x40,
    0x0, 0x0, 0xda, 0x3e, 0xff, 0x80, 0x0, 0x6,
    0xb3, 0xff, 0xc3, 0x0, 0x0, 0x1, 0x1d, 0xf8,
    0x0, 0x0, 0x0, 0x0, 0x8f, 0x90, 0x0, 0x0,
    0x0, 0x0, 0xdf, 0xff, 0xea, 0x20, 0x0, 0x0,
    0x9b, 0xbb, 0xff, 0xe1, 0x25, 0x10, 0x0, 0x0,
    0x1d, 0xf7, 0xcf, 0x30, 0x0, 0x0, 0x8, 0xf9,
    0xef, 0x10, 0x0, 0x0, 0x7, 0xf9, 0xef, 0x40,
    0x0, 0x0, 0x7, 0xf9, 0x9f, 0xfb, 0xbb, 0xbb,
    0xbd, 0xf9, 0xa, 0xff, 0xff, 0xff, 0xff, 0xf9,

    /* U+FB9B "ﮛ" */
    0x0, 0x0, 0x57, 0x0, 0x31, 0x0, 0x0, 0x0,
    0x0, 0x8c, 0xa, 0xf6, 0x0, 0x0, 0x0, 0x3e,
    0x22, 0xde, 0x62, 0x0, 0x0, 0x0, 0x19, 0x3e,
    0xb2, 0xaf, 0x40, 0x0, 0x0, 0x0, 0xda, 0x3e,
    0xff, 0x80, 0x0, 0x0, 0x6, 0xb3, 0xff, 0xc3,
    0x0, 0x0, 0x0, 0x1, 0x1d, 0xf8, 0x0, 0x0,
    0x0, 0x0, 0x0, 0x8f, 0x90, 0x0, 0x0, 0x0,
    0x0, 0x0, 0xdf, 0xff, 0xea, 0x20, 0x0, 0x0,
    0x0, 0x9b, 0xbb, 0xff, 0xe1, 0x0, 0x25, 0x10,
    0x0, 0x0, 0x1d, 0xf7, 0x0, 0xcf, 0x30, 0x0,
    0x0, 0x8, 0xf9, 0x0, 0xef, 0x10, 0x0, 0x0,
    0x7, 0xf9, 0x0, 0xef, 0x40, 0x0, 0x0, 0x7,
    0xf9, 0x0, 0x9f, 0xfb, 0xbb, 0xbb, 0xbd, 0xfe,
    0xb8, 0xa, 0xff, 0xff, 0xff, 0xff, 0xff, 0xfb,

    /* U+FB9C "ﮜ" */
    0x0, 0x75, 0x0, 0x40, 0x0, 0x0, 0xb9, 0x1b,
    0xf3, 0x0, 0x6e, 0x3, 0xed, 0x42, 0x0, 0x38,
    0x4f, 0x92, 0xbf, 0x10, 0x2, 0xf7, 0x5f, 0xff,
    0x50, 0x9, 0x85, 0xff, 0xa1, 0x0, 0x2, 0x2f,
    0xf6, 0x0, 0x0, 0x0, 0xcf, 0x60, 0x0, 0x0,
    0x0, 0xff, 0xff, 0xd8, 0x10, 0x0, 0xbb, 0xbc,
    0xff, 0xd0, 0x0, 0x0, 0x0, 0x2f, 0xf4, 0x0,
    0x0, 0x0, 0xb, 0xf6, 0x0, 0x0, 0x0, 0xa,
    0xf6, 0x0, 0x0, 0x0, 0xa, 0xf6, 0x1b, 0xbb,
    0xbb, 0xbe, 0xf6, 0x2f, 0xff, 0xff, 0xff, 0xf6,

    /* U+FB9D "ﮝ" */
    0x0, 0x75, 0x0, 0x40, 0x0, 0x0, 0x0, 0xb9,
    0x1b, 0xf3, 0x0, 0x0, 0x6e, 0x3, 0xed, 0x42,
    0x0, 0x0, 0x38, 0x4f, 0x92, 0xbf, 0x10, 0x0,
    0x2, 0xf7, 0x5f, 0xff, 0x50, 0x0, 0x9, 0x85,
    0xff, 0xa1, 0x0, 0x0, 0x2, 0x2f, 0xf6, 0x0,
    0x0, 0x0, 0x0, 0xcf, 0x60, 0x0, 0x0, 0x0,
    0x0, 0xff, 0xff, 0xd8, 0x10, 0x0, 0x0, 0xbb,
    0xbc, 0xff, 0xd0, 0x0, 0x0, 0x0, 0x0, 0x2f,
    0xf4, 0x0, 0x0, 0x0, 0x0, 0xb, 0xf6, 0x0,
    0x0, 0x0, 0x0, 0xa, 0xf6, 0x0, 0x0, 0x0,
    0x0, 0xa, 0xf6, 0x0, 0x1b, 0xbb, 0xbb, 0xbe,
    0xfd, 0xb6, 0x2f, 0xff, 0xff, 0xff, 0xff, 0xf8,

    /* U+FB9E "ﮞ" */
    0x0, 0x0, 0x0, 0x5, 0x82, 0x0, 0x0, 0x0,
    0xb, 0xf5, 0x0, 0x0, 0x0, 0xb, 0xf5, 0x0,
    0x0, 0x0, 0xb, 0xf5, 0x6f, 0x80, 0x0, 0xb,
    0xf5, 0xbf, 0x40, 0x0, 0xb, 0xf5, 0xef, 0x20,
    0x0, 0xb, 0xf5, 0xff, 0x10, 0x0, 0xb, 0xf5,
    0xef, 0x30, 0x0, 0xc, 0xf4, 0x9f, 0xa0, 0x0,
    0x3f, 0xf1, 0x2f, 0xfd, 0xbc, 0xff, 0x90, 0x3,
    0xbf, 0xff, 0xd7, 0x0,

    /* U+FB9F "ﮟ" */
    0x0, 0x0, 0x0, 0xb, 0xf5, 0x0, 0x0, 0x0,
    0x0, 0xb, 0xf5, 0x0, 0x0, 0x0, 0x0, 0xb,
    0xf5, 0x0, 0x0, 0x0, 0x0, 0xb, 0xf5, 0x0,
    0x6f, 0x80, 0x0, 0xb, 0xf5, 0x0, 0xbf, 0x40,
    0x0, 0xb, 0xf5, 0x0, 0xef, 0x20, 0x0, 0xb,
    0xfc, 0xb4, 0xff, 0x20, 0x0, 0xb, 0xff, 0xf6,
    0xdf, 0x40, 0x0, 0xd, 0xf4, 0x0, 0x8f, 0xc2,
    0x1, 0x8f, 0xf0, 0x0, 0xd, 0xff, 0xff, 0xff,
    0x60, 0x0, 0x0, 0x6a, 0xba, 0x82, 0x0, 0x0,

    /* U+FBA0 "ﮠ" */
    0x0, 0x3a, 0x0, 0x0, 0x0, 0x0, 0x3b, 0xcb,
    0x0, 0x0, 0x0, 0x3d, 0xb, 0x20, 0x0, 0x0,
    0x6e, 0xee, 0x20, 0x0, 0x0, 0x0, 0x0, 0xa,
    0xe4, 0x0, 0x0, 0x0, 0xb, 0xf5, 0x0, 0x0,
    0x0, 0xb, 0xf5, 0x0, 0x0, 0x0, 0xb, 0xf5,
    0x6f, 0x70, 0x0, 0xb, 0xf5, 0xbf, 0x40, 0x0,
    0xb, 0xf5, 0xef, 0x20, 0x0, 0xb, 0xf5, 0xff,
    0x20, 0x0, 0xb, 0xf5, 0xdf, 0x40, 0x0, 0xd,
    0xf4, 0x8f, 0xd2, 0x1, 0x8f, 0xf0, 0xd, 0xff,
    0xff, 0xff, 0x50, 0x0, 0x6a, 0xba, 0x82, 0x0,

    /* U+FBA1 "ﮡ" */
    0x0, 0x3a, 0x0, 0x0, 0x0, 0x0, 0x0, 0x3b,
    0xcb, 0x0, 0x0, 0x0, 0x0, 0x3d, 0xb, 0x20,
    0x0, 0x0, 0x0, 0x6e, 0xee, 0x20, 0x0, 0x0,
    0x0, 0x0, 0x0, 0xa, 0xe4, 0x0, 0x0, 0x0,
    0x0, 0xb, 0xf5, 0x0, 0x0, 0x0, 0x0, 0xb,
    0xf5, 0x0, 0x0, 0x0, 0x0, 0xb, 0xf5, 0x0,
    0x6f, 0x70, 0x0, 0xb, 0xf5, 0x0, 0xbf, 0x40,
    0x0, 0xb, 0xf5, 0x0, 0xef, 0x20, 0x0, 0xb,
    0xfc, 0xb4, 0xff, 0x20, 0x0, 0xb, 0xff, 0xf6,
    0xdf, 0x40, 0x0, 0xd, 0xf4, 0x0, 0x8f, 0xc2,
    0x1, 0x8f, 0xf0, 0x0, 0x1d, 0xff, 0xff, 0xff,
    0x60, 0x0, 0x0, 0x6a, 0xba, 0x82, 0x0, 0x0,

    /* U+FBA2 "ﮢ" */
    0x2, 0x40, 0x0, 0x4, 0xbc, 0xb0, 0x4, 0xc0,
    0xc1, 0x7, 0xee, 0xe1, 0x0, 0x0, 0x0, 0x0,
    0x0, 0x0, 0x0, 0xf, 0xf0, 0x0, 0xf, 0xf0,
    0x0, 0xf, 0xf0, 0x0, 0xf, 0xf0, 0x0, 0xf,
    0xf0, 0x0, 0xf, 0xf0, 0x1b, 0xbf, 0xf0, 0x2f,
    0xff, 0xf0,

    /* U+FBA3 "ﮣ" */
    0x0, 0xd0, 0x0, 0x0, 0x0, 0xd9, 0xd4, 0x0,
    0x0, 0xd4, 0x59, 0x0, 0x0, 0xfe, 0xe8, 0x0,
    0x0, 0x0, 0x0, 0x0, 0x0, 0x0, 0x0, 0x0,
    0x0, 0x6, 0xc6, 0x0, 0x0, 0x9, 0xf8, 0x0,
    0x0, 0x9, 0xf8, 0x0, 0x0, 0x9, 0xf8, 0x0,
    0x0, 0x9, 0xf8, 0x0, 0x0, 0x9, 0xf8, 0x0,
    0x1b, 0xbd, 0xfd, 0xba, 0x2f, 0xff, 0xff, 0xff,

    /* U+FBA4 "ﮤ" */
    0x0, 0xce, 0xa0, 0x0, 0x1, 0xdc, 0xd1, 0x0,
    0x1, 0x52, 0x0, 0x0, 0x0, 0x0, 0x0, 0x0,
    0x2, 0xbf, 0xfa, 0x10, 0x1e, 0xfc, 0xdf, 0xd0,
    0x9f, 0x90, 0xb, 0xf7, 0xdf, 0x20, 0x5, 0xfc,
    0xff, 0x10, 0x3, 0xfd, 0xcf, 0x50, 0x7, 0xfb,
    0x6f, 0xfc, 0xcf, 0xf5, 0x6, 0xdf, 0xfc, 0x50,

    /* U+FBA5 "ﮥ" */
    0x0, 0x6d, 0xc0, 0x0, 0x0, 0x0, 0xd3, 0x0,
    0x0, 0x0, 0x0, 0xbe, 0xd3, 0x0, 0x0, 0x0,
    0x31, 0x0, 0x0, 0x0, 0x0, 0x0, 0x8, 0xb3,
    0x0, 0x1, 0x9e, 0xff, 0xf5, 0x0, 0x2e, 0xfe,
    0xbe, 0xf5, 0x0, 0xaf, 0xb0, 0xb, 0xf5, 0x0,
    0xef, 0x30, 0xb, 0xf5, 0x0, 0xef, 0x30, 0xb,
    0xf5, 0x0, 0xbf, 0x90, 0xb, 0xf5, 0x0, 0x3f,
    0xfd, 0xbe, 0xfc, 0xb3, 0x3, 0xae, 0xff, 0xff,
    0xf5,

    /* U+FBA6 "ﮦ" */
    0x2, 0xbf, 0xfa, 0x10, 0x1e, 0xfc, 0xdf, 0xd0,
    0x9f, 0x90, 0xb, 0xf7, 0xdf, 0x20, 0x5, 0xfc,
    0xff, 0x10, 0x3, 0xfd, 0xcf, 0x50, 0x7, 0xfb,
    0x6f, 0xfc, 0xcf, 0xf5, 0x6, 0xdf, 0xfc, 0x50,

    /* U+FBA7 "ﮧ" */
    0x0, 0x0, 0x0, 0x7d, 0xff, 0x0, 0x0, 0x0,
    0x3, 0xdf, 0xef, 0xf0, 0x0, 0x0, 0x3, 0xff,
    0x61, 0xff, 0x0, 0x0, 0x1, 0xef, 0x50, 0x1f,
    0xf0, 0x0, 0x0, 0xbf, 0x90, 0x1, 0xff, 0x0,
    0x0, 0x5f, 0xe1, 0x0, 0x1f, 0xfb, 0xb1, 0xe,
    0xf6, 0x0, 0x1, 0xff, 0xff, 0x10,

    /* U+FBA8 "ﮨ" */
    0x0, 0xe, 0xe0, 0x0, 0xf, 0xf0, 0x0, 0xf,
    0xf0, 0x0, 0xf, 0xf0, 0x0, 0xf, 0xf0, 0x0,
    0xf, 0xf0, 0x1b, 0xbf, 0xf0, 0x2f, 0xff, 0xf0,
    0x0, 0x9d, 0x0, 0x0, 0xfa, 0x20, 0x0, 0xef,
    0xf2, 0x0, 0x14, 0x50,

    /* U+FBA9 "ﮩ" */
    0x1b, 0xba, 0x0, 0x2b, 0xbb, 0xa2, 0xff, 0xf2,
    0x3, 0xff, 0xff, 0x0, 0x7f, 0x80, 0x3f, 0xd0,
    0x0, 0x1, 0xff, 0x53, 0xfd, 0x0, 0x0, 0x5,
    0xff, 0xff, 0xd0, 0x0, 0x0, 0x2, 0x8b, 0xb9,
    0x0,

    /* U+FBAA "ﮪ" */
    0x0, 0x48, 0xab, 0xb9, 0x50, 0x0, 0x0, 0xff,
    0xff, 0xff, 0xfd, 0x20, 0x0, 0x74, 0x10, 0x3,
    0xcf, 0xe0, 0x0, 0x0, 0x0, 0x0, 0xd, 0xf7,
    0x0, 0x9e, 0xfc, 0x40, 0x6, 0xfb, 0xb, 0xff,
    0xdf, 0xf3, 0x3, 0xfd, 0x3f, 0xf1, 0x9, 0xf9,
    0x2, 0xfe, 0x4f, 0xd0, 0x6, 0xfa, 0x2, 0xfe,
    0xf, 0xf2, 0x6, 0xfa, 0x2, 0xfe, 0xad, 0xff,
    0xbd, 0xfe, 0xbc, 0xfe, 0xff, 0xff, 0xff, 0xff,
    0xff, 0xfe,

    /* U+FBAB "ﮫ" */
    0x0, 0x48, 0xab, 0xb9, 0x50, 0x0, 0x0, 0x0,
    0xff, 0xff, 0xff, 0xfd, 0x20, 0x0, 0x0, 0x74,
    0x10, 0x3, 0xcf, 0xe0, 0x0, 0x0, 0x0, 0x0,
    0x0, 0xd, 0xf7, 0x0, 0x0, 0x9e, 0xfc, 0x40,
    0x6, 0xfb, 0x0, 0xb, 0xff, 0xdf, 0xf3, 0x3,
    0xfd, 0x0, 0x2f, 0xf1, 0x9, 0xf9, 0x2, 0xfe,
    0x0, 0x4f, 0xd0, 0x6, 0xfa, 0x2, 0xfe, 0x0,
    0xf, 0xf2, 0x6, 0xfa, 0x2, 0xfe, 0x0, 0xad,
    0xff, 0xbd, 0xfe, 0xbc, 0xff, 0xb6, 0xff, 0xff,
    0xff, 0xff, 0xff, 0xff, 0xf9,

    /* U+FBAC "ﮬ" */
    0x0, 0x2, 0x69, 0xbb, 0xa7, 0x20, 0x0, 0x0,
    0x9, 0xff, 0xff, 0xff, 0xf7, 0x0, 0x0, 0x3,
    0x72, 0x0, 0x17, 0xff, 0x60, 0x0, 0x0, 0x0,
    0x0, 0x0, 0x6f, 0xe0, 0x0, 0x4, 0xcf, 0xfa,
    0x10, 0xe, 0xf3, 0x0, 0x4f, 0xfd, 0xff, 0xb0,
    0xb, 0xf5, 0x0, 0xbf, 0x80, 0x2f, 0xf0, 0xb,
    0xf5, 0x0, 0xcf, 0x40, 0xe, 0xf2, 0xb, 0xf5,
    0x0, 0x8f, 0xa0, 0xe, 0xf2, 0xb, 0xf5, 0x1b,
    0xbf, 0xfd, 0xbf, 0xfb, 0xbe, 0xf5, 0x2f, 0xff,
    0xff, 0xff, 0xff, 0xff, 0xf5,

    /* U+FBAD "ﮭ" */
    0x0, 0x2, 0x69, 0xbb, 0xa7, 0x20, 0x0, 0x0,
    0x0, 0x9, 0xff, 0xff, 0xff, 0xf7, 0x0, 0x0,
    0x0, 0x3, 0x72, 0x0, 0x17, 0xff, 0x60, 0x0,
    0x0, 0x0, 0x0, 0x0, 0x0, 0x6f, 0xe0, 0x0,
    0x0, 0x5, 0xcf, 0xe9, 0x0, 0xe, 0xf3, 0x0,
    0x0, 0x4f, 0xfd, 0xff, 0xa0, 0xb, 0xf5, 0x0,
    0x0, 0xbf, 0x80, 0x2f, 0xf0, 0xb, 0xf5, 0x0,
    0x0, 0xcf, 0x40, 0xe, 0xf2, 0xb, 0xf5, 0x0,
    0x0, 0x8f, 0xa0, 0xe, 0xf2, 0xb, 0xf5, 0x0,
    0x1b, 0xbf, 0xfd, 0xbf, 0xfb, 0xbe, 0xfc, 0xb5,
    0x2f, 0xff, 0xff, 0xff, 0xff, 0xff, 0xff, 0xf7,

    /* U+FBAE "ﮮ" */
    0x0, 0x0, 0x0, 0x58, 0x30, 0x0, 0x0, 0x0,
    0x0, 0xaf, 0x60, 0x0, 0x0, 0x0, 0x2, 0xef,
    0x30, 0x0, 0x0, 0x3, 0x9f, 0xf9, 0x0, 0x0,
    0x2, 0xbf, 0xfb, 0x40, 0x0, 0x0, 0xe, 0xf9,
    0x10, 0x0, 0x0, 0x0, 0x4f, 0xd0, 0x0, 0x0,
    0x0, 0x0, 0x1f, 0xfb, 0xbb, 0xbb, 0xbb, 0xb2,
    0x5, 0xdf, 0xff, 0xff, 0xff, 0xf3,

    /* U+FBAF "ﮯ" */
    0x0, 0x39, 0xbb, 0x90, 0x0, 0x0, 0x8f, 0xff,
    0xfd, 0x0, 0x0, 0x2f, 0xf3, 0x0, 0x0, 0x0,
    0x4, 0xfe, 0x10, 0x0, 0x0, 0x0, 0xe, 0xff,
    0xff, 0xff, 0xff, 0xf0, 0x18, 0xab, 0xbb, 0xbb,
    0xba,

    /* U+FBB0 "ﮰ" */
    0x0, 0x1, 0xce, 0x60, 0x0, 0x0, 0x0, 0x4,
    0xc0, 0x0, 0x0, 0x0, 0x0, 0x4, 0xec, 0xa0,
    0x0, 0x0, 0x0, 0x2, 0x20, 0x0, 0x0, 0x0,
    0x0, 0x0, 0x0, 0x47, 0x30, 0x0, 0x0, 0x0,
    0x0, 0xaf, 0x60, 0x0, 0x0, 0x0, 0x2, 0xef,
    0x30, 0x0, 0x0, 0x2, 0x9f, 0xf9, 0x0, 0x0,
    0x1, 0xbf, 0xfb, 0x40, 0x0, 0x0, 0xe, 0xf9,
    0x20, 0x0, 0x0, 0x0, 0x4f, 0xd0, 0x0, 0x0,
    0x0, 0x0, 0x2f, 0xfb, 0xbb, 0xbb, 0xbb, 0xb2,
    0x5, 0xdf, 0xff, 0xff, 0xff, 0xf3,

    /* U+FBB1 "ﮱ" */
    0x0, 0x9, 0xe8, 0x0, 0x0, 0x0, 0x2, 0xe0,
    0x0, 0x0, 0x0, 0x0, 0x2d, 0x0, 0x0, 0x0,
    0x0, 0x3, 0xed, 0xc0, 0x0, 0x0, 0x0, 0x12,
    0x0, 0x0, 0x0, 0x0, 0x3, 0x9b, 0xb9, 0x0,
    0x0, 0x8, 0xff, 0xff, 0xd0, 0x0, 0x2, 0xff,
    0x30, 0x0, 0x0, 0x0, 0x4f, 0xe1, 0x0, 0x0,
    0x0, 0x0, 0xef, 0xff, 0xff, 0xff, 0xff, 0x1,
    0x8a, 0xbb, 0xbb, 0xbb, 0xa0,

    /* U+FBB2 "﮲" */
    0x11, 0xe, 0xe0, 0xcc, 0x0,

    /* U+FBB3 "﮳" */
    0x11, 0xe, 0xe0, 0xcc, 0x0,

    /* U+FBB4 "﮴" */
    0x11, 0x1, 0xe, 0xe2, 0xfa, 0xcc, 0x2e, 0x80,

    /* U+FBB5 "﮵" */
    0x11, 0x1, 0xe, 0xe2, 0xfa, 0xcc, 0x2e, 0x80,

    /* U+FBB6 "﮶" */
    0x6, 0xf2, 0x1, 0x5c, 0x30, 0xee, 0x2f, 0xac,
    0xc2, 0xe8,

    /* U+FBB7 "﮷" */
    0x5, 0xf2, 0x1, 0x5c, 0x30, 0xee, 0x2f, 0xac,
    0xc2, 0xe8,

    /* U+FBB8 "﮸" */
    0x11, 0x1, 0xe, 0xe2, 0xfa, 0xcc, 0x2e, 0x80,
    0x4d, 0x10, 0x5, 0xf2, 0x0,

    /* U+FBB9 "﮹" */
    0x11, 0x1, 0xe, 0xe2, 0xfa, 0xcc, 0x2e, 0x80,
    0x4d, 0x10, 0x5, 0xf2, 0x0,

    /* U+FBBA "﮺" */
    0xca, 0x5e, 0x2d, 0xa5, 0xe2, 0x0, 0x0, 0xc,
    0xa5, 0xe2, 0xda, 0x5e, 0x20,

    /* U+FBBB "﮻" */
    0xca, 0x5e, 0x2d, 0xa5, 0xe2, 0x0, 0x0, 0xc,
    0xa5, 0xe2, 0xda, 0x5e, 0x20,

    /* U+FBBC "﮼" */
    0x10, 0x1f, 0x1f, 0xf1, 0xff, 0x1f,

    /* U+FBBD "﮽" */
    0x11, 0xe, 0xe0, 0xcc, 0x1, 0x10, 0xee, 0xc,
    0xc0,

    /* U+FBBE "﮾" */
    0x11, 0xe, 0xe0, 0xcc, 0x1, 0x10, 0xee, 0xc,
    0xc0,

    /* U+FBBF "﮿" */
    0x8e, 0xc2, 0xf1, 0x97, 0x8e, 0xd2,

    /* U+FBC0 "﯀" */
    0x0, 0x0, 0xc1, 0x0, 0xc9, 0xd4, 0xc5, 0x49,
    0xfe, 0xe9,

    /* U+FBC1 "﯁" */
    0x0, 0x0, 0xc1, 0x0, 0xc9, 0xd4, 0xc5, 0x49,
    0xee, 0xe9,

    /* U+FBC2 "﯂" */
    0x6, 0xe6, 0x1c, 0xd, 0xde, 0xdd,

    /* U+FBD3 "ﯓ" */
    0x0, 0x0, 0x1, 0x0, 0x0, 0x0, 0x0, 0x0,
    0xd, 0x60, 0x0, 0x0, 0x0, 0x0, 0x96, 0x95,
    0xf, 0xf0, 0x0, 0x0, 0xe6, 0xc8, 0xf, 0xf0,
    0x0, 0x0, 0x0, 0x0, 0xf, 0xf0, 0x0, 0x0,
    0x3, 0x30, 0xf, 0xf0, 0x0, 0x0, 0x4e, 0x40,
    0xf, 0xf0, 0x0, 0x0, 0x59, 0xd3, 0xf, 0xf0,
    0x48, 0x20, 0xbc, 0xd4, 0xf, 0xf0, 0xcf, 0x20,
    0x0, 0x0, 0xf, 0xf0, 0xef, 0x10, 0x0, 0x0,
    0xf, 0xf0, 0xef, 0x50, 0x0, 0x0, 0xf, 0xf0,
    0x9f, 0xfb, 0xbb, 0xbb, 0xbf, 0xf0, 0x9, 0xef,
    0xff, 0xff, 0xff, 0xf0,

    /* U+FBD4 "ﯔ" */
    0x0, 0x0, 0x1, 0x0, 0x0, 0x0, 0x0, 0x0,
    0x0, 0xd, 0x60, 0x0, 0x0, 0x0, 0x0, 0x0,
    0x96, 0x95, 0xf, 0xf0, 0x0, 0x0, 0x0, 0xe6,
    0xc8, 0xf, 0xf0, 0x0, 0x0, 0x0, 0x0, 0x0,
    0xf, 0xf0, 0x0, 0x0, 0x0, 0x3, 0x30, 0xf,
    0xf0, 0x0, 0x0, 0x0, 0x4e, 0x40, 0xf, 0xf0,
    0x0, 0x0, 0x0, 0x59, 0xd3, 0xf, 0xf0, 0x0,
    0x48, 0x20, 0xbc, 0xd4, 0xf, 0xf0, 0x0, 0xcf,
    0x20, 0x0, 0x0, 0xf, 0xf0, 0x0, 0xef, 0x10,
    0x0, 0x0, 0xf, 0xf0, 0x0, 0xef, 0x50, 0x0,
    0x0, 0xf, 0xf0, 0x0, 0x9f, 0xfb, 0xbb, 0xbb,
    0xbf, 0xfb, 0xb2, 0x9, 0xef, 0xff, 0xff, 0xff,
    0xff, 0xf3,

    /* U+FBD5 "ﯕ" */
    0xe, 0x49, 0x20, 0x0, 0x10, 0x0, 0x63, 0xe4,
    0x1, 0xaf, 0x20, 0xb, 0x90, 0x4, 0xff, 0xf4,
    0x0, 0x66, 0x4, 0xff, 0x91, 0x0, 0x0, 0x2,
    0xff, 0x50, 0x0, 0x0, 0x0, 0xcf, 0x60, 0x0,
    0x0, 0x0, 0xf, 0xff, 0xfd, 0x81, 0x0, 0x0,
    0xbb, 0xbc, 0xff, 0xd0, 0x0, 0x0, 0x0, 0x2,
    0xff, 0x40, 0x0, 0x0, 0x0, 0xb, 0xf6, 0x0,
    0x0, 0x0, 0x0, 0xaf, 0x60, 0x0, 0x0, 0x0,
    0xa, 0xf6, 0x1, 0xbb, 0xbb, 0xbb, 0xef, 0x60,
    0x2f, 0xff, 0xff, 0xff, 0xf6,

    /* U+FBD6 "ﯖ" */
    0xe, 0x49, 0x20, 0x0, 0x10, 0x0, 0x0, 0x63,
    0xe4, 0x1, 0xaf, 0x20, 0x0, 0xb, 0x90, 0x4,
    0xff, 0xf4, 0x0, 0x0, 0x66, 0x4, 0xff, 0x91,
    0x0, 0x0, 0x0, 0x2, 0xff, 0x50, 0x0, 0x0,
    0x0, 0x0, 0xcf, 0x60, 0x0, 0x0, 0x0, 0x0,
    0xf, 0xff, 0xfd, 0x81, 0x0, 0x0, 0x0, 0xbb,
    0xbc, 0xff, 0xd0, 0x0, 0x0, 0x0, 0x0, 0x2,
    0xff, 0x40, 0x0, 0x0, 0x0, 0x0, 0xb, 0xf6,
    0x0, 0x0, 0x0, 0x0, 0x0, 0xaf, 0x60, 0x0,
    0x0, 0x0, 0x0, 0xa, 0xf6, 0x0, 0x1, 0xbb,
    0xbb, 0xbb, 0xef, 0xdb, 0x60, 0x2f, 0xff, 0xff,
    0xff, 0xff, 0xf8,

    /* U+FBD7 "ﯗ" */
    0x0, 0x0, 0x63, 0x0, 0x0, 0x7, 0xfc, 0x0,
    0x0, 0x2, 0xeb, 0x0, 0x0, 0x2, 0xb3, 0x0,
    0x0, 0x7, 0x20, 0x0, 0x0, 0x0, 0x0, 0x0,
    0x0, 0x7d, 0xff, 0xf5, 0xc, 0xfe, 0xbe, 0xf5,
    0x8f, 0xc0, 0xb, 0xf5, 0xcf, 0x50, 0xb, 0xf5,
    0xdf, 0x40, 0xb, 0xf5, 0xbf, 0x80, 0xb, 0xf5,
    0x4f, 0xfc, 0xbe, 0xf5, 0x5, 0xdf, 0xff, 0xf5,
    0x0, 0x0, 0xc, 0xf4, 0x25, 0x10, 0x5f, 0xf1,
    0xbf, 0xff, 0xff, 0x70, 0x27, 0xaa, 0x83, 0x0,

    /* U+FBD8 "ﯘ" */
    0x0, 0x3, 0x60, 0x0, 0x0, 0x0, 0xf, 0xf3,
    0x0, 0x0, 0x0, 0xa, 0xf2, 0x0, 0x0, 0x0,
    0x9, 0x80, 0x0, 0x0, 0x0, 0x35, 0x0, 0x0,
    0x0, 0x0, 0x0, 0x0, 0x0, 0x0, 0x0, 0x7d,
    0xff, 0xf5, 0x0, 0xc, 0xfe, 0xbe, 0xf5, 0x0,
    0x8f, 0xc0, 0xb, 0xf5, 0x0, 0xcf, 0x50, 0xb,
    0xf5, 0x0, 0xdf, 0x40, 0xb, 0xf5, 0x0, 0xbf,
    0x80, 0xb, 0xf5, 0x0, 0x4f, 0xfc, 0xbe, 0xfc,
    0xb1, 0x5, 0xdf, 0xff, 0xff, 0xf2, 0x0, 0x0,
    0xc, 0xf4, 0x0, 0x25, 0x10, 0x5f, 0xf1, 0x0,
    0xbf, 0xff, 0xff, 0x70, 0x0, 0x27, 0xaa, 0x83,
    0x0, 0x0,

    /* U+FBD9 "ﯙ" */
    0x0, 0x64, 0x5, 0x60, 0x0, 0x6e, 0x2f, 0x50,
    0x0, 0xd, 0xec, 0x0, 0x0, 0x3, 0x82, 0x0,
    0x0, 0x0, 0x0, 0x0, 0x0, 0x7d, 0xff, 0xf5,
    0xc, 0xfe, 0xbe, 0xf5, 0x8f, 0xc0, 0xb, 0xf5,
    0xcf, 0x50, 0xb, 0xf5, 0xdf, 0x40, 0xb, 0xf5,
    0xbf, 0x80, 0xb, 0xf5, 0x4f, 0xfc, 0xbe, 0xf5,
    0x5, 0xdf, 0xff, 0xf5, 0x0, 0x0, 0xc, 0xf4,
    0x25, 0x10, 0x5f, 0xf1, 0xbf, 0xff, 0xff, 0x70,
    0x27, 0xaa, 0x83, 0x0,

    /* U+FBDA "ﯚ" */
    0x5, 0xf1, 0x5f, 0x20, 0x0, 0x0, 0xd8, 0xc9,
    0x0, 0x0, 0x0, 0x5f, 0xf1, 0x0, 0x0, 0x0,
    0x7, 0x50, 0x0, 0x0, 0x0, 0x0, 0x0, 0x0,
    0x0, 0x0, 0x7d, 0xff, 0xf5, 0x0, 0xc, 0xfe,
    0xbe, 0xf5, 0x0, 0x8f, 0xc0, 0xb, 0xf5, 0x0,
    0xcf, 0x50, 0xb, 0xf5, 0x0, 0xdf, 0x40, 0xb,
    0xf5, 0x0, 0xbf, 0x80, 0xb, 0xf5, 0x0, 0x4f,
    0xfc, 0xbe, 0xfc, 0xb1, 0x5, 0xdf, 0xff, 0xff,
    0xf2, 0x0, 0x0, 0xc, 0xf4, 0x0, 0x25, 0x10,
    0x5f, 0xf1, 0x0, 0xbf, 0xff, 0xff, 0x70, 0x0,
    0x27, 0xaa, 0x83, 0x0, 0x0,

    /* U+FBDB "ﯛ" */
    0x0, 0x9, 0x70, 0x0, 0x0, 0x9, 0x70, 0x0,
    0x0, 0x9, 0x70, 0x0, 0x0, 0x1, 0x0, 0x0,
    0x0, 0x7d, 0xff, 0xf5, 0xc, 0xfe, 0xbe, 0xf5,
    0x8f, 0xc0, 0xb, 0xf5, 0xcf, 0x50, 0xb, 0xf5,
    0xdf, 0x40, 0xb, 0xf5, 0xbf, 0x80, 0xb, 0xf5,
    0x4f, 0xfc, 0xbe, 0xf5, 0x5, 0xdf, 0xff, 0xf5,
    0x0, 0x0, 0xc, 0xf4, 0x25, 0x10, 0x5f, 0xf1,
    0xbf, 0xff, 0xff, 0x70, 0x27, 0xaa, 0x83, 0x0,

    /* U+FBDC "ﯜ" */
    0x0, 0x9, 0x70, 0x0, 0x0, 0x0, 0x9, 0x70,
    0x0, 0x0, 0x0, 0x9, 0x70, 0x0, 0x0, 0x0,
    0x1, 0x0, 0x0, 0x0, 0x0, 0x7d, 0xff, 0xf5,
    0x0, 0xc, 0xfe, 0xbe, 0xf5, 0x0, 0x8f, 0xc0,
    0xb, 0xf5, 0x0, 0xcf, 0x50, 0xb, 0xf5, 0x0,
    0xdf, 0x40, 0xb, 0xf5, 0x0, 0xbf, 0x80, 0xb,
    0xf5, 0x0, 0x4f, 0xfc, 0xbe, 0xfc, 0xb1, 0x5,
    0xdf, 0xff, 0xff, 0xf2, 0x0, 0x0, 0xc, 0xf4,
    0x0, 0x25, 0x10, 0x5f, 0xf1, 0x0, 0xbf, 0xff,
    0xff, 0x70, 0x0, 0x27, 0xaa, 0x83, 0x0, 0x0,

    /* U+FBDD "ﯝ" */
    0x0, 0x0, 0x63, 0x0, 0x0, 0x0, 0x0, 0x0,
    0x0, 0x0, 0x7f, 0xc0, 0x0, 0x0, 0x0, 0x0,
    0x0, 0x0, 0x2, 0xdb, 0x0, 0x0, 0x0, 0x0,
    0x0, 0x0, 0x0, 0x3c, 0x20, 0x0, 0x0, 0x28,
    0xba, 0x50, 0x0, 0x6, 0x10, 0x0, 0x0, 0x3f,
    0xff, 0xfa, 0x0, 0x0, 0x0, 0x0, 0x0, 0xb,
    0xf9, 0x1, 0x20, 0x0, 0x7d, 0xff, 0xf5, 0x0,
    0xdf, 0x30, 0x0, 0x0, 0xcf, 0xeb, 0xef, 0x50,
    0xa, 0xf5, 0x0, 0x0, 0x8f, 0xc0, 0xb, 0xf5,
    0x0, 0x5f, 0xfb, 0xdf, 0x3c, 0xf5, 0x0, 0xbf,
    0x50, 0x4f, 0xff, 0xfd, 0xc2, 0xdf, 0x40, 0xb,
    0xf5, 0x2, 0x53, 0x10, 0x0, 0xb, 0xf8, 0x0,
    0xbf, 0x50, 0x0, 0x0, 0x0, 0x0, 0x4f, 0xfc,
    0xbe, 0xf5, 0x0, 0x0, 0x0, 0x0, 0x0, 0x5d,
    0xff, 0xff, 0x50, 0x0, 0x0, 0x0, 0x0, 0x0,
    0x0, 0xc, 0xf4, 0x0, 0x0, 0x0, 0x0, 0x2,
    0x51, 0x5, 0xff, 0x10, 0x0, 0x0, 0x0, 0x0,
    0xbf, 0xff, 0xff, 0x70, 0x0, 0x0, 0x0, 0x0,
    0x2, 0x7a, 0xa8, 0x30, 0x0, 0x0, 0x0, 0x0,
    0x0,

    /* U+FBDE "ﯞ" */
    0x0, 0x3, 0xf5, 0x0, 0x0, 0x2, 0xd4, 0x0,
    0x0, 0x9e, 0x1d, 0xb0, 0x0, 0xbf, 0x2f, 0xd0,
    0x0, 0x1, 0x1, 0x0, 0x0, 0x0, 0x0, 0x0,
    0x0, 0x7d, 0xff, 0xf5, 0xc, 0xfe, 0xbe, 0xf5,
    0x8f, 0xc0, 0xb, 0xf5, 0xcf, 0x50, 0xb, 0xf5,
    0xdf, 0x40, 0xb, 0xf5, 0xbf, 0x80, 0xb, 0xf5,
    0x4f, 0xfc, 0xbe, 0xf5, 0x5, 0xdf, 0xff, 0xf5,
    0x0, 0x0, 0xc, 0xf4, 0x25, 0x10, 0x5f, 0xf1,
    0xbf, 0xff, 0xff, 0x70, 0x27, 0xaa, 0x83, 0x0,

    /* U+FBDF "ﯟ" */
    0x0, 0xb, 0xb0, 0x0, 0x0, 0x0, 0xa, 0x90,
    0x0, 0x0, 0x3, 0xf7, 0x7f, 0x30, 0x0, 0x4,
    0xf8, 0x8f, 0x40, 0x0, 0x0, 0x20, 0x2, 0x0,
    0x0, 0x0, 0x0, 0x0, 0x0, 0x0, 0x0, 0x7d,
    0xff, 0xf5, 0x0, 0xc, 0xfe, 0xbe, 0xf5, 0x0,
    0x8f, 0xc0, 0xb, 0xf5, 0x0, 0xcf, 0x50, 0xb,
    0xf5, 0x0, 0xdf, 0x40, 0xb, 0xf5, 0x0, 0xbf,
    0x80, 0xb, 0xf5, 0x0, 0x4f, 0xfc, 0xbe, 0xfc,
    0xb1, 0x5, 0xdf, 0xff, 0xff, 0xf2, 0x0, 0x0,
    0xc, 0xf4, 0x0, 0x25, 0x10, 0x5f, 0xf1, 0x0,
    0xbf, 0xff, 0xff, 0x70, 0x0, 0x27, 0xaa, 0x83,
    0x0, 0x0,

    /* U+FBE0 "ﯠ" */
    0x0, 0x8d, 0xff, 0xf3, 0x1d, 0xfe, 0xbf, 0xf3,
    0x9f, 0xb0, 0xc, 0xf3, 0xdf, 0x40, 0xc, 0xf3,
    0xef, 0x30, 0xc, 0xf3, 0xcf, 0x70, 0xc, 0xf3,
    0x5f, 0xfc, 0xbf, 0xf3, 0x6, 0xdf, 0xff, 0xf3,
    0x0, 0x0, 0xd, 0xf3, 0x4, 0xff, 0xbf, 0xf1,
    0x1, 0x66, 0xef, 0xb0, 0x0, 0x6, 0xff, 0x20,
    0x0, 0x7, 0xf3, 0x0, 0x0, 0x0, 0x10, 0x0,

    /* U+FBE1 "ﯡ" */
    0x0, 0x8d, 0xff, 0xf3, 0x0, 0x1d, 0xfe, 0xbf,
    0xf3, 0x0, 0x9f, 0xb0, 0xc, 0xf3, 0x0, 0xdf,
    0x40, 0xc, 0xf3, 0x0, 0xef, 0x30, 0xc, 0xf3,
    0x0, 0xcf, 0x70, 0xc, 0xf3, 0x0, 0x5f, 0xfc,
    0xbf, 0xfc, 0xb1, 0x6, 0xdf, 0xff, 0xff, 0xf2,
    0x0, 0x0, 0xd, 0xf3, 0x0, 0x4, 0xff, 0xbf,
    0xf1, 0x0, 0x1, 0x66, 0xef, 0xb0, 0x0, 0x0,
    0x6, 0xff, 0x20, 0x0, 0x0, 0x7, 0xf3, 0x0,
    0x0, 0x0, 0x0, 0x10, 0x0, 0x0,

    /* U+FBE2 "ﯢ" */
    0x0, 0x1, 0x81, 0x0, 0x0, 0xa, 0xe9, 0x0,
    0x0, 0x3e, 0x2f, 0x30, 0x0, 0x54, 0x5, 0x50,
    0x0, 0x0, 0x0, 0x0, 0x0, 0x7d, 0xff, 0xf5,
    0xc, 0xfe, 0xbe, 0xf5, 0x8f, 0xc0, 0xb, 0xf5,
    0xcf, 0x50, 0xb, 0xf5, 0xdf, 0x40, 0xb, 0xf5,
    0xbf, 0x80, 0xb, 0xf5, 0x4f, 0xfc, 0xbe, 0xf5,
    0x5, 0xdf, 0xff, 0xf5, 0x0, 0x0, 0xc, 0xf4,
    0x25, 0x10, 0x5f, 0xf1, 0xbf, 0xff, 0xff, 0x70,
    0x27, 0xaa, 0x83, 0x0,

    /* U+FBE3 "ﯣ" */
    0x0, 0xd, 0xb0, 0x0, 0x0, 0x0, 0x6c, 0xe3,
    0x0, 0x0, 0x0, 0xe5, 0x8b, 0x0, 0x0, 0x2,
    0x70, 0x18, 0x0, 0x0, 0x0, 0x0, 0x0, 0x0,
    0x0, 0x0, 0x7d, 0xff, 0xf5, 0x0, 0xc, 0xfe,
    0xbe, 0xf5, 0x0, 0x8f, 0xc0, 0xb, 0xf5, 0x0,
    0xcf, 0x50, 0xb, 0xf5, 0x0, 0xdf, 0x40, 0xb,
    0xf5, 0x0, 0xbf, 0x80, 0xb, 0xf5, 0x0, 0x4f,
    0xfc, 0xbe, 0xfc, 0xb1, 0x5, 0xdf, 0xff, 0xff,
    0xf2, 0x0, 0x0, 0xc, 0xf4, 0x0, 0x25, 0x10,
    0x5f, 0xf1, 0x0, 0xbf, 0xff, 0xff, 0x70, 0x0,
    0x27, 0xaa, 0x83, 0x0, 0x0,

    /* U+FBE4 "ﯤ" */
    0x0, 0x0, 0x0, 0x0, 0x5b, 0xd8, 0x0, 0x0,
    0x0, 0x0, 0xaf, 0xff, 0xe0, 0x0, 0x0, 0x0,
    0xaf, 0xc3, 0x12, 0x0, 0x0, 0x0, 0x4f, 0xc0,
    0x0, 0x0, 0x0, 0x0, 0x9, 0xf6, 0x0, 0x0,
    0x6, 0xc3, 0x0, 0x7f, 0xe5, 0x0, 0x0, 0xcf,
    0x20, 0x0, 0x9f, 0xf9, 0x0, 0xe, 0xf1, 0x0,
    0x0, 0x4e, 0xfb, 0x0, 0xff, 0x20, 0x0, 0x0,
    0x1d, 0xf5, 0xc, 0xf8, 0x0, 0x0, 0x0, 0xcf,
    0x60, 0x6f, 0xfc, 0xbb, 0xbb, 0xef, 0xf1, 0x0,
    0x7e, 0xff, 0xff, 0xfd, 0x92, 0x0, 0x0, 0x0,
    0x0, 0x0, 0x0, 0x0, 0x0, 0x0, 0x0, 0x10,
    0x0, 0x0, 0x0, 0x0, 0x0, 0xaf, 0x20, 0x0,
    0x0, 0x0, 0x0, 0x9, 0xe1, 0x0, 0x0, 0x0,
    0x0, 0x0, 0x1, 0x0, 0x0, 0x0, 0x0, 0x0,
    0xa, 0xf2, 0x0, 0x0, 0x0, 0x0, 0x0, 0x9e,
    0x10, 0x0, 0x0, 0x0,

    /* U+FBE5 "ﯥ" */
    0x0, 0x0, 0x0, 0x3, 0xcf, 0xc2, 0x0, 0x0,
    0x0, 0x0, 0x0, 0x5f, 0xff, 0xfd, 0x0, 0x0,
    0x0, 0x0, 0x1, 0xff, 0x40, 0x9f, 0x90, 0x0,
    0x8e, 0x40, 0x5, 0xfa, 0x0, 0xc, 0xf6, 0x0,
    0xcf, 0x20, 0x3, 0xff, 0x93, 0x1, 0xef, 0xc0,
    0xef, 0x10, 0x0, 0x7e, 0xff, 0xb0, 0x2b, 0xf0,
    0xef, 0x20, 0x0, 0x0, 0x4e, 0xf4, 0x0, 0x0,
    0xbf, 0xc1, 0x0, 0x0, 0x4e, 0xf3, 0x0, 0x0,
    0x3f, 0xff, 0xff, 0xff, 0xff, 0xa0, 0x0, 0x0,
    0x3, 0x9b, 0xbb, 0xba, 0x94, 0x0, 0x0, 0x0,
    0x0, 0x0, 0x0, 0x0, 0x0, 0x0, 0x0, 0x0,
    0x0, 0x0, 0x9e, 0x10, 0x0, 0x0, 0x0, 0x0,
    0x0, 0x0, 0xaf, 0x20, 0x0, 0x0, 0x0, 0x0,
    0x0, 0x0, 0x1, 0x0, 0x0, 0x0, 0x0, 0x0,
    0x0, 0x0, 0x9e, 0x10, 0x0, 0x0, 0x0, 0x0,
    0x0, 0x0, 0xaf, 0x20, 0x0, 0x0, 0x0, 0x0,
    0x0, 0x0, 0x1, 0x0, 0x0, 0x0, 0x0, 0x0,

    /* U+FBE6 "ﯦ" */
    0x0, 0x3, 0xfe, 0x0, 0x3, 0xfe, 0x0, 0x3,
    0xfe, 0x0, 0x3, 0xfe, 0x0, 0x3, 0xfe, 0x0,
    0x3, 0xfe, 0x1b, 0xbc, 0xfe, 0x2f, 0xff, 0xfe,
    0x0, 0x0, 0x0, 0x0, 0x1, 0x0, 0x0, 0x1f,
    0xc0, 0x0, 0xe, 0xa0, 0x0, 0x1, 0x0, 0x0,
    0x1f, 0xc0, 0x0, 0xe, 0xa0,

    /* U+FBE7 "ﯧ" */
    0x0, 0x9, 0xf8, 0x0, 0x0, 0x9, 0xf8, 0x0,
    0x0, 0x9, 0xf8, 0x0, 0x0, 0x9, 0xf8, 0x0,
    0x0, 0x9, 0xf8, 0x0, 0x0, 0x9, 0xf8, 0x0,
    0x1b, 0xbd, 0xfd, 0xba, 0x2f, 0xff, 0xff, 0xff,
    0x0, 0x0, 0x0, 0x0, 0x0, 0x0, 0x10, 0x0,
    0x0, 0xc, 0xf1, 0x0, 0x0, 0xb, 0xe0, 0x0,
    0x0, 0x0, 0x10, 0x0, 0x0, 0xc, 0xf1, 0x0,
    0x0, 0xb, 0xe0, 0x0,

    /* U+FBE8 "ﯨ" */
    0x0, 0xf, 0xf0, 0x0, 0xf, 0xf0, 0x0, 0xf,
    0xf0, 0x0, 0xf, 0xf0, 0x0, 0xf, 0xf0, 0x0,
    0xf, 0xf0, 0x1b, 0xbf, 0xf0, 0x2f, 0xff, 0xf0,

    /* U+FBE9 "ﯩ" */
    0x0, 0xf, 0xf0, 0x0, 0x0, 0xf, 0xf0, 0x0,
    0x0, 0xf, 0xf0, 0x0, 0x0, 0xf, 0xf0, 0x0,
    0x0, 0xf, 0xf0, 0x0, 0x0, 0xf, 0xf0, 0x0,
    0x1b, 0xbf, 0xfb, 0xb1, 0x2f, 0xff, 0xff, 0xf2,

    /* U+FBEA "ﯪ" */
    0x0, 0x0, 0x3, 0xdc, 0x26, 0xfa, 0x0, 0x88,
    0x0, 0x6f, 0xa0, 0x7, 0xed, 0x76, 0xfa, 0x0,
    0x32, 0x0, 0x6f, 0xa0, 0x0, 0x14, 0x26, 0xfa,
    0x0, 0x7, 0xfa, 0x6f, 0xa0, 0x0, 0x7f, 0xa6,
    0xfa, 0x0, 0x7, 0xfa, 0x6f, 0xa0, 0x0, 0x7f,
    0xa6, 0xfa, 0x0, 0x7, 0xfa, 0x6f, 0xa0, 0x0,
    0x7f, 0xa6, 0xfe, 0xbb, 0xbd, 0xfa, 0x6f, 0xff,
    0xff, 0xff, 0xa0,

    /* U+FBEB "ﯫ" */
    0x0, 0x0, 0x3, 0xdd, 0x20, 0x6, 0xfa, 0x0,
    0x88, 0x0, 0x0, 0x6f, 0xa0, 0x7, 0xed, 0x60,
    0x6, 0xfa, 0x0, 0x32, 0x0, 0x0, 0x6f, 0xa0,
    0x0, 0x0, 0x0, 0x6, 0xfa, 0x0, 0x7, 0xfa,
    0x0, 0x6f, 0xa0, 0x0, 0x7f, 0xa0, 0x6, 0xfa,
    0x0, 0x7, 0xfa, 0x0, 0x6f, 0xa0, 0x0, 0x7f,
    0xa0, 0x6, 0xfa, 0x0, 0x7, 0xfa, 0x0, 0x6f,
    0xa0, 0x0, 0x7f, 0xa0, 0x6, 0xfe, 0xbb, 0xbd,
    0xfe, 0xb8, 0x6f, 0xff, 0xff, 0xff, 0xff, 0xc0,

    /* U+FBEC "ﯬ" */
    0x0, 0x0, 0x0, 0x0, 0x0, 0x0, 0xb, 0xd7,
    0x0, 0x0, 0x0, 0x0, 0x0, 0x0, 0x3d, 0x0,
    0x0, 0x0, 0x0, 0x0, 0x0, 0x0, 0x3e, 0xcb,
    0x0, 0x0, 0x0, 0x0, 0x0, 0x0, 0x23, 0x10,
    0x0, 0x0, 0x0, 0x0, 0x0, 0x0, 0x0, 0x43,
    0x0, 0x0, 0x0, 0x6, 0x99, 0x0, 0x1, 0xff,
    0x0, 0x0, 0x6, 0xef, 0xff, 0x0, 0x1, 0xff,
    0x0, 0x0, 0x9f, 0xf8, 0xff, 0x0, 0x1, 0xff,
    0x0, 0x8, 0xfe, 0x21, 0xff, 0x0, 0x1, 0xff,
    0x0, 0x3f, 0xf2, 0x1, 0xff, 0x0, 0x1, 0xff,
    0x0, 0xdf, 0x70, 0x1, 0xff, 0x0, 0x1, 0xff,
    0x6, 0xfe, 0x0, 0x1, 0xff, 0xbb, 0xbb, 0xff,
    0xe, 0xf6, 0x0, 0x1, 0xff, 0xff, 0xff, 0xff,

    /* U+FBED "ﯭ" */
    0x0, 0x0, 0x0, 0x0, 0x0, 0x0, 0xb, 0xd7,
    0x0, 0x0, 0x0, 0x0, 0x0, 0x0, 0x0, 0x3,
    0xd0, 0x0, 0x0, 0x0, 0x0, 0x0, 0x0, 0x0,
    0x0, 0x3e, 0xcb, 0x0, 0x0, 0x0, 0x0, 0x0,
    0x0, 0x0, 0x2, 0x31, 0x0, 0x0, 0x0, 0x0,
    0x0, 0x0, 0x0, 0x0, 0x0, 0x0, 0x0, 0x0,
    0x0, 0x0, 0x0, 0x35, 0x50, 0x0, 0x1f, 0xf0,
    0x0, 0x0, 0x0, 0x3, 0xcf, 0xff, 0x0, 0x1,
    0xff, 0x0, 0x0, 0x0, 0x6, 0xff, 0xaf, 0xf0,
    0x0, 0x1f, 0xf0, 0x0, 0x0, 0x6, 0xfe, 0x31,
    0xff, 0x0, 0x1, 0xff, 0x0, 0x0, 0x3, 0xff,
    0x30, 0x1f, 0xf0, 0x0, 0x1f, 0xf0, 0x0, 0x0,
    0xcf, 0x80, 0x1, 0xff, 0x0, 0x1, 0xff, 0x0,
    0x0, 0x6f, 0xe0, 0x0, 0x1f, 0xfb, 0xbb, 0xbf,
    0xfb, 0xb1, 0xe, 0xf6, 0x0, 0x1, 0xff, 0xff,
    0xff, 0xff, 0xff, 0x20,

    /* U+FBEE "ﯮ" */
    0x0, 0x0, 0x0, 0x0, 0x0, 0xad, 0x80, 0x0,
    0x0, 0x0, 0x0, 0x2, 0xe0, 0x0, 0x0, 0x0,
    0x0, 0x0, 0x3, 0xed, 0xc0, 0x0, 0x0, 0x0,
    0x0, 0x2, 0x41, 0x0, 0x0, 0x0, 0x0, 0x0,
    0x0, 0x0, 0x0, 0x0, 0x7d, 0xff, 0xf5, 0x0,
    0xf, 0xf0, 0xc, 0xfe, 0xbe, 0xf5, 0x0, 0xf,
    0xf0, 0x8f, 0xc0, 0xb, 0xf5, 0x0, 0xf, 0xf0,
    0xcf, 0x50, 0xb, 0xf5, 0x0, 0xf, 0xf0, 0xdf,
    0x40, 0xb, 0xf5, 0x0, 0xf, 0xf0, 0xbf, 0x80,
    0xb, 0xf5, 0x0, 0xf, 0xf0, 0x4f, 0xfc, 0xbe,
    0xfc, 0xbb, 0xbf, 0xf0, 0x5, 0xdf, 0xff, 0xff,
    0xff, 0xff, 0xf0, 0x0, 0x0, 0xc, 0xf4, 0x0,
    0x0, 0x0, 0x25, 0x10, 0x5f, 0xf1, 0x0, 0x0,
    0x0, 0xbf, 0xff, 0xff, 0x70, 0x0, 0x0, 0x0,
    0x27, 0xaa, 0x83, 0x0, 0x0, 0x0, 0x0,

    /* U+FBEF "ﯯ" */
    0x0, 0x0, 0x0, 0x0, 0x0, 0xad, 0x80, 0x0,
    0x0, 0x0, 0x0, 0x0, 0x2, 0xe0, 0x0, 0x0,
    0x0, 0x0, 0x0, 0x0, 0x3, 0xec, 0xc0, 0x0,
    0x0, 0x0, 0x0, 0x0, 0x1, 0x31, 0x0, 0x0,
    0x0, 0x0, 0x0, 0x0, 0x0, 0x0, 0x0, 0x0,
    0x0, 0x7d, 0xff, 0xf5, 0x0, 0xf, 0xf0, 0x0,
    0xc, 0xfe, 0xbe, 0xf5, 0x0, 0xf, 0xf0, 0x0,
    0x8f, 0xc0, 0xb, 0xf5, 0x0, 0xf, 0xf0, 0x0,
    0xcf, 0x50, 0xb, 0xf5, 0x0, 0xf, 0xf0, 0x0,
    0xdf, 0x40, 0xb, 0xf5, 0x0, 0xf, 0xf0, 0x0,
    0xbf, 0x80, 0xb, 0xf5, 0x0, 0xf, 0xf0, 0x0,
    0x4f, 0xfc, 0xbe, 0xfc, 0xbb, 0xbf, 0xfb, 0xb2,
    0x5, 0xdf, 0xff, 0xff, 0xff, 0xff, 0xff, 0xf3,
    0x0, 0x0, 0xc, 0xf4, 0x0, 0x0, 0x0, 0x0,
    0x25, 0x10, 0x5f, 0xf1, 0x0, 0x0, 0x0, 0x0,
    0xbf, 0xff, 0xff, 0x70, 0x0, 0x0, 0x0, 0x0,
    0x27, 0xaa, 0x83, 0x0, 0x0, 0x0, 0x0, 0x0,

    /* U+FBF0 "ﯰ" */
    0x0, 0x4, 0x60, 0x0, 0x0, 0x0, 0x0, 0x0,
    0xf, 0xf3, 0x0, 0x0, 0xad, 0x80, 0x0, 0x5,
    0xe1, 0x0, 0x2, 0xe0, 0x0, 0x0, 0x3c, 0x30,
    0x0, 0x3, 0xed, 0xc0, 0x0, 0x0, 0x0, 0x0,
    0x2, 0x41, 0x0, 0x0, 0x0, 0x0, 0x0, 0x0,
    0x0, 0x0, 0x0, 0x7d, 0xff, 0xf5, 0x0, 0xf,
    0xf0, 0xc, 0xfe, 0xbe, 0xf5, 0x0, 0xf, 0xf0,
    0x8f, 0xc0, 0xb, 0xf5, 0x0, 0xf, 0xf0, 0xcf,
    0x50, 0xb, 0xf5, 0x0, 0xf, 0xf0, 0xdf, 0x40,
    0xb, 0xf5, 0x0, 0xf, 0xf0, 0xbf, 0x80, 0xb,
    0xf5, 0x0, 0xf, 0xf0, 0x4f, 0xfc, 0xbe, 0xfc,
    0xbb, 0xbf, 0xf0, 0x5, 0xdf, 0xff, 0xff, 0xff,
    0xff, 0xf0, 0x0, 0x0, 0xc, 0xf4, 0x0, 0x0,
    0x0, 0x25, 0x10, 0x5f, 0xf1, 0x0, 0x0, 0x0,
    0xbf, 0xff, 0xff, 0x70, 0x0, 0x0, 0x0, 0x27,
    0xaa, 0x83, 0x0, 0x0, 0x0, 0x0,

    /* U+FBF1 "ﯱ" */
    0x0, 0x4, 0x60, 0x0, 0x0, 0x0, 0x0, 0x0,
    0x0, 0xf, 0xf3, 0x0, 0x0, 0xad, 0x80, 0x0,
    0x0, 0x8, 0xf1, 0x0, 0x2, 0xe0, 0x0, 0x0,
    0x0, 0x1a, 0x60, 0x0, 0x3, 0xec, 0xc0, 0x0,
    0x0, 0x23, 0x0, 0x0, 0x1, 0x31, 0x0, 0x0,
    0x0, 0x0, 0x0, 0x0, 0x0, 0x0, 0x0, 0x0,
    0x0, 0x7d, 0xff, 0xf5, 0x0, 0xf, 0xf0, 0x0,
    0xc, 0xfe, 0xbe, 0xf5, 0x0, 0xf, 0xf0, 0x0,
    0x8f, 0xc0, 0xb, 0xf5, 0x0, 0xf, 0xf0, 0x0,
    0xcf, 0x50, 0xb, 0xf5, 0x0, 0xf, 0xf0, 0x0,
    0xdf, 0x40, 0xb, 0xf5, 0x0, 0xf, 0xf0, 0x0,
    0xbf, 0x80, 0xb, 0xf5, 0x0, 0xf, 0xf0, 0x0,
    0x4f, 0xfc, 0xbe, 0xfc, 0xbb, 0xbf, 0xfb, 0xb2,
    0x5, 0xdf, 0xff, 0xff, 0xff, 0xff, 0xff, 0xf3,
    0x0, 0x0, 0xc, 0xf4, 0x0, 0x0, 0x0, 0x0,
    0x25, 0x10, 0x5f, 0xf1, 0x0, 0x0, 0x0, 0x0,
    0xbf, 0xff, 0xff, 0x70, 0x0, 0x0, 0x0, 0x0,
    0x27, 0xaa, 0x83, 0x0, 0x0, 0x0, 0x0, 0x0,

    /* U+FBF2 "ﯲ" */
    0x4, 0xe2, 0x5e, 0x10, 0x0, 0xad, 0x80, 0x0,
    0xbb, 0xe7, 0x0, 0x2, 0xe0, 0x0, 0x0, 0x2e,
    0xd0, 0x0, 0x3, 0xed, 0xc0, 0x0, 0x0, 0x0,
    0x0, 0x2, 0x41, 0x0, 0x0, 0x0, 0x0, 0x0,
    0x0, 0x0, 0x0, 0x0, 0x7d, 0xff, 0xf5, 0x0,
    0xf, 0xf0, 0xc, 0xfe, 0xbe, 0xf5, 0x0, 0xf,
    0xf0, 0x8f, 0xc0, 0xb, 0xf5, 0x0, 0xf, 0xf0,
    0xcf, 0x50, 0xb, 0xf5, 0x0, 0xf, 0xf0, 0xdf,
    0x40, 0xb, 0xf5, 0x0, 0xf, 0xf0, 0xbf, 0x80,
    0xb, 0xf5, 0x0, 0xf, 0xf0, 0x4f, 0xfc, 0xbe,
    0xfc, 0xbb, 0xbf, 0xf0, 0x5, 0xdf, 0xff, 0xff,
    0xff, 0xff, 0xf0, 0x0, 0x0, 0xc, 0xf4, 0x0,
    0x0, 0x0, 0x25, 0x10, 0x5f, 0xf1, 0x0, 0x0,
    0x0, 0xbf, 0xff, 0xff, 0x70, 0x0, 0x0, 0x0,
    0x27, 0xaa, 0x83, 0x0, 0x0, 0x0, 0x0,

    /* U+FBF3 "ﯳ" */
    0x5, 0xe1, 0x4e, 0x10, 0x0, 0xad, 0x80, 0x0,
    0x0, 0xc8, 0xc9, 0x0, 0x2, 0xe0, 0x0, 0x0,
    0x0, 0x3f, 0xe1, 0x0, 0x3, 0xec, 0xc0, 0x0,
    0x0, 0x3, 0x20, 0x0, 0x1, 0x31, 0x0, 0x0,
    0x0, 0x0, 0x0, 0x0, 0x0, 0x0, 0x0, 0x0,
    0x0, 0x7d, 0xff, 0xf5, 0x0, 0xf, 0xf0, 0x0,
    0xc, 0xfe, 0xbe, 0xf5, 0x0, 0xf, 0xf0, 0x0,
    0x8f, 0xc0, 0xb, 0xf5, 0x0, 0xf, 0xf0, 0x0,
    0xcf, 0x50, 0xb, 0xf5, 0x0, 0xf, 0xf0, 0x0,
    0xdf, 0x40, 0xb, 0xf5, 0x0, 0xf, 0xf0, 0x0,
    0xbf, 0x80, 0xb, 0xf5, 0x0, 0xf, 0xf0, 0x0,
    0x4f, 0xfc, 0xbe, 0xfc, 0xbb, 0xbf, 0xfb, 0xb2,
    0x5, 0xdf, 0xff, 0xff, 0xff, 0xff, 0xff, 0xf3,
    0x0, 0x0, 0xc, 0xf4, 0x0, 0x0, 0x0, 0x0,
    0x25, 0x10, 0x5f, 0xf1, 0x0, 0x0, 0x0, 0x0,
    0xbf, 0xff, 0xff, 0x70, 0x0, 0x0, 0x0, 0x0,
    0x27, 0xaa, 0x83, 0x0, 0x0, 0x0, 0x0, 0x0,

    /* U+FBF4 "ﯴ" */
    0x0, 0x8, 0x60, 0x0, 0x0, 0xad, 0x80, 0x0,
    0x9, 0x70, 0x0, 0x2, 0xe0, 0x0, 0x0, 0x8,
    0x60, 0x0, 0x3, 0xed, 0xc0, 0x0, 0x0, 0x0,
    0x0, 0x2, 0x41, 0x0, 0x0, 0x0, 0x0, 0x0,
    0x0, 0x0, 0x0, 0x0, 0x7d, 0xff, 0xf5, 0x0,
    0xf, 0xf0, 0xc, 0xfe, 0xbe, 0xf5, 0x0, 0xf,
    0xf0, 0x8f, 0xc0, 0xb, 0xf5, 0x0, 0xf, 0xf0,
    0xcf, 0x50, 0xb, 0xf5, 0x0, 0xf, 0xf0, 0xdf,
    0x40, 0xb, 0xf5, 0x0, 0xf, 0xf0, 0xbf, 0x80,
    0xb, 0xf5, 0x0, 0xf, 0xf0, 0x4f, 0xfc, 0xbe,
    0xfc, 0xbb, 0xbf, 0xf0, 0x5, 0xdf, 0xff, 0xff,
    0xff, 0xff, 0xf0, 0x0, 0x0, 0xc, 0xf4, 0x0,
    0x0, 0x0, 0x25, 0x10, 0x5f, 0xf1, 0x0, 0x0,
    0x0, 0xbf, 0xff, 0xff, 0x70, 0x0, 0x0, 0x0,
    0x27, 0xaa, 0x83, 0x0, 0x0, 0x0, 0x0,

    /* U+FBF5 "ﯵ" */
    0x0, 0x0, 0x0, 0x0, 0x0, 0xad, 0x60, 0x0,
    0x0, 0x9, 0x70, 0x0, 0x2, 0xe0, 0x0, 0x0,
    0x0, 0x9, 0x70, 0x0, 0x3, 0xec, 0xc0, 0x0,
    0x0, 0x9, 0x70, 0x0, 0x5, 0x94, 0x0, 0x0,
    0x0, 0x1, 0x0, 0x0, 0x0, 0x0, 0x0, 0x0,
    0x0, 0x7d, 0xff, 0xf5, 0x0, 0xf, 0xf0, 0x0,
    0xc, 0xfe, 0xbe, 0xf5, 0x0, 0xf, 0xf0, 0x0,
    0x8f, 0xc0, 0xb, 0xf5, 0x0, 0xf, 0xf0, 0x0,
    0xcf, 0x50, 0xb, 0xf5, 0x0, 0xf, 0xf0, 0x0,
    0xdf, 0x40, 0xb, 0xf5, 0x0, 0xf, 0xf0, 0x0,
    0xbf, 0x80, 0xb, 0xf5, 0x0, 0xf, 0xf0, 0x0,
    0x4f, 0xfc, 0xbe, 0xfc, 0xbb, 0xbf, 0xfb, 0xb2,
    0x5, 0xdf, 0xff, 0xff, 0xff, 0xff, 0xff, 0xf3,
    0x0, 0x0, 0xc, 0xf4, 0x0, 0x0, 0x0, 0x0,
    0x25, 0x10, 0x5f, 0xf1, 0x0, 0x0, 0x0, 0x0,
    0xbf, 0xff, 0xff, 0x70, 0x0, 0x0, 0x0, 0x0,
    0x27, 0xaa, 0x83, 0x0, 0x0, 0x0, 0x0, 0x0,

    /* U+FBF6 "ﯶ" */
    0x0, 0x0, 0x0, 0x0, 0x0, 0x0, 0x0, 0x1,
    0xbd, 0x50, 0x0, 0x0, 0x0, 0x0, 0x0, 0x0,
    0x0, 0x5b, 0x0, 0x0, 0x0, 0x0, 0x0, 0x0,
    0x0, 0x0, 0x4, 0xfd, 0xa0, 0x0, 0x0, 0x0,
    0x0, 0x0, 0x0, 0x0, 0x23, 0x10, 0x0, 0x0,
    0x0, 0x0, 0x0, 0x0, 0x0, 0x0, 0x2, 0x20,
    0x0, 0x0, 0x0, 0x0, 0x0, 0x0, 0x0, 0x3,
    0xfe, 0x0, 0x0, 0x0, 0x0, 0x0, 0x0, 0x0,
    0x0, 0x3f, 0xe0, 0x0, 0x0, 0x0, 0x3c, 0xfc,
    0x20, 0x0, 0x3, 0xfe, 0x0, 0x0, 0x0, 0x5f,
    0xff, 0xfd, 0x0, 0x0, 0x3f, 0xe0, 0x0, 0x0,
    0x1f, 0xf4, 0x9, 0xf9, 0x0, 0x3, 0xfe, 0x8e,
    0x40, 0x5, 0xfa, 0x0, 0xc, 0xf6, 0x0, 0x3f,
    0xec, 0xf2, 0x0, 0x3f, 0xf9, 0x30, 0x1e, 0xfc,
    0xbc, 0xfe, 0xef, 0x10, 0x0, 0x7e, 0xff, 0xb0,
    0x2b, 0xff, 0xff, 0xee, 0xf2, 0x0, 0x0, 0x4,
    0xef, 0x40, 0x0, 0x0, 0x0, 0xbf, 0xc1, 0x0,
    0x0, 0x4e, 0xf3, 0x0, 0x0, 0x0, 0x3, 0xff,
    0xff, 0xff, 0xff, 0xfa, 0x0, 0x0, 0x0, 0x0,
    0x3, 0x9b, 0xbb, 0xba, 0x94, 0x0, 0x0, 0x0,
    0x0, 0x0, 0x0, 0x0, 0x0, 0x0, 0x0, 0x0,
    0x0, 0x0, 0x0, 0x0, 0x0, 0x9e, 0x10, 0x0,
    0x0, 0x0, 0x0, 0x0, 0x0, 0x0, 0xa, 0xf2,
    0x0, 0x0, 0x0, 0x0, 0x0, 0x0, 0x0, 0x0,
    0x1, 0x0, 0x0, 0x0, 0x0, 0x0, 0x0, 0x0,
    0x0, 0x9, 0xe1, 0x0, 0x0, 0x0, 0x0, 0x0,
    0x0, 0x0, 0x0, 0xaf, 0x20, 0x0, 0x0, 0x0,
    0x0, 0x0, 0x0, 0x0, 0x0, 0x10, 0x0, 0x0,
    0x0, 0x0, 0x0, 0x0,

    /* U+FBF7 "ﯷ" */
    0x0, 0x0, 0x0, 0x0, 0x0, 0x0, 0x0, 0x1,
    0xbd, 0x50, 0x0, 0x0, 0x0, 0x0, 0x0, 0x0,
    0x0, 0x0, 0x5, 0xb0, 0x0, 0x0, 0x0, 0x0,
    0x0, 0x0, 0x0, 0x0, 0x0, 0x4, 0xfc, 0xa0,
    0x0, 0x0, 0x0, 0x0, 0x0, 0x0, 0x0, 0x0,
    0x2, 0x30, 0x0, 0x0, 0x0, 0x0, 0x0, 0x0,
    0x0, 0x0, 0x0, 0x0, 0x0, 0x0, 0x0, 0x0,
    0x0, 0x0, 0x0, 0x0, 0x0, 0x0, 0x0, 0x2f,
    0xd0, 0x0, 0x0, 0x0, 0x0, 0x0, 0x0, 0x0,
    0x0, 0x0, 0x3f, 0xe0, 0x0, 0x0, 0x0, 0x0,
    0x3, 0xcf, 0xc2, 0x0, 0x0, 0x3f, 0xe0, 0x0,
    0x0, 0x0, 0x0, 0x5f, 0xff, 0xfd, 0x0, 0x0,
    0x3f, 0xe0, 0x0, 0x0, 0x0, 0x1, 0xff, 0x40,
    0x9f, 0x90, 0x0, 0x3f, 0xe0, 0x0, 0x8e, 0x40,
    0x5, 0xfa, 0x0, 0xc, 0xf6, 0x0, 0x3f, 0xe0,
    0x0, 0xcf, 0x20, 0x3, 0xff, 0x93, 0x1, 0xef,
    0xcb, 0xcf, 0xfb, 0xb0, 0xef, 0x10, 0x0, 0x7e,
    0xff, 0xb0, 0x2b, 0xff, 0xff, 0xff, 0xf0, 0xef,
    0x20, 0x0, 0x0, 0x4e, 0xf4, 0x0, 0x0, 0x0,
    0x0, 0x0, 0xbf, 0xc1, 0x0, 0x0, 0x4e, 0xf3,
    0x0, 0x0, 0x0, 0x0, 0x0, 0x3f, 0xff, 0xff,
    0xff, 0xff, 0xa0, 0x0, 0x0, 0x0, 0x0, 0x0,
    0x3, 0x9b, 0xbb, 0xba, 0x94, 0x0, 0x0, 0x0,
    0x0, 0x0, 0x0, 0x0, 0x0, 0x0, 0x0, 0x0,
    0x0, 0x0, 0x0, 0x0, 0x0, 0x0, 0x0, 0x0,
    0x9e, 0x10, 0x0, 0x0, 0x0, 0x0, 0x0, 0x0,
    0x0, 0x0, 0x0, 0xaf, 0x20, 0x0, 0x0, 0x0,
    0x0, 0x0, 0x0, 0x0, 0x0, 0x0, 0x1, 0x0,
    0x0, 0x0, 0x0, 0x0, 0x0, 0x0, 0x0, 0x0,
    0x0, 0x9e, 0x10, 0x0, 0x0, 0x0, 0x0, 0x0,
    0x0, 0x0, 0x0, 0x0, 0xaf, 0x20, 0x0, 0x0,
    0x0, 0x0, 0x0, 0x0, 0x0, 0x0, 0x0, 0x1,
    0x0, 0x0, 0x0, 0x0, 0x0, 0x0, 0x0, 0x0,

    /* U+FBF8 "ﯸ" */
    0x0, 0x0, 0x0, 0x0, 0x1c, 0xd5, 0x0, 0x0,
    0x0, 0x0, 0x5b, 0x0, 0x0, 0x0, 0x0, 0x0,
    0x5f, 0xd9, 0x0, 0x0, 0x0, 0x0, 0x23, 0x10,
    0x0, 0x2, 0x42, 0x0, 0x0, 0x43, 0x0, 0x9,
    0xf8, 0x0, 0x3, 0xfd, 0x0, 0x9, 0xf8, 0x0,
    0x3, 0xfd, 0x0, 0x9, 0xf8, 0x0, 0x3, 0xfd,
    0x0, 0x9, 0xf8, 0x0, 0x3, 0xfd, 0x0, 0x9,
    0xf8, 0x0, 0x3, 0xfd, 0x0, 0x9, 0xf8, 0x0,
    0x3, 0xfd, 0x1b, 0xbd, 0xfd, 0xbb, 0xbc, 0xfd,
    0x2f, 0xff, 0xff, 0xff, 0xff, 0xfd, 0x0, 0x0,
    0x0, 0x0, 0x0, 0x0, 0x0, 0x0, 0x10, 0x0,
    0x0, 0x0, 0x0, 0xc, 0xf1, 0x0, 0x0, 0x0,
    0x0, 0xb, 0xe0, 0x0, 0x0, 0x0, 0x0, 0x0,
    0x10, 0x0, 0x0, 0x0, 0x0, 0xc, 0xf1, 0x0,
    0x0, 0x0, 0x0, 0xb, 0xe0, 0x0, 0x0, 0x0,

    /* U+FBF9 "ﯹ" */
    0x0, 0x0, 0x0, 0x0, 0x0, 0x0, 0x0, 0x1,
    0xbd, 0x50, 0x0, 0x0, 0x0, 0x0, 0x0, 0x0,
    0x0, 0x5b, 0x0, 0x0, 0x0, 0x0, 0x0, 0x0,
    0x0, 0x0, 0x4, 0xfd, 0xa0, 0x0, 0x0, 0x0,
    0x0, 0x0, 0x0, 0x0, 0x23, 0x10, 0x0, 0x0,
    0x0, 0x0, 0x0, 0x0, 0x0, 0x0, 0x2, 0x20,
    0x0, 0x0, 0x0, 0x0, 0x0, 0x0, 0x0, 0x3,
    0xfe, 0x0, 0x0, 0x0, 0x0, 0x0, 0x0, 0x0,
    0x0, 0x3f, 0xe0, 0x0, 0x0, 0x0, 0x3c, 0xfc,
    0x20, 0x0, 0x3, 0xfe, 0x0, 0x0, 0x0, 0x5f,
    0xff, 0xfd, 0x0, 0x0, 0x3f, 0xe0, 0x0, 0x0,
    0x1f, 0xf4, 0x9, 0xf9, 0x0, 0x3, 0xfe, 0x8e,
    0x40, 0x5, 0xfa, 0x0, 0xc, 0xf6, 0x0, 0x3f,
    0xec, 0xf2, 0x0, 0x3f, 0xf9, 0x30, 0x1e, 0xfc,
    0xbc, 0xfe, 0xef, 0x10, 0x0, 0x7e, 0xff, 0xb0,
    0x2b, 0xff, 0xff, 0xee, 0xf2, 0x0, 0x0, 0x4,
    0xef, 0x40, 0x0, 0x0, 0x0, 0xbf, 0xc1, 0x0,
    0x0, 0x4e, 0xf3, 0x0, 0x0, 0x0, 0x3, 0xff,
    0xff, 0xff, 0xff, 0xfa, 0x0, 0x0, 0x0, 0x0,
    0x3, 0x9b, 0xbb, 0xba, 0x94, 0x0, 0x0, 0x0,
    0x0, 0x0,

    /* U+FBFA "ﯺ" */
    0x0, 0x0, 0x0, 0x0, 0x0, 0x0, 0x0, 0x1,
    0xbd, 0x50, 0x0, 0x0, 0x0, 0x0, 0x0, 0x0,
    0x0, 0x0, 0x5, 0xb0, 0x0, 0x0, 0x0, 0x0,
    0x0, 0x0, 0x0, 0x0, 0x0, 0x4, 0xfc, 0xa0,
    0x0, 0x0, 0x0, 0x0, 0x0, 0x0, 0x0, 0x0,
    0x2, 0x30, 0x0, 0x0, 0x0, 0x0, 0x0, 0x0,
    0x0, 0x0, 0x0, 0x0, 0x0, 0x0, 0x0, 0x0,
    0x0, 0x0, 0x0, 0x0, 0x0, 0x0, 0x0, 0x2f,
    0xd0, 0x0, 0x0, 0x0, 0x0, 0x0, 0x0, 0x0,
    0x0, 0x0, 0x3f, 0xe0, 0x0, 0x0, 0x0, 0x0,
    0x3, 0xcf, 0xc2, 0x0, 0x0, 0x3f, 0xe0, 0x0,
    0x0, 0x0, 0x0, 0x5f, 0xff, 0xfd, 0x0, 0x0,
    0x3f, 0xe0, 0x0, 0x0, 0x0, 0x1, 0xff, 0x40,
    0x9f, 0x90, 0x0, 0x3f, 0xe0, 0x0, 0x8e, 0x40,
    0x5, 0xfa, 0x0, 0xc, 0xf6, 0x0, 0x3f, 0xe0,
    0x0, 0xcf, 0x20, 0x3, 0xff, 0x93, 0x1, 0xef,
    0xcb, 0xcf, 0xfb, 0xb0, 0xef, 0x10, 0x0, 0x7e,
    0xff, 0xb0, 0x2b, 0xff, 0xff, 0xff, 0xf0, 0xef,
    0x20, 0x0, 0x0, 0x4e, 0xf4, 0x0, 0x0, 0x0,
    0x0, 0x0, 0xbf, 0xc1, 0x0, 0x0, 0x4e, 0xf3,
    0x0, 0x0, 0x0, 0x0, 0x0, 0x3f, 0xff, 0xff,
    0xff, 0xff, 0xa0, 0x0, 0x0, 0x0, 0x0, 0x0,
    0x3, 0x9b, 0xbb, 0xba, 0x94, 0x0, 0x0, 0x0,
    0x0, 0x0, 0x0,

    /* U+FBFB "ﯻ" */
    0x0, 0x0, 0x0, 0x0, 0xad, 0x80, 0x0, 0x0,
    0x0, 0x2, 0xe0, 0x0, 0x0, 0x0, 0x0, 0x3,
    0xed, 0xc0, 0x0, 0x0, 0x0, 0x2, 0x31, 0x0,
    0x0, 0x4, 0x40, 0x0, 0x4, 0x40, 0x0, 0xf,
    0xf0, 0x0, 0xf, 0xf0, 0x0, 0xf, 0xf0, 0x0,
    0xf, 0xf0, 0x0, 0xf, 0xf0, 0x0, 0xf, 0xf0,
    0x0, 0xf, 0xf0, 0x0, 0xf, 0xf0, 0x0, 0xf,
    0xf0, 0x0, 0xf, 0xf0, 0x0, 0xf, 0xf0, 0x0,
    0xf, 0xf0, 0x1b, 0xbf, 0xfb, 0xbb, 0xbf, 0xf0,
    0x2f, 0xff, 0xff, 0xff, 0xff, 0xf0,

    /* U+FBFC "ﯼ" */
    0x0, 0x0, 0x0, 0x0, 0x5b, 0xd8, 0x0, 0x0,
    0x0, 0x0, 0xaf, 0xff, 0xe0, 0x0, 0x0, 0x0,
    0xaf, 0xc3, 0x12, 0x0, 0x0, 0x0, 0x4f, 0xc0,
    0x0, 0x0, 0x0, 0x0, 0x9, 0xf6, 0x0, 0x0,
    0x6, 0xc3, 0x0, 0x7f, 0xe5, 0x0, 0x0, 0xcf,
    0x20, 0x0, 0x9f, 0xf9, 0x0, 0xe, 0xf1, 0x0,
    0x0, 0x4e, 0xfb, 0x0, 0xff, 0x20, 0x0, 0x0,
    0x1d, 0xf5, 0xc, 0xf8, 0x0, 0x0, 0x0, 0xcf,
    0x60, 0x6f, 0xfc, 0xbb, 0xbb, 0xef, 0xf1, 0x0,
    0x7e, 0xff, 0xff, 0xfd, 0x92, 0x0,

    /* U+FBFD "ﯽ" */
    0x0, 0x0, 0x0, 0x3, 0xcf, 0xc2, 0x0, 0x0,
    0x0, 0x0, 0x0, 0x5f, 0xff, 0xfd, 0x0, 0x0,
    0x0, 0x0, 0x1, 0xff, 0x40, 0x9f, 0x90, 0x0,
    0x8e, 0x40, 0x5, 0xfa, 0x0, 0xc, 0xf6, 0x0,
    0xcf, 0x20, 0x3, 0xff, 0x93, 0x1, 0xef, 0xc0,
    0xef, 0x10, 0x0, 0x7e, 0xff, 0xb0, 0x2b, 0xf0,
    0xef, 0x20, 0x0, 0x0, 0x4e, 0xf4, 0x0, 0x0,
    0xbf, 0xc1, 0x0, 0x0, 0x4e, 0xf3, 0x0, 0x0,
    0x3f, 0xff, 0xff, 0xff, 0xff, 0xa0, 0x0, 0x0,
    0x3, 0x9b, 0xbb, 0xba, 0x94, 0x0, 0x0, 0x0,

    /* U+FBFE "ﯾ" */
    0x0, 0x3, 0xfe, 0x0, 0x0, 0x3f, 0xe0, 0x0,
    0x3, 0xfe, 0x0, 0x0, 0x3f, 0xe0, 0x0, 0x3,
    0xfe, 0x0, 0x0, 0x3f, 0xe0, 0x1b, 0xbc, 0xfe,
    0x2, 0xff, 0xff, 0xe0, 0x0, 0x0, 0x0, 0x0,
    0x4f, 0x58, 0xe2, 0x5, 0xf7, 0xaf, 0x20, 0x2,
    0x0, 0x10,

    /* U+FBFF "ﯿ" */
    0x0, 0x9, 0xf8, 0x0, 0x0, 0x9, 0xf8, 0x0,
    0x0, 0x9, 0xf8, 0x0, 0x0, 0x9, 0xf8, 0x0,
    0x0, 0x9, 0xf8, 0x0, 0x0, 0x9, 0xf8, 0x0,
    0x1b, 0xbd, 0xfd, 0xba, 0x2f, 0xff, 0xff, 0xff,
    0x0, 0x0, 0x0, 0x0, 0x1, 0xe9, 0x4f, 0x50,
    0x2, 0xfa, 0x6f, 0x60, 0x0, 0x10, 0x2, 0x0,

    /* U+FC00 "ﰀ" */
    0x0, 0x0, 0x0, 0x0, 0x0, 0x9, 0xda, 0x0,
    0x0, 0x0, 0x0, 0x0, 0x0, 0xf0, 0x0, 0x0,
    0x0, 0x0, 0x0, 0x0, 0x1d, 0xde, 0x0, 0x0,
    0x0, 0x0, 0x0, 0x1, 0x42, 0x0, 0x0, 0x0,
    0x0, 0x0, 0x0, 0x0, 0x0, 0x0, 0x8c, 0xff,
    0xd7, 0x0, 0x0, 0xe, 0xf2, 0xd, 0xd9, 0x9f,
    0xf6, 0x0, 0x0, 0xef, 0x20, 0x10, 0x0, 0x3f,
    0xe0, 0x0, 0xe, 0xf2, 0x0, 0x0, 0x0, 0xdf,
    0x10, 0x0, 0xef, 0x20, 0x0, 0x0, 0x8, 0xf6,
    0x0, 0xe, 0xf2, 0x0, 0x0, 0x49, 0xef, 0xd0,
    0x0, 0xef, 0x20, 0x3, 0xdf, 0xfc, 0xcf, 0xdb,
    0xbf, 0xf2, 0x5, 0xff, 0x71, 0x1, 0xaf, 0xff,
    0xff, 0x20, 0xff, 0x30, 0x0, 0x0, 0x0, 0x0,
    0x0, 0x4f, 0xc0, 0x0, 0x0, 0x0, 0x0, 0x0,
    0x3, 0xfe, 0x10, 0x4, 0xf5, 0x0, 0x0, 0x0,
    0xd, 0xff, 0x70, 0x6f, 0x60, 0x0, 0x0, 0x0,
    0x1a, 0xe6, 0x0, 0x20, 0x0, 0x0, 0x0,

    /* U+FC01 "ﰁ" */
    0x0, 0x0, 0x0, 0x0, 0x0, 0x9, 0xda, 0x0,
    0x0, 0x0, 0x0, 0x0, 0x0, 0xf0, 0x0, 0x0,
    0x0, 0x0, 0x0, 0x0, 0x1d, 0xde, 0x0, 0x0,
    0x0, 0x0, 0x0, 0x1, 0x42, 0x0, 0x0, 0x0,
    0x0, 0x0, 0x0, 0x0, 0x0, 0x0, 0x8c, 0xff,
    0xd6, 0x0, 0x0, 0xe, 0xf2, 0xd, 0xd9, 0x9f,
    0xf6, 0x0, 0x0, 0xef, 0x20, 0x10, 0x0, 0x3f,
    0xe0, 0x0, 0xe, 0xf2, 0x0, 0x0, 0x0, 0xdf,
    0x10, 0x0, 0xef, 0x20, 0x0, 0x0, 0x8, 0xf6,
    0x0, 0xe, 0xf2, 0x0, 0x0, 0x49, 0xef, 0xd0,
    0x0, 0xef, 0x20, 0x3, 0xdf, 0xfc, 0xcf, 0xdb,
    0xbf, 0xf2, 0x5, 0xff, 0x71, 0x1, 0xaf, 0xff,
    0xff, 0x20, 0xff, 0x30, 0x0, 0x0, 0x0, 0x0,
    0x0, 0x4f, 0xc0, 0x0, 0x0, 0x0, 0x0, 0x0,
    0x3, 0xff, 0x10, 0x0, 0x0, 0x0, 0x0, 0x0,
    0xd, 0xff, 0xbc, 0xe3, 0x0, 0x0, 0x0, 0x0,
    0x1a, 0xef, 0xeb, 0x20, 0x0, 0x0, 0x0,

    /* U+FC02 "ﰂ" */
    0x0, 0x0, 0x0, 0x0, 0x0, 0x4, 0xdd, 0x10,
    0x0, 0x0, 0x0, 0x0, 0x0, 0x97, 0x0, 0x0,
    0x0, 0x0, 0x0, 0x0, 0x8, 0xed, 0x60, 0x0,
    0x0, 0x0, 0x0, 0x0, 0x42, 0x0, 0x0, 0x0,
    0x0, 0x0, 0x0, 0x0, 0x0, 0x0, 0x1, 0x9e,
    0xfd, 0x60, 0x0, 0x8, 0xf9, 0x0, 0xdf, 0xec,
    0xff, 0x70, 0x0, 0x8f, 0x90, 0x2f, 0xc0, 0x4,
    0xfe, 0x0, 0x8, 0xf9, 0x5, 0xf9, 0x0, 0xf,
    0xf2, 0x0, 0x8f, 0x90, 0x5f, 0xa0, 0x0, 0xff,
    0x10, 0x8, 0xf9, 0x2, 0xfc, 0x0, 0x8f, 0xf0,
    0x0, 0x8f, 0x91, 0x9f, 0xfb, 0xdf, 0xff, 0xeb,
    0xbd, 0xf9, 0xbf, 0xff, 0xff, 0xc4, 0x6d, 0xff,
    0xff, 0x9f, 0xf4, 0x0, 0x0, 0x0, 0x0, 0x0,
    0x0, 0xff, 0x10, 0x0, 0x0, 0x0, 0x0, 0x0,
    0xf, 0xf1, 0x0, 0x0, 0x0, 0x0, 0x0, 0x0,
    0xff, 0x10, 0x0, 0x0, 0x0, 0x0, 0x0, 0xf,
    0xf1, 0x0, 0x0, 0x0, 0x0, 0x0, 0x0, 0x12,
    0x0, 0x0, 0x0, 0x0, 0x0, 0x0, 0x0,

    /* U+FC03 "ﰃ" */
    0x0, 0x0, 0x0, 0x0, 0x0, 0x0, 0x0, 0x1,
    0xbd, 0x50, 0x0, 0x0, 0x0, 0x0, 0x0, 0x0,
    0x0, 0x5b, 0x0, 0x0, 0x0, 0x0, 0x0, 0x0,
    0x0, 0x0, 0x4, 0xfd, 0xa0, 0x0, 0x0, 0x0,
    0x0, 0x0, 0x0, 0x0, 0x23, 0x10, 0x0, 0x0,
    0x0, 0x0, 0x0, 0x0, 0x0, 0x0, 0x2, 0x20,
    0x0, 0x0, 0x0, 0x0, 0x0, 0x0, 0x0, 0x3,
    0xfe, 0x0, 0x0, 0x0, 0x0, 0x0, 0x0, 0x0,
    0x0, 0x3f, 0xe0, 0x0, 0x0, 0x0, 0x3c, 0xfc,
    0x20, 0x0, 0x3, 0xfe, 0x0, 0x0, 0x0, 0x5f,
    0xff, 0xfd, 0x0, 0x0, 0x3f, 0xe0, 0x0, 0x0,
    0x1f, 0xf4, 0x9, 0xf9, 0x0, 0x3, 0xfe, 0x8e,
    0x40, 0x5, 0xfa, 0x0, 0xc, 0xf6, 0x0, 0x3f,
    0xec, 0xf2, 0x0, 0x3f, 0xf9, 0x30, 0x1e, 0xfc,
    0xbc, 0xfe, 0xef, 0x10, 0x0, 0x7e, 0xff, 0xb0,
    0x2b, 0xff, 0xff, 0xee, 0xf2, 0x0, 0x0, 0x4,
    0xef, 0x40, 0x0, 0x0, 0x0, 0xbf, 0xc1, 0x0,
    0x0, 0x4e, 0xf3, 0x0, 0x0, 0x0, 0x3, 0xff,
    0xff, 0xff, 0xff, 0xfa, 0x0, 0x0, 0x0, 0x0,
    0x3, 0x9b, 0xbb, 0xba, 0x94, 0x0, 0x0, 0x0,
    0x0, 0x0,

    /* U+FC04 "ﰄ" */
    0x0, 0x0, 0x0, 0x0, 0x0, 0x0, 0x0, 0x1,
    0xbd, 0x50, 0x0, 0x0, 0x0, 0x0, 0x0, 0x0,
    0x0, 0x5b, 0x0, 0x0, 0x0, 0x0, 0x0, 0x0,
    0x0, 0x0, 0x4, 0xfd, 0xa0, 0x0, 0x0, 0x0,
    0x0, 0x0, 0x0, 0x0, 0x23, 0x10, 0x0, 0x0,
    0x0, 0x0, 0x0, 0x0, 0x0, 0x0, 0x2, 0x20,
    0x0, 0x0, 0x0, 0x0, 0x0, 0x0, 0x0, 0x3,
    0xfe, 0x0, 0x0, 0x0, 0x0, 0x0, 0x0, 0x0,
    0x0, 0x3f, 0xe0, 0x0, 0x0, 0x0, 0x3c, 0xfc,
    0x20, 0x0, 0x3, 0xfe, 0x0, 0x0, 0x0, 0x5f,
    0xff, 0xfd, 0x0, 0x0, 0x3f, 0xe0, 0x0, 0x0,
    0x1f, 0xf4, 0x9, 0xf9, 0x0, 0x3, 0xfe, 0x8e,
    0x40, 0x5, 0xfa, 0x0, 0xc, 0xf6, 0x0, 0x3f,
    0xec, 0xf2, 0x0, 0x3f, 0xf9, 0x30, 0x1e, 0xfc,
    0xbc, 0xfe, 0xef, 0x10, 0x0, 0x7e, 0xff, 0xb0,
    0x2b, 0xff, 0xff, 0xee, 0xf2, 0x0, 0x0, 0x4,
    0xef, 0x40, 0x0, 0x0, 0x0, 0xbf, 0xc1, 0x0,
    0x0, 0x4e, 0xf3, 0x0, 0x0, 0x0, 0x3, 0xff,
    0xff, 0xff, 0xff, 0xfa, 0x0, 0x0, 0x0, 0x0,
    0x3, 0x9b, 0xbb, 0xba, 0x94, 0x0, 0x0, 0x0,
    0x0, 0x0, 0x0, 0x0, 0x0, 0x0, 0x0, 0x0,
    0x0, 0x0, 0x0, 0x0, 0xd, 0xb3, 0xf7, 0x0,
    0x0, 0x0, 0x0, 0x0, 0x0, 0x0, 0xfd, 0x4f,
    0x80, 0x0, 0x0, 0x0, 0x0, 0x0, 0x0, 0x1,
    0x0, 0x20, 0x0, 0x0, 0x0, 0x0, 0x0, 0x0,

    /* U+FC05 "ﰅ" */
    0x8, 0xcf, 0xfd, 0x70, 0x0, 0x0, 0xef, 0x20,
    0xdd, 0x99, 0xff, 0x60, 0x0, 0xe, 0xf2, 0x1,
    0x0, 0x3, 0xfe, 0x0, 0x0, 0xef, 0x20, 0x0,
    0x0, 0xd, 0xf1, 0x0, 0xe, 0xf2, 0x0, 0x0,
    0x0, 0x8f, 0x60, 0x0, 0xef, 0x20, 0x0, 0x4,
    0x9e, 0xfd, 0x0, 0xe, 0xf2, 0x0, 0x3d, 0xff,
    0xcc, 0xfd, 0xbb, 0xff, 0x20, 0x5f, 0xf7, 0x10,
    0x1a, 0xff, 0xff, 0xf2, 0xf, 0xf3, 0x0, 0x0,
    0x0, 0x0, 0x0, 0x4, 0xfc, 0x0, 0x0, 0x0,
    0x0, 0x1, 0x0, 0x3f, 0xe1, 0x0, 0x4f, 0x50,
    0xb, 0xf1, 0x0, 0xdf, 0xf7, 0x6, 0xf6, 0x0,
    0x9e, 0x10, 0x1, 0xae, 0x60, 0x2, 0x0, 0x0,
    0x0, 0x0,

    /* U+FC06 "ﰆ" */
    0x8, 0xcf, 0xfd, 0x60, 0x0, 0x0, 0xef, 0x20,
    0xdd, 0x99, 0xff, 0x60, 0x0, 0xe, 0xf2, 0x1,
    0x0, 0x3, 0xfe, 0x0, 0x0, 0xef, 0x20, 0x0,
    0x0, 0xd, 0xf1, 0x0, 0xe, 0xf2, 0x0, 0x0,
    0x0, 0x8f, 0x60, 0x0, 0xef, 0x20, 0x0, 0x4,
    0x9e, 0xfd, 0x0, 0xe, 0xf2, 0x0, 0x3d, 0xff,
    0xcc, 0xfd, 0xbb, 0xff, 0x20, 0x5f, 0xf7, 0x10,
    0x1a, 0xff, 0xff, 0xf2, 0xf, 0xf3, 0x0, 0x0,
    0x0, 0x0, 0x0, 0x4, 0xfc, 0x0, 0x0, 0x0,
    0x0, 0x1, 0x0, 0x3f, 0xf1, 0x0, 0x0, 0x0,
    0xb, 0xf1, 0x0, 0xdf, 0xfb, 0xcd, 0x30, 0x0,
    0x9e, 0x10, 0x1, 0xae, 0xfe, 0xc3, 0x0, 0x0,
    0x0, 0x0,

    /* U+FC07 "ﰇ" */
    0x0, 0x9, 0xe1, 0x0, 0x0, 0x0, 0x0, 0x0,
    0x0, 0xbf, 0x20, 0x0, 0x0, 0x0, 0x0, 0x0,
    0x0, 0x10, 0x0, 0x0, 0x0, 0x0, 0x0, 0x0,
    0x0, 0x0, 0x0, 0x0, 0x0, 0x0, 0x8, 0xcf,
    0xfd, 0x60, 0x0, 0x0, 0xef, 0x20, 0xdd, 0x99,
    0xff, 0x60, 0x0, 0xe, 0xf2, 0x1, 0x0, 0x3,
    0xfe, 0x0, 0x0, 0xef, 0x20, 0x0, 0x0, 0xd,
    0xf1, 0x0, 0xe, 0xf2, 0x0, 0x0, 0x0, 0x8f,
    0x60, 0x0, 0xef, 0x20, 0x0, 0x4, 0x9e, 0xfd,
    0x0, 0xe, 0xf2, 0x0, 0x3d, 0xff, 0xcc, 0xfd,
    0xbb, 0xff, 0x20, 0x5f, 0xf7, 0x10, 0x1a, 0xff,
    0xff, 0xf2, 0xf, 0xf3, 0x0, 0x0, 0x0, 0x0,
    0x0, 0x4, 0xfc, 0x0, 0x0, 0x0, 0x0, 0x1,
    0x0, 0x3f, 0xf1, 0x0, 0x0, 0x0, 0xb, 0xf1,
    0x0, 0xdf, 0xfb, 0xcd, 0x30, 0x0, 0x9e, 0x10,
    0x1, 0xae, 0xfe, 0xc3, 0x0, 0x0, 0x0, 0x0,

    /* U+FC08 "ﰈ" */
    0x0, 0x19, 0xef, 0xd6, 0x0, 0x0, 0x8f, 0x90,
    0xd, 0xfe, 0xcf, 0xf7, 0x0, 0x8, 0xf9, 0x2,
    0xfc, 0x0, 0x4f, 0xe0, 0x0, 0x8f, 0x90, 0x5f,
    0x90, 0x0, 0xff, 0x20, 0x8, 0xf9, 0x5, 0xfa,
    0x0, 0xf, 0xf1, 0x0, 0x8f, 0x90, 0x2f, 0xc0,
    0x8, 0xff, 0x0, 0x8, 0xf9, 0x19, 0xff, 0xbd,
    0xff, 0xfe, 0xbb, 0xdf, 0x9b, 0xff, 0xff, 0xfc,
    0x46, 0xdf, 0xff, 0xf9, 0xff, 0x40, 0x0, 0x0,
    0x0, 0x0, 0x0, 0xf, 0xf1, 0x0, 0x0, 0x0,
    0x0, 0x2, 0x0, 0xff, 0x10, 0x0, 0x0, 0x0,
    0x5, 0xf7, 0xf, 0xf1, 0x0, 0x0, 0x0, 0x0,
    0x4f, 0x60, 0xff, 0x10, 0x0, 0x0, 0x0, 0x0,
    0x0, 0x1, 0x20, 0x0, 0x0, 0x0, 0x0, 0x0,
    0x0,

    /* U+FC09 "ﰉ" */
    0x0, 0x0, 0x0, 0x0, 0x0, 0x0, 0x0, 0x0,
    0x3f, 0xe0, 0x0, 0x0, 0x0, 0x0, 0x0, 0x0,
    0x0, 0x3, 0xfe, 0x0, 0x0, 0x0, 0x3, 0xcf,
    0xc2, 0x0, 0x0, 0x3f, 0xe0, 0x0, 0x0, 0x5,
    0xff, 0xff, 0xd0, 0x0, 0x3, 0xfe, 0x0, 0x0,
    0x1, 0xff, 0x40, 0x9f, 0x90, 0x0, 0x3f, 0xe8,
    0xe4, 0x0, 0x5f, 0xa0, 0x0, 0xcf, 0x60, 0x3,
    0xfe, 0xcf, 0x20, 0x3, 0xff, 0x94, 0x1, 0xef,
    0xcb, 0xcf, 0xee, 0xf1, 0x0, 0x7, 0xef, 0xfb,
    0x2, 0xbf, 0xff, 0xfe, 0xef, 0x20, 0x0, 0x0,
    0x4e, 0xf4, 0x0, 0x0, 0x0, 0xb, 0xfc, 0x10,
    0x0, 0x4, 0xef, 0x30, 0x0, 0x6, 0x40, 0x3f,
    0xff, 0xff, 0xff, 0xff, 0xa0, 0x0, 0x1, 0xfd,
    0x0, 0x29, 0xbb, 0xbb, 0xa8, 0x40, 0x0, 0x0,
    0x9, 0x60,

    /* U+FC0A "ﰊ" */
    0x0, 0x0, 0x0, 0x0, 0x0, 0x0, 0x0, 0x0,
    0x3f, 0xe0, 0x0, 0x0, 0x0, 0x0, 0x0, 0x0,
    0x0, 0x3, 0xfe, 0x0, 0x0, 0x0, 0x3, 0xcf,
    0xc2, 0x0, 0x0, 0x3f, 0xe0, 0x0, 0x0, 0x5,
    0xff, 0xff, 0xd0, 0x0, 0x3, 0xfe, 0x0, 0x0,
    0x1, 0xff, 0x40, 0x9f, 0x90, 0x0, 0x3f, 0xe8,
    0xe4, 0x0, 0x5f, 0xa0, 0x0, 0xcf, 0x60, 0x3,
    0xfe, 0xcf, 0x20, 0x3, 0xff, 0x94, 0x1, 0xef,
    0xcb, 0xcf, 0xee, 0xf1, 0x0, 0x7, 0xef, 0xfb,
    0x2, 0xbf, 0xff, 0xfe, 0xef, 0x20, 0x0, 0x0,
    0x4e, 0xf4, 0x0, 0x0, 0x0, 0xb, 0xfc, 0x10,
    0x0, 0x4, 0xef, 0x30, 0x0, 0x6, 0x40, 0x3f,
    0xff, 0xff, 0xff, 0xff, 0xa0, 0x0, 0x1, 0xfd,
    0x0, 0x29, 0xbb, 0xbb, 0xa8, 0x40, 0x0, 0x0,
    0x9, 0x60, 0x0, 0x0, 0x0, 0x0, 0x0, 0x0,
    0x0, 0x0, 0x0, 0x0, 0x0, 0xdb, 0x3f, 0x70,
    0x0, 0x0, 0x0, 0x0, 0x0, 0x0, 0xf, 0xd4,
    0xf8, 0x0, 0x0, 0x0, 0x0, 0x0, 0x0, 0x0,
    0x10, 0x2, 0x0, 0x0, 0x0, 0x0, 0x0, 0x0,

    /* U+FC0B "ﰋ" */
    0x0, 0x0, 0x0, 0x0, 0x0, 0x9e, 0x1d, 0xb0,
    0x0, 0x0, 0x0, 0x0, 0xb, 0xf2, 0xed, 0x0,
    0x0, 0x0, 0x0, 0x0, 0x1, 0x1, 0x10, 0x0,
    0x0, 0x0, 0x0, 0x0, 0x0, 0x0, 0x8, 0xcf,
    0xfd, 0x70, 0x0, 0x0, 0xef, 0x20, 0xdd, 0x99,
    0xff, 0x60, 0x0, 0xe, 0xf2, 0x1, 0x0, 0x3,
    0xfe, 0x0, 0x0, 0xef, 0x20, 0x0, 0x0, 0xd,
    0xf1, 0x0, 0xe, 0xf2, 0x0, 0x0, 0x0, 0x8f,
    0x60, 0x0, 0xef, 0x20, 0x0, 0x4, 0x9e, 0xfd,
    0x0, 0xe, 0xf2, 0x0, 0x3d, 0xff, 0xcc, 0xfd,
    0xbb, 0xff, 0x20, 0x5f, 0xf7, 0x10, 0x1a, 0xff,
    0xff, 0xf2, 0xf, 0xf3, 0x0, 0x0, 0x0, 0x0,
    0x0, 0x4, 0xfc, 0x0, 0x0, 0x0, 0x0, 0x0,
    0x0, 0x3f, 0xe1, 0x0, 0x4f, 0x50, 0x0, 0x0,
    0x0, 0xdf, 0xf7, 0x6, 0xf6, 0x0, 0x0, 0x0,
    0x1, 0xae, 0x60, 0x2, 0x0, 0x0, 0x0, 0x0,

    /* U+FC0C "ﰌ" */
    0x0, 0x0, 0x0, 0x0, 0x0, 0x9e, 0x1d, 0xb0,
    0x0, 0x0, 0x0, 0x0, 0xb, 0xf2, 0xed, 0x0,
    0x0, 0x0, 0x0, 0x0, 0x1, 0x1, 0x10, 0x0,
    0x0, 0x0, 0x0, 0x0, 0x0, 0x0, 0x8, 0xcf,
    0xfd, 0x60, 0x0, 0x0, 0xef, 0x20, 0xdd, 0x99,
    0xff, 0x60, 0x0, 0xe, 0xf2, 0x1, 0x0, 0x3,
    0xfe, 0x0, 0x0, 0xef, 0x20, 0x0, 0x0, 0xd,
    0xf1, 0x0, 0xe, 0xf2, 0x0, 0x0, 0x0, 0x8f,
    0x60, 0x0, 0xef, 0x20, 0x0, 0x4, 0x9e, 0xfd,
    0x0, 0xe, 0xf2, 0x0, 0x3d, 0xff, 0xcc, 0xfd,
    0xbb, 0xff, 0x20, 0x5f, 0xf7, 0x10, 0x1a, 0xff,
    0xff, 0xf2, 0xf, 0xf3, 0x0, 0x0, 0x0, 0x0,
    0x0, 0x4, 0xfc, 0x0, 0x0, 0x0, 0x0, 0x0,
    0x0, 0x3f, 0xf1, 0x0, 0x0, 0x0, 0x0, 0x0,
    0x0, 0xdf, 0xfb, 0xce, 0x30, 0x0, 0x0, 0x0,
    0x1, 0xae, 0xfe, 0xb2, 0x0, 0x0, 0x0, 0x0,

    /* U+FC0D "ﰍ" */
    0x0, 0x9, 0xe1, 0x0, 0x0, 0x9e, 0x1d, 0xb0,
    0x0, 0xbf, 0x20, 0x0, 0xb, 0xf2, 0xed, 0x0,
    0x0, 0x10, 0x0, 0x0, 0x1, 0x1, 0x10, 0x0,
    0x0, 0x0, 0x0, 0x0, 0x0, 0x0, 0x8, 0xcf,
    0xfd, 0x60, 0x0, 0x0, 0xef, 0x20, 0xdd, 0x99,
    0xff, 0x60, 0x0, 0xe, 0xf2, 0x1, 0x0, 0x3,
    0xfe, 0x0, 0x0, 0xef, 0x20, 0x0, 0x0, 0xd,
    0xf1, 0x0, 0xe, 0xf2, 0x0, 0x0, 0x0, 0x8f,
    0x60, 0x0, 0xef, 0x20, 0x0, 0x4, 0x9e, 0xfd,
    0x0, 0xe, 0xf2, 0x0, 0x3d, 0xff, 0xcc, 0xfd,
    0xbb, 0xff, 0x20, 0x5f, 0xf7, 0x10, 0x1a, 0xff,
    0xff, 0xf2, 0xf, 0xf3, 0x0, 0x0, 0x0, 0x0,
    0x0, 0x4, 0xfc, 0x0, 0x0, 0x0, 0x0, 0x0,
    0x0, 0x3f, 0xf1, 0x0, 0x0, 0x0, 0x0, 0x0,
    0x0, 0xdf, 0xfb, 0xce, 0x30, 0x0, 0x0, 0x0,
    0x1, 0xae, 0xfe, 0xb2, 0x0, 0x0, 0x0, 0x0,

    /* U+FC0E "ﰎ" */
    0x0, 0x0, 0x0, 0x0, 0x0, 0x3f, 0x67, 0xf3,
    0x0, 0x0, 0x0, 0x0, 0x0, 0x4f, 0x88, 0xf4,
    0x0, 0x0, 0x0, 0x0, 0x0, 0x2, 0x0, 0x20,
    0x0, 0x0, 0x0, 0x0, 0x0, 0x0, 0x0, 0x0,
    0x0, 0x19, 0xef, 0xd6, 0x0, 0x0, 0x8f, 0x90,
    0x0, 0xdf, 0xec, 0xff, 0x70, 0x0, 0x8f, 0x90,
    0x2, 0xfc, 0x0, 0x4f, 0xe0, 0x0, 0x8f, 0x90,
    0x5, 0xf9, 0x0, 0xf, 0xf2, 0x0, 0x8f, 0x90,
    0x5, 0xfa, 0x0, 0xf, 0xf1, 0x0, 0x8f, 0x90,
    0x2, 0xfc, 0x0, 0x8f, 0xf0, 0x0, 0x8f, 0x90,
    0x19, 0xff, 0xbd, 0xff, 0xfe, 0xbb, 0xdf, 0x90,
    0xbf, 0xff, 0xff, 0xc4, 0x6d, 0xff, 0xff, 0x90,
    0xff, 0x40, 0x0, 0x0, 0x0, 0x0, 0x0, 0x0,
    0xff, 0x10, 0x0, 0x0, 0x0, 0x0, 0x0, 0x0,
    0xff, 0x10, 0x0, 0x0, 0x0, 0x0, 0x0, 0x0,
    0xff, 0x10, 0x0, 0x0, 0x0, 0x0, 0x0, 0x0,
    0xff, 0x10, 0x0, 0x0, 0x0, 0x0, 0x0, 0x0,
    0x12, 0x0, 0x0, 0x0, 0x0, 0x0, 0x0, 0x0,

    /* U+FC0F "ﰏ" */
    0x0, 0x0, 0x0, 0x0, 0x0, 0x0, 0x0, 0xd,
    0xb3, 0xf7, 0x0, 0x0, 0x0, 0x0, 0x0, 0x0,
    0x0, 0xf, 0xd4, 0xf8, 0x0, 0x0, 0x0, 0x0,
    0x0, 0x0, 0x0, 0x1, 0x0, 0x20, 0x0, 0x0,
    0x0, 0x0, 0x0, 0x0, 0x0, 0x0, 0x0, 0x0,
    0x0, 0x0, 0x0, 0x0, 0x0, 0x0, 0x0, 0x0,
    0x2d, 0xc0, 0x0, 0x0, 0x0, 0x0, 0x0, 0x0,
    0x0, 0x0, 0x3f, 0xe0, 0x0, 0x0, 0x0, 0x3,
    0xcf, 0xc2, 0x0, 0x0, 0x3f, 0xe0, 0x0, 0x0,
    0x0, 0x5f, 0xff, 0xfd, 0x0, 0x0, 0x3f, 0xe0,
    0x0, 0x0, 0x1, 0xff, 0x40, 0x9f, 0x90, 0x0,
    0x3f, 0xe0, 0x8e, 0x40, 0x5, 0xfa, 0x0, 0xc,
    0xf6, 0x0, 0x3f, 0xe0, 0xcf, 0x20, 0x3, 0xff,
    0x93, 0x1, 0xef, 0xcb, 0xcf, 0xe0, 0xef, 0x10,
    0x0, 0x7e, 0xff, 0xb0, 0x2b, 0xff, 0xff, 0xe0,
    0xef, 0x20, 0x0, 0x0, 0x4e, 0xf4, 0x0, 0x0,
    0x0, 0x0, 0xbf, 0xc1, 0x0, 0x0, 0x4e, 0xf3,
    0x0, 0x0, 0x0, 0x0, 0x3f, 0xff, 0xff, 0xff,
    0xff, 0xa0, 0x0, 0x0, 0x0, 0x0, 0x3, 0x9b,
    0xbb, 0xba, 0x94, 0x0, 0x0, 0x0, 0x0, 0x0,

    /* U+FC10 "ﰐ" */
    0x0, 0x0, 0x0, 0x0, 0x0, 0x0, 0x0, 0xd,
    0xb3, 0xf7, 0x0, 0x0, 0x0, 0x0, 0x0, 0x0,
    0x0, 0xf, 0xd4, 0xf8, 0x0, 0x0, 0x0, 0x0,
    0x0, 0x0, 0x0, 0x1, 0x0, 0x20, 0x0, 0x0,
    0x0, 0x0, 0x0, 0x0, 0x0, 0x0, 0x0, 0x0,
    0x0, 0x0, 0x0, 0x0, 0x0, 0x0, 0x0, 0x0,
    0x2d, 0xc0, 0x0, 0x0, 0x0, 0x0, 0x0, 0x0,
    0x0, 0x0, 0x3f, 0xe0, 0x0, 0x0, 0x0, 0x3,
    0xcf, 0xc2, 0x0, 0x0, 0x3f, 0xe0, 0x0, 0x0,
    0x0, 0x5f, 0xff, 0xfd, 0x0, 0x0, 0x3f, 0xe0,
    0x0, 0x0, 0x1, 0xff, 0x40, 0x9f, 0x90, 0x0,
    0x3f, 0xe0, 0x8e, 0x40, 0x5, 0xfa, 0x0, 0xc,
    0xf6, 0x0, 0x3f, 0xe0, 0xcf, 0x20, 0x3, 0xff,
    0x93, 0x1, 0xef, 0xcb, 0xcf, 0xe0, 0xef, 0x10,
    0x0, 0x7e, 0xff, 0xb0, 0x2b, 0xff, 0xff, 0xe0,
    0xef, 0x20, 0x0, 0x0, 0x4e, 0xf4, 0x0, 0x0,
    0x0, 0x0, 0xbf, 0xc1, 0x0, 0x0, 0x4e, 0xf3,
    0x0, 0x0, 0x0, 0x0, 0x3f, 0xff, 0xff, 0xff,
    0xff, 0xa0, 0x0, 0x0, 0x0, 0x0, 0x3, 0x9b,
    0xbb, 0xba, 0x94, 0x0, 0x0, 0x0, 0x0, 0x0,
    0x0, 0x0, 0x0, 0x0, 0x0, 0x0, 0x0, 0x0,
    0x0, 0x0, 0x0, 0xd, 0xb3, 0xf7, 0x0, 0x0,
    0x0, 0x0, 0x0, 0x0, 0x0, 0xf, 0xd4, 0xf8,
    0x0, 0x0, 0x0, 0x0, 0x0, 0x0, 0x0, 0x1,
    0x0, 0x20, 0x0, 0x0, 0x0, 0x0, 0x0, 0x0,

    /* U+FC11 "ﰑ" */
    0x0, 0x0, 0x0, 0x0, 0x0, 0x2, 0xf5, 0x0,
    0x0, 0x0, 0x0, 0x0, 0x0, 0x2d, 0x40, 0x0,
    0x0, 0x0, 0x0, 0x0, 0x9e, 0x1d, 0xc0, 0x0,
    0x0, 0x0, 0x0, 0xa, 0xf2, 0xed, 0x0, 0x0,
    0x0, 0x0, 0x0, 0x1, 0x1, 0x10, 0x0, 0x0,
    0x0, 0x0, 0x0, 0x0, 0x0, 0x8, 0xcf, 0xfd,
    0x70, 0x0, 0x0, 0xef, 0x20, 0xdd, 0x99, 0xff,
    0x60, 0x0, 0xe, 0xf2, 0x1, 0x0, 0x3, 0xfe,
    0x0, 0x0, 0xef, 0x20, 0x0, 0x0, 0xd, 0xf1,
    0x0, 0xe, 0xf2, 0x0, 0x0, 0x0, 0x8f, 0x60,
    0x0, 0xef, 0x20, 0x0, 0x4, 0x9e, 0xfd, 0x0,
    0xe, 0xf2, 0x0, 0x3d, 0xff, 0xcc, 0xfd, 0xbb,
    0xff, 0x20, 0x5f, 0xf7, 0x10, 0x1a, 0xff, 0xff,
    0xf2, 0xf, 0xf3, 0x0, 0x0, 0x0, 0x0, 0x0,
    0x4, 0xfc, 0x0, 0x0, 0x0, 0x0, 0x0, 0x0,
    0x3f, 0xe1, 0x0, 0x4f, 0x50, 0x0, 0x0, 0x0,
    0xdf, 0xf7, 0x6, 0xf6, 0x0, 0x0, 0x0, 0x1,
    0xae, 0x60, 0x2, 0x0, 0x0, 0x0, 0x0,

    /* U+FC12 "ﰒ" */
    0x0, 0x0, 0x0, 0x0, 0x0, 0x0, 0xbb, 0x0,
    0x0, 0x0, 0x0, 0x0, 0x0, 0x0, 0xa9, 0x0,
    0x0, 0x0, 0x0, 0x0, 0x0, 0x3f, 0x67, 0xf3,
    0x0, 0x0, 0x0, 0x0, 0x0, 0x4f, 0x88, 0xf4,
    0x0, 0x0, 0x0, 0x0, 0x0, 0x2, 0x0, 0x20,
    0x0, 0x0, 0x0, 0x0, 0x0, 0x0, 0x0, 0x0,
    0x0, 0x19, 0xef, 0xd6, 0x0, 0x0, 0x8f, 0x90,
    0x0, 0xdf, 0xec, 0xff, 0x70, 0x0, 0x8f, 0x90,
    0x2, 0xfc, 0x0, 0x4f, 0xe0, 0x0, 0x8f, 0x90,
    0x5, 0xf9, 0x0, 0xf, 0xf2, 0x0, 0x8f, 0x90,
    0x5, 0xfa, 0x0, 0xf, 0xf1, 0x0, 0x8f, 0x90,
    0x2, 0xfc, 0x0, 0x8f, 0xf0, 0x0, 0x8f, 0x90,
    0x19, 0xff, 0xbd, 0xff, 0xfe, 0xbb, 0xdf, 0x90,
    0xbf, 0xff, 0xff, 0xc4, 0x6d, 0xff, 0xff, 0x90,
    0xff, 0x40, 0x0, 0x0, 0x0, 0x0, 0x0, 0x0,
    0xff, 0x10, 0x0, 0x0, 0x0, 0x0, 0x0, 0x0,
    0xff, 0x10, 0x0, 0x0, 0x0, 0x0, 0x0, 0x0,
    0xff, 0x10, 0x0, 0x0, 0x0, 0x0, 0x0, 0x0,
    0xff, 0x10, 0x0, 0x0, 0x0, 0x0, 0x0, 0x0,
    0x12, 0x0, 0x0, 0x0, 0x0, 0x0, 0x0, 0x0,

    /* U+FC13 "ﰓ" */
    0x0, 0x0, 0x0, 0x0, 0x0, 0x0, 0x0, 0x0,
    0x7e, 0x10, 0x0, 0x0, 0x0, 0x0, 0x0, 0x0,
    0x0, 0x0, 0x5c, 0x10, 0x0, 0x0, 0x0, 0x0,
    0x0, 0x0, 0x0, 0xd, 0xb2, 0xf7, 0x0, 0x0,
    0x0, 0x0, 0x0, 0x0, 0x0, 0xf, 0xd3, 0xf9,
    0x0, 0x0, 0x0, 0x0, 0x0, 0x0, 0x0, 0x1,
    0x0, 0x20, 0x0, 0x0, 0x0, 0x0, 0x0, 0x0,
    0x0, 0x0, 0x0, 0x0, 0x0, 0x0, 0x0, 0x0,
    0x0, 0x0, 0x0, 0x0, 0x2f, 0xd0, 0x0, 0x0,
    0x0, 0x0, 0x0, 0x0, 0x0, 0x0, 0x3f, 0xe0,
    0x0, 0x0, 0x0, 0x3, 0xcf, 0xc2, 0x0, 0x0,
    0x3f, 0xe0, 0x0, 0x0, 0x0, 0x5f, 0xff, 0xfd,
    0x0, 0x0, 0x3f, 0xe0, 0x0, 0x0, 0x1, 0xff,
    0x40, 0x9f, 0x90, 0x0, 0x3f, 0xe0, 0x8e, 0x40,
    0x5, 0xfa, 0x0, 0xc, 0xf6, 0x0, 0x3f, 0xe0,
    0xcf, 0x20, 0x3, 0xff, 0x93, 0x1, 0xef, 0xcb,
    0xcf, 0xe0, 0xef, 0x10, 0x0, 0x7e, 0xff, 0xb0,
    0x2b, 0xff, 0xff, 0xe0, 0xef, 0x20, 0x0, 0x0,
    0x4e, 0xf4, 0x0, 0x0, 0x0, 0x0, 0xbf, 0xc1,
    0x0, 0x0, 0x4e, 0xf3, 0x0, 0x0, 0x0, 0x0,
    0x3f, 0xff, 0xff, 0xff, 0xff, 0xa0, 0x0, 0x0,
    0x0, 0x0, 0x3, 0x9b, 0xbb, 0xba, 0x94, 0x0,
    0x0, 0x0, 0x0, 0x0,

    /* U+FC14 "ﰔ" */
    0x0, 0x0, 0x0, 0x0, 0x0, 0x0, 0x0, 0x0,
    0x7e, 0x10, 0x0, 0x0, 0x0, 0x0, 0x0, 0x0,
    0x0, 0x0, 0x5c, 0x10, 0x0, 0x0, 0x0, 0x0,
    0x0, 0x0, 0x0, 0xd, 0xb2, 0xf7, 0x0, 0x0,
    0x0, 0x0, 0x0, 0x0, 0x0, 0xf, 0xd3, 0xf9,
    0x0, 0x0, 0x0, 0x0, 0x0, 0x0, 0x0, 0x1,
    0x0, 0x20, 0x0, 0x0, 0x0, 0x0, 0x0, 0x0,
    0x0, 0x0, 0x0, 0x0, 0x0, 0x0, 0x0, 0x0,
    0x0, 0x0, 0x0, 0x0, 0x2f, 0xd0, 0x0, 0x0,
    0x0, 0x0, 0x0, 0x0, 0x0, 0x0, 0x3f, 0xe0,
    0x0, 0x0, 0x0, 0x3, 0xcf, 0xc2, 0x0, 0x0,
    0x3f, 0xe0, 0x0, 0x0, 0x0, 0x5f, 0xff, 0xfd,
    0x0, 0x0, 0x3f, 0xe0, 0x0, 0x0, 0x1, 0xff,
    0x40, 0x9f, 0x90, 0x0, 0x3f, 0xe0, 0x8e, 0x40,
    0x5, 0xfa, 0x0, 0xc, 0xf6, 0x0, 0x3f, 0xe0,
    0xcf, 0x20, 0x3, 0xff, 0x93, 0x1, 0xef, 0xcb,
    0xcf, 0xe0, 0xef, 0x10, 0x0, 0x7e, 0xff, 0xb0,
    0x2b, 0xff, 0xff, 0xe0, 0xef, 0x20, 0x0, 0x0,
    0x4e, 0xf4, 0x0, 0x0, 0x0, 0x0, 0xbf, 0xc1,
    0x0, 0x0, 0x4e, 0xf3, 0x0, 0x0, 0x0, 0x0,
    0x3f, 0xff, 0xff, 0xff, 0xff, 0xa0, 0x0, 0x0,
    0x0, 0x0, 0x3, 0x9b, 0xbb, 0xba, 0x94, 0x0,
    0x0, 0x0, 0x0, 0x0, 0x0, 0x0, 0x0, 0x0,
    0x0, 0x0, 0x0, 0x0, 0x0, 0x0, 0x0, 0xd,
    0xb3, 0xf7, 0x0, 0x0, 0x0, 0x0, 0x0, 0x0,
    0x0, 0xf, 0xd4, 0xf8, 0x0, 0x0, 0x0, 0x0,
    0x0, 0x0, 0x0, 0x1, 0x0, 0x20, 0x0, 0x0,
    0x0, 0x0, 0x0, 0x0,

    /* U+FC15 "ﰕ" */
    0x6, 0xbf, 0xfd, 0x60, 0x0, 0x8, 0xdf, 0xfc,
    0x30, 0x0, 0xef, 0xcc, 0xff, 0x60, 0x0, 0xce,
    0xbd, 0xff, 0x10, 0x3, 0x0, 0x5, 0xfe, 0x0,
    0x1, 0x0, 0xc, 0xf7, 0x0, 0x0, 0x0, 0xd,
    0xf1, 0x0, 0x0, 0x0, 0x6f, 0xa0, 0x0, 0x0,
    0x0, 0x9f, 0x60, 0x0, 0x0, 0x2, 0xfe, 0x0,
    0x0, 0x3, 0x9e, 0xfd, 0x0, 0x0, 0x0, 0xd,
    0xf3, 0x0, 0x3c, 0xff, 0xcd, 0xfd, 0xbb, 0xbb,
    0xbb, 0xdf, 0xb0, 0x4f, 0xf7, 0x10, 0x1a, 0xff,
    0xff, 0xff, 0xff, 0xfc, 0xe, 0xf3, 0x0, 0x0,
    0x0, 0x0, 0x0, 0x0, 0x0, 0x4, 0xfc, 0x0,
    0x0, 0x0, 0x0, 0x0, 0x11, 0x0, 0x0, 0x3f,
    0xf1, 0x0, 0x0, 0x0, 0x0, 0xd, 0xf0, 0x0,
    0x0, 0xdf, 0xfb, 0xcd, 0x30, 0x0, 0x0, 0xbd,
    0x0, 0x0, 0x1, 0xae, 0xfe, 0xc3, 0x0, 0x0,
    0x0, 0x0, 0x0, 0x0,

    /* U+FC16 "ﰖ" */
    0x0, 0x19, 0xef, 0xd6, 0x0, 0x4, 0xbe, 0xfe,
    0x70, 0x0, 0x0, 0xdf, 0xeb, 0xff, 0x70, 0x6,
    0xfc, 0xbf, 0xf7, 0x0, 0x2, 0xfc, 0x0, 0x4f,
    0xe0, 0x0, 0x10, 0x6, 0xfd, 0x0, 0x5, 0xf9,
    0x0, 0xf, 0xf2, 0x0, 0x0, 0x0, 0xff, 0x10,
    0x5, 0xfa, 0x0, 0xf, 0xf1, 0x0, 0x0, 0x0,
    0xcf, 0x40, 0x2, 0xfc, 0x0, 0x8f, 0xf0, 0x0,
    0x0, 0x0, 0x6f, 0xa0, 0x19, 0xff, 0xbd, 0xff,
    0xfe, 0xbb, 0xbb, 0xbb, 0xbf, 0xf1, 0xbf, 0xff,
    0xff, 0xc4, 0x6d, 0xff, 0xff, 0xff, 0xff, 0xf2,
    0xff, 0x40, 0x0, 0x0, 0x0, 0x0, 0x0, 0x0,
    0x0, 0x0, 0xff, 0x10, 0x0, 0x0, 0x0, 0x0,
    0x0, 0x20, 0x0, 0x0, 0xff, 0x10, 0x0, 0x0,
    0x0, 0x0, 0x7, 0xf5, 0x0, 0x0, 0xff, 0x10,
    0x0, 0x0, 0x0, 0x0, 0x5, 0xf4, 0x0, 0x0,
    0xff, 0x10, 0x0, 0x0, 0x0, 0x0, 0x0, 0x0,
    0x0, 0x0, 0x12, 0x0, 0x0, 0x0, 0x0, 0x0,
    0x0, 0x0, 0x0, 0x0,

    /* U+FC17 "ﰗ" */
    0x6, 0xcf, 0xfd, 0x70, 0x0, 0x8, 0xdf, 0xfc,
    0x30, 0x0, 0xef, 0xcc, 0xff, 0x60, 0x0, 0xce,
    0xbd, 0xff, 0x10, 0x3, 0x0, 0x5, 0xfe, 0x0,
    0x1, 0x0, 0xc, 0xf7, 0x0, 0x0, 0x0, 0xd,
    0xf1, 0x0, 0x0, 0x0, 0x6f, 0xa0, 0x0, 0x0,
    0x0, 0x9f, 0x60, 0x0, 0x0, 0x2, 0xfe, 0x0,
    0x0, 0x3, 0x9e, 0xfd, 0x0, 0x0, 0x0, 0xd,
    0xf3, 0x0, 0x3c, 0xff, 0xcd, 0xfd, 0xbb, 0xbb,
    0xbb, 0xdf, 0xb0, 0x4f, 0xf7, 0x10, 0x1a, 0xff,
    0xff, 0xff, 0xff, 0xfc, 0xe, 0xf3, 0x0, 0x0,
    0x0, 0x0, 0x0, 0x0, 0x0, 0x4, 0xfc, 0x0,
    0x0, 0x0, 0x0, 0x0, 0x0, 0x0, 0x0, 0x3f,
    0xe1, 0x0, 0x4f, 0x50, 0x0, 0x0, 0x0, 0x0,
    0x0, 0xdf, 0xf7, 0x6, 0xf6, 0x0, 0x0, 0x0,
    0x0, 0x0, 0x1, 0xae, 0x60, 0x2, 0x0, 0x0,
    0x0, 0x0, 0x0, 0x0,

    /* U+FC18 "ﰘ" */
    0x0, 0x19, 0xef, 0xd6, 0x0, 0x4, 0xbe, 0xfe,
    0x70, 0x0, 0x0, 0xdf, 0xeb, 0xff, 0x70, 0x6,
    0xfc, 0xbf, 0xf7, 0x0, 0x2, 0xfc, 0x0, 0x4f,
    0xe0, 0x0, 0x10, 0x6, 0xfd, 0x0, 0x5, 0xf9,
    0x0, 0xf, 0xf2, 0x0, 0x0, 0x0, 0xff, 0x10,
    0x5, 0xfa, 0x0, 0xf, 0xf1, 0x0, 0x0, 0x0,
    0xcf, 0x40, 0x2, 0xfc, 0x0, 0x8f, 0xf0, 0x0,
    0x0, 0x0, 0x6f, 0xa0, 0x19, 0xff, 0xbd, 0xff,
    0xfe, 0xbb, 0xbb, 0xbb, 0xbf, 0xf1, 0xbf, 0xff,
    0xff, 0xc4, 0x6d, 0xff, 0xff, 0xff, 0xff, 0xf2,
    0xff, 0x40, 0x0, 0x0, 0x0, 0x0, 0x0, 0x0,
    0x0, 0x0, 0xff, 0x10, 0x0, 0x0, 0x0, 0x0,
    0x0, 0x0, 0x0, 0x0, 0xff, 0x10, 0x0, 0x0,
    0x0, 0x0, 0x0, 0x0, 0x0, 0x0, 0xff, 0x10,
    0x0, 0x0, 0x0, 0x0, 0x0, 0x0, 0x0, 0x0,
    0xff, 0x10, 0x0, 0x0, 0x0, 0x0, 0x0, 0x0,
    0x0, 0x0, 0x12, 0x0, 0x0, 0x0, 0x0, 0x0,
    0x0, 0x0, 0x0, 0x0,

    /* U+FC19 "ﰙ" */
    0x0, 0x0, 0x0, 0x0, 0x0, 0x0, 0x5f, 0x40,
    0x0, 0x0, 0x0, 0x0, 0x0, 0x0, 0x0, 0x7,
    0xf5, 0x0, 0x0, 0x0, 0x0, 0x0, 0x0, 0x0,
    0x0, 0x2, 0x0, 0x0, 0x0, 0x0, 0x0, 0x0,
    0x0, 0x0, 0x0, 0x0, 0x0, 0x0, 0x6, 0xcf,
    0xfd, 0x70, 0x0, 0x8, 0xdf, 0xfc, 0x30, 0x0,
    0xef, 0xcc, 0xff, 0x60, 0x0, 0xce, 0xbd, 0xff,
    0x10, 0x3, 0x0, 0x5, 0xfe, 0x0, 0x1, 0x0,
    0xc, 0xf7, 0x0, 0x0, 0x0, 0xd, 0xf1, 0x0,
    0x0, 0x0, 0x6f, 0xa0, 0x0, 0x0, 0x0, 0x9f,
    0x60, 0x0, 0x0, 0x2, 0xfe, 0x0, 0x0, 0x3,
    0x9e, 0xfd, 0x0, 0x0, 0x0, 0xd, 0xf3, 0x0,
    0x3c, 0xff, 0xcd, 0xfd, 0xbb, 0xbb, 0xbb, 0xdf,
    0xb0, 0x4f, 0xf7, 0x10, 0x1a, 0xff, 0xff, 0xff,
    0xff, 0xfc, 0xe, 0xf3, 0x0, 0x0, 0x0, 0x0,
    0x0, 0x0, 0x0, 0x4, 0xfc, 0x0, 0x0, 0x0,
    0x0, 0x0, 0x0, 0x0, 0x0, 0x3f, 0xe1, 0x0,
    0x4f, 0x50, 0x0, 0x0, 0x0, 0x0, 0x0, 0xdf,
    0xf7, 0x6, 0xf6, 0x0, 0x0, 0x0, 0x0, 0x0,
    0x1, 0xae, 0x60, 0x2, 0x0, 0x0, 0x0, 0x0,
    0x0, 0x0,

    /* U+FC1A "ﰚ" */
    0x0, 0x0, 0x0, 0x0, 0x0, 0x0, 0x5f, 0x40,
    0x0, 0x0, 0x0, 0x0, 0x0, 0x0, 0x0, 0x7,
    0xf5, 0x0, 0x0, 0x0, 0x0, 0x0, 0x0, 0x0,
    0x0, 0x2, 0x0, 0x0, 0x0, 0x0, 0x0, 0x0,
    0x0, 0x0, 0x0, 0x0, 0x0, 0x0, 0x6, 0xbf,
    0xfd, 0x60, 0x0, 0x8, 0xdf, 0xfc, 0x30, 0x0,
    0xef, 0xcc, 0xff, 0x60, 0x0, 0xce, 0xbd, 0xff,
    0x10, 0x3, 0x0, 0x5, 0xfe, 0x0, 0x1, 0x0,
    0xc, 0xf7, 0x0, 0x0, 0x0, 0xd, 0xf1, 0x0,
    0x0, 0x0, 0x6f, 0xa0, 0x0, 0x0, 0x0, 0x9f,
    0x60, 0x0, 0x0, 0x2, 0xfe, 0x0, 0x0, 0x3,
    0x9e, 0xfd, 0x0, 0x0, 0x0, 0xd, 0xf3, 0x0,
    0x3c, 0xff, 0xcd, 0xfd, 0xbb, 0xbb, 0xbb, 0xdf,
    0xb0, 0x4f, 0xf7, 0x10, 0x1a, 0xff, 0xff, 0xff,
    0xff, 0xfc, 0xe, 0xf3, 0x0, 0x0, 0x0, 0x0,
    0x0, 0x0, 0x0, 0x4, 0xfc, 0x0, 0x0, 0x0,
    0x0, 0x0, 0x0, 0x0, 0x0, 0x3f, 0xf1, 0x0,
    0x0, 0x0, 0x0, 0x0, 0x0, 0x0, 0x0, 0xdf,
    0xfb, 0xce, 0x30, 0x0, 0x0, 0x0, 0x0, 0x0,
    0x1, 0xae, 0xfe, 0xb2, 0x0, 0x0, 0x0, 0x0,
    0x0, 0x0,

    /* U+FC1B "ﰛ" */
    0x0, 0x0, 0x0, 0x0, 0x0, 0x0, 0xe, 0xa0,
    0x0, 0x0, 0x0, 0x0, 0x0, 0x0, 0x0, 0x0,
    0x1f, 0xc0, 0x0, 0x0, 0x0, 0x0, 0x0, 0x0,
    0x0, 0x0, 0x1, 0x0, 0x0, 0x0, 0x0, 0x0,
    0x0, 0x0, 0x0, 0x0, 0x0, 0x0, 0x0, 0x0,
    0x0, 0x19, 0xef, 0xd6, 0x0, 0x4, 0xbe, 0xfe,
    0x70, 0x0, 0x0, 0xdf, 0xeb, 0xff, 0x70, 0x6,
    0xfc, 0xbf, 0xf7, 0x0, 0x2, 0xfc, 0x0, 0x4f,
    0xe0, 0x0, 0x10, 0x6, 0xfd, 0x0, 0x5, 0xf9,
    0x0, 0xf, 0xf2, 0x0, 0x0, 0x0, 0xff, 0x10,
    0x5, 0xfa, 0x0, 0xf, 0xf1, 0x0, 0x0, 0x0,
    0xcf, 0x40, 0x2, 0xfc, 0x0, 0x8f, 0xf0, 0x0,
    0x0, 0x0, 0x6f, 0xa0, 0x19, 0xff, 0xbd, 0xff,
    0xfe, 0xbb, 0xbb, 0xbb, 0xbf, 0xf1, 0xbf, 0xff,
    0xff, 0xc4, 0x6d, 0xff, 0xff, 0xff, 0xff, 0xf2,
    0xff, 0x40, 0x0, 0x0, 0x0, 0x0, 0x0, 0x0,
    0x0, 0x0, 0xff, 0x10, 0x0, 0x0, 0x0, 0x0,
    0x0, 0x0, 0x0, 0x0, 0xff, 0x10, 0x0, 0x0,
    0x0, 0x0, 0x0, 0x0, 0x0, 0x0, 0xff, 0x10,
    0x0, 0x0, 0x0, 0x0, 0x0, 0x0, 0x0, 0x0,
    0xff, 0x10, 0x0, 0x0, 0x0, 0x0, 0x0, 0x0,
    0x0, 0x0, 0x12, 0x0, 0x0, 0x0, 0x0, 0x0,
    0x0, 0x0, 0x0, 0x0,

    /* U+FC1C "ﰜ" */
    0x8, 0xcf, 0xfd, 0x70, 0x0, 0x0, 0x0, 0x0,
    0x0, 0x0, 0x0, 0xdf, 0x30, 0xdd, 0x99, 0xff,
    0x60, 0x0, 0x9, 0xc2, 0x0, 0x8c, 0x30, 0xd,
    0xf3, 0x1, 0x0, 0x3, 0xfe, 0x0, 0x0, 0xdf,
    0x30, 0xb, 0xf5, 0x0, 0xdf, 0x30, 0x0, 0x0,
    0xd, 0xf1, 0x0, 0xd, 0xf3, 0x0, 0xbf, 0x50,
    0xd, 0xf3, 0x0, 0x0, 0x0, 0x8f, 0x60, 0x0,
    0xdf, 0x30, 0xb, 0xf4, 0x0, 0xdf, 0x30, 0x0,
    0x4, 0x9e, 0xfd, 0x0, 0xd, 0xf3, 0x0, 0xef,
    0x80, 0xd, 0xf3, 0x0, 0x3d, 0xff, 0xcc, 0xfd,
    0xbb, 0xff, 0xcb, 0xef, 0xff, 0xcb, 0xff, 0x30,
    0x5f, 0xf7, 0x10, 0x1a, 0xff, 0xff, 0xff, 0xff,
    0xb2, 0x7e, 0xff, 0xf3, 0xf, 0xf3, 0x0, 0x0,
    0x0, 0x0, 0x0, 0x0, 0x0, 0x0, 0x0, 0x0,
    0x4, 0xfc, 0x0, 0x0, 0x0, 0x0, 0x0, 0x0,
    0x0, 0x0, 0x0, 0x0, 0x0, 0x3f, 0xe1, 0x0,
    0x4f, 0x50, 0x0, 0x0, 0x0, 0x0, 0x0, 0x0,
    0x0, 0x0, 0xdf, 0xf7, 0x6, 0xf6, 0x0, 0x0,
    0x0, 0x0, 0x0, 0x0, 0x0, 0x0, 0x1, 0xae,
    0x60, 0x2, 0x0, 0x0, 0x0, 0x0, 0x0, 0x0,
    0x0, 0x0, 0x0,

    /* U+FC1D "ﰝ" */
    0x8, 0xcf, 0xfd, 0x60, 0x0, 0x0, 0x0, 0x0,
    0x0, 0x0, 0x0, 0xdf, 0x30, 0xdd, 0x99, 0xff,
    0x60, 0x0, 0x9, 0xc2, 0x0, 0x8c, 0x30, 0xd,
    0xf3, 0x1, 0x0, 0x3, 0xfe, 0x0, 0x0, 0xdf,
    0x30, 0xb, 0xf5, 0x0, 0xdf, 0x30, 0x0, 0x0,
    0xd, 0xf1, 0x0, 0xd, 0xf3, 0x0, 0xbf, 0x50,
    0xd, 0xf3, 0x0, 0x0, 0x0, 0x8f, 0x60, 0x0,
    0xdf, 0x30, 0xb, 0xf4, 0x0, 0xdf, 0x30, 0x0,
    0x4, 0x9e, 0xfd, 0x0, 0xd, 0xf3, 0x0, 0xef,
    0x80, 0xd, 0xf3, 0x0, 0x3d, 0xff, 0xcc, 0xfd,
    0xbb, 0xff, 0xcb, 0xef, 0xff, 0xcb, 0xff, 0x30,
    0x5f, 0xf7, 0x10, 0x1a, 0xff, 0xff, 0xff, 0xff,
    0xb2, 0x7e, 0xff, 0xf3, 0xf, 0xf3, 0x0, 0x0,
    0x0, 0x0, 0x0, 0x0, 0x0, 0x0, 0x0, 0x0,
    0x4, 0xfc, 0x0, 0x0, 0x0, 0x0, 0x0, 0x0,
    0x0, 0x0, 0x0, 0x0, 0x0, 0x3f, 0xf1, 0x0,
    0x0, 0x0, 0x0, 0x0, 0x0, 0x0, 0x0, 0x0,
    0x0, 0x0, 0xdf, 0xfb, 0xce, 0x30, 0x0, 0x0,
    0x0, 0x0, 0x0, 0x0, 0x0, 0x0, 0x1, 0xae,
    0xfe, 0xb2, 0x0, 0x0, 0x0, 0x0, 0x0, 0x0,
    0x0, 0x0, 0x0,

    /* U+FC1E "ﰞ" */
    0x0, 0x9, 0xe1, 0x0, 0x0, 0x0, 0x0, 0x0,
    0x0, 0x0, 0x0, 0x0, 0x0, 0x0, 0xbf, 0x20,
    0x0, 0x0, 0x0, 0x0, 0x0, 0x0, 0x0, 0x0,
    0x0, 0x0, 0x0, 0x10, 0x0, 0x0, 0x0, 0x0,
    0x0, 0x0, 0x0, 0x0, 0x0, 0x0, 0x0, 0x0,
    0x0, 0x0, 0x0, 0x0, 0x0, 0x0, 0x0, 0x0,
    0x0, 0x0, 0x8, 0xcf, 0xfd, 0x60, 0x0, 0x0,
    0x0, 0x0, 0x0, 0x0, 0x0, 0xdf, 0x30, 0xdd,
    0x99, 0xff, 0x60, 0x0, 0x9, 0xc2, 0x0, 0x8c,
    0x30, 0xd, 0xf3, 0x1, 0x0, 0x3, 0xfe, 0x0,
    0x0, 0xdf, 0x30, 0xb, 0xf5, 0x0, 0xdf, 0x30,
    0x0, 0x0, 0xd, 0xf1, 0x0, 0xd, 0xf3, 0x0,
    0xbf, 0x50, 0xd, 0xf3, 0x0, 0x0, 0x0, 0x8f,
    0x60, 0x0, 0xdf, 0x30, 0xb, 0xf4, 0x0, 0xdf,
    0x30, 0x0, 0x4, 0x9e, 0xfd, 0x0, 0xd, 0xf3,
    0x0, 0xef, 0x80, 0xd, 0xf3, 0x0, 0x3d, 0xff,
    0xcc, 0xfd, 0xbb, 0xff, 0xcb, 0xef, 0xff, 0xcb,
    0xff, 0x30, 0x5f, 0xf7, 0x10, 0x1a, 0xff, 0xff,
    0xff, 0xff, 0xb2, 0x7e, 0xff, 0xf3, 0xf, 0xf3,
    0x0, 0x0, 0x0, 0x0, 0x0, 0x0, 0x0, 0x0,
    0x0, 0x0, 0x4, 0xfc, 0x0, 0x0, 0x0, 0x0,
    0x0, 0x0, 0x0, 0x0, 0x0, 0x0, 0x0, 0x3f,
    0xf1, 0x0, 0x0, 0x0, 0x0, 0x0, 0x0, 0x0,
    0x0, 0x0, 0x0, 0x0, 0xdf, 0xfb, 0xce, 0x30,
    0x0, 0x0, 0x0, 0x0, 0x0, 0x0, 0x0, 0x0,
    0x1, 0xae, 0xfe, 0xb2, 0x0, 0x0, 0x0, 0x0,
    0x0, 0x0, 0x0, 0x0, 0x0,

    /* U+FC1F "ﰟ" */
    0x0, 0x19, 0xef, 0xd6, 0x0, 0x0, 0x0, 0x0,
    0x0, 0x0, 0x0, 0x7f, 0x90, 0xd, 0xfe, 0xcf,
    0xf7, 0x0, 0x5, 0xc7, 0x0, 0x4c, 0x80, 0x7,
    0xf9, 0x2, 0xfc, 0x0, 0x4f, 0xe0, 0x0, 0x7f,
    0x90, 0x5, 0xfb, 0x0, 0x7f, 0x90, 0x5f, 0x90,
    0x0, 0xff, 0x20, 0x7, 0xf9, 0x0, 0x5f, 0xb0,
    0x7, 0xf9, 0x5, 0xfa, 0x0, 0xf, 0xf1, 0x0,
    0x7f, 0x90, 0x5, 0xfb, 0x0, 0x7f, 0x90, 0x2f,
    0xc0, 0x8, 0xff, 0x0, 0x7, 0xf9, 0x0, 0x9f,
    0xd1, 0x7, 0xf9, 0x19, 0xff, 0xbd, 0xff, 0xfe,
    0xbb, 0xdf, 0xeb, 0xcf, 0xff, 0xeb, 0xdf, 0x9b,
    0xff, 0xff, 0xfc, 0x46, 0xdf, 0xff, 0xff, 0xff,
    0xd5, 0x3c, 0xff, 0xf9, 0xff, 0x40, 0x0, 0x0,
    0x0, 0x0, 0x0, 0x0, 0x0, 0x0, 0x0, 0x0,
    0xf, 0xf1, 0x0, 0x0, 0x0, 0x0, 0x0, 0x0,
    0x0, 0x0, 0x0, 0x0, 0x0, 0xff, 0x10, 0x0,
    0x0, 0x0, 0x0, 0x0, 0x0, 0x0, 0x0, 0x0,
    0x0, 0xf, 0xf1, 0x0, 0x0, 0x0, 0x0, 0x0,
    0x0, 0x0, 0x0, 0x0, 0x0, 0x0, 0xff, 0x10,
    0x0, 0x0, 0x0, 0x0, 0x0, 0x0, 0x0, 0x0,
    0x0, 0x0, 0x1, 0x20, 0x0, 0x0, 0x0, 0x0,
    0x0, 0x0, 0x0, 0x0, 0x0, 0x0, 0x0,

    /* U+FC20 "ﰠ" */
    0x6, 0xbf, 0xfd, 0x60, 0x0, 0x0, 0xbb, 0x0,
    0x9e, 0xfe, 0x80, 0x0, 0xef, 0xcc, 0xff, 0x60,
    0x0, 0xf, 0xf1, 0xdf, 0xcc, 0xff, 0xa0, 0x3,
    0x10, 0x5, 0xfe, 0x0, 0x0, 0xff, 0xac, 0x10,
    0x4, 0xff, 0x10, 0x0, 0x0, 0xd, 0xf1, 0x0,
    0xf, 0xfe, 0x10, 0x0, 0xd, 0xf3, 0x0, 0x0,
    0x0, 0x9f, 0x60, 0x0, 0xff, 0x50, 0x0, 0x0,
    0xcf, 0x40, 0x0, 0x3, 0x9e, 0xfd, 0x0, 0xf,
    0xf0, 0x0, 0x0, 0xc, 0xf4, 0x0, 0x3c, 0xff,
    0xcc, 0xfd, 0xbb, 0xff, 0xbb, 0xbb, 0xbb, 0xef,
    0x40, 0x4f, 0xf7, 0x10, 0x1a, 0xff, 0xff, 0xff,
    0xff, 0xff, 0xff, 0xf4, 0xe, 0xf3, 0x0, 0x0,
    0x0, 0x0, 0x0, 0x0, 0x0, 0x0, 0x0, 0x4,
    0xfc, 0x0, 0x0, 0x0, 0x0, 0x0, 0x0, 0x0,
    0x0, 0x0, 0x0, 0x3f, 0xf1, 0x0, 0x0, 0x0,
    0x0, 0x0, 0x0, 0x0, 0x0, 0x0, 0x0, 0xdf,
    0xfb, 0xce, 0x30, 0x0, 0x0, 0x0, 0x0, 0x0,
    0x0, 0x0, 0x1, 0xae, 0xfe, 0xb2, 0x0, 0x0,
    0x0, 0x0, 0x0, 0x0, 0x0, 0x0,

    /* U+FC21 "ﰡ" */
    0x0, 0x0, 0x1, 0x0, 0x0, 0x0, 0x11, 0x0,
    0x3, 0x65, 0x20, 0x0, 0x2, 0xaf, 0xff, 0x80,
    0x0, 0xa, 0xf6, 0x1b, 0xff, 0xff, 0x70, 0x0,
    0xef, 0x85, 0xcf, 0x80, 0x0, 0xaf, 0x6c, 0xe7,
    0x59, 0xff, 0x30, 0x3f, 0xb0, 0x1, 0xff, 0x0,
    0xa, 0xfc, 0xd1, 0x0, 0xa, 0xf8, 0x5, 0xf9,
    0x0, 0xf, 0xf2, 0x0, 0xaf, 0xf3, 0x0, 0x0,
    0x6f, 0xa0, 0x4f, 0xa0, 0x1, 0xff, 0x10, 0xa,
    0xfa, 0x0, 0x0, 0x6, 0xfa, 0x2, 0xfd, 0x0,
    0x8f, 0xf0, 0x0, 0xaf, 0x60, 0x0, 0x0, 0x6f,
    0xa1, 0x9f, 0xfb, 0xdf, 0xff, 0xeb, 0xbe, 0xfd,
    0xbb, 0xbb, 0xbd, 0xfa, 0xbf, 0xff, 0xff, 0xc4,
    0x6d, 0xff, 0xff, 0xff, 0xff, 0xff, 0xff, 0xaf,
    0xf4, 0x0, 0x0, 0x0, 0x0, 0x0, 0x0, 0x0,
    0x0, 0x0, 0x0, 0xff, 0x10, 0x0, 0x0, 0x0,
    0x0, 0x0, 0x0, 0x0, 0x0, 0x0, 0xf, 0xf1,
    0x0, 0x0, 0x0, 0x0, 0x0, 0x0, 0x0, 0x0,
    0x0, 0x0, 0xff, 0x10, 0x0, 0x0, 0x0, 0x0,
    0x0, 0x0, 0x0, 0x0, 0x0, 0xf, 0xf1, 0x0,
    0x0, 0x0, 0x0, 0x0, 0x0, 0x0, 0x0, 0x0,
    0x0, 0x12, 0x0, 0x0, 0x0, 0x0, 0x0, 0x0,
    0x0, 0x0, 0x0, 0x0, 0x0,

    /* U+FC22 "ﰢ" */
    0x0, 0x0, 0x0, 0x0, 0x0, 0x0, 0x0, 0x0,
    0xdb, 0x0, 0x0, 0x0, 0x0, 0x0, 0x0, 0x0,
    0x0, 0x0, 0x0, 0xf, 0xc0, 0x0, 0x0, 0x0,
    0x0, 0x0, 0x0, 0x0, 0x0, 0x0, 0x0, 0x10,
    0x0, 0x0, 0x0, 0x0, 0x0, 0x0, 0x0, 0x0,
    0x0, 0x0, 0x0, 0x0, 0x0, 0x0, 0x6, 0xcf,
    0xfd, 0x70, 0x0, 0x0, 0xbb, 0x0, 0x9e, 0xfe,
    0x80, 0x0, 0xef, 0xcc, 0xff, 0x60, 0x0, 0xf,
    0xf1, 0xdf, 0xcc, 0xff, 0xa0, 0x3, 0x10, 0x5,
    0xfe, 0x0, 0x0, 0xff, 0xac, 0x10, 0x4, 0xff,
    0x10, 0x0, 0x0, 0xd, 0xf1, 0x0, 0xf, 0xfe,
    0x10, 0x0, 0xd, 0xf3, 0x0, 0x0, 0x0, 0x9f,
    0x60, 0x0, 0xff, 0x50, 0x0, 0x0, 0xcf, 0x40,
    0x0, 0x3, 0x9e, 0xfd, 0x0, 0xf, 0xf0, 0x0,
    0x0, 0xc, 0xf4, 0x0, 0x3c, 0xff, 0xcc, 0xfd,
    0xbb, 0xff, 0xbb, 0xbb, 0xbb, 0xef, 0x40, 0x4f,
    0xf7, 0x10, 0x1a, 0xff, 0xff, 0xff, 0xff, 0xff,
    0xff, 0xf4, 0xe, 0xf3, 0x0, 0x0, 0x0, 0x0,
    0x0, 0x0, 0x0, 0x0, 0x0, 0x4, 0xfc, 0x0,
    0x0, 0x0, 0x0, 0x0, 0x0, 0x0, 0x0, 0x0,
    0x0, 0x3f, 0xe1, 0x0, 0x4f, 0x50, 0x0, 0x0,
    0x0, 0x0, 0x0, 0x0, 0x0, 0xdf, 0xf7, 0x6,
    0xf6, 0x0, 0x0, 0x0, 0x0, 0x0, 0x0, 0x0,
    0x1, 0xae, 0x60, 0x2, 0x0, 0x0, 0x0, 0x0,
    0x0, 0x0, 0x0, 0x0,

    /* U+FC23 "ﰣ" */
    0x0, 0x0, 0x0, 0x0, 0x0, 0x0, 0x0, 0x0,
    0xdb, 0x0, 0x0, 0x0, 0x0, 0x0, 0x0, 0x0,
    0x0, 0x0, 0x0, 0xf, 0xc0, 0x0, 0x0, 0x0,
    0x0, 0x0, 0x0, 0x0, 0x0, 0x0, 0x0, 0x10,
    0x0, 0x0, 0x0, 0x0, 0x0, 0x0, 0x0, 0x0,
    0x0, 0x0, 0x0, 0x0, 0x0, 0x0, 0x6, 0xbf,
    0xfd, 0x60, 0x0, 0x0, 0xbb, 0x0, 0x9e, 0xfe,
    0x80, 0x0, 0xef, 0xcc, 0xff, 0x60, 0x0, 0xf,
    0xf1, 0xdf, 0xcc, 0xff, 0xa0, 0x3, 0x10, 0x5,
    0xfe, 0x0, 0x0, 0xff, 0xac, 0x10, 0x4, 0xff,
    0x10, 0x0, 0x0, 0xd, 0xf1, 0x0, 0xf, 0xfe,
    0x10, 0x0, 0xd, 0xf3, 0x0, 0x0, 0x0, 0x9f,
    0x60, 0x0, 0xff, 0x50, 0x0, 0x0, 0xcf, 0x40,
    0x0, 0x3, 0x9e, 0xfd, 0x0, 0xf, 0xf0, 0x0,
    0x0, 0xc, 0xf4, 0x0, 0x3c, 0xff, 0xcc, 0xfd,
    0xbb, 0xff, 0xbb, 0xbb, 0xbb, 0xef, 0x40, 0x4f,
    0xf7, 0x10, 0x1a, 0xff, 0xff, 0xff, 0xff, 0xff,
    0xff, 0xf4, 0xe, 0xf3, 0x0, 0x0, 0x0, 0x0,
    0x0, 0x0, 0x0, 0x0, 0x0, 0x4, 0xfc, 0x0,
    0x0, 0x0, 0x0, 0x0, 0x0, 0x0, 0x0, 0x0,
    0x0, 0x3f, 0xf1, 0x0, 0x0, 0x0, 0x0, 0x0,
    0x0, 0x0, 0x0, 0x0, 0x0, 0xdf, 0xfb, 0xce,
    0x30, 0x0, 0x0, 0x0, 0x0, 0x0, 0x0, 0x0,
    0x1, 0xae, 0xfe, 0xb2, 0x0, 0x0, 0x0, 0x0,
    0x0, 0x0, 0x0, 0x0,

    /* U+FC24 "ﰤ" */
    0x0, 0x9, 0xe1, 0x0, 0x0, 0x0, 0x0, 0x0,
    0xdb, 0x0, 0x0, 0x0, 0x0, 0xbf, 0x20, 0x0,
    0x0, 0x0, 0x0, 0xf, 0xc0, 0x0, 0x0, 0x0,
    0x0, 0x10, 0x0, 0x0, 0x0, 0x0, 0x0, 0x10,
    0x0, 0x0, 0x0, 0x0, 0x0, 0x0, 0x0, 0x0,
    0x0, 0x0, 0x0, 0x0, 0x0, 0x0, 0x6, 0xbf,
    0xfd, 0x60, 0x0, 0x0, 0xbb, 0x0, 0x9e, 0xfe,
    0x80, 0x0, 0xef, 0xcc, 0xff, 0x60, 0x0, 0xf,
    0xf1, 0xdf, 0xcc, 0xff, 0xa0, 0x3, 0x10, 0x5,
    0xfe, 0x0, 0x0, 0xff, 0xac, 0x10, 0x4, 0xff,
    0x10, 0x0, 0x0, 0xd, 0xf1, 0x0, 0xf, 0xfe,
    0x10, 0x0, 0xd, 0xf3, 0x0, 0x0, 0x0, 0x9f,
    0x60, 0x0, 0xff, 0x50, 0x0, 0x0, 0xcf, 0x40,
    0x0, 0x3, 0x9e, 0xfd, 0x0, 0xf, 0xf0, 0x0,
    0x0, 0xc, 0xf4, 0x0, 0x3c, 0xff, 0xcc, 0xfd,
    0xbb, 0xff, 0xbb, 0xbb, 0xbb, 0xef, 0x40, 0x4f,
    0xf7, 0x10, 0x1a, 0xff, 0xff, 0xff, 0xff, 0xff,
    0xff, 0xf4, 0xe, 0xf3, 0x0, 0x0, 0x0, 0x0,
    0x0, 0x0, 0x0, 0x0, 0x0, 0x4, 0xfc, 0x0,
    0x0, 0x0, 0x0, 0x0, 0x0, 0x0, 0x0, 0x0,
    0x0, 0x3f, 0xf1, 0x0, 0x0, 0x0, 0x0, 0x0,
    0x0, 0x0, 0x0, 0x0, 0x0, 0xdf, 0xfb, 0xce,
    0x30, 0x0, 0x0, 0x0, 0x0, 0x0, 0x0, 0x0,
    0x1, 0xae, 0xfe, 0xb2, 0x0, 0x0, 0x0, 0x0,
    0x0, 0x0, 0x0, 0x0,

    /* U+FC25 "ﰥ" */
    0x0, 0x0, 0x0, 0x0, 0x0, 0x0, 0x0, 0x0,
    0x8f, 0x20, 0x0, 0x0, 0x0, 0x0, 0x0, 0x0,
    0x0, 0x0, 0x0, 0x9, 0xf3, 0x0, 0x0, 0x0,
    0x0, 0x0, 0x0, 0x0, 0x0, 0x0, 0x0, 0x1,
    0x0, 0x0, 0x0, 0x0, 0x0, 0x10, 0x0, 0x0,
    0x1, 0x10, 0x0, 0x36, 0x52, 0x0, 0x0, 0x2a,
    0xff, 0xf8, 0x0, 0x0, 0xaf, 0x61, 0xbf, 0xff,
    0xf7, 0x0, 0xe, 0xf8, 0x5c, 0xf8, 0x0, 0xa,
    0xf6, 0xce, 0x75, 0x9f, 0xf3, 0x3, 0xfb, 0x0,
    0x1f, 0xf0, 0x0, 0xaf, 0xcd, 0x10, 0x0, 0xaf,
    0x80, 0x5f, 0x90, 0x0, 0xff, 0x20, 0xa, 0xff,
    0x30, 0x0, 0x6, 0xfa, 0x4, 0xfa, 0x0, 0x1f,
    0xf1, 0x0, 0xaf, 0xa0, 0x0, 0x0, 0x6f, 0xa0,
    0x2f, 0xd0, 0x8, 0xff, 0x0, 0xa, 0xf6, 0x0,
    0x0, 0x6, 0xfa, 0x19, 0xff, 0xbd, 0xff, 0xfe,
    0xbb, 0xef, 0xdb, 0xbb, 0xbb, 0xdf, 0xab, 0xff,
    0xff, 0xfc, 0x46, 0xdf, 0xff, 0xff, 0xff, 0xff,
    0xff, 0xfa, 0xff, 0x40, 0x0, 0x0, 0x0, 0x0,
    0x0, 0x0, 0x0, 0x0, 0x0, 0xf, 0xf1, 0x0,
    0x0, 0x0, 0x0, 0x0, 0x0, 0x0, 0x0, 0x0,
    0x0, 0xff, 0x10, 0x0, 0x0, 0x0, 0x0, 0x0,
    0x0, 0x0, 0x0, 0x0, 0xf, 0xf1, 0x0, 0x0,
    0x0, 0x0, 0x0, 0x0, 0x0, 0x0, 0x0, 0x0,
    0xff, 0x10, 0x0, 0x0, 0x0, 0x0, 0x0, 0x0,
    0x0, 0x0, 0x0, 0x1, 0x20, 0x0, 0x0, 0x0,
    0x0, 0x0, 0x0, 0x0, 0x0, 0x0, 0x0,

    /* U+FC26 "ﰦ" */
    0x0, 0x0, 0x0, 0x0, 0x0, 0x0, 0xbf, 0x50,
    0x0, 0x0, 0x0, 0x0, 0x0, 0x0, 0x0, 0x0,
    0x0, 0xb, 0xf5, 0x0, 0x0, 0x0, 0x0, 0x0,
    0x0, 0x0, 0x0, 0x0, 0x0, 0xbf, 0x50, 0x0,
    0x0, 0x0, 0x0, 0x0, 0x0, 0x0, 0x0, 0x0,
    0xb, 0xf5, 0x0, 0x0, 0x0, 0x0, 0x6, 0xbe,
    0xfd, 0x60, 0x0, 0x0, 0xbf, 0x50, 0x6d, 0xff,
    0xb2, 0x0, 0xef, 0xcc, 0xff, 0x60, 0x0, 0xb,
    0xf5, 0x9f, 0xdb, 0xff, 0xe1, 0x3, 0x10, 0x5,
    0xfe, 0x0, 0x0, 0xbf, 0xaf, 0x40, 0x1, 0xdf,
    0x60, 0x0, 0x0, 0xd, 0xf1, 0x0, 0xb, 0xff,
    0x40, 0x0, 0x8, 0xf8, 0x0, 0x0, 0x0, 0x9f,
    0x60, 0x0, 0xbf, 0xa0, 0x0, 0x0, 0x7f, 0x90,
    0x0, 0x3, 0x9e, 0xfd, 0x0, 0xb, 0xf5, 0x0,
    0x0, 0x7, 0xf9, 0x0, 0x3c, 0xff, 0xcc, 0xfd,
    0xbb, 0xef, 0xcb, 0xbb, 0xbb, 0xdf, 0x90, 0x4f,
    0xf7, 0x10, 0x1a, 0xff, 0xff, 0xff, 0xff, 0xff,
    0xff, 0xf9, 0xe, 0xf3, 0x0, 0x0, 0x0, 0x0,
    0x0, 0x0, 0x0, 0x0, 0x0, 0x4, 0xfc, 0x0,
    0x0, 0x0, 0x0, 0x0, 0x0, 0x0, 0x0, 0x0,
    0x0, 0x3f, 0xf1, 0x0, 0x0, 0x0, 0x0, 0x0,
    0x0, 0x0, 0x0, 0x0, 0x0, 0xdf, 0xfb, 0xce,
    0x30, 0x0, 0x0, 0x0, 0x0, 0x0, 0x0, 0x0,
    0x1, 0xae, 0xfe, 0xb2, 0x0, 0x0, 0x0, 0x0,
    0x0, 0x0, 0x0, 0x0,

    /* U+FC27 "ﰧ" */
    0x0, 0x0, 0x0, 0x0, 0x0, 0x0, 0x4f, 0xc0,
    0x0, 0x0, 0x0, 0x0, 0x0, 0x0, 0x0, 0x0,
    0x0, 0x4, 0xfc, 0x0, 0x0, 0x0, 0x0, 0x0,
    0x0, 0x0, 0x0, 0x0, 0x0, 0x4f, 0xc0, 0x0,
    0x0, 0x0, 0x0, 0x0, 0x0, 0x0, 0x0, 0x0,
    0x4, 0xfc, 0x0, 0x0, 0x0, 0x0, 0x0, 0x19,
    0xef, 0xd6, 0x0, 0x0, 0x4f, 0xc0, 0x2b, 0xff,
    0xd6, 0x0, 0xd, 0xfe, 0xbf, 0xf7, 0x0, 0x4,
    0xfc, 0x3f, 0xeb, 0xdf, 0xf5, 0x2, 0xfc, 0x0,
    0x4f, 0xe0, 0x0, 0x4f, 0xcd, 0x90, 0x0, 0x8f,
    0xc0, 0x5f, 0x90, 0x0, 0xff, 0x20, 0x4, 0xff,
    0xa0, 0x0, 0x2, 0xff, 0x5, 0xfa, 0x0, 0xf,
    0xf1, 0x0, 0x4f, 0xf1, 0x0, 0x0, 0x1f, 0xf0,
    0x2f, 0xc0, 0x8, 0xff, 0x0, 0x4, 0xfc, 0x0,
    0x0, 0x1, 0xff, 0x19, 0xff, 0xbd, 0xff, 0xfe,
    0xbb, 0xcf, 0xeb, 0xbb, 0xbb, 0xbf, 0xfb, 0xff,
    0xff, 0xfc, 0x46, 0xdf, 0xff, 0xff, 0xff, 0xff,
    0xff, 0xff, 0xff, 0x40, 0x0, 0x0, 0x0, 0x0,
    0x0, 0x0, 0x0, 0x0, 0x0, 0xf, 0xf1, 0x0,
    0x0, 0x0, 0x0, 0x0, 0x0, 0x0, 0x0, 0x0,
    0x0, 0xff, 0x10, 0x0, 0x0, 0x0, 0x0, 0x0,
    0x0, 0x0, 0x0, 0x0, 0xf, 0xf1, 0x0, 0x0,
    0x0, 0x0, 0x0, 0x0, 0x0, 0x0, 0x0, 0x0,
    0xff, 0x10, 0x0, 0x0, 0x0, 0x0, 0x0, 0x0,
    0x0, 0x0, 0x0, 0x1, 0x20, 0x0, 0x0, 0x0,
    0x0, 0x0, 0x0, 0x0, 0x0, 0x0, 0x0,

    /* U+FC28 "ﰨ" */
    0x0, 0x0, 0x0, 0x0, 0x0, 0x0, 0x4f, 0xc0,
    0x1, 0xea, 0x0, 0x0, 0x0, 0x0, 0x0, 0x0,
    0x0, 0x4, 0xfc, 0x0, 0x1d, 0x90, 0x0, 0x0,
    0x0, 0x0, 0x0, 0x0, 0x0, 0x4f, 0xc0, 0x0,
    0x0, 0x0, 0x0, 0x0, 0x0, 0x0, 0x0, 0x0,
    0x4, 0xfc, 0x0, 0x0, 0x0, 0x0, 0x0, 0x19,
    0xef, 0xd6, 0x0, 0x0, 0x4f, 0xc0, 0x2b, 0xff,
    0xd6, 0x0, 0xd, 0xfe, 0xbf, 0xf7, 0x0, 0x4,
    0xfc, 0x3f, 0xeb, 0xdf, 0xf5, 0x2, 0xfc, 0x0,
    0x4f, 0xe0, 0x0, 0x4f, 0xcd, 0x90, 0x0, 0x8f,
    0xc0, 0x5f, 0x90, 0x0, 0xff, 0x20, 0x4, 0xff,
    0xa0, 0x0, 0x2, 0xff, 0x5, 0xfa, 0x0, 0xf,
    0xf1, 0x0, 0x4f, 0xf1, 0x0, 0x0, 0x1f, 0xf0,
    0x2f, 0xc0, 0x8, 0xff, 0x0, 0x4, 0xfc, 0x0,
    0x0, 0x1, 0xff, 0x19, 0xff, 0xbd, 0xff, 0xfe,
    0xbb, 0xcf, 0xeb, 0xbb, 0xbb, 0xbf, 0xfb, 0xff,
    0xff, 0xfc, 0x46, 0xdf, 0xff, 0xff, 0xff, 0xff,
    0xff, 0xff, 0xff, 0x40, 0x0, 0x0, 0x0, 0x0,
    0x0, 0x0, 0x0, 0x0, 0x0, 0xf, 0xf1, 0x0,
    0x0, 0x0, 0x0, 0x0, 0x0, 0x0, 0x0, 0x0,
    0x0, 0xff, 0x10, 0x0, 0x0, 0x0, 0x0, 0x0,
    0x0, 0x0, 0x0, 0x0, 0xf, 0xf1, 0x0, 0x0,
    0x0, 0x0, 0x0, 0x0, 0x0, 0x0, 0x0, 0x0,
    0xff, 0x10, 0x0, 0x0, 0x0, 0x0, 0x0, 0x0,
    0x0, 0x0, 0x0, 0x1, 0x20, 0x0, 0x0, 0x0,
    0x0, 0x0, 0x0, 0x0, 0x0, 0x0, 0x0,

    /* U+FC29 "ﰩ" */
    0x6, 0xcf, 0xfd, 0x70, 0x0, 0x0, 0x19, 0xef,
    0xea, 0x0, 0xef, 0xcc, 0xff, 0x60, 0x0, 0x1e,
    0xfd, 0xbd, 0xb0, 0x3, 0x0, 0x5, 0xfe, 0x0,
    0x7, 0xfb, 0x0, 0x0, 0x0, 0x0, 0x0, 0xd,
    0xf1, 0x0, 0xaf, 0x50, 0x0, 0x0, 0x0, 0x0,
    0x0, 0x9f, 0x60, 0x9, 0xf6, 0x0, 0x0, 0x0,
    0x0, 0x3, 0x9e, 0xfd, 0x0, 0x3f, 0xc0, 0x0,
    0x0, 0x0, 0x3c, 0xff, 0xcc, 0xfd, 0xbb, 0xef,
    0xeb, 0xbb, 0x20, 0x4f, 0xf7, 0x10, 0x1a, 0xff,
    0xff, 0xff, 0xff, 0xf3, 0xe, 0xf3, 0x0, 0x0,
    0x0, 0x0, 0x0, 0x0, 0x0, 0x4, 0xfc, 0x0,
    0x0, 0x0, 0x0, 0x0, 0x0, 0x0, 0x0, 0x3f,
    0xe1, 0x0, 0x4f, 0x50, 0x0, 0x0, 0x0, 0x0,
    0x0, 0xdf, 0xf7, 0x6, 0xf6, 0x0, 0x0, 0x0,
    0x0, 0x0, 0x1, 0xae, 0x60, 0x2, 0x0, 0x0,
    0x0, 0x0, 0x0, 0x0,

    /* U+FC2A "ﰪ" */
    0x0, 0x19, 0xef, 0xd6, 0x0, 0x0, 0x6, 0xdf,
    0xfc, 0x30, 0xd, 0xfe, 0xbf, 0xf7, 0x0, 0x9,
    0xff, 0xbc, 0xf1, 0x2, 0xfc, 0x0, 0x4f, 0xe0,
    0x1, 0xff, 0x20, 0x0, 0x0, 0x5f, 0x90, 0x0,
    0xff, 0x20, 0x4f, 0xc0, 0x0, 0x0, 0x5, 0xfa,
    0x0, 0xf, 0xf1, 0x3, 0xfc, 0x0, 0x0, 0x0,
    0x2f, 0xc0, 0x8, 0xff, 0x0, 0xd, 0xf3, 0x0,
    0x0, 0x19, 0xff, 0xbd, 0xff, 0xfe, 0xbb, 0xcf,
    0xfb, 0xbb, 0x7b, 0xff, 0xff, 0xfc, 0x46, 0xdf,
    0xff, 0xff, 0xff, 0xfa, 0xff, 0x40, 0x0, 0x0,
    0x0, 0x0, 0x0, 0x0, 0x0, 0xf, 0xf1, 0x0,
    0x0, 0x0, 0x0, 0x0, 0x0, 0x0, 0x0, 0xff,
    0x10, 0x0, 0x0, 0x0, 0x0, 0x0, 0x0, 0x0,
    0xf, 0xf1, 0x0, 0x0, 0x0, 0x0, 0x0, 0x0,
    0x0, 0x0, 0xff, 0x10, 0x0, 0x0, 0x0, 0x0,
    0x0, 0x0, 0x0, 0x1, 0x20, 0x0, 0x0, 0x0,
    0x0, 0x0, 0x0, 0x0, 0x0,

    /* U+FC2B "ﰫ" */
    0x0, 0x0, 0x0, 0x0, 0x0, 0x0, 0x4, 0xf5,
    0x0, 0x0, 0x0, 0x0, 0x0, 0x0, 0x0, 0x0,
    0x5f, 0x70, 0x0, 0x0, 0x0, 0x0, 0x0, 0x0,
    0x0, 0x0, 0x20, 0x0, 0x0, 0x0, 0x0, 0x0,
    0x0, 0x0, 0x0, 0x0, 0x0, 0x0, 0x6, 0xcf,
    0xfd, 0x70, 0x0, 0x0, 0x19, 0xef, 0xea, 0x0,
    0xef, 0xcc, 0xff, 0x60, 0x0, 0x1e, 0xfd, 0xbd,
    0xb0, 0x3, 0x0, 0x5, 0xfe, 0x0, 0x7, 0xfb,
    0x0, 0x0, 0x0, 0x0, 0x0, 0xd, 0xf1, 0x0,
    0xaf, 0x50, 0x0, 0x0, 0x0, 0x0, 0x0, 0x9f,
    0x60, 0x9, 0xf6, 0x0, 0x0, 0x0, 0x0, 0x3,
    0x9e, 0xfd, 0x0, 0x3f, 0xc0, 0x0, 0x0, 0x0,
    0x3c, 0xff, 0xcc, 0xfd, 0xbb, 0xef, 0xeb, 0xbb,
    0x20, 0x4f, 0xf7, 0x10, 0x1a, 0xff, 0xff, 0xff,
    0xff, 0xf3, 0xe, 0xf3, 0x0, 0x0, 0x0, 0x0,
    0x0, 0x0, 0x0, 0x4, 0xfc, 0x0, 0x0, 0x0,
    0x0, 0x0, 0x0, 0x0, 0x0, 0x3f, 0xe1, 0x0,
    0x4f, 0x50, 0x0, 0x0, 0x0, 0x0, 0x0, 0xdf,
    0xf7, 0x6, 0xf6, 0x0, 0x0, 0x0, 0x0, 0x0,
    0x1, 0xae, 0x60, 0x2, 0x0, 0x0, 0x0, 0x0,
    0x0, 0x0,

    /* U+FC2C "ﰬ" */
    0x0, 0x0, 0x0, 0x0, 0x0, 0x0, 0x0, 0xdb,
    0x0, 0x0, 0x0, 0x0, 0x0, 0x0, 0x0, 0x0,
    0xf, 0xd0, 0x0, 0x0, 0x0, 0x0, 0x0, 0x0,
    0x0, 0x0, 0x11, 0x0, 0x0, 0x0, 0x0, 0x0,
    0x0, 0x0, 0x0, 0x0, 0x0, 0x0, 0x0, 0x19,
    0xef, 0xd6, 0x0, 0x0, 0x6, 0xdf, 0xfc, 0x30,
    0xd, 0xfe, 0xbf, 0xf7, 0x0, 0x9, 0xff, 0xbc,
    0xf1, 0x2, 0xfc, 0x0, 0x4f, 0xe0, 0x1, 0xff,
    0x20, 0x0, 0x0, 0x5f, 0x90, 0x0, 0xff, 0x20,
    0x4f, 0xc0, 0x0, 0x0, 0x5, 0xfa, 0x0, 0xf,
    0xf1, 0x3, 0xfc, 0x0, 0x0, 0x0, 0x2f, 0xc0,
    0x8, 0xff, 0x0, 0xd, 0xf3, 0x0, 0x0, 0x19,
    0xff, 0xbd, 0xff, 0xfe, 0xbb, 0xcf, 0xfb, 0xbb,
    0x7b, 0xff, 0xff, 0xfc, 0x46, 0xdf, 0xff, 0xff,
    0xff, 0xfa, 0xff, 0x40, 0x0, 0x0, 0x0, 0x0,
    0x0, 0x0, 0x0, 0xf, 0xf1, 0x0, 0x0, 0x0,
    0x0, 0x0, 0x0, 0x0, 0x0, 0xff, 0x10, 0x0,
    0x0, 0x0, 0x0, 0x0, 0x0, 0x0, 0xf, 0xf1,
    0x0, 0x0, 0x0, 0x0, 0x0, 0x0, 0x0, 0x0,
    0xff, 0x10, 0x0, 0x0, 0x0, 0x0, 0x0, 0x0,
    0x0, 0x1, 0x20, 0x0, 0x0, 0x0, 0x0, 0x0,
    0x0, 0x0, 0x0,

    /* U+FC2D "ﰭ" */
    0x0, 0x0, 0x0, 0x0, 0x0, 0x0, 0x0, 0xdc,
    0x0, 0x0, 0x0, 0x0, 0x0, 0x0, 0x0, 0x0,
    0xe, 0xe0, 0x0, 0x0, 0x0, 0x0, 0x0, 0x0,
    0x0, 0x0, 0x11, 0x0, 0x0, 0x0, 0x0, 0x0,
    0x0, 0x0, 0x0, 0x0, 0x0, 0x0, 0x8, 0xcf,
    0xfd, 0x70, 0x0, 0x0, 0x5, 0xcf, 0xff, 0xc0,
    0xdf, 0xcc, 0xff, 0x60, 0x0, 0x8, 0xff, 0xcc,
    0xfc, 0x2, 0x0, 0x5, 0xfe, 0x0, 0x1, 0xff,
    0x40, 0x4f, 0xc0, 0x0, 0x0, 0xd, 0xf1, 0x0,
    0x5f, 0xc0, 0x4, 0xfc, 0x0, 0x0, 0x0, 0x8f,
    0x60, 0x5, 0xfc, 0x0, 0x4f, 0xc0, 0x0, 0x4,
    0x9e, 0xfd, 0x0, 0x1f, 0xf3, 0x4, 0xfc, 0x0,
    0x3d, 0xff, 0xcc, 0xfd, 0xbb, 0xef, 0xfc, 0xcf,
    0xc0, 0x5f, 0xf7, 0x10, 0x1a, 0xff, 0xff, 0xff,
    0xff, 0xfc, 0xf, 0xf3, 0x0, 0x0, 0x0, 0x0,
    0x0, 0x0, 0x0, 0x4, 0xfc, 0x0, 0x0, 0x0,
    0x0, 0x0, 0x0, 0x0, 0x0, 0x3f, 0xe1, 0x0,
    0x4f, 0x50, 0x0, 0x0, 0x0, 0x0, 0x0, 0xdf,
    0xf7, 0x6, 0xf6, 0x0, 0x0, 0x0, 0x0, 0x0,
    0x1, 0xae, 0x60, 0x2, 0x0, 0x0, 0x0, 0x0,
    0x0, 0x0,

    /* U+FC2E "ﰮ" */
    0x0, 0x0, 0x0, 0x0, 0x0, 0x0, 0x0, 0xdc,
    0x0, 0x0, 0x0, 0x0, 0x0, 0x0, 0x0, 0x0,
    0xe, 0xe0, 0x0, 0x0, 0x0, 0x0, 0x0, 0x0,
    0x0, 0x0, 0x11, 0x0, 0x0, 0x0, 0x0, 0x0,
    0x0, 0x0, 0x0, 0x0, 0x0, 0x0, 0x8, 0xcf,
    0xfd, 0x60, 0x0, 0x0, 0x5, 0xcf, 0xff, 0xc0,
    0xdf, 0xcc, 0xff, 0x60, 0x0, 0x8, 0xff, 0xcc,
    0xfc, 0x2, 0x0, 0x5, 0xfe, 0x0, 0x1, 0xff,
    0x40, 0x4f, 0xc0, 0x0, 0x0, 0xd, 0xf1, 0x0,
    0x5f, 0xc0, 0x4, 0xfc, 0x0, 0x0, 0x0, 0x8f,
    0x60, 0x5, 0xfc, 0x0, 0x4f, 0xc0, 0x0, 0x4,
    0x9e, 0xfd, 0x0, 0x1f, 0xf3, 0x4, 0xfc, 0x0,
    0x3d, 0xff, 0xcc, 0xfd, 0xbb, 0xef, 0xfc, 0xcf,
    0xc0, 0x5f, 0xf7, 0x10, 0x1a, 0xff, 0xff, 0xff,
    0xff, 0xfc, 0xf, 0xf3, 0x0, 0x0, 0x0, 0x0,
    0x0, 0x0, 0x0, 0x4, 0xfc, 0x0, 0x0, 0x0,
    0x0, 0x0, 0x0, 0x0, 0x0, 0x3f, 0xf1, 0x0,
    0x0, 0x0, 0x0, 0x0, 0x0, 0x0, 0x0, 0xdf,
    0xfb, 0xce, 0x30, 0x0, 0x0, 0x0, 0x0, 0x0,
    0x1, 0xae, 0xfe, 0xb2, 0x0, 0x0, 0x0, 0x0,
    0x0, 0x0,

    /* U+FC2F "ﰯ" */
    0x0, 0x9, 0xe1, 0x0, 0x0, 0x0, 0x0, 0xdc,
    0x0, 0x0, 0x0, 0xbf, 0x20, 0x0, 0x0, 0x0,
    0xe, 0xe0, 0x0, 0x0, 0x0, 0x10, 0x0, 0x0,
    0x0, 0x0, 0x11, 0x0, 0x0, 0x0, 0x0, 0x0,
    0x0, 0x0, 0x0, 0x0, 0x0, 0x0, 0x8, 0xcf,
    0xfd, 0x60, 0x0, 0x0, 0x5, 0xcf, 0xff, 0xc0,
    0xdf, 0xcc, 0xff, 0x60, 0x0, 0x8, 0xff, 0xcc,
    0xfc, 0x2, 0x0, 0x5, 0xfe, 0x0, 0x1, 0xff,
    0x40, 0x4f, 0xc0, 0x0, 0x0, 0xd, 0xf1, 0x0,
    0x5f, 0xc0, 0x4, 0xfc, 0x0, 0x0, 0x0, 0x8f,
    0x60, 0x5, 0xfc, 0x0, 0x4f, 0xc0, 0x0, 0x4,
    0x9e, 0xfd, 0x0, 0x1f, 0xf3, 0x4, 0xfc, 0x0,
    0x3d, 0xff, 0xcc, 0xfd, 0xbb, 0xef, 0xfc, 0xcf,
    0xc0, 0x5f, 0xf7, 0x10, 0x1a, 0xff, 0xff, 0xff,
    0xff, 0xfc, 0xf, 0xf3, 0x0, 0x0, 0x0, 0x0,
    0x0, 0x0, 0x0, 0x4, 0xfc, 0x0, 0x0, 0x0,
    0x0, 0x0, 0x0, 0x0, 0x0, 0x3f, 0xf1, 0x0,
    0x0, 0x0, 0x0, 0x0, 0x0, 0x0, 0x0, 0xdf,
    0xfb, 0xce, 0x30, 0x0, 0x0, 0x0, 0x0, 0x0,
    0x1, 0xae, 0xfe, 0xb2, 0x0, 0x0, 0x0, 0x0,
    0x0, 0x0,

    /* U+FC30 "ﰰ" */
    0x0, 0x0, 0x0, 0x0, 0x0, 0x0, 0x0, 0x7f,
    0x30, 0x0, 0x0, 0x0, 0x0, 0x0, 0x0, 0x0,
    0x0, 0x8f, 0x40, 0x0, 0x0, 0x0, 0x0, 0x0,
    0x0, 0x0, 0x0, 0x2, 0x0, 0x0, 0x0, 0x0,
    0x0, 0x0, 0x0, 0x0, 0x0, 0x0, 0x0, 0x0,
    0x0, 0x19, 0xef, 0xd6, 0x0, 0x0, 0x2, 0xae,
    0xff, 0xf3, 0x0, 0xdf, 0xeb, 0xff, 0x70, 0x0,
    0x2f, 0xfe, 0xbf, 0xf3, 0x2, 0xfc, 0x0, 0x4f,
    0xe0, 0x0, 0xbf, 0xa0, 0xd, 0xf3, 0x5, 0xf9,
    0x0, 0xf, 0xf2, 0x0, 0xef, 0x30, 0xd, 0xf3,
    0x5, 0xfa, 0x0, 0xf, 0xf1, 0x0, 0xef, 0x20,
    0xd, 0xf3, 0x2, 0xfc, 0x0, 0x8f, 0xf0, 0x0,
    0xaf, 0x80, 0xd, 0xf3, 0x19, 0xff, 0xbd, 0xff,
    0xfe, 0xbb, 0xcf, 0xfd, 0xbf, 0xf3, 0xbf, 0xff,
    0xff, 0xc4, 0x6d, 0xff, 0xff, 0xff, 0xff, 0xf3,
    0xff, 0x40, 0x0, 0x0, 0x0, 0x0, 0x0, 0x0,
    0x0, 0x0, 0xff, 0x10, 0x0, 0x0, 0x0, 0x0,
    0x0, 0x0, 0x0, 0x0, 0xff, 0x10, 0x0, 0x0,
    0x0, 0x0, 0x0, 0x0, 0x0, 0x0, 0xff, 0x10,
    0x0, 0x0, 0x0, 0x0, 0x0, 0x0, 0x0, 0x0,
    0xff, 0x10, 0x0, 0x0, 0x0, 0x0, 0x0, 0x0,
    0x0, 0x0, 0x12, 0x0, 0x0, 0x0, 0x0, 0x0,
    0x0, 0x0, 0x0, 0x0,

    /* U+FC31 "ﰱ" */
    0x0, 0x0, 0x0, 0x0, 0x0, 0x0, 0x0, 0x0,
    0x0, 0x2f, 0x80, 0x0, 0x0, 0x0, 0x0, 0x0,
    0x0, 0x0, 0x0, 0x0, 0x0, 0x3f, 0x90, 0x0,
    0x0, 0x0, 0x0, 0x0, 0x0, 0x0, 0x0, 0x0,
    0x0, 0x2, 0x0, 0x0, 0x0, 0x0, 0x0, 0x0,
    0x0, 0x0, 0x0, 0x0, 0x0, 0x0, 0x0, 0x0,
    0x0, 0x0, 0x0, 0x0, 0x0, 0x0, 0x0, 0x0,
    0x0, 0x8d, 0xff, 0xf8, 0x0, 0x0, 0x0, 0x0,
    0x0, 0x0, 0x0, 0x0, 0xc, 0xff, 0xbd, 0xf8,
    0x0, 0x0, 0x0, 0x3, 0xcf, 0xc2, 0x0, 0x0,
    0x6f, 0xe1, 0x8, 0xf8, 0x0, 0x0, 0x0, 0x5f,
    0xff, 0xfd, 0x0, 0x0, 0xaf, 0x70, 0x8, 0xf8,
    0x0, 0x0, 0x1, 0xff, 0x40, 0x9f, 0x90, 0x0,
    0xaf, 0x70, 0x8, 0xf8, 0x8e, 0x40, 0x5, 0xfa,
    0x0, 0xc, 0xf6, 0x0, 0x5f, 0xd0, 0x8, 0xf8,
    0xcf, 0x20, 0x3, 0xff, 0x93, 0x1, 0xef, 0xcb,
    0xbf, 0xfe, 0xbd, 0xf8, 0xef, 0x10, 0x0, 0x7e,
    0xff, 0xb0, 0x2b, 0xff, 0xff, 0xff, 0xff, 0xf8,
    0xef, 0x20, 0x0, 0x0, 0x4e, 0xf4, 0x0, 0x0,
    0x0, 0x0, 0x0, 0x0, 0xbf, 0xc1, 0x0, 0x0,
    0x4e, 0xf3, 0x0, 0x0, 0x0, 0x0, 0x0, 0x0,
    0x3f, 0xff, 0xff, 0xff, 0xff, 0xa0, 0x0, 0x0,
    0x0, 0x0, 0x0, 0x0, 0x3, 0x9b, 0xbb, 0xba,
    0x94, 0x0, 0x0, 0x0, 0x0, 0x0, 0x0, 0x0,

    /* U+FC32 "ﰲ" */
    0x0, 0x0, 0x0, 0x0, 0x0, 0x0, 0x0, 0x0,
    0x0, 0x2f, 0x80, 0x0, 0x0, 0x0, 0x0, 0x0,
    0x0, 0x0, 0x0, 0x0, 0x0, 0x3f, 0x90, 0x0,
    0x0, 0x0, 0x0, 0x0, 0x0, 0x0, 0x0, 0x0,
    0x0, 0x2, 0x0, 0x0, 0x0, 0x0, 0x0, 0x0,
    0x0, 0x0, 0x0, 0x0, 0x0, 0x0, 0x0, 0x0,
    0x0, 0x0, 0x0, 0x0, 0x0, 0x0, 0x0, 0x0,
    0x0, 0x8d, 0xff, 0xf8, 0x0, 0x0, 0x0, 0x0,
    0x0, 0x0, 0x0, 0x0, 0xc, 0xff, 0xbd, 0xf8,
    0x0, 0x0, 0x0, 0x3, 0xcf, 0xc2, 0x0, 0x0,
    0x6f, 0xe1, 0x8, 0xf8, 0x0, 0x0, 0x0, 0x5f,
    0xff, 0xfd, 0x0, 0x0, 0xaf, 0x70, 0x8, 0xf8,
    0x0, 0x0, 0x1, 0xff, 0x40, 0x9f, 0x90, 0x0,
    0xaf, 0x70, 0x8, 0xf8, 0x8e, 0x40, 0x5, 0xfa,
    0x0, 0xc, 0xf6, 0x0, 0x5f, 0xd0, 0x8, 0xf8,
    0xcf, 0x20, 0x3, 0xff, 0x93, 0x1, 0xef, 0xcb,
    0xbf, 0xfe, 0xbd, 0xf8, 0xef, 0x10, 0x0, 0x7e,
    0xff, 0xb0, 0x2b, 0xff, 0xff, 0xff, 0xff, 0xf8,
    0xef, 0x20, 0x0, 0x0, 0x4e, 0xf4, 0x0, 0x0,
    0x0, 0x0, 0x0, 0x0, 0xbf, 0xc1, 0x0, 0x0,
    0x4e, 0xf3, 0x0, 0x0, 0x0, 0x0, 0x0, 0x0,
    0x3f, 0xff, 0xff, 0xff, 0xff, 0xa0, 0x0, 0x0,
    0x0, 0x0, 0x0, 0x0, 0x3, 0x9b, 0xbb, 0xba,
    0x94, 0x0, 0x0, 0x0, 0x0, 0x0, 0x0, 0x0,
    0x0, 0x0, 0x0, 0x0, 0x0, 0x0, 0x0, 0x0,
    0x0, 0x0, 0x0, 0x0, 0x0, 0xd, 0xb3, 0xf7,
    0x0, 0x0, 0x0, 0x0, 0x0, 0x0, 0x0, 0x0,
    0x0, 0xf, 0xd4, 0xf8, 0x0, 0x0, 0x0, 0x0,
    0x0, 0x0, 0x0, 0x0, 0x0, 0x1, 0x0, 0x20,
    0x0, 0x0, 0x0, 0x0, 0x0, 0x0, 0x0, 0x0,

    /* U+FC33 "ﰳ" */
    0x0, 0x0, 0x0, 0x0, 0x0, 0x0, 0x2f, 0x76,
    0xf3, 0x0, 0x0, 0x0, 0x0, 0x0, 0x0, 0x3,
    0xf9, 0x8f, 0x40, 0x0, 0x0, 0x0, 0x0, 0x0,
    0x0, 0x2, 0x0, 0x20, 0x0, 0x0, 0x0, 0x0,
    0x0, 0x0, 0x0, 0x0, 0x0, 0x0, 0x8, 0xcf,
    0xfd, 0x60, 0x0, 0x0, 0x5, 0xcf, 0xff, 0xc0,
    0xdf, 0xcc, 0xff, 0x60, 0x0, 0x8, 0xff, 0xcc,
    0xfc, 0x2, 0x0, 0x5, 0xfe, 0x0, 0x1, 0xff,
    0x40, 0x4f, 0xc0, 0x0, 0x0, 0xd, 0xf1, 0x0,
    0x5f, 0xc0, 0x4, 0xfc, 0x0, 0x0, 0x0, 0x8f,
    0x60, 0x5, 0xfc, 0x0, 0x4f, 0xc0, 0x0, 0x4,
    0x9e, 0xfd, 0x0, 0x1f, 0xf3, 0x4, 0xfc, 0x0,
    0x3d, 0xff, 0xcc, 0xfd, 0xbb, 0xef, 0xfc, 0xcf,
    0xc0, 0x5f, 0xf7, 0x10, 0x1a, 0xff, 0xff, 0xff,
    0xff, 0xfc, 0xf, 0xf3, 0x0, 0x0, 0x0, 0x0,
    0x0, 0x0, 0x0, 0x4, 0xfc, 0x0, 0x0, 0x0,
    0x0, 0x0, 0x0, 0x0, 0x0, 0x3f, 0xf1, 0x0,
    0x0, 0x0, 0x0, 0x0, 0x0, 0x0, 0x0, 0xdf,
    0xfb, 0xce, 0x30, 0x0, 0x0, 0x0, 0x0, 0x0,
    0x1, 0xae, 0xfe, 0xb2, 0x0, 0x0, 0x0, 0x0,
    0x0, 0x0,

    /* U+FC34 "ﰴ" */
    0x0, 0x0, 0x0, 0x0, 0x0, 0x0, 0xb, 0xd1,
    0xe9, 0x0, 0x0, 0x0, 0x0, 0x0, 0x0, 0x0,
    0xd, 0xf2, 0xfb, 0x0, 0x0, 0x0, 0x0, 0x0,
    0x0, 0x0, 0x1, 0x10, 0x10, 0x0, 0x0, 0x0,
    0x0, 0x0, 0x0, 0x0, 0x0, 0x0, 0x0, 0x0,
    0x0, 0x19, 0xef, 0xd6, 0x0, 0x0, 0x2, 0xae,
    0xff, 0xf3, 0x0, 0xdf, 0xeb, 0xff, 0x70, 0x0,
    0x2f, 0xfe, 0xbf, 0xf3, 0x2, 0xfc, 0x0, 0x4f,
    0xe0, 0x0, 0xbf, 0xa0, 0xd, 0xf3, 0x5, 0xf9,
    0x0, 0xf, 0xf2, 0x0, 0xef, 0x30, 0xd, 0xf3,
    0x5, 0xfa, 0x0, 0xf, 0xf1, 0x0, 0xef, 0x20,
    0xd, 0xf3, 0x2, 0xfc, 0x0, 0x8f, 0xf0, 0x0,
    0xaf, 0x80, 0xd, 0xf3, 0x19, 0xff, 0xbd, 0xff,
    0xfe, 0xbb, 0xcf, 0xfd, 0xbf, 0xf3, 0xbf, 0xff,
    0xff, 0xc4, 0x6d, 0xff, 0xff, 0xff, 0xff, 0xf3,
    0xff, 0x40, 0x0, 0x0, 0x0, 0x0, 0x0, 0x0,
    0x0, 0x0, 0xff, 0x10, 0x0, 0x0, 0x0, 0x0,
    0x0, 0x0, 0x0, 0x0, 0xff, 0x10, 0x0, 0x0,
    0x0, 0x0, 0x0, 0x0, 0x0, 0x0, 0xff, 0x10,
    0x0, 0x0, 0x0, 0x0, 0x0, 0x0, 0x0, 0x0,
    0xff, 0x10, 0x0, 0x0, 0x0, 0x0, 0x0, 0x0,
    0x0, 0x0, 0x12, 0x0, 0x0, 0x0, 0x0, 0x0,
    0x0, 0x0, 0x0, 0x0,

    /* U+FC35 "ﰵ" */
    0x0, 0x0, 0x0, 0x0, 0x0, 0x0, 0x0, 0x0,
    0x6, 0xf3, 0xbe, 0x0, 0x0, 0x0, 0x0, 0x0,
    0x0, 0x0, 0x0, 0x0, 0x8, 0xf4, 0xcf, 0x10,
    0x0, 0x0, 0x0, 0x0, 0x0, 0x0, 0x0, 0x0,
    0x0, 0x20, 0x1, 0x0, 0x0, 0x0, 0x0, 0x0,
    0x0, 0x0, 0x0, 0x0, 0x0, 0x0, 0x0, 0x0,
    0x0, 0x0, 0x0, 0x0, 0x0, 0x0, 0x0, 0x0,
    0x0, 0x8d, 0xff, 0xf8, 0x0, 0x0, 0x0, 0x0,
    0x0, 0x0, 0x0, 0x0, 0xc, 0xff, 0xbd, 0xf8,
    0x0, 0x0, 0x0, 0x3, 0xcf, 0xc2, 0x0, 0x0,
    0x6f, 0xe1, 0x8, 0xf8, 0x0, 0x0, 0x0, 0x5f,
    0xff, 0xfd, 0x0, 0x0, 0xaf, 0x70, 0x8, 0xf8,
    0x0, 0x0, 0x1, 0xff, 0x40, 0x9f, 0x90, 0x0,
    0xaf, 0x70, 0x8, 0xf8, 0x8e, 0x40, 0x5, 0xfa,
    0x0, 0xc, 0xf6, 0x0, 0x5f, 0xd0, 0x8, 0xf8,
    0xcf, 0x20, 0x3, 0xff, 0x93, 0x1, 0xef, 0xcb,
    0xbf, 0xfe, 0xbd, 0xf8, 0xef, 0x10, 0x0, 0x7e,
    0xff, 0xb0, 0x2b, 0xff, 0xff, 0xff, 0xff, 0xf8,
    0xef, 0x20, 0x0, 0x0, 0x4e, 0xf4, 0x0, 0x0,
    0x0, 0x0, 0x0, 0x0, 0xbf, 0xc1, 0x0, 0x0,
    0x4e, 0xf3, 0x0, 0x0, 0x0, 0x0, 0x0, 0x0,
    0x3f, 0xff, 0xff, 0xff, 0xff, 0xa0, 0x0, 0x0,
    0x0, 0x0, 0x0, 0x0, 0x3, 0x9b, 0xbb, 0xba,
    0x94, 0x0, 0x0, 0x0, 0x0, 0x0, 0x0, 0x0,

    /* U+FC36 "ﰶ" */
    0x0, 0x0, 0x0, 0x0, 0x0, 0x0, 0x0, 0x0,
    0x6, 0xf3, 0xbe, 0x0, 0x0, 0x0, 0x0, 0x0,
    0x0, 0x0, 0x0, 0x0, 0x8, 0xf4, 0xcf, 0x10,
    0x0, 0x0, 0x0, 0x0, 0x0, 0x0, 0x0, 0x0,
    0x0, 0x20, 0x1, 0x0, 0x0, 0x0, 0x0, 0x0,
    0x0, 0x0, 0x0, 0x0, 0x0, 0x0, 0x0, 0x0,
    0x0, 0x0, 0x0, 0x0, 0x0, 0x0, 0x0, 0x0,
    0x0, 0x8d, 0xff, 0xf8, 0x0, 0x0, 0x0, 0x0,
    0x0, 0x0, 0x0, 0x0, 0xc, 0xff, 0xbd, 0xf8,
    0x0, 0x0, 0x0, 0x3, 0xcf, 0xc2, 0x0, 0x0,
    0x6f, 0xe1, 0x8, 0xf8, 0x0, 0x0, 0x0, 0x5f,
    0xff, 0xfd, 0x0, 0x0, 0xaf, 0x70, 0x8, 0xf8,
    0x0, 0x0, 0x1, 0xff, 0x40, 0x9f, 0x90, 0x0,
    0xaf, 0x70, 0x8, 0xf8, 0x8e, 0x40, 0x5, 0xfa,
    0x0, 0xc, 0xf6, 0x0, 0x5f, 0xd0, 0x8, 0xf8,
    0xcf, 0x20, 0x3, 0xff, 0x93, 0x1, 0xef, 0xcb,
    0xbf, 0xfe, 0xbd, 0xf8, 0xef, 0x10, 0x0, 0x7e,
    0xff, 0xb0, 0x2b, 0xff, 0xff, 0xff, 0xff, 0xf8,
    0xef, 0x20, 0x0, 0x0, 0x4e, 0xf4, 0x0, 0x0,
    0x0, 0x0, 0x0, 0x0, 0xbf, 0xc1, 0x0, 0x0,
    0x4e, 0xf3, 0x0, 0x0, 0x0, 0x0, 0x0, 0x0,
    0x3f, 0xff, 0xff, 0xff, 0xff, 0xa0, 0x0, 0x0,
    0x0, 0x0, 0x0, 0x0, 0x3, 0x9b, 0xbb, 0xba,
    0x94, 0x0, 0x0, 0x0, 0x0, 0x0, 0x0, 0x0,
    0x0, 0x0, 0x0, 0x0, 0x0, 0x0, 0x0, 0x0,
    0x0, 0x0, 0x0, 0x0, 0x0, 0xd, 0xb3, 0xf7,
    0x0, 0x0, 0x0, 0x0, 0x0, 0x0, 0x0, 0x0,
    0x0, 0xf, 0xd4, 0xf8, 0x0, 0x0, 0x0, 0x0,
    0x0, 0x0, 0x0, 0x0, 0x0, 0x1, 0x0, 0x20,
    0x0, 0x0, 0x0, 0x0, 0x0, 0x0, 0x0, 0x0,

    /* U+FC37 "ﰷ" */
    0x0, 0x0, 0x0, 0x0, 0x0, 0x0, 0x0, 0x0,
    0x0, 0x0, 0x0, 0x3c, 0xb0, 0x6f, 0xa0, 0x0,
    0x0, 0x8f, 0xfe, 0x6, 0xfa, 0x0, 0x0, 0x9f,
    0xf7, 0x0, 0x6f, 0xa0, 0x0, 0x7f, 0xd2, 0x0,
    0x6, 0xfa, 0x0, 0x2f, 0xe1, 0x0, 0x0, 0x6f,
    0xa0, 0x6, 0xff, 0xff, 0xc5, 0x6, 0xfa, 0x0,
    0x4b, 0xbb, 0xdf, 0xf7, 0x6f, 0xa0, 0x0, 0x0,
    0x0, 0x7f, 0xe6, 0xfa, 0x0, 0x0, 0x0, 0x1,
    0xff, 0x6f, 0xa0, 0x0, 0x0, 0x0, 0xf, 0xf6,
    0xfa, 0x0, 0x0, 0x0, 0x0, 0xff, 0x6f, 0xeb,
    0xbb, 0xbb, 0xbb, 0xbf, 0xf6, 0xff, 0xff, 0xff,
    0xff, 0xff, 0xff,

    /* U+FC38 "ﰸ" */
    0x0, 0x0, 0x0, 0x0, 0x0, 0x0, 0x0, 0x0,
    0x0, 0x0, 0x0, 0x0, 0x0, 0x0, 0x0, 0x0,
    0x0, 0x7e, 0x30, 0x0, 0x0, 0x0, 0x0, 0x0,
    0x0, 0x2, 0xcf, 0xf7, 0x0, 0x0, 0x0, 0x0,
    0x0, 0x0, 0x2, 0xef, 0xc3, 0x0, 0x0, 0x0,
    0x0, 0x0, 0x0, 0x0, 0xdf, 0x80, 0x0, 0x0,
    0x0, 0x0, 0x0, 0x0, 0x0, 0x9f, 0x90, 0x0,
    0x0, 0x5, 0xbe, 0xfd, 0x70, 0x0, 0xe, 0xff,
    0xfe, 0x92, 0x1, 0xff, 0xcc, 0xff, 0x60, 0x0,
    0x9b, 0xbb, 0xff, 0xe1, 0x4, 0x10, 0x5, 0xfe,
    0x0, 0x0, 0x0, 0x1, 0xdf, 0x60, 0x0, 0x0,
    0xd, 0xf1, 0x0, 0x0, 0x0, 0x8, 0xf8, 0x0,
    0x0, 0x0, 0x9f, 0x60, 0x0, 0x0, 0x0, 0x8f,
    0x80, 0x0, 0x3, 0x8d, 0xfd, 0x0, 0x0, 0x0,
    0x8, 0xf8, 0x0, 0x3c, 0xff, 0xcc, 0xfd, 0xbb,
    0xbb, 0xbb, 0xdf, 0x80, 0x4f, 0xf7, 0x10, 0x1a,
    0xff, 0xff, 0xff, 0xff, 0xf8, 0xe, 0xf3, 0x0,
    0x0, 0x0, 0x0, 0x0, 0x0, 0x0, 0x4, 0xfc,
    0x0, 0x0, 0x0, 0x0, 0x0, 0x0, 0x0, 0x0,
    0x3f, 0xe1, 0x0, 0x4f, 0x50, 0x0, 0x0, 0x0,
    0x0, 0x0, 0xdf, 0xf7, 0x6, 0xf6, 0x0, 0x0,
    0x0, 0x0, 0x0, 0x1, 0xae, 0x60, 0x2, 0x0,
    0x0, 0x0, 0x0, 0x0, 0x0,

    /* U+FC39 "ﰹ" */
    0x0, 0x0, 0x0, 0x0, 0x0, 0x0, 0x0, 0x0,
    0x0, 0x0, 0x0, 0x0, 0x0, 0x0, 0x0, 0x0,
    0x0, 0x7e, 0x30, 0x0, 0x0, 0x0, 0x0, 0x0,
    0x0, 0x2, 0xcf, 0xf7, 0x0, 0x0, 0x0, 0x0,
    0x0, 0x0, 0x2, 0xef, 0xc3, 0x0, 0x0, 0x0,
    0x0, 0x0, 0x0, 0x0, 0xdf, 0x80, 0x0, 0x0,
    0x0, 0x0, 0x0, 0x0, 0x0, 0x9f, 0x90, 0x0,
    0x0, 0x5, 0xbe, 0xfd, 0x60, 0x0, 0xe, 0xff,
    0xfe, 0x92, 0x1, 0xff, 0xcc, 0xff, 0x60, 0x0,
    0x9b, 0xbb, 0xff, 0xe1, 0x4, 0x10, 0x5, 0xfe,
    0x0, 0x0, 0x0, 0x1, 0xdf, 0x60, 0x0, 0x0,
    0xd, 0xf1, 0x0, 0x0, 0x0, 0x8, 0xf8, 0x0,
    0x0, 0x0, 0x9f, 0x60, 0x0, 0x0, 0x0, 0x8f,
    0x80, 0x0, 0x3, 0x8d, 0xfd, 0x0, 0x0, 0x0,
    0x8, 0xf8, 0x0, 0x3c, 0xff, 0xcc, 0xfd, 0xbb,
    0xbb, 0xbb, 0xdf, 0x80, 0x4f, 0xf7, 0x10, 0x1a,
    0xff, 0xff, 0xff, 0xff, 0xf8, 0xe, 0xf3, 0x0,
    0x0, 0x0, 0x0, 0x0, 0x0, 0x0, 0x4, 0xfc,
    0x0, 0x0, 0x0, 0x0, 0x0, 0x0, 0x0, 0x0,
    0x3f, 0xf1, 0x0, 0x0, 0x0, 0x0, 0x0, 0x0,
    0x0, 0x0, 0xdf, 0xfb, 0xce, 0x30, 0x0, 0x0,
    0x0, 0x0, 0x0, 0x1, 0xae, 0xfe, 0xb2, 0x0,
    0x0, 0x0, 0x0, 0x0, 0x0,

    /* U+FC3A "ﰺ" */
    0x0, 0x0, 0x0, 0x0, 0x0, 0x0, 0x0, 0x0,
    0x20, 0x0, 0x0, 0x0, 0x0, 0x0, 0x0, 0x0,
    0x1, 0xaf, 0x40, 0x0, 0x9, 0xe1, 0x0, 0x0,
    0x0, 0x3, 0xef, 0xf6, 0x0, 0x0, 0xbf, 0x20,
    0x0, 0x0, 0x3, 0xff, 0xa1, 0x0, 0x0, 0x0,
    0x10, 0x0, 0x0, 0x1, 0xef, 0x70, 0x0, 0x0,
    0x0, 0x0, 0x0, 0x0, 0x0, 0x9f, 0x80, 0x0,
    0x0, 0x5, 0xbe, 0xfd, 0x60, 0x0, 0xe, 0xff,
    0xfe, 0x92, 0x1, 0xff, 0xcc, 0xff, 0x60, 0x0,
    0x9b, 0xbb, 0xff, 0xe1, 0x4, 0x10, 0x5, 0xfe,
    0x0, 0x0, 0x0, 0x1, 0xdf, 0x60, 0x0, 0x0,
    0xd, 0xf1, 0x0, 0x0, 0x0, 0x8, 0xf8, 0x0,
    0x0, 0x0, 0x9f, 0x60, 0x0, 0x0, 0x0, 0x8f,
    0x80, 0x0, 0x3, 0x8d, 0xfd, 0x0, 0x0, 0x0,
    0x8, 0xf8, 0x0, 0x3c, 0xff, 0xcc, 0xfd, 0xbb,
    0xbb, 0xbb, 0xdf, 0x80, 0x4f, 0xf7, 0x10, 0x1a,
    0xff, 0xff, 0xff, 0xff, 0xf8, 0xe, 0xf3, 0x0,
    0x0, 0x0, 0x0, 0x0, 0x0, 0x0, 0x4, 0xfc,
    0x0, 0x0, 0x0, 0x0, 0x0, 0x0, 0x0, 0x0,
    0x3f, 0xf1, 0x0, 0x0, 0x0, 0x0, 0x0, 0x0,
    0x0, 0x0, 0xdf, 0xfb, 0xce, 0x30, 0x0, 0x0,
    0x0, 0x0, 0x0, 0x1, 0xae, 0xfe, 0xb2, 0x0,
    0x0, 0x0, 0x0, 0x0, 0x0,

    /* U+FC3B "ﰻ" */
    0x0, 0x0, 0x0, 0x0, 0x0, 0x0, 0x0, 0x0,
    0x0, 0x0, 0x0, 0x0, 0x0, 0x0, 0x0, 0x0,
    0x0, 0x0, 0x7e, 0x50, 0x0, 0x0, 0x0, 0xb,
    0xf5, 0x0, 0x0, 0x1c, 0xff, 0x90, 0x0, 0x0,
    0x0, 0xb, 0xf5, 0x0, 0x1, 0xef, 0xc3, 0x0,
    0x0, 0x0, 0x0, 0xb, 0xf5, 0x0, 0xd, 0xf9,
    0x0, 0x0, 0x0, 0x0, 0x0, 0xb, 0xf5, 0x0,
    0x8f, 0xa0, 0x0, 0x0, 0x0, 0x0, 0x0, 0xb,
    0xf5, 0x0, 0xcf, 0xff, 0xea, 0x20, 0x0, 0x0,
    0x0, 0xb, 0xf5, 0x0, 0x8b, 0xbb, 0xff, 0xf2,
    0x0, 0x0, 0x0, 0xb, 0xf5, 0x0, 0x0, 0x0,
    0xc, 0xf8, 0x0, 0x0, 0x0, 0xb, 0xf5, 0x0,
    0x0, 0x0, 0x7, 0xf9, 0x6f, 0x70, 0x0, 0xb,
    0xf5, 0x0, 0x0, 0x0, 0x6, 0xfa, 0xbf, 0x40,
    0x0, 0xb, 0xf5, 0x0, 0x0, 0x0, 0x6, 0xfa,
    0xef, 0x20, 0x0, 0xb, 0xfc, 0xbb, 0xbb, 0xbb,
    0xbd, 0xfa, 0xff, 0x20, 0x0, 0xb, 0xff, 0xff,
    0xff, 0xff, 0xff, 0xfa, 0xdf, 0x40, 0x0, 0xd,
    0xf4, 0x0, 0x0, 0x0, 0x0, 0x0, 0x8f, 0xd2,
    0x1, 0x8f, 0xf0, 0x0, 0x0, 0x0, 0x0, 0x0,
    0xd, 0xff, 0xff, 0xff, 0x60, 0x0, 0x0, 0x0,
    0x0, 0x0, 0x0, 0x7a, 0xba, 0x82, 0x0, 0x0,
    0x0, 0x0, 0x0, 0x0,

    /* U+FC3C "ﰼ" */
    0x0, 0x0, 0x0, 0x0, 0x0, 0x0, 0x0, 0x0,
    0x0, 0x0, 0x0, 0x0, 0x0, 0x0, 0x0, 0x0,
    0x0, 0x3c, 0x90, 0x0, 0x0, 0x0, 0x0, 0x0,
    0x0, 0x0, 0x8f, 0xfe, 0x0, 0x0, 0x0, 0x0,
    0x0, 0x0, 0x0, 0xaf, 0xf6, 0x0, 0x0, 0x0,
    0x0, 0x0, 0x0, 0x0, 0x8f, 0xd2, 0x0, 0x0,
    0x0, 0x0, 0x0, 0x0, 0x0, 0x3f, 0xe1, 0x0,
    0x0, 0x0, 0x4, 0x9a, 0x82, 0x0, 0x8, 0xff,
    0xfe, 0xc5, 0x0, 0xb, 0xff, 0xff, 0xf4, 0x0,
    0x5b, 0xbb, 0xdf, 0xf6, 0x2, 0xfd, 0x30, 0x7f,
    0xe0, 0x0, 0x0, 0x0, 0x8f, 0xd0, 0x5f, 0xa0,
    0x0, 0xff, 0x10, 0x0, 0x0, 0x2, 0xfe, 0x5,
    0xf9, 0x0, 0xf, 0xf1, 0x0, 0x0, 0x0, 0x1f,
    0xf0, 0x2f, 0xc0, 0x7, 0xff, 0x0, 0x0, 0x0,
    0x1, 0xff, 0x19, 0xff, 0xbd, 0xff, 0xfe, 0xbb,
    0xbb, 0xbb, 0xbf, 0xfb, 0xff, 0xff, 0xfc, 0x46,
    0xdf, 0xff, 0xff, 0xff, 0xff, 0xff, 0x40, 0x0,
    0x0, 0x0, 0x0, 0x0, 0x0, 0x0, 0xf, 0xf1,
    0x0, 0x0, 0x0, 0x0, 0x0, 0x0, 0x0, 0x0,
    0xff, 0x10, 0x0, 0x0, 0x0, 0x0, 0x0, 0x0,
    0x0, 0xf, 0xf1, 0x0, 0x0, 0x0, 0x0, 0x0,
    0x0, 0x0, 0x0, 0xff, 0x10, 0x0, 0x0, 0x0,
    0x0, 0x0, 0x0, 0x0, 0x1, 0x20, 0x0, 0x0,
    0x0, 0x0, 0x0, 0x0, 0x0, 0x0,

    /* U+FC3D "ﰽ" */
    0x0, 0x0, 0x0, 0x0, 0x0, 0x0, 0x0, 0x0,
    0x0, 0x0, 0x0, 0x0, 0x0, 0x0, 0x0, 0x0,
    0x0, 0x0, 0x0, 0x0, 0x0, 0x1, 0x9e, 0x0,
    0x0, 0x0, 0x0, 0x0, 0x0, 0x0, 0x0, 0x0,
    0x0, 0x4e, 0xff, 0x30, 0x0, 0x0, 0x0, 0x0,
    0x0, 0x0, 0x0, 0x0, 0x5, 0xff, 0x91, 0x0,
    0x0, 0x0, 0x0, 0x0, 0x0, 0x0, 0x0, 0x0,
    0x3f, 0xf4, 0x0, 0x0, 0x0, 0x0, 0x0, 0x0,
    0x0, 0x0, 0x0, 0x0, 0xdf, 0x40, 0x0, 0x0,
    0x0, 0x0, 0x0, 0x0, 0x0, 0x0, 0x0, 0x3,
    0xff, 0xff, 0xd7, 0x0, 0x0, 0x0, 0x0, 0x0,
    0x0, 0x0, 0x0, 0x2, 0xbb, 0xbc, 0xff, 0xb0,
    0x0, 0x0, 0x0, 0x3, 0xcf, 0xc2, 0x0, 0x0,
    0x0, 0x0, 0x4f, 0xf1, 0x0, 0x0, 0x0, 0x5f,
    0xff, 0xfd, 0x0, 0x0, 0x0, 0x0, 0xd, 0xf3,
    0x0, 0x0, 0x1, 0xff, 0x40, 0x9f, 0x90, 0x0,
    0x0, 0x0, 0xd, 0xf3, 0x8e, 0x40, 0x5, 0xfa,
    0x0, 0xc, 0xf6, 0x0, 0x0, 0x0, 0xd, 0xf3,
    0xcf, 0x20, 0x3, 0xff, 0x93, 0x1, 0xef, 0xcb,
    0xbb, 0xbb, 0xbf, 0xf3, 0xef, 0x10, 0x0, 0x7e,
    0xff, 0xb0, 0x2b, 0xff, 0xff, 0xff, 0xff, 0xf3,
    0xef, 0x20, 0x0, 0x0, 0x4e, 0xf4, 0x0, 0x0,
    0x0, 0x0, 0x0, 0x0, 0xbf, 0xc1, 0x0, 0x0,
    0x4e, 0xf3, 0x0, 0x0, 0x0, 0x0, 0x0, 0x0,
    0x3f, 0xff, 0xff, 0xff, 0xff, 0xa0, 0x0, 0x0,
    0x0, 0x0, 0x0, 0x0, 0x3, 0x9b, 0xbb, 0xba,
    0x94, 0x0, 0x0, 0x0, 0x0, 0x0, 0x0, 0x0,

    /* U+FC3E "ﰾ" */
    0x0, 0x0, 0x0, 0x0, 0x0, 0x0, 0x0, 0x0,
    0x0, 0x0, 0x0, 0x0, 0x0, 0x0, 0x0, 0x0,
    0x0, 0x0, 0x0, 0x0, 0x0, 0x1, 0x9e, 0x0,
    0x0, 0x0, 0x0, 0x0, 0x0, 0x0, 0x0, 0x0,
    0x0, 0x4e, 0xff, 0x30, 0x0, 0x0, 0x0, 0x0,
    0x0, 0x0, 0x0, 0x0, 0x5, 0xff, 0x91, 0x0,
    0x0, 0x0, 0x0, 0x0, 0x0, 0x0, 0x0, 0x0,
    0x3f, 0xf4, 0x0, 0x0, 0x0, 0x0, 0x0, 0x0,
    0x0, 0x0, 0x0, 0x0, 0xdf, 0x40, 0x0, 0x0,
    0x0, 0x0, 0x0, 0x0, 0x0, 0x0, 0x0, 0x3,
    0xff, 0xff, 0xd7, 0x0, 0x0, 0x0, 0x0, 0x0,
    0x0, 0x0, 0x0, 0x2, 0xbb, 0xbc, 0xff, 0xb0,
    0x0, 0x0, 0x0, 0x3, 0xcf, 0xc2, 0x0, 0x0,
    0x0, 0x0, 0x4f, 0xf1, 0x0, 0x0, 0x0, 0x5f,
    0xff, 0xfd, 0x0, 0x0, 0x0, 0x0, 0xd, 0xf3,
    0x0, 0x0, 0x1, 0xff, 0x40, 0x9f, 0x90, 0x0,
    0x0, 0x0, 0xd, 0xf3, 0x8e, 0x40, 0x5, 0xfa,
    0x0, 0xc, 0xf6, 0x0, 0x0, 0x0, 0xd, 0xf3,
    0xcf, 0x20, 0x3, 0xff, 0x93, 0x1, 0xef, 0xcb,
    0xbb, 0xbb, 0xbf, 0xf3, 0xef, 0x10, 0x0, 0x7e,
    0xff, 0xb0, 0x2b, 0xff, 0xff, 0xff, 0xff, 0xf3,
    0xef, 0x20, 0x0, 0x0, 0x4e, 0xf4, 0x0, 0x0,
    0x0, 0x0, 0x0, 0x0, 0xbf, 0xc1, 0x0, 0x0,
    0x4e, 0xf3, 0x0, 0x0, 0x0, 0x0, 0x0, 0x0,
    0x3f, 0xff, 0xff, 0xff, 0xff, 0xa0, 0x0, 0x0,
    0x0, 0x0, 0x0, 0x0, 0x3, 0x9b, 0xbb, 0xba,
    0x94, 0x0, 0x0, 0x0, 0x0, 0x0, 0x0, 0x0,
    0x0, 0x0, 0x0, 0x0, 0x0, 0x0, 0x0, 0x0,
    0x0, 0x0, 0x0, 0x0, 0x0, 0xd, 0xb3, 0xf7,
    0x0, 0x0, 0x0, 0x0, 0x0, 0x0, 0x0, 0x0,
    0x0, 0xf, 0xd4, 0xf8, 0x0, 0x0, 0x0, 0x0,
    0x0, 0x0, 0x0, 0x0, 0x0, 0x1, 0x0, 0x20,
    0x0, 0x0, 0x0, 0x0, 0x0, 0x0, 0x0, 0x0,

    /* U+FC3F "ﰿ" */
    0x0, 0x0, 0x0, 0x0, 0x0, 0x0, 0xef, 0x20,
    0x0, 0x0, 0x0, 0x0, 0x0, 0xe, 0xf2, 0x0,
    0x0, 0x0, 0x0, 0x0, 0x0, 0xef, 0x20, 0x0,
    0x0, 0x0, 0x0, 0x0, 0xe, 0xf2, 0x6, 0xcf,
    0xfd, 0x70, 0x0, 0x0, 0xef, 0x20, 0xef, 0xcc,
    0xff, 0x60, 0x0, 0xe, 0xf2, 0x3, 0x0, 0x5,
    0xfe, 0x0, 0x0, 0xef, 0x20, 0x0, 0x0, 0xd,
    0xf1, 0x0, 0xe, 0xf2, 0x0, 0x0, 0x0, 0x9f,
    0x60, 0x0, 0xef, 0x20, 0x0, 0x3, 0x9e, 0xfd,
    0x0, 0xe, 0xf2, 0x0, 0x3c, 0xff, 0xcc, 0xfd,
    0xbb, 0xff, 0x20, 0x4f, 0xf7, 0x10, 0x1a, 0xff,
    0xff, 0xf2, 0xe, 0xf3, 0x0, 0x0, 0x0, 0x0,
    0x0, 0x4, 0xfc, 0x0, 0x0, 0x0, 0x0, 0x0,
    0x0, 0x3f, 0xe1, 0x0, 0x4f, 0x50, 0x0, 0x0,
    0x0, 0xdf, 0xf7, 0x6, 0xf6, 0x0, 0x0, 0x0,
    0x1, 0xae, 0x60, 0x2, 0x0, 0x0, 0x0, 0x0,

    /* U+FC40 "ﱀ" */
    0x0, 0x0, 0x0, 0x0, 0x0, 0x0, 0xef, 0x20,
    0x0, 0x0, 0x0, 0x0, 0x0, 0xe, 0xf2, 0x0,
    0x0, 0x0, 0x0, 0x0, 0x0, 0xef, 0x20, 0x0,
    0x0, 0x0, 0x0, 0x0, 0xe, 0xf2, 0x6, 0xbf,
    0xfd, 0x60, 0x0, 0x0, 0xef, 0x20, 0xef, 0xcc,
    0xff, 0x60, 0x0, 0xe, 0xf2, 0x3, 0x0, 0x5,
    0xfe, 0x0, 0x0, 0xef, 0x20, 0x0, 0x0, 0xd,
    0xf1, 0x0, 0xe, 0xf2, 0x0, 0x0, 0x0, 0x9f,
    0x60, 0x0, 0xef, 0x20, 0x0, 0x3, 0x9e, 0xfd,
    0x0, 0xe, 0xf2, 0x0, 0x3c, 0xff, 0xcc, 0xfd,
    0xbb, 0xff, 0x20, 0x4f, 0xf7, 0x10, 0x1a, 0xff,
    0xff, 0xf2, 0xe, 0xf3, 0x0, 0x0, 0x0, 0x0,
    0x0, 0x4, 0xfc, 0x0, 0x0, 0x0, 0x0, 0x0,
    0x0, 0x3f, 0xf1, 0x0, 0x0, 0x0, 0x0, 0x0,
    0x0, 0xdf, 0xfb, 0xce, 0x30, 0x0, 0x0, 0x0,
    0x1, 0xae, 0xfe, 0xb2, 0x0, 0x0, 0x0, 0x0,

    /* U+FC41 "ﱁ" */
    0x0, 0x9, 0xe1, 0x0, 0x0, 0x0, 0xef, 0x20,
    0x0, 0xbf, 0x20, 0x0, 0x0, 0xe, 0xf2, 0x0,
    0x1, 0x30, 0x0, 0x0, 0x0, 0xef, 0x20, 0x0,
    0x0, 0x0, 0x0, 0x0, 0xe, 0xf2, 0x6, 0xbf,
    0xfd, 0x60, 0x0, 0x0, 0xef, 0x20, 0xef, 0xcc,
    0xff, 0x60, 0x0, 0xe, 0xf2, 0x3, 0x0, 0x5,
    0xfe, 0x0, 0x0, 0xef, 0x20, 0x0, 0x0, 0xd,
    0xf1, 0x0, 0xe, 0xf2, 0x0, 0x0, 0x0, 0x9f,
    0x60, 0x0, 0xef, 0x20, 0x0, 0x3, 0x9e, 0xfd,
    0x0, 0xe, 0xf2, 0x0, 0x3c, 0xff, 0xcc, 0xfd,
    0xbb, 0xff, 0x20, 0x4f, 0xf7, 0x10, 0x1a, 0xff,
    0xff, 0xf2, 0xe, 0xf3, 0x0, 0x0, 0x0, 0x0,
    0x0, 0x4, 0xfc, 0x0, 0x0, 0x0, 0x0, 0x0,
    0x0, 0x3f, 0xf1, 0x0, 0x0, 0x0, 0x0, 0x0,
    0x0, 0xdf, 0xfb, 0xce, 0x30, 0x0, 0x0, 0x0,
    0x1, 0xae, 0xfe, 0xb2, 0x0, 0x0, 0x0, 0x0,

    /* U+FC42 "ﱂ" */
    0x0, 0x0, 0x0, 0x0, 0x0, 0x0, 0x8f, 0x90,
    0x0, 0x0, 0x0, 0x0, 0x0, 0x8, 0xf9, 0x0,
    0x0, 0x0, 0x0, 0x0, 0x0, 0x8f, 0x90, 0x0,
    0x0, 0x0, 0x0, 0x0, 0x8, 0xf9, 0x0, 0x4,
    0x9a, 0x82, 0x0, 0x0, 0x8f, 0x90, 0xb, 0xff,
    0xff, 0xf4, 0x0, 0x8, 0xf9, 0x2, 0xfd, 0x30,
    0x7f, 0xe0, 0x0, 0x8f, 0x90, 0x5f, 0xa0, 0x0,
    0xff, 0x10, 0x8, 0xf9, 0x5, 0xf9, 0x0, 0xf,
    0xf1, 0x0, 0x8f, 0x90, 0x2f, 0xc0, 0x7, 0xff,
    0x0, 0x8, 0xf9, 0x19, 0xff, 0xbd, 0xff, 0xfe,
    0xbb, 0xdf, 0x9b, 0xff, 0xff, 0xfc, 0x46, 0xdf,
    0xff, 0xf9, 0xff, 0x40, 0x0, 0x0, 0x0, 0x0,
    0x0, 0xf, 0xf1, 0x0, 0x0, 0x0, 0x0, 0x0,
    0x0, 0xff, 0x10, 0x0, 0x0, 0x0, 0x0, 0x0,
    0xf, 0xf1, 0x0, 0x0, 0x0, 0x0, 0x0, 0x0,
    0xff, 0x10, 0x0, 0x0, 0x0, 0x0, 0x0, 0x1,
    0x20, 0x0, 0x0, 0x0, 0x0, 0x0, 0x0,

    /* U+FC43 "ﱃ" */
    0x0, 0x0, 0x0, 0x0, 0x0, 0x0, 0x0, 0x0,
    0x3f, 0xe0, 0x0, 0x0, 0x0, 0x0, 0x0, 0x0,
    0x0, 0x3, 0xfe, 0x0, 0x0, 0x0, 0x0, 0x0,
    0x0, 0x0, 0x0, 0x3f, 0xe0, 0x0, 0x0, 0x0,
    0x0, 0x0, 0x0, 0x0, 0x3, 0xfe, 0x0, 0x0,
    0x0, 0x0, 0x0, 0x0, 0x0, 0x0, 0x3f, 0xe0,
    0x0, 0x0, 0x0, 0x0, 0x0, 0x0, 0x0, 0x3,
    0xfe, 0x0, 0x0, 0x0, 0x3, 0xcf, 0xc2, 0x0,
    0x0, 0x3f, 0xe0, 0x0, 0x0, 0x5, 0xff, 0xff,
    0xd0, 0x0, 0x3, 0xfe, 0x0, 0x0, 0x1, 0xff,
    0x40, 0x9f, 0x90, 0x0, 0x3f, 0xe8, 0xe4, 0x0,
    0x5f, 0xa0, 0x0, 0xcf, 0x60, 0x3, 0xfe, 0xcf,
    0x20, 0x3, 0xff, 0x93, 0x1, 0xef, 0xcb, 0xcf,
    0xee, 0xf1, 0x0, 0x7, 0xef, 0xfb, 0x2, 0xbf,
    0xff, 0xfe, 0xef, 0x20, 0x0, 0x0, 0x4e, 0xf4,
    0x0, 0x0, 0x0, 0xb, 0xfc, 0x10, 0x0, 0x4,
    0xef, 0x30, 0x0, 0x0, 0x0, 0x3f, 0xff, 0xff,
    0xff, 0xff, 0xa0, 0x0, 0x0, 0x0, 0x0, 0x39,
    0xbb, 0xbb, 0xa9, 0x40, 0x0, 0x0, 0x0, 0x0,

    /* U+FC44 "ﱄ" */
    0x0, 0x0, 0x0, 0x0, 0x0, 0x0, 0x0, 0x0,
    0x3f, 0xe0, 0x0, 0x0, 0x0, 0x0, 0x0, 0x0,
    0x0, 0x3, 0xfe, 0x0, 0x0, 0x0, 0x0, 0x0,
    0x0, 0x0, 0x0, 0x3f, 0xe0, 0x0, 0x0, 0x0,
    0x0, 0x0, 0x0, 0x0, 0x3, 0xfe, 0x0, 0x0,
    0x0, 0x0, 0x0, 0x0, 0x0, 0x0, 0x3f, 0xe0,
    0x0, 0x0, 0x0, 0x0, 0x0, 0x0, 0x0, 0x3,
    0xfe, 0x0, 0x0, 0x0, 0x3, 0xcf, 0xc2, 0x0,
    0x0, 0x3f, 0xe0, 0x0, 0x0, 0x5, 0xff, 0xff,
    0xd0, 0x0, 0x3, 0xfe, 0x0, 0x0, 0x1, 0xff,
    0x40, 0x9f, 0x90, 0x0, 0x3f, 0xe8, 0xe4, 0x0,
    0x5f, 0xa0, 0x0, 0xcf, 0x60, 0x3, 0xfe, 0xcf,
    0x20, 0x3, 0xff, 0x93, 0x1, 0xef, 0xcb, 0xcf,
    0xee, 0xf1, 0x0, 0x7, 0xef, 0xfb, 0x2, 0xbf,
    0xff, 0xfe, 0xef, 0x20, 0x0, 0x0, 0x4e, 0xf4,
    0x0, 0x0, 0x0, 0xb, 0xfc, 0x10, 0x0, 0x4,
    0xef, 0x30, 0x0, 0x0, 0x0, 0x3f, 0xff, 0xff,
    0xff, 0xff, 0xa0, 0x0, 0x0, 0x0, 0x0, 0x39,
    0xbb, 0xbb, 0xa9, 0x40, 0x0, 0x0, 0x0, 0x0,
    0x0, 0x0, 0x0, 0x0, 0x0, 0x0, 0x0, 0x0,
    0x0, 0x0, 0x0, 0xdb, 0x3f, 0x70, 0x0, 0x0,
    0x0, 0x0, 0x0, 0x0, 0xf, 0xd4, 0xf8, 0x0,
    0x0, 0x0, 0x0, 0x0, 0x0, 0x0, 0x10, 0x2,
    0x0, 0x0, 0x0, 0x0, 0x0, 0x0,

    /* U+FC45 "ﱅ" */
    0x4, 0x7a, 0xa8, 0x20, 0x0, 0x0, 0x5, 0x9a,
    0x71, 0x0, 0xff, 0xff, 0xff, 0x40, 0x0, 0xd,
    0xff, 0xff, 0xe2, 0x4, 0x30, 0x18, 0xfd, 0x0,
    0x4, 0xfc, 0x20, 0xaf, 0xb0, 0x0, 0x0, 0xe,
    0xf1, 0x0, 0x8f, 0x70, 0x2, 0xfe, 0x0, 0x0,
    0x0, 0x9f, 0x50, 0x8, 0xf6, 0x0, 0x2f, 0xe0,
    0x0, 0x3, 0x8d, 0xfc, 0x0, 0x5f, 0x90, 0xa,
    0xfb, 0x0, 0x3c, 0xff, 0xcc, 0xfd, 0xbb, 0xff,
    0xbd, 0xff, 0x20, 0x4f, 0xf7, 0x10, 0x1a, 0xff,
    0xff, 0xff, 0xfa, 0x20, 0xe, 0xf3, 0x0, 0x0,
    0x0, 0x0, 0x0, 0x0, 0x0, 0x4, 0xfc, 0x0,
    0x0, 0x0, 0x0, 0x0, 0x0, 0x0, 0x0, 0x3f,
    0xe1, 0x0, 0x4f, 0x50, 0x0, 0x0, 0x0, 0x0,
    0x0, 0xdf, 0xf7, 0x6, 0xf6, 0x0, 0x0, 0x0,
    0x0, 0x0, 0x1, 0xae, 0x60, 0x2, 0x0, 0x0,
    0x0, 0x0, 0x0, 0x0,

    /* U+FC46 "ﱆ" */
    0x4, 0x7a, 0xa8, 0x20, 0x0, 0x0, 0x5, 0x9a,
    0x71, 0x0, 0xff, 0xff, 0xff, 0x40, 0x0, 0xd,
    0xff, 0xff, 0xe2, 0x4, 0x30, 0x18, 0xfc, 0x0,
    0x4, 0xfc, 0x20, 0xaf, 0xb0, 0x0, 0x0, 0xe,
    0xf1, 0x0, 0x8f, 0x70, 0x2, 0xfe, 0x0, 0x0,
    0x0, 0x9f, 0x50, 0x8, 0xf6, 0x0, 0x2f, 0xe0,
    0x0, 0x3, 0x8d, 0xfc, 0x0, 0x5f, 0x90, 0xa,
    0xfb, 0x0, 0x3c, 0xff, 0xcc, 0xfd, 0xbb, 0xff,
    0xbd, 0xff, 0x20, 0x4f, 0xf7, 0x10, 0x1a, 0xff,
    0xff, 0xff, 0xfa, 0x20, 0xe, 0xf3, 0x0, 0x0,
    0x0, 0x0, 0x0, 0x0, 0x0, 0x4, 0xfc, 0x0,
    0x0, 0x0, 0x0, 0x0, 0x0, 0x0, 0x0, 0x3f,
    0xf1, 0x0, 0x0, 0x0, 0x0, 0x0, 0x0, 0x0,
    0x0, 0xdf, 0xfb, 0xce, 0x30, 0x0, 0x0, 0x0,
    0x0, 0x0, 0x1, 0xae, 0xfe, 0xb2, 0x0, 0x0,
    0x0, 0x0, 0x0, 0x0,

    /* U+FC47 "ﱇ" */
    0x0, 0x9, 0xe1, 0x0, 0x0, 0x0, 0x0, 0x0,
    0x0, 0x0, 0x0, 0xbf, 0x20, 0x0, 0x0, 0x0,
    0x0, 0x0, 0x0, 0x0, 0x0, 0x10, 0x0, 0x0,
    0x0, 0x0, 0x0, 0x0, 0x0, 0x0, 0x0, 0x0,
    0x0, 0x0, 0x0, 0x0, 0x0, 0x0, 0x4, 0x7a,
    0xa8, 0x20, 0x0, 0x0, 0x5, 0x9a, 0x71, 0x0,
    0xff, 0xff, 0xff, 0x40, 0x0, 0xd, 0xff, 0xff,
    0xe2, 0x4, 0x30, 0x18, 0xfc, 0x0, 0x4, 0xfc,
    0x20, 0xaf, 0xb0, 0x0, 0x0, 0xe, 0xf1, 0x0,
    0x8f, 0x70, 0x2, 0xfe, 0x0, 0x0, 0x0, 0x9f,
    0x50, 0x8, 0xf6, 0x0, 0x2f, 0xe0, 0x0, 0x3,
    0x8d, 0xfc, 0x0, 0x5f, 0x90, 0xa, 0xfb, 0x0,
    0x3c, 0xff, 0xcc, 0xfd, 0xbb, 0xff, 0xbd, 0xff,
    0x20, 0x4f, 0xf7, 0x10, 0x1a, 0xff, 0xff, 0xff,
    0xfa, 0x20, 0xe, 0xf3, 0x0, 0x0, 0x0, 0x0,
    0x0, 0x0, 0x0, 0x4, 0xfc, 0x0, 0x0, 0x0,
    0x0, 0x0, 0x0, 0x0, 0x0, 0x3f, 0xf1, 0x0,
    0x0, 0x0, 0x0, 0x0, 0x0, 0x0, 0x0, 0xdf,
    0xfb, 0xce, 0x30, 0x0, 0x0, 0x0, 0x0, 0x0,
    0x1, 0xae, 0xfe, 0xb2, 0x0, 0x0, 0x0, 0x0,
    0x0, 0x0,

    /* U+FC48 "ﱈ" */
    0x0, 0x4, 0x9a, 0x82, 0x0, 0x0, 0x3, 0x8a,
    0x94, 0x0, 0x0, 0xbf, 0xff, 0xff, 0x40, 0x0,
    0x7f, 0xff, 0xff, 0x70, 0x2, 0xfd, 0x30, 0x7f,
    0xe0, 0x0, 0xef, 0x40, 0x4f, 0xf1, 0x5, 0xfa,
    0x0, 0xf, 0xf1, 0x1, 0xfd, 0x0, 0xc, 0xf5,
    0x5, 0xf9, 0x0, 0xf, 0xf1, 0x1, 0xfd, 0x0,
    0xc, 0xf5, 0x2, 0xfc, 0x0, 0x7f, 0xf0, 0x0,
    0xef, 0x0, 0x4f, 0xf1, 0x19, 0xff, 0xbd, 0xff,
    0xfe, 0xbb, 0xef, 0xcc, 0xff, 0x80, 0xbf, 0xff,
    0xff, 0xc4, 0x6d, 0xff, 0xff, 0xff, 0xd6, 0x0,
    0xff, 0x40, 0x0, 0x0, 0x0, 0x0, 0x0, 0x0,
    0x0, 0x0, 0xff, 0x10, 0x0, 0x0, 0x0, 0x0,
    0x0, 0x0, 0x0, 0x0, 0xff, 0x10, 0x0, 0x0,
    0x0, 0x0, 0x0, 0x0, 0x0, 0x0, 0xff, 0x10,
    0x0, 0x0, 0x0, 0x0, 0x0, 0x0, 0x0, 0x0,
    0xff, 0x10, 0x0, 0x0, 0x0, 0x0, 0x0, 0x0,
    0x0, 0x0, 0x12, 0x0, 0x0, 0x0, 0x0, 0x0,
    0x0, 0x0, 0x0, 0x0,

    /* U+FC49 "ﱉ" */
    0x0, 0x0, 0x0, 0x0, 0x0, 0x0, 0x0, 0x0,
    0x1, 0x7a, 0xa6, 0x0, 0x0, 0x0, 0x0, 0x0,
    0x0, 0x0, 0x0, 0x0, 0x3f, 0xff, 0xff, 0xc0,
    0x0, 0x0, 0x0, 0x3, 0xcf, 0xc2, 0x0, 0x0,
    0x9f, 0x81, 0x2d, 0xf6, 0x0, 0x0, 0x0, 0x5f,
    0xff, 0xfd, 0x0, 0x0, 0xcf, 0x20, 0x7, 0xfa,
    0x0, 0x0, 0x1, 0xff, 0x40, 0x9f, 0x90, 0x0,
    0xcf, 0x20, 0x7, 0xfa, 0x8e, 0x40, 0x5, 0xfa,
    0x0, 0xc, 0xf6, 0x0, 0x9f, 0x40, 0x1d, 0xf6,
    0xcf, 0x20, 0x3, 0xff, 0x93, 0x1, 0xef, 0xcb,
    0xdf, 0xdb, 0xff, 0xc0, 0xef, 0x10, 0x0, 0x7e,
    0xff, 0xb0, 0x2b, 0xff, 0xff, 0xff, 0xe8, 0x0,
    0xef, 0x20, 0x0, 0x0, 0x4e, 0xf4, 0x0, 0x0,
    0x0, 0x0, 0x0, 0x0, 0xbf, 0xc1, 0x0, 0x0,
    0x4e, 0xf3, 0x0, 0x0, 0x0, 0x0, 0x0, 0x0,
    0x3f, 0xff, 0xff, 0xff, 0xff, 0xa0, 0x0, 0x0,
    0x0, 0x0, 0x0, 0x0, 0x3, 0x9b, 0xbb, 0xba,
    0x94, 0x0, 0x0, 0x0, 0x0, 0x0, 0x0, 0x0,

    /* U+FC4A "ﱊ" */
    0x0, 0x0, 0x0, 0x0, 0x0, 0x0, 0x0, 0x0,
    0x1, 0x7a, 0xa6, 0x0, 0x0, 0x0, 0x0, 0x0,
    0x0, 0x0, 0x0, 0x0, 0x3f, 0xff, 0xff, 0xc0,
    0x0, 0x0, 0x0, 0x3, 0xcf, 0xc2, 0x0, 0x0,
    0x9f, 0x81, 0x2d, 0xf6, 0x0, 0x0, 0x0, 0x5f,
    0xff, 0xfd, 0x0, 0x0, 0xcf, 0x20, 0x7, 0xfa,
    0x0, 0x0, 0x1, 0xff, 0x40, 0x9f, 0x90, 0x0,
    0xcf, 0x20, 0x7, 0xfa, 0x8e, 0x40, 0x5, 0xfa,
    0x0, 0xc, 0xf6, 0x0, 0x9f, 0x40, 0x1d, 0xf6,
    0xcf, 0x20, 0x3, 0xff, 0x93, 0x1, 0xef, 0xcb,
    0xdf, 0xdb, 0xff, 0xc0, 0xef, 0x10, 0x0, 0x7e,
    0xff, 0xb0, 0x2b, 0xff, 0xff, 0xff, 0xe8, 0x0,
    0xef, 0x20, 0x0, 0x0, 0x4e, 0xf4, 0x0, 0x0,
    0x0, 0x0, 0x0, 0x0, 0xbf, 0xc1, 0x0, 0x0,
    0x4e, 0xf3, 0x0, 0x0, 0x0, 0x0, 0x0, 0x0,
    0x3f, 0xff, 0xff, 0xff, 0xff, 0xa0, 0x0, 0x0,
    0x0, 0x0, 0x0, 0x0, 0x3, 0x9b, 0xbb, 0xba,
    0x94, 0x0, 0x0, 0x0, 0x0, 0x0, 0x0, 0x0,
    0x0, 0x0, 0x0, 0x0, 0x0, 0x0, 0x0, 0x0,
    0x0, 0x0, 0x0, 0x0, 0x0, 0xd, 0xb3, 0xf7,
    0x0, 0x0, 0x0, 0x0, 0x0, 0x0, 0x0, 0x0,
    0x0, 0xf, 0xd4, 0xf8, 0x0, 0x0, 0x0, 0x0,
    0x0, 0x0, 0x0, 0x0, 0x0, 0x1, 0x0, 0x20,
    0x0, 0x0, 0x0, 0x0, 0x0, 0x0, 0x0, 0x0,

    /* U+FC4B "ﱋ" */
    0x0, 0x0, 0x0, 0x0, 0x0, 0x4, 0xf5, 0x0,
    0x0, 0x0, 0x0, 0x0, 0x0, 0x6f, 0x60, 0x0,
    0x0, 0x0, 0x0, 0x0, 0x0, 0x20, 0x0, 0x0,
    0x0, 0x0, 0x0, 0x0, 0x0, 0x0, 0x8, 0xcf,
    0xfd, 0x70, 0x0, 0x0, 0xef, 0x20, 0xdd, 0x99,
    0xff, 0x60, 0x0, 0xe, 0xf2, 0x1, 0x0, 0x3,
    0xfe, 0x0, 0x0, 0xef, 0x20, 0x0, 0x0, 0xd,
    0xf1, 0x0, 0xe, 0xf2, 0x0, 0x0, 0x0, 0x8f,
    0x60, 0x0, 0xef, 0x20, 0x0, 0x4, 0x9e, 0xfd,
    0x0, 0xe, 0xf2, 0x0, 0x3d, 0xff, 0xcc, 0xfd,
    0xbb, 0xff, 0x20, 0x5f, 0xf7, 0x10, 0x1a, 0xff,
    0xff, 0xf2, 0xf, 0xf3, 0x0, 0x0, 0x0, 0x0,
    0x0, 0x4, 0xfc, 0x0, 0x0, 0x0, 0x0, 0x0,
    0x0, 0x3f, 0xe1, 0x0, 0x4f, 0x50, 0x0, 0x0,
    0x0, 0xdf, 0xf7, 0x6, 0xf6, 0x0, 0x0, 0x0,
    0x1, 0xae, 0x60, 0x2, 0x0, 0x0, 0x0, 0x0,

    /* U+FC4C "ﱌ" */
    0x0, 0x0, 0x0, 0x0, 0x0, 0x4, 0xf5, 0x0,
    0x0, 0x0, 0x0, 0x0, 0x0, 0x6f, 0x60, 0x0,
    0x0, 0x0, 0x0, 0x0, 0x0, 0x20, 0x0, 0x0,
    0x0, 0x0, 0x0, 0x0, 0x0, 0x0, 0x8, 0xcf,
    0xfd, 0x60, 0x0, 0x0, 0xef, 0x20, 0xdd, 0x99,
    0xff, 0x60, 0x0, 0xe, 0xf2, 0x1, 0x0, 0x3,
    0xfe, 0x0, 0x0, 0xef, 0x20, 0x0, 0x0, 0xd,
    0xf1, 0x0, 0xe, 0xf2, 0x0, 0x0, 0x0, 0x8f,
    0x60, 0x0, 0xef, 0x20, 0x0, 0x4, 0x9e, 0xfd,
    0x0, 0xe, 0xf2, 0x0, 0x3d, 0xff, 0xcc, 0xfd,
    0xbb, 0xff, 0x20, 0x5f, 0xf7, 0x10, 0x1a, 0xff,
    0xff, 0xf2, 0xf, 0xf3, 0x0, 0x0, 0x0, 0x0,
    0x0, 0x4, 0xfc, 0x0, 0x0, 0x0, 0x0, 0x0,
    0x0, 0x3f, 0xf1, 0x0, 0x0, 0x0, 0x0, 0x0,
    0x0, 0xdf, 0xfb, 0xce, 0x30, 0x0, 0x0, 0x0,
    0x1, 0xae, 0xfe, 0xb2, 0x0, 0x0, 0x0, 0x0,

    /* U+FC4D "ﱍ" */
    0x0, 0x9, 0xe1, 0x0, 0x0, 0x4, 0xf5, 0x0,
    0x0, 0xbf, 0x20, 0x0, 0x0, 0x6f, 0x60, 0x0,
    0x0, 0x10, 0x0, 0x0, 0x0, 0x20, 0x0, 0x0,
    0x0, 0x0, 0x0, 0x0, 0x0, 0x0, 0x8, 0xcf,
    0xfd, 0x60, 0x0, 0x0, 0xef, 0x20, 0xdd, 0x99,
    0xff, 0x60, 0x0, 0xe, 0xf2, 0x1, 0x0, 0x3,
    0xfe, 0x0, 0x0, 0xef, 0x20, 0x0, 0x0, 0xd,
    0xf1, 0x0, 0xe, 0xf2, 0x0, 0x0, 0x0, 0x8f,
    0x60, 0x0, 0xef, 0x20, 0x0, 0x4, 0x9e, 0xfd,
    0x0, 0xe, 0xf2, 0x0, 0x3d, 0xff, 0xcc, 0xfd,
    0xbb, 0xff, 0x20, 0x5f, 0xf7, 0x10, 0x1a, 0xff,
    0xff, 0xf2, 0xf, 0xf3, 0x0, 0x0, 0x0, 0x0,
    0x0, 0x4, 0xfc, 0x0, 0x0, 0x0, 0x0, 0x0,
    0x0, 0x3f, 0xf1, 0x0, 0x0, 0x0, 0x0, 0x0,
    0x0, 0xdf, 0xfb, 0xce, 0x30, 0x0, 0x0, 0x0,
    0x1, 0xae, 0xfe, 0xb2, 0x0, 0x0, 0x0, 0x0,

    /* U+FC4E "ﱎ" */
    0x0, 0x0, 0x0, 0x0, 0x0, 0x0, 0xdb, 0x0,
    0x0, 0x0, 0x0, 0x0, 0x0, 0xf, 0xc0, 0x0,
    0x0, 0x0, 0x0, 0x0, 0x0, 0x10, 0x0, 0x0,
    0x0, 0x0, 0x0, 0x0, 0x0, 0x0, 0x0, 0x19,
    0xef, 0xd6, 0x0, 0x0, 0x8f, 0x90, 0xd, 0xfe,
    0xcf, 0xf7, 0x0, 0x8, 0xf9, 0x2, 0xfc, 0x0,
    0x4f, 0xe0, 0x0, 0x8f, 0x90, 0x5f, 0x90, 0x0,
    0xff, 0x20, 0x8, 0xf9, 0x5, 0xfa, 0x0, 0xf,
    0xf1, 0x0, 0x8f, 0x90, 0x2f, 0xc0, 0x8, 0xff,
    0x0, 0x8, 0xf9, 0x19, 0xff, 0xbd, 0xff, 0xfe,
    0xbb, 0xdf, 0x9b, 0xff, 0xff, 0xfc, 0x46, 0xdf,
    0xff, 0xf9, 0xff, 0x40, 0x0, 0x0, 0x0, 0x0,
    0x0, 0xf, 0xf1, 0x0, 0x0, 0x0, 0x0, 0x0,
    0x0, 0xff, 0x10, 0x0, 0x0, 0x0, 0x0, 0x0,
    0xf, 0xf1, 0x0, 0x0, 0x0, 0x0, 0x0, 0x0,
    0xff, 0x10, 0x0, 0x0, 0x0, 0x0, 0x0, 0x1,
    0x20, 0x0, 0x0, 0x0, 0x0, 0x0, 0x0,

    /* U+FC4F "ﱏ" */
    0x0, 0x0, 0x0, 0x0, 0x0, 0x0, 0x0, 0x0,
    0x9e, 0x10, 0x0, 0x0, 0x0, 0x0, 0x0, 0x0,
    0x0, 0xa, 0xf2, 0x0, 0x0, 0x0, 0x0, 0x0,
    0x0, 0x0, 0x0, 0x1, 0x0, 0x0, 0x0, 0x0,
    0x0, 0x0, 0x0, 0x0, 0x0, 0x0, 0x0, 0x0,
    0x0, 0x0, 0x0, 0x0, 0x0, 0x0, 0x2f, 0xd0,
    0x0, 0x0, 0x0, 0x0, 0x0, 0x0, 0x0, 0x3,
    0xfe, 0x0, 0x0, 0x0, 0x3, 0xcf, 0xc2, 0x0,
    0x0, 0x3f, 0xe0, 0x0, 0x0, 0x5, 0xff, 0xff,
    0xd0, 0x0, 0x3, 0xfe, 0x0, 0x0, 0x1, 0xff,
    0x40, 0x9f, 0x90, 0x0, 0x3f, 0xe8, 0xe4, 0x0,
    0x5f, 0xa0, 0x0, 0xcf, 0x60, 0x3, 0xfe, 0xcf,
    0x20, 0x3, 0xff, 0x93, 0x1, 0xef, 0xcb, 0xcf,
    0xee, 0xf1, 0x0, 0x7, 0xef, 0xfb, 0x2, 0xbf,
    0xff, 0xfe, 0xef, 0x20, 0x0, 0x0, 0x4e, 0xf4,
    0x0, 0x0, 0x0, 0xb, 0xfc, 0x10, 0x0, 0x4,
    0xef, 0x30, 0x0, 0x0, 0x0, 0x3f, 0xff, 0xff,
    0xff, 0xff, 0xa0, 0x0, 0x0, 0x0, 0x0, 0x39,
    0xbb, 0xbb, 0xa9, 0x40, 0x0, 0x0, 0x0, 0x0,

    /* U+FC50 "ﱐ" */
    0x0, 0x0, 0x0, 0x0, 0x0, 0x0, 0x0, 0x0,
    0x9e, 0x10, 0x0, 0x0, 0x0, 0x0, 0x0, 0x0,
    0x0, 0xa, 0xf2, 0x0, 0x0, 0x0, 0x0, 0x0,
    0x0, 0x0, 0x0, 0x1, 0x0, 0x0, 0x0, 0x0,
    0x0, 0x0, 0x0, 0x0, 0x0, 0x0, 0x0, 0x0,
    0x0, 0x0, 0x0, 0x0, 0x0, 0x0, 0x2f, 0xd0,
    0x0, 0x0, 0x0, 0x0, 0x0, 0x0, 0x0, 0x3,
    0xfe, 0x0, 0x0, 0x0, 0x3, 0xcf, 0xc2, 0x0,
    0x0, 0x3f, 0xe0, 0x0, 0x0, 0x5, 0xff, 0xff,
    0xd0, 0x0, 0x3, 0xfe, 0x0, 0x0, 0x1, 0xff,
    0x40, 0x9f, 0x90, 0x0, 0x3f, 0xe8, 0xe4, 0x0,
    0x5f, 0xa0, 0x0, 0xcf, 0x60, 0x3, 0xfe, 0xcf,
    0x20, 0x3, 0xff, 0x93, 0x1, 0xef, 0xcb, 0xcf,
    0xee, 0xf1, 0x0, 0x7, 0xef, 0xfb, 0x2, 0xbf,
    0xff, 0xfe, 0xef, 0x20, 0x0, 0x0, 0x4e, 0xf4,
    0x0, 0x0, 0x0, 0xb, 0xfc, 0x10, 0x0, 0x4,
    0xef, 0x30, 0x0, 0x0, 0x0, 0x3f, 0xff, 0xff,
    0xff, 0xff, 0xa0, 0x0, 0x0, 0x0, 0x0, 0x39,
    0xbb, 0xbb, 0xa9, 0x40, 0x0, 0x0, 0x0, 0x0,
    0x0, 0x0, 0x0, 0x0, 0x0, 0x0, 0x0, 0x0,
    0x0, 0x0, 0x0, 0xdb, 0x3f, 0x70, 0x0, 0x0,
    0x0, 0x0, 0x0, 0x0, 0xf, 0xd4, 0xf8, 0x0,
    0x0, 0x0, 0x0, 0x0, 0x0, 0x0, 0x10, 0x2,
    0x0, 0x0, 0x0, 0x0, 0x0, 0x0,

    /* U+FC51 "ﱑ" */
    0x0, 0x0, 0x0, 0x0, 0x0, 0x0, 0x15, 0x9a,
    0xba, 0x82, 0x0, 0x0, 0x0, 0x0, 0x0, 0x0,
    0x0, 0x6, 0xff, 0xff, 0xff, 0xf9, 0x0, 0x0,
    0x0, 0x0, 0x0, 0x0, 0x0, 0x16, 0x20, 0x1,
    0x6e, 0xf8, 0x0, 0x4a, 0xef, 0xd7, 0x0, 0x0,
    0x0, 0x0, 0x0, 0x0, 0x3f, 0xf1, 0x1f, 0xfc,
    0xcf, 0xf6, 0x0, 0x0, 0x3b, 0xff, 0xb2, 0x0,
    0xcf, 0x50, 0x72, 0x0, 0x5f, 0xe0, 0x0, 0x2f,
    0xfe, 0xef, 0xd0, 0x9, 0xf7, 0x0, 0x0, 0x0,
    0xdf, 0x10, 0x9, 0xfa, 0x0, 0xef, 0x30, 0x8f,
    0x80, 0x0, 0x0, 0x9, 0xf6, 0x0, 0xaf, 0x70,
    0xc, 0xf4, 0x8, 0xf8, 0x0, 0x0, 0x27, 0xdf,
    0xd0, 0x6, 0xfc, 0x0, 0xcf, 0x40, 0x8f, 0x80,
    0x2, 0xbf, 0xfc, 0xcf, 0xdb, 0xbf, 0xfe, 0xbe,
    0xfc, 0xbd, 0xf8, 0x4, 0xff, 0x71, 0x1, 0xaf,
    0xff, 0xff, 0xff, 0xff, 0xff, 0xff, 0x80, 0xef,
    0x30, 0x0, 0x0, 0x0, 0x0, 0x0, 0x0, 0x0,
    0x0, 0x0, 0x3f, 0xc0, 0x0, 0x0, 0x0, 0x0,
    0x0, 0x0, 0x0, 0x0, 0x0, 0x3, 0xfe, 0x10,
    0x4, 0xf5, 0x0, 0x0, 0x0, 0x0, 0x0, 0x0,
    0x0, 0xd, 0xff, 0x70, 0x6f, 0x60, 0x0, 0x0,
    0x0, 0x0, 0x0, 0x0, 0x0, 0x1a, 0xe6, 0x0,
    0x20, 0x0, 0x0, 0x0, 0x0, 0x0, 0x0, 0x0,

    /* U+FC52 "ﱒ" */
    0x0, 0x0, 0x0, 0x0, 0x0, 0x0, 0x4, 0x8a,
    0xbb, 0x95, 0x0, 0x0, 0x0, 0x0, 0x0, 0x0,
    0x0, 0x0, 0xff, 0xff, 0xff, 0xfd, 0x20, 0x0,
    0x0, 0x0, 0x0, 0x0, 0x0, 0x6, 0x41, 0x0,
    0x3c, 0xfe, 0x0, 0x0, 0x49, 0xa8, 0x20, 0x0,
    0x0, 0x0, 0x0, 0x0, 0xc, 0xf7, 0x0, 0xbf,
    0xff, 0xff, 0x40, 0x0, 0x8, 0xef, 0xd6, 0x0,
    0x5f, 0xc0, 0x2f, 0xd3, 0x7, 0xfd, 0x0, 0xb,
    0xff, 0xdf, 0xf4, 0x2, 0xfe, 0x5, 0xfa, 0x0,
    0xf, 0xf1, 0x2, 0xff, 0x10, 0x9f, 0x90, 0x2f,
    0xe0, 0x5f, 0x90, 0x0, 0xff, 0x10, 0x4f, 0xd0,
    0x5, 0xfb, 0x2, 0xfe, 0x2, 0xfc, 0x0, 0x7f,
    0xf0, 0x0, 0xef, 0x30, 0x5f, 0xb0, 0x2f, 0xe1,
    0x9f, 0xfb, 0xdf, 0xff, 0xeb, 0xbd, 0xff, 0xbc,
    0xfe, 0xbb, 0xfe, 0xbf, 0xff, 0xff, 0xc4, 0x6d,
    0xff, 0xff, 0xff, 0xff, 0xff, 0xff, 0xef, 0xf4,
    0x0, 0x0, 0x0, 0x0, 0x0, 0x0, 0x0, 0x0,
    0x0, 0x0, 0xff, 0x10, 0x0, 0x0, 0x0, 0x0,
    0x0, 0x0, 0x0, 0x0, 0x0, 0xf, 0xf1, 0x0,
    0x0, 0x0, 0x0, 0x0, 0x0, 0x0, 0x0, 0x0,
    0x0, 0xff, 0x10, 0x0, 0x0, 0x0, 0x0, 0x0,
    0x0, 0x0, 0x0, 0x0, 0xf, 0xf1, 0x0, 0x0,
    0x0, 0x0, 0x0, 0x0, 0x0, 0x0, 0x0, 0x0,
    0x12, 0x0, 0x0, 0x0, 0x0, 0x0, 0x0, 0x0,
    0x0, 0x0, 0x0, 0x0,

    /* U+FC53 "ﱓ" */
    0x0, 0x0, 0x0, 0x0, 0x0, 0x0, 0x0, 0x0,
    0x2, 0x79, 0xbb, 0xa6, 0x10, 0x0, 0x0, 0x0,
    0x0, 0x0, 0x0, 0x0, 0x0, 0x0, 0xb, 0xff,
    0xff, 0xff, 0xf5, 0x0, 0x0, 0x0, 0x0, 0x0,
    0x0, 0x0, 0x0, 0x0, 0x5, 0x62, 0x0, 0x29,
    0xff, 0x40, 0x0, 0x0, 0x0, 0x0, 0x0, 0x0,
    0x0, 0x0, 0x0, 0x0, 0x0, 0x0, 0x8f, 0xc0,
    0x0, 0x0, 0x0, 0x0, 0x0, 0x0, 0x0, 0x0,
    0x5, 0xdf, 0xe9, 0x0, 0x1f, 0xf0, 0x0, 0x0,
    0x0, 0x3, 0xcf, 0xc2, 0x0, 0x0, 0x6f, 0xfd,
    0xff, 0x90, 0xe, 0xf2, 0x0, 0x0, 0x0, 0x5f,
    0xff, 0xfd, 0x0, 0x0, 0xdf, 0x60, 0x4f, 0xe0,
    0xd, 0xf3, 0x0, 0x0, 0x1, 0xff, 0x40, 0x9f,
    0x90, 0x0, 0xff, 0x20, 0xf, 0xf0, 0xd, 0xf3,
    0x8e, 0x40, 0x5, 0xfa, 0x0, 0xc, 0xf6, 0x0,
    0xaf, 0x70, 0xf, 0xf0, 0xd, 0xf3, 0xcf, 0x20,
    0x3, 0xff, 0x93, 0x1, 0xef, 0xcb, 0xcf, 0xfd,
    0xbf, 0xfb, 0xbf, 0xf3, 0xef, 0x10, 0x0, 0x7e,
    0xff, 0xb0, 0x2b, 0xff, 0xff, 0xff, 0xff, 0xff,
    0xff, 0xf3, 0xef, 0x20, 0x0, 0x0, 0x4e, 0xf4,
    0x0, 0x0, 0x0, 0x0, 0x0, 0x0, 0x0, 0x0,
    0xbf, 0xc1, 0x0, 0x0, 0x4e, 0xf3, 0x0, 0x0,
    0x0, 0x0, 0x0, 0x0, 0x0, 0x0, 0x3f, 0xff,
    0xff, 0xff, 0xff, 0xa0, 0x0, 0x0, 0x0, 0x0,
    0x0, 0x0, 0x0, 0x0, 0x3, 0x9b, 0xbb, 0xba,
    0x94, 0x0, 0x0, 0x0, 0x0, 0x0, 0x0, 0x0,
    0x0, 0x0,

    /* U+FC54 "ﱔ" */
    0x0, 0x0, 0x0, 0x0, 0x0, 0x0, 0x0, 0x0,
    0x2, 0x79, 0xbb, 0xa6, 0x10, 0x0, 0x0, 0x0,
    0x0, 0x0, 0x0, 0x0, 0x0, 0x0, 0xb, 0xff,
    0xff, 0xff, 0xf5, 0x0, 0x0, 0x0, 0x0, 0x0,
    0x0, 0x0, 0x0, 0x0, 0x5, 0x62, 0x0, 0x29,
    0xff, 0x40, 0x0, 0x0, 0x0, 0x0, 0x0, 0x0,
    0x0, 0x0, 0x0, 0x0, 0x0, 0x0, 0x8f, 0xc0,
    0x0, 0x0, 0x0, 0x0, 0x0, 0x0, 0x0, 0x0,
    0x5, 0xdf, 0xe9, 0x0, 0x1f, 0xf0, 0x0, 0x0,
    0x0, 0x3, 0xcf, 0xc2, 0x0, 0x0, 0x6f, 0xfd,
    0xff, 0x90, 0xe, 0xf2, 0x0, 0x0, 0x0, 0x5f,
    0xff, 0xfd, 0x0, 0x0, 0xdf, 0x60, 0x4f, 0xe0,
    0xd, 0xf3, 0x0, 0x0, 0x1, 0xff, 0x40, 0x9f,
    0x90, 0x0, 0xff, 0x20, 0xf, 0xf0, 0xd, 0xf3,
    0x8e, 0x40, 0x5, 0xfa, 0x0, 0xc, 0xf6, 0x0,
    0xaf, 0x70, 0xf, 0xf0, 0xd, 0xf3, 0xcf, 0x20,
    0x3, 0xff, 0x93, 0x1, 0xef, 0xcb, 0xcf, 0xfd,
    0xbf, 0xfb, 0xbf, 0xf3, 0xef, 0x10, 0x0, 0x7e,
    0xff, 0xb0, 0x2b, 0xff, 0xff, 0xff, 0xff, 0xff,
    0xff, 0xf3, 0xef, 0x20, 0x0, 0x0, 0x4e, 0xf4,
    0x0, 0x0, 0x0, 0x0, 0x0, 0x0, 0x0, 0x0,
    0xbf, 0xc1, 0x0, 0x0, 0x4e, 0xf3, 0x0, 0x0,
    0x0, 0x0, 0x0, 0x0, 0x0, 0x0, 0x3f, 0xff,
    0xff, 0xff, 0xff, 0xa0, 0x0, 0x0, 0x0, 0x0,
    0x0, 0x0, 0x0, 0x0, 0x3, 0x9b, 0xbb, 0xba,
    0x94, 0x0, 0x0, 0x0, 0x0, 0x0, 0x0, 0x0,
    0x0, 0x0, 0x0, 0x0, 0x0, 0x0, 0x0, 0x0,
    0x0, 0x0, 0x0, 0x0, 0x0, 0x0, 0x0, 0x0,
    0x0, 0xd, 0xb3, 0xf7, 0x0, 0x0, 0x0, 0x0,
    0x0, 0x0, 0x0, 0x0, 0x0, 0x0, 0x0, 0xf,
    0xd4, 0xf8, 0x0, 0x0, 0x0, 0x0, 0x0, 0x0,
    0x0, 0x0, 0x0, 0x0, 0x0, 0x1, 0x0, 0x20,
    0x0, 0x0, 0x0, 0x0, 0x0, 0x0, 0x0, 0x0,
    0x0, 0x0,

    /* U+FC55 "ﱕ" */
    0x8, 0xcf, 0xfd, 0x70, 0x0, 0x0, 0xf, 0xf0,
    0xd, 0xd9, 0x9f, 0xf6, 0x0, 0x0, 0xf, 0xf0,
    0x1, 0x0, 0x3, 0xfe, 0x0, 0x0, 0xf, 0xf0,
    0x0, 0x0, 0x0, 0xdf, 0x10, 0x0, 0xf, 0xf0,
    0x0, 0x0, 0x0, 0x8f, 0x60, 0x0, 0xf, 0xf0,
    0x0, 0x0, 0x49, 0xef, 0xd0, 0x0, 0xf, 0xf0,
    0x0, 0x3d, 0xff, 0xcc, 0xfd, 0xbb, 0xbf, 0xf0,
    0x5, 0xff, 0x71, 0x1, 0xaf, 0xff, 0xff, 0xf0,
    0xf, 0xf3, 0x0, 0x0, 0x0, 0x0, 0x0, 0x0,
    0x4f, 0xc0, 0x0, 0x0, 0x0, 0x2f, 0x86, 0xf4,
    0x3f, 0xe1, 0x0, 0x4f, 0x50, 0x3f, 0x97, 0xf5,
    0xd, 0xff, 0x70, 0x6f, 0x60, 0x1, 0x0, 0x20,
    0x1, 0xae, 0x60, 0x2, 0x0, 0x0, 0x0, 0x0,

    /* U+FC56 "ﱖ" */
    0x8, 0xcf, 0xfd, 0x60, 0x0, 0x0, 0xf, 0xf0,
    0xd, 0xd9, 0x9f, 0xf6, 0x0, 0x0, 0xf, 0xf0,
    0x1, 0x0, 0x3, 0xfe, 0x0, 0x0, 0xf, 0xf0,
    0x0, 0x0, 0x0, 0xdf, 0x10, 0x0, 0xf, 0xf0,
    0x0, 0x0, 0x0, 0x8f, 0x60, 0x0, 0xf, 0xf0,
    0x0, 0x0, 0x49, 0xef, 0xd0, 0x0, 0xf, 0xf0,
    0x0, 0x3d, 0xff, 0xcc, 0xfd, 0xbb, 0xbf, 0xf0,
    0x5, 0xff, 0x71, 0x1, 0xaf, 0xff, 0xff, 0xf0,
    0xf, 0xf3, 0x0, 0x0, 0x0, 0x0, 0x0, 0x0,
    0x4f, 0xc0, 0x0, 0x0, 0x0, 0x2f, 0x86, 0xf4,
    0x3f, 0xf1, 0x0, 0x0, 0x0, 0x3f, 0x97, 0xf5,
    0xd, 0xff, 0xbc, 0xf3, 0x0, 0x1, 0x0, 0x20,
    0x1, 0xae, 0xfe, 0xb2, 0x0, 0x0, 0x0, 0x0,

    /* U+FC57 "ﱗ" */
    0x0, 0x9, 0xe1, 0x0, 0x0, 0x0, 0x0, 0x0,
    0x0, 0xb, 0xf2, 0x0, 0x0, 0x0, 0x0, 0x0,
    0x0, 0x0, 0x10, 0x0, 0x0, 0x0, 0x0, 0x0,
    0x0, 0x0, 0x0, 0x0, 0x0, 0x0, 0x0, 0x0,
    0x8, 0xcf, 0xfd, 0x60, 0x0, 0x0, 0xf, 0xf0,
    0xd, 0xd9, 0x9f, 0xf6, 0x0, 0x0, 0xf, 0xf0,
    0x1, 0x0, 0x3, 0xfe, 0x0, 0x0, 0xf, 0xf0,
    0x0, 0x0, 0x0, 0xdf, 0x10, 0x0, 0xf, 0xf0,
    0x0, 0x0, 0x0, 0x8f, 0x60, 0x0, 0xf, 0xf0,
    0x0, 0x0, 0x49, 0xef, 0xd0, 0x0, 0xf, 0xf0,
    0x0, 0x3d, 0xff, 0xcc, 0xfd, 0xbb, 0xbf, 0xf0,
    0x5, 0xff, 0x71, 0x1, 0xaf, 0xff, 0xff, 0xf0,
    0xf, 0xf3, 0x0, 0x0, 0x0, 0x0, 0x0, 0x0,
    0x4f, 0xc0, 0x0, 0x0, 0x0, 0x2f, 0x86, 0xf4,
    0x3f, 0xf1, 0x0, 0x0, 0x0, 0x3f, 0x97, 0xf5,
    0xd, 0xff, 0xbc, 0xf3, 0x0, 0x1, 0x0, 0x20,
    0x1, 0xae, 0xfe, 0xb2, 0x0, 0x0, 0x0, 0x0,

    /* U+FC58 "ﱘ" */
    0x0, 0x19, 0xef, 0xd6, 0x0, 0x0, 0xa, 0xf7,
    0x0, 0xdf, 0xec, 0xff, 0x70, 0x0, 0xa, 0xf7,
    0x2, 0xfc, 0x0, 0x4f, 0xe0, 0x0, 0xa, 0xf7,
    0x5, 0xf9, 0x0, 0xf, 0xf2, 0x0, 0xa, 0xf7,
    0x5, 0xfa, 0x0, 0xf, 0xf1, 0x0, 0xa, 0xf7,
    0x2, 0xfc, 0x0, 0x8f, 0xf0, 0x0, 0xa, 0xf7,
    0x19, 0xff, 0xbd, 0xff, 0xfe, 0xbb, 0xbe, 0xf7,
    0xbf, 0xff, 0xff, 0xc4, 0x6d, 0xff, 0xff, 0xf7,
    0xff, 0x40, 0x0, 0x0, 0x0, 0x0, 0x0, 0x0,
    0xff, 0x10, 0x0, 0x0, 0x0, 0xb, 0xd1, 0xe9,
    0xff, 0x10, 0x0, 0x0, 0x0, 0xd, 0xf2, 0xfb,
    0xff, 0x10, 0x0, 0x0, 0x0, 0x0, 0x10, 0x10,
    0xff, 0x10, 0x0, 0x0, 0x0, 0x0, 0x0, 0x0,
    0x12, 0x0, 0x0, 0x0, 0x0, 0x0, 0x0, 0x0,

    /* U+FC59 "ﱙ" */
    0x0, 0x0, 0x0, 0x0, 0x0, 0x0, 0x0, 0x0,
    0x5, 0xfb, 0x0, 0x0, 0x0, 0x0, 0x0, 0x0,
    0x0, 0x0, 0x0, 0x5f, 0xb0, 0x0, 0x0, 0x0,
    0x3, 0xcf, 0xc2, 0x0, 0x0, 0x5, 0xfb, 0x0,
    0x0, 0x0, 0x5, 0xff, 0xff, 0xd0, 0x0, 0x0,
    0x5f, 0xb0, 0x0, 0x0, 0x1, 0xff, 0x40, 0x9f,
    0x90, 0x0, 0x5, 0xfb, 0x8, 0xe4, 0x0, 0x5f,
    0xa0, 0x0, 0xcf, 0x60, 0x0, 0x5f, 0xb0, 0xcf,
    0x20, 0x3, 0xff, 0x93, 0x1, 0xef, 0xcb, 0xbc,
    0xfb, 0xe, 0xf1, 0x0, 0x7, 0xef, 0xfb, 0x2,
    0xbf, 0xff, 0xff, 0xb0, 0xef, 0x20, 0x0, 0x0,
    0x4e, 0xf4, 0x0, 0x0, 0x0, 0x0, 0xb, 0xfc,
    0x10, 0x0, 0x4, 0xef, 0x30, 0x0, 0x6f, 0x3a,
    0xe0, 0x3f, 0xff, 0xff, 0xff, 0xff, 0xa0, 0x0,
    0x8, 0xf4, 0xcf, 0x10, 0x39, 0xbb, 0xbb, 0xa9,
    0x40, 0x0, 0x0, 0x2, 0x0, 0x10,

    /* U+FC5A "ﱚ" */
    0x0, 0x0, 0x0, 0x0, 0x0, 0x0, 0x0, 0x0,
    0x5, 0xfb, 0x0, 0x0, 0x0, 0x0, 0x0, 0x0,
    0x0, 0x0, 0x0, 0x5f, 0xb0, 0x0, 0x0, 0x0,
    0x3, 0xcf, 0xc2, 0x0, 0x0, 0x5, 0xfb, 0x0,
    0x0, 0x0, 0x5, 0xff, 0xff, 0xd0, 0x0, 0x0,
    0x5f, 0xb0, 0x0, 0x0, 0x1, 0xff, 0x40, 0x9f,
    0x90, 0x0, 0x5, 0xfb, 0x8, 0xe4, 0x0, 0x5f,
    0xa0, 0x0, 0xcf, 0x60, 0x0, 0x5f, 0xb0, 0xcf,
    0x20, 0x3, 0xff, 0x93, 0x1, 0xef, 0xcb, 0xbc,
    0xfb, 0xe, 0xf1, 0x0, 0x7, 0xef, 0xfb, 0x2,
    0xbf, 0xff, 0xff, 0xb0, 0xef, 0x20, 0x0, 0x0,
    0x4e, 0xf4, 0x0, 0x0, 0x0, 0x0, 0xb, 0xfc,
    0x10, 0x0, 0x4, 0xef, 0x30, 0x0, 0x6f, 0x3a,
    0xe0, 0x3f, 0xff, 0xff, 0xff, 0xff, 0xa0, 0x0,
    0x8, 0xf4, 0xcf, 0x10, 0x39, 0xbb, 0xbb, 0xa9,
    0x40, 0x0, 0x0, 0x2, 0x0, 0x10, 0x0, 0x0,
    0x0, 0x0, 0x0, 0x0, 0x0, 0x0, 0x0, 0x0,
    0x0, 0x0, 0xdb, 0x3f, 0x70, 0x0, 0x0, 0x0,
    0x0, 0x0, 0x0, 0x0, 0xf, 0xd4, 0xf8, 0x0,
    0x0, 0x0, 0x0, 0x0, 0x0, 0x0, 0x0, 0x10,
    0x2, 0x0, 0x0, 0x0, 0x0, 0x0, 0x0, 0x0,

    /* U+FC5B "ﱛ" */
    0x0, 0x69, 0x0, 0x0, 0x0, 0x6, 0x90, 0x0,
    0x0, 0x0, 0x69, 0x0, 0x0, 0x0, 0x0, 0x10,
    0x0, 0x0, 0x0, 0xbd, 0x0, 0x0, 0x0, 0xd,
    0xf0, 0x0, 0x0, 0x0, 0x1, 0x0, 0x0, 0x0,
    0x0, 0x10, 0x0, 0x0, 0x0, 0x3f, 0x60, 0x0,
    0x0, 0x8, 0xff, 0x80, 0x0, 0x0, 0x7, 0xff,
    0x50, 0x0, 0x0, 0x8, 0xfe, 0x0, 0x0, 0x0,
    0xd, 0xf5, 0x0, 0x0, 0x0, 0x6f, 0xb0, 0x0,
    0x0, 0x2, 0xff, 0x3, 0xbb, 0xbb, 0xbf, 0xf1,
    0x4f, 0xff, 0xff, 0xff, 0x20,

    /* U+FC5C "ﱜ" */
    0x0, 0x0, 0x97, 0x0, 0x0, 0x9, 0x70, 0x0,
    0x0, 0x97, 0x0, 0x0, 0x1, 0x0, 0x0, 0x0,
    0x77, 0x0, 0x0, 0xf, 0xf0, 0x0, 0x0, 0xff,
    0x0, 0x0, 0xf, 0xf0, 0x0, 0x0, 0xff, 0x0,
    0x0, 0xf, 0xf0, 0x0, 0x0, 0xff, 0x0, 0x0,
    0xf, 0xf0, 0x0, 0x0, 0xff, 0x0, 0x0, 0x4f,
    0xe0, 0x3e, 0xcf, 0xf8, 0x4, 0xcf, 0xe9, 0x0,

    /* U+FC5D "ﱝ" */
    0x0, 0x10, 0x0, 0x0, 0x0, 0x0, 0x0, 0xd,
    0x20, 0x0, 0x5, 0xbd, 0x80, 0x0, 0xd2, 0x0,
    0xa, 0xff, 0xfe, 0x0, 0xd, 0x20, 0xa, 0xfc,
    0x31, 0x30, 0x0, 0x0, 0x4, 0xfc, 0x0, 0x0,
    0x0, 0x0, 0x0, 0x9f, 0x60, 0x0, 0x0, 0x5a,
    0x30, 0x7, 0xfe, 0x50, 0x0, 0xc, 0xf2, 0x0,
    0x9, 0xff, 0x90, 0x0, 0xef, 0x10, 0x0, 0x4,
    0xef, 0xb0, 0xf, 0xf1, 0x0, 0x0, 0x1, 0xdf,
    0x50, 0xcf, 0x80, 0x0, 0x0, 0xc, 0xf6, 0x6,
    0xff, 0xcb, 0xbb, 0xbe, 0xff, 0x10, 0x7, 0xef,
    0xff, 0xff, 0xd9, 0x20, 0x0,

    /* U+FC5E "ﱞ" */
    0x0, 0x1, 0xcd, 0x20, 0x0, 0x68, 0x86, 0xc,
    0xa3, 0xee, 0x31, 0x79, 0xed, 0x50, 0x0, 0x0,
    0x0, 0x0, 0x80, 0xd0, 0xb3, 0xf, 0xe, 0x1c,
    0x30, 0x9e, 0x8d, 0xb0,

    /* U+FC5F "ﱟ" */
    0x0, 0x0, 0x0, 0x80, 0xd0, 0xb3, 0xf0, 0xe1,
    0xc3, 0x9e, 0x8d, 0xb0, 0x0, 0x17, 0x50, 0x2b,
    0xd8, 0x10, 0x24, 0x28, 0x60, 0x2c, 0xc6, 0x10,
    0x12, 0x0, 0x0,

    /* U+FC60 "ﱠ" */
    0x0, 0x4a, 0x60, 0x3d, 0xb5, 0x0, 0x11, 0x0,
    0x0, 0x80, 0xd0, 0xb3, 0xf0, 0xd1, 0xc3, 0x9e,
    0x8d, 0xb0,

    /* U+FC61 "ﱡ" */
    0x0, 0x7e, 0x80, 0x0, 0xe1, 0xe0, 0x20, 0xad,
    0x90, 0x7d, 0xd8, 0x0, 0x0, 0x0, 0x0, 0x80,
    0xd0, 0xb3, 0xf0, 0xe1, 0xc3, 0x9e, 0x8d, 0xb0,

    /* U+FC62 "ﱢ" */
    0x0, 0x0, 0x0, 0x80, 0xd0, 0xb3, 0xf0, 0xd1,
    0xc3, 0x9e, 0x8d, 0xb0, 0x0, 0x5, 0x40, 0x19,
    0xea, 0x20, 0x36, 0x0, 0x0,

    /* U+FC63 "ﱣ" */
    0x0, 0xe1, 0x0, 0x0, 0xe1, 0x0, 0x0, 0xe1,
    0x0, 0x0, 0x20, 0x0, 0x80, 0xd0, 0xb3, 0xf0,
    0xd1, 0xc3, 0x9e, 0x8d, 0xb0,

    /* U+FC64 "ﱤ" */
    0x0, 0x0, 0x0, 0x0, 0xa, 0xd7, 0x0, 0x0,
    0x0, 0x0, 0x0, 0x2, 0xe0, 0x0, 0x0, 0x0,
    0x0, 0x0, 0x0, 0x3e, 0xcc, 0x0, 0x0, 0x0,
    0x0, 0x0, 0x1, 0x31, 0x0, 0x0, 0x0, 0x0,
    0x0, 0x0, 0x0, 0x0, 0x0, 0x0, 0x0, 0xf,
    0xf0, 0x0, 0xf, 0xf0, 0x0, 0x0, 0x0, 0xff,
    0x0, 0x0, 0xff, 0x0, 0x0, 0x0, 0xf, 0xf0,
    0x0, 0xf, 0xf0, 0x0, 0x0, 0x0, 0xff, 0x0,
    0x0, 0xff, 0x0, 0x0, 0x0, 0xf, 0xf0, 0x0,
    0xf, 0xf0, 0x0, 0x0, 0x0, 0xff, 0x0, 0x0,
    0xff, 0x0, 0x0, 0x0, 0xf, 0xfb, 0xbb, 0xbf,
    0xfb, 0xb2, 0x0, 0x0, 0xff, 0xff, 0xff, 0xff,
    0xff, 0x30, 0x0, 0xf, 0xf0, 0x0, 0x0, 0x0,
    0x0, 0x3, 0x7, 0xfd, 0x0, 0x0, 0x0, 0x0,
    0x5, 0xff, 0xff, 0x60, 0x0, 0x0, 0x0, 0x0,
    0x18, 0xba, 0x50, 0x0, 0x0, 0x0, 0x0, 0x0,

    /* U+FC65 "ﱥ" */
    0x0, 0x0, 0x0, 0x0, 0xa, 0xd7, 0x0, 0x0,
    0x0, 0xe, 0xb0, 0x2, 0xe0, 0x0, 0x0, 0x0,
    0x0, 0xfc, 0x0, 0x3e, 0xcb, 0x0, 0x0, 0x0,
    0x1, 0x0, 0x0, 0x10, 0x0, 0x0, 0x0, 0x0,
    0x22, 0x0, 0x0, 0x22, 0x0, 0x0, 0x0, 0xf,
    0xf0, 0x0, 0xf, 0xf0, 0x0, 0x0, 0x0, 0xff,
    0x0, 0x0, 0xff, 0x0, 0x0, 0x0, 0xf, 0xf0,
    0x0, 0xf, 0xf0, 0x0, 0x0, 0x0, 0xff, 0x0,
    0x0, 0xff, 0x0, 0x0, 0x0, 0xf, 0xf0, 0x0,
    0xf, 0xf0, 0x0, 0x0, 0x0, 0xff, 0x0, 0x0,
    0xff, 0x0, 0x0, 0x0, 0xf, 0xfb, 0xbb, 0xbf,
    0xfb, 0xb2, 0x0, 0x0, 0xff, 0xff, 0xff, 0xff,
    0xff, 0x30, 0x0, 0xf, 0xf0, 0x0, 0x0, 0x0,
    0x0, 0x3, 0x7, 0xfd, 0x0, 0x0, 0x0, 0x0,
    0x5, 0xff, 0xff, 0x60, 0x0, 0x0, 0x0, 0x0,
    0x18, 0xba, 0x50, 0x0, 0x0, 0x0, 0x0, 0x0,

    /* U+FC66 "ﱦ" */
    0x0, 0x0, 0x0, 0x0, 0x0, 0x4, 0xdd, 0x10,
    0x0, 0x0, 0x0, 0x0, 0x0, 0x0, 0x97, 0x0,
    0x0, 0x0, 0x0, 0x0, 0x0, 0x0, 0x8, 0xed,
    0x50, 0x0, 0x0, 0x0, 0x0, 0x0, 0x0, 0x32,
    0x0, 0x0, 0x0, 0x0, 0x0, 0x0, 0x0, 0x0,
    0x0, 0x0, 0x0, 0x1, 0x9e, 0xfd, 0x60, 0x0,
    0x8, 0xf9, 0x0, 0x0, 0xdf, 0xec, 0xff, 0x70,
    0x0, 0x8f, 0x90, 0x0, 0x2f, 0xc0, 0x4, 0xfe,
    0x0, 0x8, 0xf9, 0x0, 0x5, 0xf9, 0x0, 0xf,
    0xf2, 0x0, 0x8f, 0x90, 0x0, 0x5f, 0xa0, 0x0,
    0xff, 0x10, 0x8, 0xf9, 0x0, 0x2, 0xfc, 0x0,
    0x8f, 0xf0, 0x0, 0x8f, 0x90, 0x1, 0x9f, 0xfb,
    0xdf, 0xff, 0xeb, 0xbd, 0xfd, 0xb8, 0xbf, 0xff,
    0xff, 0xc4, 0x6d, 0xff, 0xff, 0xff, 0xbf, 0xf4,
    0x0, 0x0, 0x0, 0x0, 0x0, 0x0, 0x0, 0xff,
    0x10, 0x0, 0x0, 0x0, 0x0, 0x0, 0x0, 0xf,
    0xf1, 0x0, 0x0, 0x0, 0x0, 0x0, 0x0, 0x0,
    0xff, 0x10, 0x0, 0x0, 0x0, 0x0, 0x0, 0x0,
    0xf, 0xf1, 0x0, 0x0, 0x0, 0x0, 0x0, 0x0,
    0x0, 0x12, 0x0, 0x0, 0x0, 0x0, 0x0, 0x0,
    0x0, 0x0,

    /* U+FC67 "ﱧ" */
    0x0, 0x0, 0x0, 0x0, 0x0, 0x0, 0x7d, 0xa0,
    0x0, 0x0, 0x0, 0x0, 0x0, 0x0, 0x0, 0xf1,
    0x0, 0x0, 0x0, 0x0, 0x0, 0x0, 0x0, 0x1,
    0xcc, 0xd1, 0x0, 0x0, 0x6, 0xf4, 0x0, 0x0,
    0x1, 0x31, 0x0, 0x0, 0x0, 0x7, 0xf5, 0x0,
    0x0, 0x0, 0x0, 0x0, 0x0, 0x0, 0x0, 0x20,
    0x9, 0xe4, 0x0, 0xb, 0xe3, 0x0, 0x0, 0x0,
    0x0, 0xb, 0xf5, 0x0, 0xd, 0xf3, 0x0, 0x0,
    0x0, 0x0, 0xb, 0xf5, 0x0, 0xd, 0xf3, 0x0,
    0x0, 0x0, 0x0, 0xb, 0xf5, 0x0, 0xd, 0xf3,
    0x0, 0x6f, 0x70, 0x0, 0xb, 0xf5, 0x0, 0xd,
    0xf3, 0x0, 0xbf, 0x40, 0x0, 0xb, 0xf5, 0x0,
    0xd, 0xf3, 0x0, 0xef, 0x20, 0x0, 0xb, 0xfc,
    0xbb, 0xbf, 0xfc, 0xb4, 0xff, 0x20, 0x0, 0xb,
    0xff, 0xff, 0xff, 0xff, 0xf6, 0xdf, 0x40, 0x0,
    0xd, 0xf4, 0x0, 0x0, 0x0, 0x0, 0x8f, 0xc2,
    0x1, 0x8f, 0xf0, 0x0, 0x0, 0x0, 0x0, 0x1d,
    0xff, 0xff, 0xff, 0x60, 0x0, 0x0, 0x0, 0x0,
    0x0, 0x6a, 0xba, 0x82, 0x0, 0x0, 0x0, 0x0,
    0x0,

    /* U+FC68 "ﱨ" */
    0x0, 0x0, 0x0, 0x0, 0x0, 0x0, 0x0, 0x1,
    0xbd, 0x50, 0x0, 0x0, 0x0, 0x0, 0x0, 0x0,
    0x0, 0x0, 0x5, 0xb0, 0x0, 0x0, 0x0, 0x0,
    0x0, 0x0, 0x0, 0x0, 0x0, 0x4, 0xfc, 0xa0,
    0x0, 0x0, 0x0, 0x0, 0x0, 0x0, 0x0, 0x0,
    0x2, 0x30, 0x0, 0x0, 0x0, 0x0, 0x0, 0x0,
    0x0, 0x0, 0x0, 0x0, 0x0, 0x0, 0x0, 0x0,
    0x0, 0x0, 0x0, 0x0, 0x0, 0x0, 0x0, 0x2f,
    0xd0, 0x0, 0x0, 0x0, 0x0, 0x0, 0x0, 0x0,
    0x0, 0x0, 0x3f, 0xe0, 0x0, 0x0, 0x0, 0x0,
    0x3, 0xcf, 0xc2, 0x0, 0x0, 0x3f, 0xe0, 0x0,
    0x0, 0x0, 0x0, 0x5f, 0xff, 0xfd, 0x0, 0x0,
    0x3f, 0xe0, 0x0, 0x0, 0x0, 0x1, 0xff, 0x40,
    0x9f, 0x90, 0x0, 0x3f, 0xe0, 0x0, 0x8e, 0x40,
    0x5, 0xfa, 0x0, 0xc, 0xf6, 0x0, 0x3f, 0xe0,
    0x0, 0xcf, 0x20, 0x3, 0xff, 0x93, 0x1, 0xef,
    0xcb, 0xcf, 0xfb, 0xb0, 0xef, 0x10, 0x0, 0x7e,
    0xff, 0xb0, 0x2b, 0xff, 0xff, 0xff, 0xf0, 0xef,
    0x20, 0x0, 0x0, 0x4e, 0xf4, 0x0, 0x0, 0x0,
    0x0, 0x0, 0xbf, 0xc1, 0x0, 0x0, 0x4e, 0xf3,
    0x0, 0x0, 0x0, 0x0, 0x0, 0x3f, 0xff, 0xff,
    0xff, 0xff, 0xa0, 0x0, 0x0, 0x0, 0x0, 0x0,
    0x3, 0x9b, 0xbb, 0xba, 0x94, 0x0, 0x0, 0x0,
    0x0, 0x0, 0x0,

    /* U+FC69 "ﱩ" */
    0x0, 0x0, 0x0, 0x0, 0x0, 0x0, 0x0, 0x1,
    0xbd, 0x50, 0x0, 0x0, 0x0, 0x0, 0x0, 0x0,
    0x0, 0x0, 0x5, 0xb0, 0x0, 0x0, 0x0, 0x0,
    0x0, 0x0, 0x0, 0x0, 0x0, 0x4, 0xfc, 0xa0,
    0x0, 0x0, 0x0, 0x0, 0x0, 0x0, 0x0, 0x0,
    0x2, 0x30, 0x0, 0x0, 0x0, 0x0, 0x0, 0x0,
    0x0, 0x0, 0x0, 0x0, 0x0, 0x0, 0x0, 0x0,
    0x0, 0x0, 0x0, 0x0, 0x0, 0x0, 0x0, 0x2f,
    0xd0, 0x0, 0x0, 0x0, 0x0, 0x0, 0x0, 0x0,
    0x0, 0x0, 0x3f, 0xe0, 0x0, 0x0, 0x0, 0x0,
    0x3, 0xcf, 0xc2, 0x0, 0x0, 0x3f, 0xe0, 0x0,
    0x0, 0x0, 0x0, 0x5f, 0xff, 0xfd, 0x0, 0x0,
    0x3f, 0xe0, 0x0, 0x0, 0x0, 0x1, 0xff, 0x40,
    0x9f, 0x90, 0x0, 0x3f, 0xe0, 0x0, 0x8e, 0x40,
    0x5, 0xfa, 0x0, 0xc, 0xf6, 0x0, 0x3f, 0xe0,
    0x0, 0xcf, 0x20, 0x3, 0xff, 0x93, 0x1, 0xef,
    0xcb, 0xcf, 0xfb, 0xb0, 0xef, 0x10, 0x0, 0x7e,
    0xff, 0xb0, 0x2b, 0xff, 0xff, 0xff, 0xf0, 0xef,
    0x20, 0x0, 0x0, 0x4e, 0xf4, 0x0, 0x0, 0x0,
    0x0, 0x0, 0xbf, 0xc1, 0x0, 0x0, 0x4e, 0xf3,
    0x0, 0x0, 0x0, 0x0, 0x0, 0x3f, 0xff, 0xff,
    0xff, 0xff, 0xa0, 0x0, 0x0, 0x0, 0x0, 0x0,
    0x3, 0x9b, 0xbb, 0xba, 0x94, 0x0, 0x0, 0x0,
    0x0, 0x0, 0x0, 0x0, 0x0, 0x0, 0x0, 0x0,
    0x0, 0x0, 0x0, 0x0, 0x0, 0x0, 0x0, 0xd,
    0xb3, 0xf7, 0x0, 0x0, 0x0, 0x0, 0x0, 0x0,
    0x0, 0x0, 0xf, 0xd4, 0xf8, 0x0, 0x0, 0x0,
    0x0, 0x0, 0x0, 0x0, 0x0, 0x1, 0x0, 0x20,
    0x0, 0x0, 0x0, 0x0, 0x0, 0x0, 0x0,

    /* U+FC6A "ﱪ" */
    0x0, 0x0, 0xff, 0x0, 0x0, 0xff, 0x0, 0x0,
    0x0, 0xf, 0xf0, 0x0, 0xf, 0xf0, 0x0, 0x0,
    0x0, 0xff, 0x0, 0x0, 0xff, 0x0, 0x0, 0x0,
    0xf, 0xf0, 0x0, 0xf, 0xf0, 0x0, 0x0, 0x0,
    0xff, 0x0, 0x0, 0xff, 0x0, 0x0, 0x0, 0xf,
    0xf0, 0x0, 0xf, 0xf0, 0x0, 0x0, 0x0, 0xff,
    0xbb, 0xbb, 0xff, 0xbb, 0x20, 0x0, 0xf, 0xff,
    0xff, 0xff, 0xff, 0xf3, 0x0, 0x0, 0xff, 0x0,
    0x0, 0x0, 0x0, 0x0, 0x30, 0x7f, 0xd0, 0x0,
    0x6, 0x20, 0x0, 0x5f, 0xff, 0xf6, 0x0, 0x4,
    0xfa, 0x0, 0x1, 0x8b, 0xa5, 0x0, 0x0, 0x1a,
    0x40, 0x0,

    /* U+FC6B "ﱫ" */
    0x0, 0x0, 0xeb, 0x0, 0x0, 0x0, 0x0, 0x0,
    0x0, 0xf, 0xc0, 0x0, 0x0, 0x0, 0x0, 0x0,
    0x0, 0x10, 0x0, 0x0, 0x0, 0x0, 0x0, 0x0,
    0x2, 0x20, 0x0, 0x2, 0x20, 0x0, 0x0, 0x0,
    0xff, 0x0, 0x0, 0xff, 0x0, 0x0, 0x0, 0xf,
    0xf0, 0x0, 0xf, 0xf0, 0x0, 0x0, 0x0, 0xff,
    0x0, 0x0, 0xff, 0x0, 0x0, 0x0, 0xf, 0xf0,
    0x0, 0xf, 0xf0, 0x0, 0x0, 0x0, 0xff, 0x0,
    0x0, 0xff, 0x0, 0x0, 0x0, 0xf, 0xf0, 0x0,
    0xf, 0xf0, 0x0, 0x0, 0x0, 0xff, 0xbb, 0xbb,
    0xff, 0xbb, 0x20, 0x0, 0xf, 0xff, 0xff, 0xff,
    0xff, 0xf3, 0x0, 0x0, 0xff, 0x0, 0x0, 0x0,
    0x0, 0x0, 0x30, 0x7f, 0xd0, 0x0, 0x6, 0x20,
    0x0, 0x5f, 0xff, 0xf6, 0x0, 0x4, 0xfa, 0x0,
    0x1, 0x8b, 0xa5, 0x0, 0x0, 0x1a, 0x40, 0x0,

    /* U+FC6C "ﱬ" */
    0x0, 0x19, 0xef, 0xd6, 0x0, 0x0, 0x8f, 0x90,
    0x0, 0xd, 0xfe, 0xcf, 0xf7, 0x0, 0x8, 0xf9,
    0x0, 0x2, 0xfc, 0x0, 0x4f, 0xe0, 0x0, 0x8f,
    0x90, 0x0, 0x5f, 0x90, 0x0, 0xff, 0x20, 0x8,
    0xf9, 0x0, 0x5, 0xfa, 0x0, 0xf, 0xf1, 0x0,
    0x8f, 0x90, 0x0, 0x2f, 0xc0, 0x8, 0xff, 0x0,
    0x8, 0xf9, 0x0, 0x19, 0xff, 0xbd, 0xff, 0xfe,
    0xbb, 0xdf, 0xdb, 0x8b, 0xff, 0xff, 0xfc, 0x46,
    0xdf, 0xff, 0xff, 0xfb, 0xff, 0x40, 0x0, 0x0,
    0x0, 0x0, 0x0, 0x0, 0xf, 0xf1, 0x0, 0x0,
    0x0, 0x0, 0x0, 0x10, 0x0, 0xff, 0x10, 0x0,
    0x0, 0x0, 0x0, 0xbf, 0x10, 0xf, 0xf1, 0x0,
    0x0, 0x0, 0x0, 0x9, 0xe1, 0x0, 0xff, 0x10,
    0x0, 0x0, 0x0, 0x0, 0x0, 0x0, 0x1, 0x20,
    0x0, 0x0, 0x0, 0x0, 0x0, 0x0, 0x0,

    /* U+FC6D "ﱭ" */
    0x0, 0x6, 0xf4, 0x0, 0x0, 0x0, 0x0, 0x0,
    0x0, 0x0, 0x7, 0xf5, 0x0, 0x0, 0x0, 0x0,
    0x0, 0x0, 0x0, 0x0, 0x20, 0x9, 0xe4, 0x0,
    0xb, 0xe3, 0x0, 0x0, 0x0, 0x0, 0xb, 0xf5,
    0x0, 0xd, 0xf3, 0x0, 0x0, 0x0, 0x0, 0xb,
    0xf5, 0x0, 0xd, 0xf3, 0x0, 0x0, 0x0, 0x0,
    0xb, 0xf5, 0x0, 0xd, 0xf3, 0x0, 0x6f, 0x70,
    0x0, 0xb, 0xf5, 0x0, 0xd, 0xf3, 0x0, 0xbf,
    0x40, 0x0, 0xb, 0xf5, 0x0, 0xd, 0xf3, 0x0,
    0xef, 0x20, 0x0, 0xb, 0xfc, 0xbb, 0xbf, 0xfc,
    0xb4, 0xff, 0x20, 0x0, 0xb, 0xff, 0xff, 0xff,
    0xff, 0xf6, 0xdf, 0x40, 0x0, 0xd, 0xf4, 0x0,
    0x0, 0x0, 0x0, 0x8f, 0xc2, 0x1, 0x8f, 0xf0,
    0x0, 0x6, 0x40, 0x0, 0xd, 0xff, 0xff, 0xff,
    0x50, 0x0, 0x1f, 0xd0, 0x0, 0x0, 0x6a, 0xba,
    0x82, 0x0, 0x0, 0x9, 0x60, 0x0,

    /* U+FC6E "ﱮ" */
    0x0, 0x0, 0x0, 0x0, 0x0, 0x0, 0x0, 0x0,
    0x3f, 0xe0, 0x0, 0x0, 0x0, 0x0, 0x0, 0x0,
    0x0, 0x0, 0x0, 0x3f, 0xe0, 0x0, 0x0, 0x0,
    0x0, 0x3, 0xcf, 0xc2, 0x0, 0x0, 0x3f, 0xe0,
    0x0, 0x0, 0x0, 0x0, 0x5f, 0xff, 0xfd, 0x0,
    0x0, 0x3f, 0xe0, 0x0, 0x0, 0x0, 0x1, 0xff,
    0x40, 0x9f, 0x90, 0x0, 0x3f, 0xe0, 0x0, 0x8e,
    0x40, 0x5, 0xfa, 0x0, 0xc, 0xf6, 0x0, 0x3f,
    0xe0, 0x0, 0xcf, 0x20, 0x3, 0xff, 0x94, 0x1,
    0xef, 0xcb, 0xcf, 0xfb, 0xb0, 0xef, 0x10, 0x0,
    0x7e, 0xff, 0xb0, 0x2b, 0xff, 0xff, 0xff, 0xf0,
    0xef, 0x20, 0x0, 0x0, 0x4e, 0xf4, 0x0, 0x0,
    0x0, 0x0, 0x0, 0xbf, 0xc1, 0x0, 0x0, 0x4e,
    0xf3, 0x0, 0x0, 0x17, 0x10, 0x0, 0x3f, 0xff,
    0xff, 0xff, 0xff, 0xa0, 0x0, 0x0, 0x7f, 0x70,
    0x0, 0x2, 0x9b, 0xbb, 0xba, 0x84, 0x0, 0x0,
    0x0, 0x2a, 0x20, 0x0,

    /* U+FC6F "ﱯ" */
    0x0, 0x0, 0x0, 0x0, 0x0, 0x0, 0x0, 0x0,
    0x3f, 0xe0, 0x0, 0x0, 0x0, 0x0, 0x0, 0x0,
    0x0, 0x0, 0x0, 0x3f, 0xe0, 0x0, 0x0, 0x0,
    0x0, 0x3, 0xcf, 0xc2, 0x0, 0x0, 0x3f, 0xe0,
    0x0, 0x0, 0x0, 0x0, 0x5f, 0xff, 0xfd, 0x0,
    0x0, 0x3f, 0xe0, 0x0, 0x0, 0x0, 0x1, 0xff,
    0x40, 0x9f, 0x90, 0x0, 0x3f, 0xe0, 0x0, 0x8e,
    0x40, 0x5, 0xfa, 0x0, 0xc, 0xf6, 0x0, 0x3f,
    0xe0, 0x0, 0xcf, 0x20, 0x3, 0xff, 0x94, 0x1,
    0xef, 0xcb, 0xcf, 0xfb, 0xb0, 0xef, 0x10, 0x0,
    0x7e, 0xff, 0xb0, 0x2b, 0xff, 0xff, 0xff, 0xf0,
    0xef, 0x20, 0x0, 0x0, 0x4e, 0xf4, 0x0, 0x0,
    0x0, 0x0, 0x0, 0xbf, 0xc1, 0x0, 0x0, 0x4e,
    0xf3, 0x0, 0x0, 0x17, 0x10, 0x0, 0x3f, 0xff,
    0xff, 0xff, 0xff, 0xa0, 0x0, 0x0, 0x7f, 0x70,
    0x0, 0x2, 0x9b, 0xbb, 0xba, 0x84, 0x0, 0x0,
    0x0, 0x2a, 0x20, 0x0, 0x0, 0x0, 0x0, 0x0,
    0x0, 0x0, 0x0, 0x0, 0x0, 0x0, 0x0, 0x0,
    0xd, 0xb3, 0xf7, 0x0, 0x0, 0x0, 0x0, 0x0,
    0x0, 0x0, 0x0, 0xf, 0xd4, 0xf8, 0x0, 0x0,
    0x0, 0x0, 0x0, 0x0, 0x0, 0x0, 0x1, 0x0,
    0x20, 0x0, 0x0, 0x0, 0x0, 0x0, 0x0, 0x0,

    /* U+FC70 "ﱰ" */
    0x0, 0x0, 0x0, 0x0, 0x4f, 0x58, 0xf2, 0x0,
    0x0, 0x0, 0x0, 0x5, 0xf7, 0xaf, 0x20, 0x0,
    0x0, 0x0, 0x0, 0x2, 0x0, 0x20, 0x0, 0x0,
    0x0, 0x0, 0x0, 0x0, 0x0, 0x0, 0x0, 0x0,
    0x99, 0x0, 0x0, 0x59, 0x40, 0x0, 0x0, 0xf,
    0xf0, 0x0, 0x9, 0xf8, 0x0, 0x0, 0x0, 0xff,
    0x0, 0x0, 0x9f, 0x80, 0x0, 0x0, 0xf, 0xf0,
    0x0, 0x9, 0xf8, 0x0, 0x0, 0x0, 0xff, 0x0,
    0x0, 0x9f, 0x80, 0x0, 0x0, 0xf, 0xf0, 0x0,
    0x9, 0xf8, 0x0, 0x0, 0x0, 0xff, 0xbb, 0xbb,
    0xdf, 0xdb, 0xb0, 0x0, 0xf, 0xff, 0xff, 0xff,
    0xff, 0xff, 0x0, 0x0, 0xff, 0x0, 0x0, 0x0,
    0x0, 0x0, 0x30, 0x7f, 0xd0, 0x0, 0x0, 0x0,
    0x0, 0x5f, 0xff, 0xf6, 0x0, 0x0, 0x0, 0x0,
    0x1, 0x8b, 0xa5, 0x0, 0x0, 0x0, 0x0, 0x0,

    /* U+FC71 "ﱱ" */
    0x0, 0x0, 0xeb, 0x0, 0x4f, 0x58, 0xf2, 0x0,
    0x0, 0xf, 0xc0, 0x5, 0xf7, 0xaf, 0x20, 0x0,
    0x0, 0x10, 0x0, 0x2, 0x0, 0x20, 0x0, 0x0,
    0x2, 0x20, 0x0, 0x1, 0x21, 0x0, 0x0, 0x0,
    0xff, 0x0, 0x0, 0x9f, 0x80, 0x0, 0x0, 0xf,
    0xf0, 0x0, 0x9, 0xf8, 0x0, 0x0, 0x0, 0xff,
    0x0, 0x0, 0x9f, 0x80, 0x0, 0x0, 0xf, 0xf0,
    0x0, 0x9, 0xf8, 0x0, 0x0, 0x0, 0xff, 0x0,
    0x0, 0x9f, 0x80, 0x0, 0x0, 0xf, 0xf0, 0x0,
    0x9, 0xf8, 0x0, 0x0, 0x0, 0xff, 0xbb, 0xbb,
    0xdf, 0xdb, 0xb0, 0x0, 0xf, 0xff, 0xff, 0xff,
    0xff, 0xff, 0x0, 0x0, 0xff, 0x0, 0x0, 0x0,
    0x0, 0x0, 0x30, 0x7f, 0xd0, 0x0, 0x0, 0x0,
    0x0, 0x5f, 0xff, 0xf6, 0x0, 0x0, 0x0, 0x0,
    0x1, 0x8b, 0xa5, 0x0, 0x0, 0x0, 0x0, 0x0,

    /* U+FC72 "ﱲ" */
    0x0, 0x0, 0x0, 0x0, 0x0, 0xb, 0xd1, 0xe9,
    0x0, 0x0, 0x0, 0x0, 0x0, 0x0, 0xd, 0xf2,
    0xfb, 0x0, 0x0, 0x0, 0x0, 0x0, 0x0, 0x1,
    0x10, 0x10, 0x0, 0x0, 0x0, 0x0, 0x0, 0x0,
    0x0, 0x0, 0x0, 0x0, 0x0, 0x19, 0xef, 0xd6,
    0x0, 0x0, 0xf, 0xf0, 0x0, 0x0, 0xdf, 0xec,
    0xff, 0x70, 0x0, 0xf, 0xf0, 0x0, 0x2, 0xfc,
    0x0, 0x4f, 0xe0, 0x0, 0xf, 0xf0, 0x0, 0x5,
    0xf9, 0x0, 0xf, 0xf2, 0x0, 0xf, 0xf0, 0x0,
    0x5, 0xfa, 0x0, 0xf, 0xf1, 0x0, 0xf, 0xf0,
    0x0, 0x2, 0xfc, 0x0, 0x8f, 0xf0, 0x0, 0xf,
    0xf0, 0x0, 0x19, 0xff, 0xbd, 0xff, 0xfe, 0xbb,
    0xbf, 0xfb, 0xb5, 0xbf, 0xff, 0xff, 0xc4, 0x6d,
    0xff, 0xff, 0xff, 0xf8, 0xff, 0x40, 0x0, 0x0,
    0x0, 0x0, 0x0, 0x0, 0x0, 0xff, 0x10, 0x0,
    0x0, 0x0, 0x0, 0x0, 0x0, 0x0, 0xff, 0x10,
    0x0, 0x0, 0x0, 0x0, 0x0, 0x0, 0x0, 0xff,
    0x10, 0x0, 0x0, 0x0, 0x0, 0x0, 0x0, 0x0,
    0xff, 0x10, 0x0, 0x0, 0x0, 0x0, 0x0, 0x0,
    0x0, 0x12, 0x0, 0x0, 0x0, 0x0, 0x0, 0x0,
    0x0, 0x0,

    /* U+FC73 "ﱳ" */
    0x0, 0x0, 0x0, 0x0, 0x0, 0x2, 0xe8, 0x5f,
    0x40, 0x0, 0x0, 0x0, 0x0, 0x0, 0x0, 0x2f,
    0xa6, 0xf6, 0x0, 0x0, 0x6, 0xf4, 0x0, 0x0,
    0x0, 0x10, 0x2, 0x0, 0x0, 0x0, 0x7f, 0x50,
    0x0, 0x0, 0x0, 0x0, 0x0, 0x0, 0x0, 0x0,
    0x20, 0x9, 0xe4, 0x0, 0x4, 0xea, 0x0, 0x0,
    0x0, 0x0, 0x0, 0xbf, 0x50, 0x0, 0x5f, 0xb0,
    0x0, 0x0, 0x0, 0x0, 0xb, 0xf5, 0x0, 0x5,
    0xfb, 0x0, 0x0, 0x0, 0x0, 0x0, 0xbf, 0x50,
    0x0, 0x5f, 0xb0, 0x0, 0x6f, 0x70, 0x0, 0xb,
    0xf5, 0x0, 0x5, 0xfb, 0x0, 0xb, 0xf4, 0x0,
    0x0, 0xbf, 0x50, 0x0, 0x5f, 0xb0, 0x0, 0xef,
    0x20, 0x0, 0xb, 0xfc, 0xbb, 0xbc, 0xfe, 0xbb,
    0x2f, 0xf2, 0x0, 0x0, 0xbf, 0xff, 0xff, 0xff,
    0xff, 0xf3, 0xdf, 0x40, 0x0, 0xd, 0xf4, 0x0,
    0x0, 0x0, 0x0, 0x8, 0xfc, 0x20, 0x18, 0xff,
    0x0, 0x0, 0x0, 0x0, 0x0, 0x1d, 0xff, 0xff,
    0xff, 0x60, 0x0, 0x0, 0x0, 0x0, 0x0, 0x6,
    0xab, 0xa8, 0x20, 0x0, 0x0, 0x0, 0x0, 0x0,

    /* U+FC74 "ﱴ" */
    0x0, 0x0, 0x0, 0x0, 0x0, 0x0, 0x0, 0x6,
    0xf3, 0xae, 0x0, 0x0, 0x0, 0x0, 0x0, 0x0,
    0x0, 0x0, 0x8, 0xf5, 0xcf, 0x10, 0x0, 0x0,
    0x0, 0x0, 0x0, 0x0, 0x0, 0x0, 0x20, 0x1,
    0x0, 0x0, 0x0, 0x0, 0x0, 0x0, 0x0, 0x0,
    0x0, 0x0, 0x0, 0x0, 0x0, 0x0, 0x0, 0x0,
    0x0, 0x0, 0x0, 0x0, 0x8, 0xb4, 0x0, 0x0,
    0x0, 0x0, 0x0, 0x0, 0x0, 0x0, 0x0, 0xb,
    0xf5, 0x0, 0x0, 0x0, 0x0, 0x3, 0xcf, 0xc2,
    0x0, 0x0, 0xb, 0xf5, 0x0, 0x0, 0x0, 0x0,
    0x5f, 0xff, 0xfd, 0x0, 0x0, 0xb, 0xf5, 0x0,
    0x0, 0x0, 0x1, 0xff, 0x40, 0x9f, 0x90, 0x0,
    0xb, 0xf5, 0x0, 0x8e, 0x40, 0x5, 0xfa, 0x0,
    0xc, 0xf6, 0x0, 0xb, 0xf5, 0x0, 0xcf, 0x20,
    0x3, 0xff, 0x93, 0x1, 0xef, 0xcb, 0xbe, 0xfc,
    0xb9, 0xef, 0x10, 0x0, 0x7e, 0xff, 0xb0, 0x2b,
    0xff, 0xff, 0xff, 0xfd, 0xef, 0x20, 0x0, 0x0,
    0x4e, 0xf4, 0x0, 0x0, 0x0, 0x0, 0x0, 0xbf,
    0xc1, 0x0, 0x0, 0x4e, 0xf3, 0x0, 0x0, 0x0,
    0x0, 0x0, 0x3f, 0xff, 0xff, 0xff, 0xff, 0xa0,
    0x0, 0x0, 0x0, 0x0, 0x0, 0x3, 0x9b, 0xbb,
    0xba, 0x94, 0x0, 0x0, 0x0, 0x0, 0x0, 0x0,

    /* U+FC75 "ﱵ" */
    0x0, 0x0, 0x0, 0x0, 0x0, 0x0, 0x0, 0x6,
    0xf3, 0xae, 0x0, 0x0, 0x0, 0x0, 0x0, 0x0,
    0x0, 0x0, 0x8, 0xf5, 0xcf, 0x10, 0x0, 0x0,
    0x0, 0x0, 0x0, 0x0, 0x0, 0x0, 0x20, 0x1,
    0x0, 0x0, 0x0, 0x0, 0x0, 0x0, 0x0, 0x0,
    0x0, 0x0, 0x0, 0x0, 0x0, 0x0, 0x0, 0x0,
    0x0, 0x0, 0x0, 0x0, 0x8, 0xb4, 0x0, 0x0,
    0x0, 0x0, 0x0, 0x0, 0x0, 0x0, 0x0, 0xb,
    0xf5, 0x0, 0x0, 0x0, 0x0, 0x3, 0xcf, 0xc2,
    0x0, 0x0, 0xb, 0xf5, 0x0, 0x0, 0x0, 0x0,
    0x5f, 0xff, 0xfd, 0x0, 0x0, 0xb, 0xf5, 0x0,
    0x0, 0x0, 0x1, 0xff, 0x40, 0x9f, 0x90, 0x0,
    0xb, 0xf5, 0x0, 0x8e, 0x40, 0x5, 0xfa, 0x0,
    0xc, 0xf6, 0x0, 0xb, 0xf5, 0x0, 0xcf, 0x20,
    0x3, 0xff, 0x93, 0x1, 0xef, 0xcb, 0xbe, 0xfc,
    0xb9, 0xef, 0x10, 0x0, 0x7e, 0xff, 0xb0, 0x2b,
    0xff, 0xff, 0xff, 0xfd, 0xef, 0x20, 0x0, 0x0,
    0x4e, 0xf4, 0x0, 0x0, 0x0, 0x0, 0x0, 0xbf,
    0xc1, 0x0, 0x0, 0x4e, 0xf3, 0x0, 0x0, 0x0,
    0x0, 0x0, 0x3f, 0xff, 0xff, 0xff, 0xff, 0xa0,
    0x0, 0x0, 0x0, 0x0, 0x0, 0x3, 0x9b, 0xbb,
    0xba, 0x94, 0x0, 0x0, 0x0, 0x0, 0x0, 0x0,
    0x0, 0x0, 0x0, 0x0, 0x0, 0x0, 0x0, 0x0,
    0x0, 0x0, 0x0, 0x0, 0xd, 0xb3, 0xf7, 0x0,
    0x0, 0x0, 0x0, 0x0, 0x0, 0x0, 0x0, 0xf,
    0xd4, 0xf8, 0x0, 0x0, 0x0, 0x0, 0x0, 0x0,
    0x0, 0x0, 0x1, 0x0, 0x20, 0x0, 0x0, 0x0,
    0x0, 0x0, 0x0, 0x0,

    /* U+FC76 "ﱶ" */
    0x0, 0x0, 0x0, 0x0, 0x0, 0xca, 0x0, 0x0,
    0x0, 0x0, 0x0, 0x0, 0xa, 0x80, 0x0, 0x0,
    0x0, 0x0, 0x0, 0x4f, 0x58, 0xf2, 0x0, 0x0,
    0x0, 0x0, 0x5, 0xf7, 0x9f, 0x30, 0x0, 0x0,
    0x0, 0x0, 0x2, 0x0, 0x10, 0x0, 0x0, 0x0,
    0x0, 0x0, 0x0, 0x0, 0x0, 0x0, 0x0, 0xbb,
    0x0, 0x0, 0x6b, 0x50, 0x0, 0x0, 0xf, 0xf0,
    0x0, 0x9, 0xf8, 0x0, 0x0, 0x0, 0xff, 0x0,
    0x0, 0x9f, 0x80, 0x0, 0x0, 0xf, 0xf0, 0x0,
    0x9, 0xf8, 0x0, 0x0, 0x0, 0xff, 0x0, 0x0,
    0x9f, 0x80, 0x0, 0x0, 0xf, 0xf0, 0x0, 0x9,
    0xf8, 0x0, 0x0, 0x0, 0xff, 0xbb, 0xbb, 0xdf,
    0xdb, 0xb0, 0x0, 0xf, 0xff, 0xff, 0xff, 0xff,
    0xff, 0x0, 0x0, 0xff, 0x0, 0x0, 0x0, 0x0,
    0x0, 0x30, 0x7f, 0xd0, 0x0, 0x0, 0x0, 0x0,
    0x5f, 0xff, 0xf6, 0x0, 0x0, 0x0, 0x0, 0x1,
    0x8b, 0xa5, 0x0, 0x0, 0x0, 0x0, 0x0,

    /* U+FC77 "ﱷ" */
    0x0, 0x0, 0x0, 0x0, 0x0, 0xca, 0x0, 0x0,
    0x0, 0x0, 0x0, 0x0, 0xa, 0x80, 0x0, 0x0,
    0x0, 0xeb, 0x0, 0x4f, 0x58, 0xf2, 0x0, 0x0,
    0xf, 0xc0, 0x5, 0xf7, 0x9f, 0x30, 0x0, 0x0,
    0x10, 0x0, 0x2, 0x0, 0x10, 0x0, 0x0, 0x2,
    0x20, 0x0, 0x1, 0x21, 0x0, 0x0, 0x0, 0xff,
    0x0, 0x0, 0x9f, 0x80, 0x0, 0x0, 0xf, 0xf0,
    0x0, 0x9, 0xf8, 0x0, 0x0, 0x0, 0xff, 0x0,
    0x0, 0x9f, 0x80, 0x0, 0x0, 0xf, 0xf0, 0x0,
    0x9, 0xf8, 0x0, 0x0, 0x0, 0xff, 0x0, 0x0,
    0x9f, 0x80, 0x0, 0x0, 0xf, 0xf0, 0x0, 0x9,
    0xf8, 0x0, 0x0, 0x0, 0xff, 0xbb, 0xbb, 0xdf,
    0xdb, 0xb0, 0x0, 0xf, 0xff, 0xff, 0xff, 0xff,
    0xff, 0x0, 0x0, 0xff, 0x0, 0x0, 0x0, 0x0,
    0x0, 0x30, 0x7f, 0xd0, 0x0, 0x0, 0x0, 0x0,
    0x5f, 0xff, 0xf6, 0x0, 0x0, 0x0, 0x0, 0x1,
    0x8b, 0xa5, 0x0, 0x0, 0x0, 0x0, 0x0,

    /* U+FC78 "ﱸ" */
    0x0, 0x0, 0x0, 0x0, 0x0, 0x0, 0x4f, 0x30,
    0x0, 0x0, 0x0, 0x0, 0x0, 0x0, 0x0, 0x3d,
    0x20, 0x0, 0x0, 0x0, 0x0, 0x0, 0x0, 0xb,
    0xd1, 0xe9, 0x0, 0x0, 0x0, 0x0, 0x0, 0x0,
    0xd, 0xf2, 0xfb, 0x0, 0x0, 0x0, 0x0, 0x0,
    0x0, 0x0, 0x10, 0x10, 0x0, 0x0, 0x0, 0x0,
    0x0, 0x0, 0x0, 0x0, 0x0, 0x0, 0x0, 0x19,
    0xef, 0xd6, 0x0, 0x0, 0xf, 0xf0, 0x0, 0x0,
    0xdf, 0xec, 0xff, 0x70, 0x0, 0xf, 0xf0, 0x0,
    0x2, 0xfc, 0x0, 0x4f, 0xe0, 0x0, 0xf, 0xf0,
    0x0, 0x5, 0xf9, 0x0, 0xf, 0xf2, 0x0, 0xf,
    0xf0, 0x0, 0x5, 0xfa, 0x0, 0xf, 0xf1, 0x0,
    0xf, 0xf0, 0x0, 0x2, 0xfc, 0x0, 0x8f, 0xf0,
    0x0, 0xf, 0xf0, 0x0, 0x19, 0xff, 0xbd, 0xff,
    0xfe, 0xbb, 0xbf, 0xfb, 0xb5, 0xbf, 0xff, 0xff,
    0xc4, 0x6d, 0xff, 0xff, 0xff, 0xf8, 0xff, 0x40,
    0x0, 0x0, 0x0, 0x0, 0x0, 0x0, 0x0, 0xff,
    0x10, 0x0, 0x0, 0x0, 0x0, 0x0, 0x0, 0x0,
    0xff, 0x10, 0x0, 0x0, 0x0, 0x0, 0x0, 0x0,
    0x0, 0xff, 0x10, 0x0, 0x0, 0x0, 0x0, 0x0,
    0x0, 0x0, 0xff, 0x10, 0x0, 0x0, 0x0, 0x0,
    0x0, 0x0, 0x0, 0x12, 0x0, 0x0, 0x0, 0x0,
    0x0, 0x0, 0x0, 0x0,

    /* U+FC79 "ﱹ" */
    0x0, 0x0, 0x0, 0x0, 0x0, 0x0, 0x9, 0xd0,
    0x0, 0x0, 0x0, 0x0, 0x0, 0x0, 0x0, 0x0,
    0x8b, 0x0, 0x0, 0x0, 0x0, 0x0, 0x0, 0x0,
    0x1, 0xe9, 0x5f, 0x40, 0x0, 0x0, 0x0, 0x0,
    0x0, 0x0, 0x2f, 0xa6, 0xf6, 0x0, 0x0, 0x6,
    0xf4, 0x0, 0x0, 0x0, 0x10, 0x2, 0x0, 0x0,
    0x0, 0x7f, 0x50, 0x0, 0x0, 0x0, 0x0, 0x0,
    0x0, 0x0, 0x0, 0x20, 0x9, 0xe4, 0x0, 0x4,
    0xea, 0x0, 0x0, 0x0, 0x0, 0x0, 0xbf, 0x50,
    0x0, 0x5f, 0xb0, 0x0, 0x0, 0x0, 0x0, 0xb,
    0xf5, 0x0, 0x5, 0xfb, 0x0, 0x0, 0x0, 0x0,
    0x0, 0xbf, 0x50, 0x0, 0x5f, 0xb0, 0x0, 0x6f,
    0x70, 0x0, 0xb, 0xf5, 0x0, 0x5, 0xfb, 0x0,
    0xb, 0xf4, 0x0, 0x0, 0xbf, 0x50, 0x0, 0x5f,
    0xb0, 0x0, 0xef, 0x20, 0x0, 0xb, 0xfc, 0xbb,
    0xbc, 0xfe, 0xbb, 0x2f, 0xf2, 0x0, 0x0, 0xbf,
    0xff, 0xff, 0xff, 0xff, 0xf3, 0xdf, 0x40, 0x0,
    0xd, 0xf4, 0x0, 0x0, 0x0, 0x0, 0x8, 0xfc,
    0x20, 0x18, 0xff, 0x0, 0x0, 0x0, 0x0, 0x0,
    0x1d, 0xff, 0xff, 0xff, 0x60, 0x0, 0x0, 0x0,
    0x0, 0x0, 0x6, 0xab, 0xa8, 0x20, 0x0, 0x0,
    0x0, 0x0, 0x0,

    /* U+FC7A "ﱺ" */
    0x0, 0x0, 0x0, 0x0, 0x0, 0x0, 0x0, 0x0,
    0xe, 0x70, 0x0, 0x0, 0x0, 0x0, 0x0, 0x0,
    0x0, 0x0, 0x0, 0xc, 0x60, 0x0, 0x0, 0x0,
    0x0, 0x0, 0x0, 0x0, 0x0, 0x6, 0xf3, 0xae,
    0x0, 0x0, 0x0, 0x0, 0x0, 0x0, 0x0, 0x0,
    0x7, 0xf5, 0xcf, 0x10, 0x0, 0x0, 0x0, 0x0,
    0x0, 0x0, 0x0, 0x0, 0x20, 0x1, 0x0, 0x0,
    0x0, 0x0, 0x0, 0x0, 0x0, 0x0, 0x0, 0x0,
    0x0, 0x0, 0x0, 0x0, 0x0, 0x0, 0x0, 0x0,
    0x0, 0x0, 0x9, 0xc4, 0x0, 0x0, 0x0, 0x0,
    0x0, 0x0, 0x0, 0x0, 0x0, 0xb, 0xf5, 0x0,
    0x0, 0x0, 0x0, 0x3, 0xcf, 0xc2, 0x0, 0x0,
    0xb, 0xf5, 0x0, 0x0, 0x0, 0x0, 0x5f, 0xff,
    0xfd, 0x0, 0x0, 0xb, 0xf5, 0x0, 0x0, 0x0,
    0x1, 0xff, 0x40, 0x9f, 0x90, 0x0, 0xb, 0xf5,
    0x0, 0x8e, 0x40, 0x5, 0xfa, 0x0, 0xc, 0xf6,
    0x0, 0xb, 0xf5, 0x0, 0xcf, 0x20, 0x3, 0xff,
    0x93, 0x1, 0xef, 0xcb, 0xbe, 0xfc, 0xb9, 0xef,
    0x10, 0x0, 0x7e, 0xff, 0xb0, 0x2b, 0xff, 0xff,
    0xff, 0xfd, 0xef, 0x20, 0x0, 0x0, 0x4e, 0xf4,
    0x0, 0x0, 0x0, 0x0, 0x0, 0xbf, 0xc1, 0x0,
    0x0, 0x4e, 0xf3, 0x0, 0x0, 0x0, 0x0, 0x0,
    0x3f, 0xff, 0xff, 0xff, 0xff, 0xa0, 0x0, 0x0,
    0x0, 0x0, 0x0, 0x3, 0x9b, 0xbb, 0xba, 0x94,
    0x0, 0x0, 0x0, 0x0, 0x0, 0x0,

    /* U+FC7B "ﱻ" */
    0x0, 0x0, 0x0, 0x0, 0x0, 0x0, 0x0, 0x0,
    0xe, 0x70, 0x0, 0x0, 0x0, 0x0, 0x0, 0x0,
    0x0, 0x0, 0x0, 0xc, 0x60, 0x0, 0x0, 0x0,
    0x0, 0x0, 0x0, 0x0, 0x0, 0x6, 0xf3, 0xae,
    0x0, 0x0, 0x0, 0x0, 0x0, 0x0, 0x0, 0x0,
    0x7, 0xf5, 0xcf, 0x10, 0x0, 0x0, 0x0, 0x0,
    0x0, 0x0, 0x0, 0x0, 0x20, 0x1, 0x0, 0x0,
    0x0, 0x0, 0x0, 0x0, 0x0, 0x0, 0x0, 0x0,
    0x0, 0x0, 0x0, 0x0, 0x0, 0x0, 0x0, 0x0,
    0x0, 0x0, 0x9, 0xc4, 0x0, 0x0, 0x0, 0x0,
    0x0, 0x0, 0x0, 0x0, 0x0, 0xb, 0xf5, 0x0,
    0x0, 0x0, 0x0, 0x3, 0xcf, 0xc2, 0x0, 0x0,
    0xb, 0xf5, 0x0, 0x0, 0x0, 0x0, 0x5f, 0xff,
    0xfd, 0x0, 0x0, 0xb, 0xf5, 0x0, 0x0, 0x0,
    0x1, 0xff, 0x40, 0x9f, 0x90, 0x0, 0xb, 0xf5,
    0x0, 0x8e, 0x40, 0x5, 0xfa, 0x0, 0xc, 0xf6,
    0x0, 0xb, 0xf5, 0x0, 0xcf, 0x20, 0x3, 0xff,
    0x93, 0x1, 0xef, 0xcb, 0xbe, 0xfc, 0xb9, 0xef,
    0x10, 0x0, 0x7e, 0xff, 0xb0, 0x2b, 0xff, 0xff,
    0xff, 0xfd, 0xef, 0x20, 0x0, 0x0, 0x4e, 0xf4,
    0x0, 0x0, 0x0, 0x0, 0x0, 0xbf, 0xc1, 0x0,
    0x0, 0x4e, 0xf3, 0x0, 0x0, 0x0, 0x0, 0x0,
    0x3f, 0xff, 0xff, 0xff, 0xff, 0xa0, 0x0, 0x0,
    0x0, 0x0, 0x0, 0x3, 0x9b, 0xbb, 0xba, 0x94,
    0x0, 0x0, 0x0, 0x0, 0x0, 0x0, 0x0, 0x0,
    0x0, 0x0, 0x0, 0x0, 0x0, 0x0, 0x0, 0x0,
    0x0, 0x0, 0xd, 0xb3, 0xf7, 0x0, 0x0, 0x0,
    0x0, 0x0, 0x0, 0x0, 0x0, 0xf, 0xd4, 0xf8,
    0x0, 0x0, 0x0, 0x0, 0x0, 0x0, 0x0, 0x0,
    0x1, 0x0, 0x20, 0x0, 0x0, 0x0, 0x0, 0x0,
    0x0, 0x0,

    /* U+FC7C "ﱼ" */
    0x0, 0x0, 0x0, 0x0, 0x0, 0x0, 0x0, 0x0,
    0x0, 0x2f, 0x80, 0x0, 0x0, 0x0, 0x0, 0x0,
    0x0, 0x0, 0x0, 0x0, 0x0, 0x0, 0x3f, 0x90,
    0x0, 0x0, 0x0, 0x0, 0x0, 0x0, 0x0, 0x0,
    0x0, 0x0, 0x0, 0x2, 0x0, 0x0, 0x0, 0x0,
    0x0, 0x0, 0x0, 0x0, 0x0, 0x0, 0x0, 0x0,
    0x0, 0x0, 0x0, 0x0, 0x0, 0x0, 0x0, 0x0,
    0x0, 0x0, 0x0, 0x0, 0x0, 0x8d, 0xff, 0xf8,
    0x0, 0x0, 0x0, 0x0, 0x0, 0x0, 0x0, 0x0,
    0x0, 0xc, 0xff, 0xbd, 0xf8, 0x0, 0x0, 0x0,
    0x0, 0x3, 0xcf, 0xc2, 0x0, 0x0, 0x6f, 0xe1,
    0x8, 0xf8, 0x0, 0x0, 0x0, 0x0, 0x5f, 0xff,
    0xfd, 0x0, 0x0, 0xaf, 0x70, 0x8, 0xf8, 0x0,
    0x0, 0x0, 0x1, 0xff, 0x40, 0x9f, 0x90, 0x0,
    0xaf, 0x70, 0x8, 0xf8, 0x0, 0x8e, 0x40, 0x5,
    0xfa, 0x0, 0xc, 0xf6, 0x0, 0x5f, 0xc0, 0x8,
    0xf8, 0x0, 0xcf, 0x20, 0x3, 0xff, 0x93, 0x1,
    0xef, 0xcb, 0xbf, 0xfe, 0xbd, 0xfd, 0xb5, 0xef,
    0x10, 0x0, 0x7e, 0xff, 0xb0, 0x2b, 0xff, 0xff,
    0xff, 0xff, 0xff, 0xf7, 0xef, 0x20, 0x0, 0x0,
    0x4e, 0xf4, 0x0, 0x0, 0x0, 0x0, 0x0, 0x0,
    0x0, 0xbf, 0xc1, 0x0, 0x0, 0x4e, 0xf3, 0x0,
    0x0, 0x0, 0x0, 0x0, 0x0, 0x0, 0x3f, 0xff,
    0xff, 0xff, 0xff, 0xa0, 0x0, 0x0, 0x0, 0x0,
    0x0, 0x0, 0x0, 0x3, 0x9b, 0xbb, 0xba, 0x94,
    0x0, 0x0, 0x0, 0x0, 0x0, 0x0, 0x0, 0x0,

    /* U+FC7D "ﱽ" */
    0x0, 0x0, 0x0, 0x0, 0x0, 0x0, 0x0, 0x0,
    0x0, 0x2f, 0x80, 0x0, 0x0, 0x0, 0x0, 0x0,
    0x0, 0x0, 0x0, 0x0, 0x0, 0x0, 0x3f, 0x90,
    0x0, 0x0, 0x0, 0x0, 0x0, 0x0, 0x0, 0x0,
    0x0, 0x0, 0x0, 0x2, 0x0, 0x0, 0x0, 0x0,
    0x0, 0x0, 0x0, 0x0, 0x0, 0x0, 0x0, 0x0,
    0x0, 0x0, 0x0, 0x0, 0x0, 0x0, 0x0, 0x0,
    0x0, 0x0, 0x0, 0x0, 0x0, 0x8d, 0xff, 0xf8,
    0x0, 0x0, 0x0, 0x0, 0x0, 0x0, 0x0, 0x0,
    0x0, 0xc, 0xff, 0xbd, 0xf8, 0x0, 0x0, 0x0,
    0x0, 0x3, 0xcf, 0xc2, 0x0, 0x0, 0x6f, 0xe1,
    0x8, 0xf8, 0x0, 0x0, 0x0, 0x0, 0x5f, 0xff,
    0xfd, 0x0, 0x0, 0xaf, 0x70, 0x8, 0xf8, 0x0,
    0x0, 0x0, 0x1, 0xff, 0x40, 0x9f, 0x90, 0x0,
    0xaf, 0x70, 0x8, 0xf8, 0x0, 0x8e, 0x40, 0x5,
    0xfa, 0x0, 0xc, 0xf6, 0x0, 0x5f, 0xc0, 0x8,
    0xf8, 0x0, 0xcf, 0x20, 0x3, 0xff, 0x93, 0x1,
    0xef, 0xcb, 0xbf, 0xfe, 0xbd, 0xfd, 0xb5, 0xef,
    0x10, 0x0, 0x7e, 0xff, 0xb0, 0x2b, 0xff, 0xff,
    0xff, 0xff, 0xff, 0xf7, 0xef, 0x20, 0x0, 0x0,
    0x4e, 0xf4, 0x0, 0x0, 0x0, 0x0, 0x0, 0x0,
    0x0, 0xbf, 0xc1, 0x0, 0x0, 0x4e, 0xf3, 0x0,
    0x0, 0x0, 0x0, 0x0, 0x0, 0x0, 0x3f, 0xff,
    0xff, 0xff, 0xff, 0xa0, 0x0, 0x0, 0x0, 0x0,
    0x0, 0x0, 0x0, 0x3, 0x9b, 0xbb, 0xba, 0x94,
    0x0, 0x0, 0x0, 0x0, 0x0, 0x0, 0x0, 0x0,
    0x0, 0x0, 0x0, 0x0, 0x0, 0x0, 0x0, 0x0,
    0x0, 0x0, 0x0, 0x0, 0x0, 0x0, 0xd, 0xb3,
    0xf7, 0x0, 0x0, 0x0, 0x0, 0x0, 0x0, 0x0,
    0x0, 0x0, 0x0, 0xf, 0xd4, 0xf8, 0x0, 0x0,
    0x0, 0x0, 0x0, 0x0, 0x0, 0x0, 0x0, 0x0,
    0x1, 0x0, 0x20, 0x0, 0x0, 0x0, 0x0, 0x0,
    0x0, 0x0, 0x0, 0x0,

    /* U+FC7E "ﱾ" */
    0x0, 0x0, 0x0, 0x0, 0x0, 0x0, 0x0, 0x0,
    0x6, 0xf3, 0xbe, 0x0, 0x0, 0x0, 0x0, 0x0,
    0x0, 0x0, 0x0, 0x0, 0x0, 0x8, 0xf4, 0xcf,
    0x10, 0x0, 0x0, 0x0, 0x0, 0x0, 0x0, 0x0,
    0x0, 0x0, 0x0, 0x20, 0x1, 0x0, 0x0, 0x0,
    0x0, 0x0, 0x0, 0x0, 0x0, 0x0, 0x0, 0x0,
    0x0, 0x0, 0x0, 0x0, 0x0, 0x0, 0x0, 0x0,
    0x0, 0x0, 0x0, 0x0, 0x0, 0x8d, 0xff, 0xf8,
    0x0, 0x0, 0x0, 0x0, 0x0, 0x0, 0x0, 0x0,
    0x0, 0xc, 0xff, 0xbd, 0xf8, 0x0, 0x0, 0x0,
    0x0, 0x3, 0xcf, 0xc2, 0x0, 0x0, 0x6f, 0xe1,
    0x8, 0xf8, 0x0, 0x0, 0x0, 0x0, 0x5f, 0xff,
    0xfd, 0x0, 0x0, 0xaf, 0x70, 0x8, 0xf8, 0x0,
    0x0, 0x0, 0x1, 0xff, 0x40, 0x9f, 0x90, 0x0,
    0xaf, 0x70, 0x8, 0xf8, 0x0, 0x8e, 0x40, 0x5,
    0xfa, 0x0, 0xc, 0xf6, 0x0, 0x5f, 0xc0, 0x8,
    0xf8, 0x0, 0xcf, 0x20, 0x3, 0xff, 0x93, 0x1,
    0xef, 0xcb, 0xbf, 0xfe, 0xbd, 0xfd, 0xb5, 0xef,
    0x10, 0x0, 0x7e, 0xff, 0xb0, 0x2b, 0xff, 0xff,
    0xff, 0xff, 0xff, 0xf7, 0xef, 0x20, 0x0, 0x0,
    0x4e, 0xf4, 0x0, 0x0, 0x0, 0x0, 0x0, 0x0,
    0x0, 0xbf, 0xc1, 0x0, 0x0, 0x4e, 0xf3, 0x0,
    0x0, 0x0, 0x0, 0x0, 0x0, 0x0, 0x3f, 0xff,
    0xff, 0xff, 0xff, 0xa0, 0x0, 0x0, 0x0, 0x0,
    0x0, 0x0, 0x0, 0x3, 0x9b, 0xbb, 0xba, 0x94,
    0x0, 0x0, 0x0, 0x0, 0x0, 0x0, 0x0, 0x0,

    /* U+FC7F "ﱿ" */
    0x0, 0x0, 0x0, 0x0, 0x0, 0x0, 0x0, 0x0,
    0x6, 0xf3, 0xbe, 0x0, 0x0, 0x0, 0x0, 0x0,
    0x0, 0x0, 0x0, 0x0, 0x0, 0x8, 0xf4, 0xcf,
    0x10, 0x0, 0x0, 0x0, 0x0, 0x0, 0x0, 0x0,
    0x0, 0x0, 0x0, 0x20, 0x1, 0x0, 0x0, 0x0,
    0x0, 0x0, 0x0, 0x0, 0x0, 0x0, 0x0, 0x0,
    0x0, 0x0, 0x0, 0x0, 0x0, 0x0, 0x0, 0x0,
    0x0, 0x0, 0x0, 0x0, 0x0, 0x8d, 0xff, 0xf8,
    0x0, 0x0, 0x0, 0x0, 0x0, 0x0, 0x0, 0x0,
    0x0, 0xc, 0xff, 0xbd, 0xf8, 0x0, 0x0, 0x0,
    0x0, 0x3, 0xcf, 0xc2, 0x0, 0x0, 0x6f, 0xe1,
    0x8, 0xf8, 0x0, 0x0, 0x0, 0x0, 0x5f, 0xff,
    0xfd, 0x0, 0x0, 0xaf, 0x70, 0x8, 0xf8, 0x0,
    0x0, 0x0, 0x1, 0xff, 0x40, 0x9f, 0x90, 0x0,
    0xaf, 0x70, 0x8, 0xf8, 0x0, 0x8e, 0x40, 0x5,
    0xfa, 0x0, 0xc, 0xf6, 0x0, 0x5f, 0xc0, 0x8,
    0xf8, 0x0, 0xcf, 0x20, 0x3, 0xff, 0x93, 0x1,
    0xef, 0xcb, 0xbf, 0xfe, 0xbd, 0xfd, 0xb5, 0xef,
    0x10, 0x0, 0x7e, 0xff, 0xb0, 0x2b, 0xff, 0xff,
    0xff, 0xff, 0xff, 0xf7, 0xef, 0x20, 0x0, 0x0,
    0x4e, 0xf4, 0x0, 0x0, 0x0, 0x0, 0x0, 0x0,
    0x0, 0xbf, 0xc1, 0x0, 0x0, 0x4e, 0xf3, 0x0,
    0x0, 0x0, 0x0, 0x0, 0x0, 0x0, 0x3f, 0xff,
    0xff, 0xff, 0xff, 0xa0, 0x0, 0x0, 0x0, 0x0,
    0x0, 0x0, 0x0, 0x3, 0x9b, 0xbb, 0xba, 0x94,
    0x0, 0x0, 0x0, 0x0, 0x0, 0x0, 0x0, 0x0,
    0x0, 0x0, 0x0, 0x0, 0x0, 0x0, 0x0, 0x0,
    0x0, 0x0, 0x0, 0x0, 0x0, 0x0, 0xd, 0xb3,
    0xf7, 0x0, 0x0, 0x0, 0x0, 0x0, 0x0, 0x0,
    0x0, 0x0, 0x0, 0xf, 0xd4, 0xf8, 0x0, 0x0,
    0x0, 0x0, 0x0, 0x0, 0x0, 0x0, 0x0, 0x0,
    0x1, 0x0, 0x20, 0x0, 0x0, 0x0, 0x0, 0x0,
    0x0, 0x0, 0x0, 0x0,

    /* U+FC80 "ﲀ" */
    0x0, 0x0, 0x0, 0x0, 0x0, 0x0, 0x0, 0x0,
    0x0, 0x0, 0x0, 0x0, 0x3, 0xcb, 0x0, 0x0,
    0x6f, 0xa0, 0x0, 0x0, 0x8f, 0xfe, 0x0, 0x0,
    0x6f, 0xa0, 0x0, 0x9, 0xff, 0x70, 0x0, 0x0,
    0x6f, 0xa0, 0x0, 0x7f, 0xd2, 0x0, 0x0, 0x0,
    0x6f, 0xa0, 0x2, 0xfe, 0x10, 0x0, 0x0, 0x0,
    0x6f, 0xa0, 0x6, 0xff, 0xff, 0xc5, 0x0, 0x0,
    0x6f, 0xa0, 0x4, 0xbb, 0xbd, 0xff, 0x70, 0x0,
    0x6f, 0xa0, 0x0, 0x0, 0x0, 0x7f, 0xe0, 0x0,
    0x6f, 0xa0, 0x0, 0x0, 0x0, 0x1f, 0xf0, 0x0,
    0x6f, 0xa0, 0x0, 0x0, 0x0, 0xf, 0xf0, 0x0,
    0x6f, 0xa0, 0x0, 0x0, 0x0, 0xf, 0xf0, 0x0,
    0x6f, 0xeb, 0xbb, 0xbb, 0xbb, 0xbf, 0xfb, 0xb1,
    0x6f, 0xff, 0xff, 0xff, 0xff, 0xff, 0xff, 0xf2,

    /* U+FC81 "ﲁ" */
    0x0, 0x0, 0x0, 0x0, 0x0, 0x0, 0x0, 0x0,
    0x0, 0x0, 0x0, 0x0, 0x0, 0x0, 0x0, 0x0,
    0x0, 0x0, 0x0, 0x7e, 0x50, 0x0, 0x0, 0x0,
    0x0, 0xb, 0xf5, 0x0, 0x0, 0x1c, 0xff, 0x90,
    0x0, 0x0, 0x0, 0x0, 0xb, 0xf5, 0x0, 0x1,
    0xef, 0xc3, 0x0, 0x0, 0x0, 0x0, 0x0, 0xb,
    0xf5, 0x0, 0xd, 0xf9, 0x0, 0x0, 0x0, 0x0,
    0x0, 0x0, 0xb, 0xf5, 0x0, 0x8f, 0xa0, 0x0,
    0x0, 0x0, 0x0, 0x0, 0x0, 0xb, 0xf5, 0x0,
    0xcf, 0xff, 0xea, 0x20, 0x0, 0x0, 0x0, 0x0,
    0xb, 0xf5, 0x0, 0x8b, 0xbb, 0xff, 0xf2, 0x0,
    0x0, 0x0, 0x0, 0xb, 0xf5, 0x0, 0x0, 0x0,
    0xc, 0xf8, 0x0, 0x0, 0x0, 0x0, 0xb, 0xf5,
    0x0, 0x0, 0x0, 0x7, 0xf9, 0x0, 0x6f, 0x70,
    0x0, 0xb, 0xf5, 0x0, 0x0, 0x0, 0x6, 0xfa,
    0x0, 0xbf, 0x40, 0x0, 0xb, 0xf5, 0x0, 0x0,
    0x0, 0x6, 0xfa, 0x0, 0xef, 0x20, 0x0, 0xb,
    0xfc, 0xbb, 0xbb, 0xbb, 0xbd, 0xfe, 0xb8, 0xff,
    0x20, 0x0, 0xb, 0xff, 0xff, 0xff, 0xff, 0xff,
    0xff, 0xfc, 0xdf, 0x40, 0x0, 0xd, 0xf4, 0x0,
    0x0, 0x0, 0x0, 0x0, 0x0, 0x8f, 0xd2, 0x1,
    0x8f, 0xf0, 0x0, 0x0, 0x0, 0x0, 0x0, 0x0,
    0xd, 0xff, 0xff, 0xff, 0x60, 0x0, 0x0, 0x0,
    0x0, 0x0, 0x0, 0x0, 0x7a, 0xba, 0x82, 0x0,
    0x0, 0x0, 0x0, 0x0, 0x0, 0x0,

    /* U+FC82 "ﲂ" */
    0x0, 0x0, 0x0, 0x0, 0x0, 0x0, 0x0, 0x0,
    0x0, 0x0, 0x0, 0x0, 0x0, 0x0, 0x0, 0x0,
    0x0, 0x0, 0x3, 0xc9, 0x0, 0x0, 0x0, 0x0,
    0x0, 0x0, 0x0, 0x0, 0x0, 0x8f, 0xfe, 0x0,
    0x0, 0x0, 0x0, 0x0, 0x0, 0x0, 0x0, 0xa,
    0xff, 0x60, 0x0, 0x0, 0x0, 0x0, 0x0, 0x0,
    0x0, 0x0, 0x8f, 0xd2, 0x0, 0x0, 0x0, 0x0,
    0x0, 0x0, 0x0, 0x0, 0x3, 0xfe, 0x10, 0x0,
    0x0, 0x0, 0x0, 0x4, 0x9a, 0x82, 0x0, 0x8,
    0xff, 0xfe, 0xc5, 0x0, 0x0, 0x0, 0xbf, 0xff,
    0xff, 0x40, 0x5, 0xbb, 0xbd, 0xff, 0x60, 0x0,
    0x2, 0xfd, 0x30, 0x7f, 0xe0, 0x0, 0x0, 0x0,
    0x8f, 0xd0, 0x0, 0x5, 0xfa, 0x0, 0xf, 0xf1,
    0x0, 0x0, 0x0, 0x2f, 0xe0, 0x0, 0x5, 0xf9,
    0x0, 0xf, 0xf1, 0x0, 0x0, 0x0, 0x1f, 0xf0,
    0x0, 0x2, 0xfc, 0x0, 0x7f, 0xf0, 0x0, 0x0,
    0x0, 0x1f, 0xf0, 0x0, 0x19, 0xff, 0xbd, 0xff,
    0xfe, 0xbb, 0xbb, 0xbb, 0xbf, 0xfb, 0xb1, 0xbf,
    0xff, 0xff, 0xc4, 0x6d, 0xff, 0xff, 0xff, 0xff,
    0xff, 0xf1, 0xff, 0x40, 0x0, 0x0, 0x0, 0x0,
    0x0, 0x0, 0x0, 0x0, 0x0, 0xff, 0x10, 0x0,
    0x0, 0x0, 0x0, 0x0, 0x0, 0x0, 0x0, 0x0,
    0xff, 0x10, 0x0, 0x0, 0x0, 0x0, 0x0, 0x0,
    0x0, 0x0, 0x0, 0xff, 0x10, 0x0, 0x0, 0x0,
    0x0, 0x0, 0x0, 0x0, 0x0, 0x0, 0xff, 0x10,
    0x0, 0x0, 0x0, 0x0, 0x0, 0x0, 0x0, 0x0,
    0x0, 0x12, 0x0, 0x0, 0x0, 0x0, 0x0, 0x0,
    0x0, 0x0, 0x0, 0x0,

    /* U+FC83 "ﲃ" */
    0x0, 0x0, 0x0, 0x0, 0x0, 0x0, 0x0, 0x0,
    0x0, 0x0, 0x0, 0x0, 0x0, 0x0, 0x0, 0x0,
    0x0, 0x0, 0x0, 0x0, 0x0, 0x0, 0x1, 0x9e,
    0x0, 0x0, 0x0, 0x0, 0x0, 0x0, 0x0, 0x0,
    0x0, 0x0, 0x0, 0x4e, 0xff, 0x30, 0x0, 0x0,
    0x0, 0x0, 0x0, 0x0, 0x0, 0x0, 0x0, 0x5,
    0xff, 0x91, 0x0, 0x0, 0x0, 0x0, 0x0, 0x0,
    0x0, 0x0, 0x0, 0x0, 0x3f, 0xf4, 0x0, 0x0,
    0x0, 0x0, 0x0, 0x0, 0x0, 0x0, 0x0, 0x0,
    0x0, 0xdf, 0x40, 0x0, 0x0, 0x0, 0x0, 0x0,
    0x0, 0x0, 0x0, 0x0, 0x0, 0x3, 0xff, 0xff,
    0xd7, 0x0, 0x0, 0x0, 0x0, 0x0, 0x0, 0x0,
    0x0, 0x0, 0x2, 0xbb, 0xbc, 0xff, 0xb0, 0x0,
    0x0, 0x0, 0x0, 0x3, 0xcf, 0xc2, 0x0, 0x0,
    0x0, 0x0, 0x4f, 0xf2, 0x0, 0x0, 0x0, 0x0,
    0x5f, 0xff, 0xfd, 0x0, 0x0, 0x0, 0x0, 0xd,
    0xf3, 0x0, 0x0, 0x0, 0x1, 0xff, 0x40, 0x9f,
    0x90, 0x0, 0x0, 0x0, 0xd, 0xf3, 0x0, 0x8e,
    0x40, 0x5, 0xfa, 0x0, 0xc, 0xf6, 0x0, 0x0,
    0x0, 0xd, 0xf3, 0x0, 0xcf, 0x20, 0x3, 0xff,
    0x93, 0x1, 0xef, 0xcb, 0xbb, 0xbb, 0xbf, 0xfc,
    0xb4, 0xef, 0x10, 0x0, 0x7e, 0xff, 0xb0, 0x2b,
    0xff, 0xff, 0xff, 0xff, 0xff, 0xf6, 0xef, 0x20,
    0x0, 0x0, 0x4e, 0xf4, 0x0, 0x0, 0x0, 0x0,
    0x0, 0x0, 0x0, 0xbf, 0xc1, 0x0, 0x0, 0x4e,
    0xf3, 0x0, 0x0, 0x0, 0x0, 0x0, 0x0, 0x0,
    0x3f, 0xff, 0xff, 0xff, 0xff, 0xa0, 0x0, 0x0,
    0x0, 0x0, 0x0, 0x0, 0x0, 0x3, 0x9b, 0xbb,
    0xba, 0x94, 0x0, 0x0, 0x0, 0x0, 0x0, 0x0,
    0x0, 0x0,

    /* U+FC84 "ﲄ" */
    0x0, 0x0, 0x0, 0x0, 0x0, 0x0, 0x0, 0x0,
    0x0, 0x0, 0x0, 0x0, 0x0, 0x0, 0x0, 0x0,
    0x0, 0x0, 0x0, 0x0, 0x0, 0x0, 0x1, 0x9e,
    0x0, 0x0, 0x0, 0x0, 0x0, 0x0, 0x0, 0x0,
    0x0, 0x0, 0x0, 0x4e, 0xff, 0x30, 0x0, 0x0,
    0x0, 0x0, 0x0, 0x0, 0x0, 0x0, 0x0, 0x5,
    0xff, 0x91, 0x0, 0x0, 0x0, 0x0, 0x0, 0x0,
    0x0, 0x0, 0x0, 0x0, 0x3f, 0xf4, 0x0, 0x0,
    0x0, 0x0, 0x0, 0x0, 0x0, 0x0, 0x0, 0x0,
    0x0, 0xdf, 0x40, 0x0, 0x0, 0x0, 0x0, 0x0,
    0x0, 0x0, 0x0, 0x0, 0x0, 0x3, 0xff, 0xff,
    0xd7, 0x0, 0x0, 0x0, 0x0, 0x0, 0x0, 0x0,
    0x0, 0x0, 0x2, 0xbb, 0xbc, 0xff, 0xb0, 0x0,
    0x0, 0x0, 0x0, 0x3, 0xcf, 0xc2, 0x0, 0x0,
    0x0, 0x0, 0x4f, 0xf2, 0x0, 0x0, 0x0, 0x0,
    0x5f, 0xff, 0xfd, 0x0, 0x0, 0x0, 0x0, 0xd,
    0xf3, 0x0, 0x0, 0x0, 0x1, 0xff, 0x40, 0x9f,
    0x90, 0x0, 0x0, 0x0, 0xd, 0xf3, 0x0, 0x8e,
    0x40, 0x5, 0xfa, 0x0, 0xc, 0xf6, 0x0, 0x0,
    0x0, 0xd, 0xf3, 0x0, 0xcf, 0x20, 0x3, 0xff,
    0x93, 0x1, 0xef, 0xcb, 0xbb, 0xbb, 0xbf, 0xfc,
    0xb4, 0xef, 0x10, 0x0, 0x7e, 0xff, 0xb0, 0x2b,
    0xff, 0xff, 0xff, 0xff, 0xff, 0xf6, 0xef, 0x20,
    0x0, 0x0, 0x4e, 0xf4, 0x0, 0x0, 0x0, 0x0,
    0x0, 0x0, 0x0, 0xbf, 0xc1, 0x0, 0x0, 0x4e,
    0xf3, 0x0, 0x0, 0x0, 0x0, 0x0, 0x0, 0x0,
    0x3f, 0xff, 0xff, 0xff, 0xff, 0xa0, 0x0, 0x0,
    0x0, 0x0, 0x0, 0x0, 0x0, 0x3, 0x9b, 0xbb,
    0xba, 0x94, 0x0, 0x0, 0x0, 0x0, 0x0, 0x0,
    0x0, 0x0, 0x0, 0x0, 0x0, 0x0, 0x0, 0x0,
    0x0, 0x0, 0x0, 0x0, 0x0, 0x0, 0x0, 0x0,
    0xd, 0xb3, 0xf7, 0x0, 0x0, 0x0, 0x0, 0x0,
    0x0, 0x0, 0x0, 0x0, 0x0, 0xf, 0xd4, 0xf8,
    0x0, 0x0, 0x0, 0x0, 0x0, 0x0, 0x0, 0x0,
    0x0, 0x0, 0x1, 0x0, 0x20, 0x0, 0x0, 0x0,
    0x0, 0x0, 0x0, 0x0, 0x0, 0x0,

    /* U+FC85 "ﲅ" */
    0x0, 0x0, 0x0, 0x0, 0x0, 0x0, 0x8f, 0x90,
    0x0, 0x0, 0x0, 0x0, 0x0, 0x0, 0x8, 0xf9,
    0x0, 0x0, 0x0, 0x0, 0x0, 0x0, 0x0, 0x8f,
    0x90, 0x0, 0x0, 0x0, 0x0, 0x0, 0x0, 0x8,
    0xf9, 0x0, 0x0, 0x4, 0x9a, 0x82, 0x0, 0x0,
    0x8f, 0x90, 0x0, 0xb, 0xff, 0xff, 0xf4, 0x0,
    0x8, 0xf9, 0x0, 0x2, 0xfd, 0x30, 0x7f, 0xe0,
    0x0, 0x8f, 0x90, 0x0, 0x5f, 0xa0, 0x0, 0xff,
    0x10, 0x8, 0xf9, 0x0, 0x5, 0xf9, 0x0, 0xf,
    0xf1, 0x0, 0x8f, 0x90, 0x0, 0x2f, 0xc0, 0x7,
    0xff, 0x0, 0x8, 0xf9, 0x0, 0x19, 0xff, 0xbd,
    0xff, 0xfe, 0xbb, 0xdf, 0xdb, 0x8b, 0xff, 0xff,
    0xfc, 0x46, 0xdf, 0xff, 0xff, 0xfb, 0xff, 0x40,
    0x0, 0x0, 0x0, 0x0, 0x0, 0x0, 0xf, 0xf1,
    0x0, 0x0, 0x0, 0x0, 0x0, 0x0, 0x0, 0xff,
    0x10, 0x0, 0x0, 0x0, 0x0, 0x0, 0x0, 0xf,
    0xf1, 0x0, 0x0, 0x0, 0x0, 0x0, 0x0, 0x0,
    0xff, 0x10, 0x0, 0x0, 0x0, 0x0, 0x0, 0x0,
    0x1, 0x20, 0x0, 0x0, 0x0, 0x0, 0x0, 0x0,
    0x0,

    /* U+FC86 "ﲆ" */
    0x0, 0x0, 0x0, 0x0, 0x0, 0x0, 0x0, 0x0,
    0x3f, 0xe0, 0x0, 0x0, 0x0, 0x0, 0x0, 0x0,
    0x0, 0x0, 0x0, 0x3f, 0xe0, 0x0, 0x0, 0x0,
    0x0, 0x0, 0x0, 0x0, 0x0, 0x0, 0x3f, 0xe0,
    0x0, 0x0, 0x0, 0x0, 0x0, 0x0, 0x0, 0x0,
    0x0, 0x3f, 0xe0, 0x0, 0x0, 0x0, 0x0, 0x0,
    0x0, 0x0, 0x0, 0x0, 0x3f, 0xe0, 0x0, 0x0,
    0x0, 0x0, 0x0, 0x0, 0x0, 0x0, 0x0, 0x3f,
    0xe0, 0x0, 0x0, 0x0, 0x0, 0x3, 0xcf, 0xc2,
    0x0, 0x0, 0x3f, 0xe0, 0x0, 0x0, 0x0, 0x0,
    0x5f, 0xff, 0xfd, 0x0, 0x0, 0x3f, 0xe0, 0x0,
    0x0, 0x0, 0x1, 0xff, 0x40, 0x9f, 0x90, 0x0,
    0x3f, 0xe0, 0x0, 0x8e, 0x40, 0x5, 0xfa, 0x0,
    0xc, 0xf6, 0x0, 0x3f, 0xe0, 0x0, 0xcf, 0x20,
    0x3, 0xff, 0x93, 0x1, 0xef, 0xcb, 0xcf, 0xfb,
    0xb0, 0xef, 0x10, 0x0, 0x7e, 0xff, 0xb0, 0x2b,
    0xff, 0xff, 0xff, 0xf0, 0xef, 0x20, 0x0, 0x0,
    0x4e, 0xf4, 0x0, 0x0, 0x0, 0x0, 0x0, 0xbf,
    0xc1, 0x0, 0x0, 0x4e, 0xf3, 0x0, 0x0, 0x0,
    0x0, 0x0, 0x3f, 0xff, 0xff, 0xff, 0xff, 0xa0,
    0x0, 0x0, 0x0, 0x0, 0x0, 0x3, 0x9b, 0xbb,
    0xba, 0x94, 0x0, 0x0, 0x0, 0x0, 0x0, 0x0,

    /* U+FC87 "ﲇ" */
    0x0, 0x0, 0x0, 0x0, 0x0, 0x0, 0x0, 0x0,
    0x3f, 0xe0, 0x0, 0x0, 0x0, 0x0, 0x0, 0x0,
    0x0, 0x0, 0x0, 0x3f, 0xe0, 0x0, 0x0, 0x0,
    0x0, 0x0, 0x0, 0x0, 0x0, 0x0, 0x3f, 0xe0,
    0x0, 0x0, 0x0, 0x0, 0x0, 0x0, 0x0, 0x0,
    0x0, 0x3f, 0xe0, 0x0, 0x0, 0x0, 0x0, 0x0,
    0x0, 0x0, 0x0, 0x0, 0x3f, 0xe0, 0x0, 0x0,
    0x0, 0x0, 0x0, 0x0, 0x0, 0x0, 0x0, 0x3f,
    0xe0, 0x0, 0x0, 0x0, 0x0, 0x3, 0xcf, 0xc2,
    0x0, 0x0, 0x3f, 0xe0, 0x0, 0x0, 0x0, 0x0,
    0x5f, 0xff, 0xfd, 0x0, 0x0, 0x3f, 0xe0, 0x0,
    0x0, 0x0, 0x1, 0xff, 0x40, 0x9f, 0x90, 0x0,
    0x3f, 0xe0, 0x0, 0x8e, 0x40, 0x5, 0xfa, 0x0,
    0xc, 0xf6, 0x0, 0x3f, 0xe0, 0x0, 0xcf, 0x20,
    0x3, 0xff, 0x93, 0x1, 0xef, 0xcb, 0xcf, 0xfb,
    0xb0, 0xef, 0x10, 0x0, 0x7e, 0xff, 0xb0, 0x2b,
    0xff, 0xff, 0xff, 0xf0, 0xef, 0x20, 0x0, 0x0,
    0x4e, 0xf4, 0x0, 0x0, 0x0, 0x0, 0x0, 0xbf,
    0xc1, 0x0, 0x0, 0x4e, 0xf3, 0x0, 0x0, 0x0,
    0x0, 0x0, 0x3f, 0xff, 0xff, 0xff, 0xff, 0xa0,
    0x0, 0x0, 0x0, 0x0, 0x0, 0x3, 0x9b, 0xbb,
    0xba, 0x94, 0x0, 0x0, 0x0, 0x0, 0x0, 0x0,
    0x0, 0x0, 0x0, 0x0, 0x0, 0x0, 0x0, 0x0,
    0x0, 0x0, 0x0, 0x0, 0xd, 0xb3, 0xf7, 0x0,
    0x0, 0x0, 0x0, 0x0, 0x0, 0x0, 0x0, 0xf,
    0xd4, 0xf8, 0x0, 0x0, 0x0, 0x0, 0x0, 0x0,
    0x0, 0x0, 0x1, 0x0, 0x20, 0x0, 0x0, 0x0,
    0x0, 0x0, 0x0, 0x0,

    /* U+FC88 "ﲈ" */
    0x6f, 0xa0, 0x0, 0x0, 0x0, 0x0, 0x0, 0x6,
    0xfa, 0x0, 0x0, 0x0, 0x0, 0x0, 0x0, 0x6f,
    0xa0, 0x0, 0x0, 0x0, 0x0, 0x0, 0x6, 0xfa,
    0x0, 0x0, 0x0, 0x0, 0x0, 0x0, 0x6f, 0xa0,
    0x0, 0x2, 0x8a, 0x94, 0x0, 0x6, 0xfa, 0x0,
    0x6, 0xff, 0xff, 0xf8, 0x0, 0x6f, 0xa0, 0x0,
    0xdf, 0x50, 0x4f, 0xf2, 0x6, 0xfa, 0x0, 0xf,
    0xe0, 0x0, 0xbf, 0x60, 0x6f, 0xa0, 0x0, 0xfe,
    0x0, 0xb, 0xf6, 0x6, 0xfa, 0x0, 0xd, 0xf1,
    0x3, 0xff, 0x40, 0x6f, 0xeb, 0xbb, 0xef, 0xcc,
    0xff, 0xff, 0xb6, 0xff, 0xff, 0xff, 0xff, 0xfd,
    0x63, 0xcf,

    /* U+FC89 "ﲉ" */
    0x0, 0x4, 0x9a, 0x82, 0x0, 0x0, 0x3, 0x8a,
    0x94, 0x0, 0x0, 0xb, 0xff, 0xff, 0xf4, 0x0,
    0x7, 0xff, 0xff, 0xf7, 0x0, 0x2, 0xfd, 0x30,
    0x7f, 0xe0, 0x0, 0xef, 0x40, 0x4f, 0xf1, 0x0,
    0x5f, 0xa0, 0x0, 0xff, 0x10, 0x1f, 0xd0, 0x0,
    0xcf, 0x50, 0x5, 0xf9, 0x0, 0xf, 0xf1, 0x1,
    0xfd, 0x0, 0xc, 0xf5, 0x0, 0x2f, 0xc0, 0x7,
    0xff, 0x0, 0xe, 0xf0, 0x4, 0xff, 0x30, 0x19,
    0xff, 0xbd, 0xff, 0xfe, 0xbb, 0xef, 0xcc, 0xff,
    0xfe, 0xab, 0xff, 0xff, 0xfc, 0x46, 0xdf, 0xff,
    0xff, 0xfd, 0x64, 0xde, 0xff, 0x40, 0x0, 0x0,
    0x0, 0x0, 0x0, 0x0, 0x0, 0x0, 0xf, 0xf1,
    0x0, 0x0, 0x0, 0x0, 0x0, 0x0, 0x0, 0x0,
    0x0, 0xff, 0x10, 0x0, 0x0, 0x0, 0x0, 0x0,
    0x0, 0x0, 0x0, 0xf, 0xf1, 0x0, 0x0, 0x0,
    0x0, 0x0, 0x0, 0x0, 0x0, 0x0, 0xff, 0x10,
    0x0, 0x0, 0x0, 0x0, 0x0, 0x0, 0x0, 0x0,
    0x1, 0x20, 0x0, 0x0, 0x0, 0x0, 0x0, 0x0,
    0x0, 0x0, 0x0,

    /* U+FC8A "ﲊ" */
    0x0, 0x0, 0x0, 0x0, 0x6, 0xf3, 0x0, 0x0,
    0x0, 0x0, 0x0, 0x0, 0x8f, 0x40, 0x0, 0x0,
    0x0, 0x0, 0x0, 0x0, 0x20, 0x0, 0x0, 0x0,
    0x0, 0x0, 0x0, 0x0, 0x0, 0x0, 0x0, 0x0,
    0xbc, 0x0, 0x0, 0xcc, 0x0, 0x0, 0x0, 0xf,
    0xf0, 0x0, 0xf, 0xf0, 0x0, 0x0, 0x0, 0xff,
    0x0, 0x0, 0xff, 0x0, 0x0, 0x0, 0xf, 0xf0,
    0x0, 0xf, 0xf0, 0x0, 0x0, 0x0, 0xff, 0x0,
    0x0, 0xff, 0x0, 0x0, 0x0, 0xf, 0xf0, 0x0,
    0xf, 0xf0, 0x0, 0x0, 0x0, 0xff, 0xbb, 0xbb,
    0xff, 0xbb, 0x20, 0x0, 0xf, 0xff, 0xff, 0xff,
    0xff, 0xf3, 0x0, 0x0, 0xff, 0x0, 0x0, 0x0,
    0x0, 0x0, 0x30, 0x7f, 0xd0, 0x0, 0x0, 0x0,
    0x0, 0x5f, 0xff, 0xf6, 0x0, 0x0, 0x0, 0x0,
    0x1, 0x8b, 0xa5, 0x0, 0x0, 0x0, 0x0, 0x0,

    /* U+FC8B "ﲋ" */
    0x0, 0x0, 0xeb, 0x0, 0x6, 0xf3, 0x0, 0x0,
    0x0, 0xf, 0xc0, 0x0, 0x8f, 0x40, 0x0, 0x0,
    0x0, 0x10, 0x0, 0x0, 0x20, 0x0, 0x0, 0x0,
    0x2, 0x20, 0x0, 0x2, 0x20, 0x0, 0x0, 0x0,
    0xff, 0x0, 0x0, 0xff, 0x0, 0x0, 0x0, 0xf,
    0xf0, 0x0, 0xf, 0xf0, 0x0, 0x0, 0x0, 0xff,
    0x0, 0x0, 0xff, 0x0, 0x0, 0x0, 0xf, 0xf0,
    0x0, 0xf, 0xf0, 0x0, 0x0, 0x0, 0xff, 0x0,
    0x0, 0xff, 0x0, 0x0, 0x0, 0xf, 0xf0, 0x0,
    0xf, 0xf0, 0x0, 0x0, 0x0, 0xff, 0xbb, 0xbb,
    0xff, 0xbb, 0x20, 0x0, 0xf, 0xff, 0xff, 0xff,
    0xff, 0xf3, 0x0, 0x0, 0xff, 0x0, 0x0, 0x0,
    0x0, 0x0, 0x30, 0x7f, 0xd0, 0x0, 0x0, 0x0,
    0x0, 0x5f, 0xff, 0xf6, 0x0, 0x0, 0x0, 0x0,
    0x1, 0x8b, 0xa5, 0x0, 0x0, 0x0, 0x0, 0x0,

    /* U+FC8C "ﲌ" */
    0x0, 0x0, 0x0, 0x0, 0x0, 0x0, 0xdb, 0x0,
    0x0, 0x0, 0x0, 0x0, 0x0, 0x0, 0xf, 0xc0,
    0x0, 0x0, 0x0, 0x0, 0x0, 0x0, 0x0, 0x10,
    0x0, 0x0, 0x0, 0x0, 0x0, 0x0, 0x0, 0x0,
    0x0, 0x0, 0x0, 0x19, 0xef, 0xd6, 0x0, 0x0,
    0x8f, 0x90, 0x0, 0xd, 0xfe, 0xcf, 0xf7, 0x0,
    0x8, 0xf9, 0x0, 0x2, 0xfc, 0x0, 0x4f, 0xe0,
    0x0, 0x8f, 0x90, 0x0, 0x5f, 0x90, 0x0, 0xff,
    0x20, 0x8, 0xf9, 0x0, 0x5, 0xfa, 0x0, 0xf,
    0xf1, 0x0, 0x8f, 0x90, 0x0, 0x2f, 0xc0, 0x8,
    0xff, 0x0, 0x8, 0xf9, 0x0, 0x19, 0xff, 0xbd,
    0xff, 0xfe, 0xbb, 0xdf, 0xdb, 0x8b, 0xff, 0xff,
    0xfc, 0x46, 0xdf, 0xff, 0xff, 0xfb, 0xff, 0x40,
    0x0, 0x0, 0x0, 0x0, 0x0, 0x0, 0xf, 0xf1,
    0x0, 0x0, 0x0, 0x0, 0x0, 0x0, 0x0, 0xff,
    0x10, 0x0, 0x0, 0x0, 0x0, 0x0, 0x0, 0xf,
    0xf1, 0x0, 0x0, 0x0, 0x0, 0x0, 0x0, 0x0,
    0xff, 0x10, 0x0, 0x0, 0x0, 0x0, 0x0, 0x0,
    0x1, 0x20, 0x0, 0x0, 0x0, 0x0, 0x0, 0x0,
    0x0,

    /* U+FC8D "ﲍ" */
    0x0, 0x0, 0x0, 0x0, 0x0, 0x0, 0x3f, 0x60,
    0x0, 0x0, 0x0, 0x0, 0x0, 0x0, 0x0, 0x5f,
    0x70, 0x0, 0x0, 0x6, 0xf4, 0x0, 0x0, 0x0,
    0x2, 0x0, 0x0, 0x0, 0x7, 0xf5, 0x0, 0x0,
    0x0, 0x0, 0x0, 0x0, 0x0, 0x0, 0x20, 0x9,
    0xe4, 0x0, 0xb, 0xe3, 0x0, 0x0, 0x0, 0x0,
    0xb, 0xf5, 0x0, 0xd, 0xf3, 0x0, 0x0, 0x0,
    0x0, 0xb, 0xf5, 0x0, 0xd, 0xf3, 0x0, 0x0,
    0x0, 0x0, 0xb, 0xf5, 0x0, 0xd, 0xf3, 0x0,
    0x6f, 0x70, 0x0, 0xb, 0xf5, 0x0, 0xd, 0xf3,
    0x0, 0xbf, 0x40, 0x0, 0xb, 0xf5, 0x0, 0xd,
    0xf3, 0x0, 0xef, 0x20, 0x0, 0xb, 0xfc, 0xbb,
    0xbf, 0xfc, 0xb4, 0xff, 0x20, 0x0, 0xb, 0xff,
    0xff, 0xff, 0xff, 0xf6, 0xdf, 0x40, 0x0, 0xd,
    0xf4, 0x0, 0x0, 0x0, 0x0, 0x8f, 0xc2, 0x1,
    0x8f, 0xf0, 0x0, 0x0, 0x0, 0x0, 0x1d, 0xff,
    0xff, 0xff, 0x60, 0x0, 0x0, 0x0, 0x0, 0x0,
    0x6a, 0xba, 0x82, 0x0, 0x0, 0x0, 0x0, 0x0,

    /* U+FC8E "ﲎ" */
    0x0, 0x0, 0x0, 0x0, 0x0, 0x0, 0x0, 0x0,
    0x9e, 0x10, 0x0, 0x0, 0x0, 0x0, 0x0, 0x0,
    0x0, 0x0, 0x0, 0xaf, 0x20, 0x0, 0x0, 0x0,
    0x0, 0x0, 0x0, 0x0, 0x0, 0x0, 0x1, 0x0,
    0x0, 0x0, 0x0, 0x0, 0x0, 0x0, 0x0, 0x0,
    0x0, 0x0, 0x0, 0x0, 0x0, 0x0, 0x0, 0x0,
    0x0, 0x0, 0x0, 0x0, 0x2c, 0xb0, 0x0, 0x0,
    0x0, 0x0, 0x0, 0x0, 0x0, 0x0, 0x0, 0x3f,
    0xe0, 0x0, 0x0, 0x0, 0x0, 0x3, 0xcf, 0xc2,
    0x0, 0x0, 0x3f, 0xe0, 0x0, 0x0, 0x0, 0x0,
    0x5f, 0xff, 0xfd, 0x0, 0x0, 0x3f, 0xe0, 0x0,
    0x0, 0x0, 0x1, 0xff, 0x40, 0x9f, 0x90, 0x0,
    0x3f, 0xe0, 0x0, 0x8e, 0x40, 0x5, 0xfa, 0x0,
    0xc, 0xf6, 0x0, 0x3f, 0xe0, 0x0, 0xcf, 0x20,
    0x3, 0xff, 0x93, 0x1, 0xef, 0xcb, 0xcf, 0xfb,
    0xb0, 0xef, 0x10, 0x0, 0x7e, 0xff, 0xb0, 0x2b,
    0xff, 0xff, 0xff, 0xf0, 0xef, 0x20, 0x0, 0x0,
    0x4e, 0xf4, 0x0, 0x0, 0x0, 0x0, 0x0, 0xbf,
    0xc1, 0x0, 0x0, 0x4e, 0xf3, 0x0, 0x0, 0x0,
    0x0, 0x0, 0x3f, 0xff, 0xff, 0xff, 0xff, 0xa0,
    0x0, 0x0, 0x0, 0x0, 0x0, 0x3, 0x9b, 0xbb,
    0xba, 0x94, 0x0, 0x0, 0x0, 0x0, 0x0, 0x0,

    /* U+FC8F "ﲏ" */
    0x0, 0x0, 0x0, 0x0, 0x0, 0x0, 0x0, 0x0,
    0x9e, 0x10, 0x0, 0x0, 0x0, 0x0, 0x0, 0x0,
    0x0, 0x0, 0x0, 0xaf, 0x20, 0x0, 0x0, 0x0,
    0x0, 0x0, 0x0, 0x0, 0x0, 0x0, 0x1, 0x0,
    0x0, 0x0, 0x0, 0x0, 0x0, 0x0, 0x0, 0x0,
    0x0, 0x0, 0x0, 0x0, 0x0, 0x0, 0x0, 0x0,
    0x0, 0x0, 0x0, 0x0, 0x2c, 0xb0, 0x0, 0x0,
    0x0, 0x0, 0x0, 0x0, 0x0, 0x0, 0x0, 0x3f,
    0xe0, 0x0, 0x0, 0x0, 0x0, 0x3, 0xcf, 0xc2,
    0x0, 0x0, 0x3f, 0xe0, 0x0, 0x0, 0x0, 0x0,
    0x5f, 0xff, 0xfd, 0x0, 0x0, 0x3f, 0xe0, 0x0,
    0x0, 0x0, 0x1, 0xff, 0x40, 0x9f, 0x90, 0x0,
    0x3f, 0xe0, 0x0, 0x8e, 0x40, 0x5, 0xfa, 0x0,
    0xc, 0xf6, 0x0, 0x3f, 0xe0, 0x0, 0xcf, 0x20,
    0x3, 0xff, 0x93, 0x1, 0xef, 0xcb, 0xcf, 0xfb,
    0xb0, 0xef, 0x10, 0x0, 0x7e, 0xff, 0xb0, 0x2b,
    0xff, 0xff, 0xff, 0xf0, 0xef, 0x20, 0x0, 0x0,
    0x4e, 0xf4, 0x0, 0x0, 0x0, 0x0, 0x0, 0xbf,
    0xc1, 0x0, 0x0, 0x4e, 0xf3, 0x0, 0x0, 0x0,
    0x0, 0x0, 0x3f, 0xff, 0xff, 0xff, 0xff, 0xa0,
    0x0, 0x0, 0x0, 0x0, 0x0, 0x3, 0x9b, 0xbb,
    0xba, 0x94, 0x0, 0x0, 0x0, 0x0, 0x0, 0x0,
    0x0, 0x0, 0x0, 0x0, 0x0, 0x0, 0x0, 0x0,
    0x0, 0x0, 0x0, 0x0, 0xd, 0xb3, 0xf7, 0x0,
    0x0, 0x0, 0x0, 0x0, 0x0, 0x0, 0x0, 0xf,
    0xd4, 0xf8, 0x0, 0x0, 0x0, 0x0, 0x0, 0x0,
    0x0, 0x0, 0x1, 0x0, 0x20, 0x0, 0x0, 0x0,
    0x0, 0x0, 0x0, 0x0,

    /* U+FC90 "ﲐ" */
    0x0, 0x10, 0x0, 0x0, 0x0, 0x0, 0x0, 0x0,
    0x0, 0xd2, 0x0, 0x0, 0x0, 0x0, 0x0, 0x0,
    0x0, 0xd2, 0x0, 0x0, 0x0, 0x0, 0x0, 0x0,
    0x0, 0xd2, 0x0, 0x3, 0xcf, 0xc2, 0x0, 0x0,
    0x0, 0x0, 0x0, 0x5f, 0xff, 0xfd, 0x0, 0x0,
    0x0, 0x0, 0x1, 0xff, 0x40, 0x9f, 0x90, 0x0,
    0x8e, 0x40, 0x5, 0xfa, 0x0, 0xc, 0xf6, 0x0,
    0xcf, 0x20, 0x3, 0xff, 0x93, 0x1, 0xef, 0xc0,
    0xef, 0x10, 0x0, 0x7e, 0xff, 0xb0, 0x2b, 0xf0,
    0xef, 0x20, 0x0, 0x0, 0x4e, 0xf4, 0x0, 0x0,
    0xbf, 0xc1, 0x0, 0x0, 0x4e, 0xf3, 0x0, 0x0,
    0x3f, 0xff, 0xff, 0xff, 0xff, 0xa0, 0x0, 0x0,
    0x3, 0x9b, 0xbb, 0xba, 0x94, 0x0, 0x0, 0x0,

    /* U+FC91 "ﲑ" */
    0x0, 0x0, 0xff, 0x0, 0x0, 0x9f, 0x80, 0x0,
    0x0, 0xf, 0xf0, 0x0, 0x9, 0xf8, 0x0, 0x0,
    0x0, 0xff, 0x0, 0x0, 0x9f, 0x80, 0x0, 0x0,
    0xf, 0xf0, 0x0, 0x9, 0xf8, 0x0, 0x0, 0x0,
    0xff, 0x0, 0x0, 0x9f, 0x80, 0x0, 0x0, 0xf,
    0xf0, 0x0, 0x9, 0xf8, 0x0, 0x0, 0x0, 0xff,
    0xbb, 0xbb, 0xdf, 0xdb, 0xb0, 0x0, 0xf, 0xff,
    0xff, 0xff, 0xff, 0xff, 0x0, 0x0, 0xff, 0x0,
    0x0, 0x0, 0x0, 0x0, 0x40, 0x7f, 0xd0, 0x1,
    0xe9, 0x4f, 0x50, 0x6f, 0xff, 0xf6, 0x0, 0x2f,
    0xb6, 0xf6, 0x0, 0x7b, 0xa5, 0x0, 0x0, 0x10,
    0x2, 0x0,

    /* U+FC92 "ﲒ" */
    0x0, 0x0, 0xeb, 0x0, 0x0, 0x0, 0x0, 0x0,
    0x0, 0xf, 0xc0, 0x0, 0x0, 0x0, 0x0, 0x0,
    0x0, 0x10, 0x0, 0x0, 0x0, 0x0, 0x0, 0x0,
    0x2, 0x20, 0x0, 0x1, 0x21, 0x0, 0x0, 0x0,
    0xff, 0x0, 0x0, 0x9f, 0x80, 0x0, 0x0, 0xf,
    0xf0, 0x0, 0x9, 0xf8, 0x0, 0x0, 0x0, 0xff,
    0x0, 0x0, 0x9f, 0x80, 0x0, 0x0, 0xf, 0xf0,
    0x0, 0x9, 0xf8, 0x0, 0x0, 0x0, 0xff, 0x0,
    0x0, 0x9f, 0x80, 0x0, 0x0, 0xf, 0xf0, 0x0,
    0x9, 0xf8, 0x0, 0x0, 0x0, 0xff, 0xbb, 0xbb,
    0xdf, 0xdb, 0xb0, 0x0, 0xf, 0xff, 0xff, 0xff,
    0xff, 0xff, 0x0, 0x0, 0xff, 0x0, 0x0, 0x0,
    0x0, 0x0, 0x40, 0x7f, 0xd0, 0x1, 0xe9, 0x4f,
    0x50, 0x6f, 0xff, 0xf6, 0x0, 0x2f, 0xb6, 0xf6,
    0x0, 0x7b, 0xa5, 0x0, 0x0, 0x10, 0x2, 0x0,

    /* U+FC93 "ﲓ" */
    0x0, 0x19, 0xef, 0xd6, 0x0, 0x0, 0xf, 0xf0,
    0x0, 0x0, 0xdf, 0xec, 0xff, 0x70, 0x0, 0xf,
    0xf0, 0x0, 0x2, 0xfc, 0x0, 0x4f, 0xe0, 0x0,
    0xf, 0xf0, 0x0, 0x5, 0xf9, 0x0, 0xf, 0xf2,
    0x0, 0xf, 0xf0, 0x0, 0x5, 0xfa, 0x0, 0xf,
    0xf1, 0x0, 0xf, 0xf0, 0x0, 0x2, 0xfc, 0x0,
    0x8f, 0xf0, 0x0, 0xf, 0xf0, 0x0, 0x19, 0xff,
    0xbd, 0xff, 0xfe, 0xbb, 0xbf, 0xfb, 0xb5, 0xbf,
    0xff, 0xff, 0xc4, 0x6d, 0xff, 0xff, 0xff, 0xf8,
    0xff, 0x40, 0x0, 0x0, 0x0, 0x0, 0x0, 0x0,
    0x0, 0xff, 0x10, 0x0, 0x0, 0x0, 0x7, 0xf2,
    0xbd, 0x0, 0xff, 0x10, 0x0, 0x0, 0x0, 0x9,
    0xf3, 0xdf, 0x0, 0xff, 0x10, 0x0, 0x0, 0x0,
    0x0, 0x20, 0x1, 0x0, 0xff, 0x10, 0x0, 0x0,
    0x0, 0x0, 0x0, 0x0, 0x0, 0x12, 0x0, 0x0,
    0x0, 0x0, 0x0, 0x0, 0x0, 0x0,

    /* U+FC94 "ﲔ" */
    0x0, 0x6, 0xf4, 0x0, 0x0, 0x0, 0x0, 0x0,
    0x0, 0x0, 0x0, 0x7f, 0x50, 0x0, 0x0, 0x0,
    0x0, 0x0, 0x0, 0x0, 0x0, 0x20, 0x9, 0xe4,
    0x0, 0x4, 0xea, 0x0, 0x0, 0x0, 0x0, 0x0,
    0xbf, 0x50, 0x0, 0x5f, 0xb0, 0x0, 0x0, 0x0,
    0x0, 0xb, 0xf5, 0x0, 0x5, 0xfb, 0x0, 0x0,
    0x0, 0x0, 0x0, 0xbf, 0x50, 0x0, 0x5f, 0xb0,
    0x0, 0x6f, 0x70, 0x0, 0xb, 0xf5, 0x0, 0x5,
    0xfb, 0x0, 0xb, 0xf4, 0x0, 0x0, 0xbf, 0x50,
    0x0, 0x5f, 0xb0, 0x0, 0xef, 0x20, 0x0, 0xb,
    0xfc, 0xbb, 0xbc, 0xfe, 0xbb, 0x2f, 0xf2, 0x0,
    0x0, 0xbf, 0xff, 0xff, 0xff, 0xff, 0xf3, 0xdf,
    0x40, 0x0, 0xd, 0xf4, 0x0, 0x0, 0x0, 0x0,
    0x8, 0xfc, 0x20, 0x18, 0xff, 0x0, 0xc, 0xc2,
    0xe8, 0x0, 0x1d, 0xff, 0xff, 0xff, 0x60, 0x0,
    0xee, 0x2f, 0xa0, 0x0, 0x6, 0xab, 0xa8, 0x20,
    0x0, 0x1, 0x10, 0x10, 0x0,

    /* U+FC95 "ﲕ" */
    0x0, 0x0, 0x0, 0x0, 0x0, 0x0, 0x0, 0x0,
    0xb, 0xf5, 0x0, 0x0, 0x0, 0x0, 0x0, 0x0,
    0x0, 0x0, 0x0, 0xb, 0xf5, 0x0, 0x0, 0x0,
    0x0, 0x3, 0xcf, 0xc2, 0x0, 0x0, 0xb, 0xf5,
    0x0, 0x0, 0x0, 0x0, 0x5f, 0xff, 0xfd, 0x0,
    0x0, 0xb, 0xf5, 0x0, 0x0, 0x0, 0x1, 0xff,
    0x40, 0x9f, 0x90, 0x0, 0xb, 0xf5, 0x0, 0x8e,
    0x40, 0x5, 0xfa, 0x0, 0xc, 0xf6, 0x0, 0xb,
    0xf5, 0x0, 0xcf, 0x20, 0x3, 0xff, 0x93, 0x1,
    0xef, 0xcb, 0xbe, 0xfc, 0xb9, 0xef, 0x10, 0x0,
    0x7e, 0xff, 0xb0, 0x2b, 0xff, 0xff, 0xff, 0xfd,
    0xef, 0x20, 0x0, 0x0, 0x4e, 0xf4, 0x0, 0x0,
    0x0, 0x0, 0x0, 0xbf, 0xc1, 0x0, 0x0, 0x4e,
    0xf3, 0x0, 0x3, 0xf7, 0x6f, 0x30, 0x3f, 0xff,
    0xff, 0xff, 0xff, 0xa0, 0x0, 0x4, 0xf8, 0x8f,
    0x40, 0x3, 0x9b, 0xbb, 0xba, 0x94, 0x0, 0x0,
    0x0, 0x20, 0x2, 0x0,

    /* U+FC96 "ﲖ" */
    0x0, 0x0, 0x0, 0x0, 0x0, 0x0, 0x0, 0x0,
    0xb, 0xf5, 0x0, 0x0, 0x0, 0x0, 0x0, 0x0,
    0x0, 0x0, 0x0, 0xb, 0xf5, 0x0, 0x0, 0x0,
    0x0, 0x3, 0xcf, 0xc2, 0x0, 0x0, 0xb, 0xf5,
    0x0, 0x0, 0x0, 0x0, 0x5f, 0xff, 0xfd, 0x0,
    0x0, 0xb, 0xf5, 0x0, 0x0, 0x0, 0x1, 0xff,
    0x40, 0x9f, 0x90, 0x0, 0xb, 0xf5, 0x0, 0x8e,
    0x40, 0x5, 0xfa, 0x0, 0xc, 0xf6, 0x0, 0xb,
    0xf5, 0x0, 0xcf, 0x20, 0x3, 0xff, 0x93, 0x1,
    0xef, 0xcb, 0xbe, 0xfc, 0xb9, 0xef, 0x10, 0x0,
    0x7e, 0xff, 0xb0, 0x2b, 0xff, 0xff, 0xff, 0xfd,
    0xef, 0x20, 0x0, 0x0, 0x4e, 0xf4, 0x0, 0x0,
    0x0, 0x0, 0x0, 0xbf, 0xc1, 0x0, 0x0, 0x4e,
    0xf3, 0x0, 0x3, 0xf7, 0x6f, 0x30, 0x3f, 0xff,
    0xff, 0xff, 0xff, 0xa0, 0x0, 0x4, 0xf8, 0x8f,
    0x40, 0x3, 0x9b, 0xbb, 0xba, 0x94, 0x0, 0x0,
    0x0, 0x20, 0x2, 0x0, 0x0, 0x0, 0x0, 0x0,
    0x0, 0x0, 0x0, 0x0, 0x0, 0x0, 0x0, 0x0,
    0xd, 0xb3, 0xf7, 0x0, 0x0, 0x0, 0x0, 0x0,
    0x0, 0x0, 0x0, 0xf, 0xd4, 0xf8, 0x0, 0x0,
    0x0, 0x0, 0x0, 0x0, 0x0, 0x0, 0x1, 0x0,
    0x20, 0x0, 0x0, 0x0, 0x0, 0x0, 0x0, 0x0,

    /* U+FC97 "ﲗ" */
    0x0, 0x0, 0x0, 0x0, 0x0, 0x4, 0xdd, 0x10,
    0x0, 0x0, 0x0, 0x0, 0x0, 0x97, 0x0, 0x0,
    0x0, 0x0, 0x0, 0x0, 0x8, 0xed, 0x60, 0x0,
    0x0, 0x0, 0x0, 0x0, 0x42, 0x0, 0x0, 0x0,
    0x0, 0x0, 0x0, 0x0, 0x0, 0x0, 0x1a, 0xef,
    0xfb, 0x20, 0x0, 0x8, 0xf9, 0x0, 0xdb, 0x8c,
    0xfd, 0x0, 0x0, 0x8f, 0x90, 0x0, 0x0, 0xd,
    0xf4, 0x0, 0x8, 0xf9, 0x0, 0x0, 0x0, 0x8f,
    0x80, 0x0, 0x8f, 0x90, 0x0, 0x0, 0x4, 0xfb,
    0x0, 0x8, 0xf9, 0x0, 0x0, 0x0, 0xf, 0xf1,
    0x0, 0x8f, 0x91, 0xbb, 0xbb, 0xbb, 0xef, 0xdb,
    0xbd, 0xf9, 0x2f, 0xff, 0xff, 0xff, 0xff, 0xff,
    0xff, 0x90, 0x0, 0x0, 0x0, 0x0, 0x0, 0x0,
    0x0, 0x0, 0x0, 0x11, 0x0, 0x0, 0x0, 0x0,
    0x0, 0x0, 0xf, 0xd0, 0x0, 0x0, 0x0, 0x0,
    0x0, 0x0, 0xdb, 0x0, 0x0, 0x0, 0x0, 0x0,

    /* U+FC98 "ﲘ" */
    0x0, 0x0, 0x0, 0x0, 0x0, 0x4, 0xdd, 0x10,
    0x0, 0x0, 0x0, 0x0, 0x0, 0x97, 0x0, 0x0,
    0x0, 0x0, 0x0, 0x0, 0x8, 0xed, 0x60, 0x0,
    0x0, 0x0, 0x0, 0x0, 0x42, 0x0, 0x0, 0x0,
    0x0, 0x0, 0x0, 0x0, 0x0, 0x0, 0x1a, 0xef,
    0xfb, 0x20, 0x0, 0x8, 0xf9, 0x0, 0xdb, 0x8c,
    0xfd, 0x0, 0x0, 0x8f, 0x90, 0x0, 0x0, 0xd,
    0xf4, 0x0, 0x8, 0xf9, 0x0, 0x0, 0x0, 0x8f,
    0x80, 0x0, 0x8f, 0x90, 0x0, 0x0, 0x4, 0xfb,
    0x0, 0x8, 0xf9, 0x0, 0x0, 0x0, 0xf, 0xf1,
    0x0, 0x8f, 0x91, 0xbb, 0xbb, 0xbb, 0xef, 0xdb,
    0xbd, 0xf9, 0x2f, 0xff, 0xff, 0xff, 0xff, 0xff,
    0xff, 0x90,

    /* U+FC99 "ﲙ" */
    0x0, 0x0, 0x0, 0x0, 0x0, 0x3, 0xdd, 0x10,
    0x0, 0x7f, 0x20, 0x0, 0x0, 0xa7, 0x0, 0x0,
    0x9, 0xf3, 0x0, 0x0, 0x6, 0xdb, 0x60, 0x0,
    0x1, 0x0, 0x0, 0x0, 0x42, 0x0, 0x0, 0x0,
    0x0, 0x0, 0x0, 0x0, 0x0, 0x0, 0x1a, 0xef,
    0xfb, 0x20, 0x0, 0x8, 0xf9, 0x0, 0xdb, 0x8c,
    0xfd, 0x0, 0x0, 0x8f, 0x90, 0x0, 0x0, 0xd,
    0xf4, 0x0, 0x8, 0xf9, 0x0, 0x0, 0x0, 0x8f,
    0x80, 0x0, 0x8f, 0x90, 0x0, 0x0, 0x4, 0xfb,
    0x0, 0x8, 0xf9, 0x0, 0x0, 0x0, 0xf, 0xf1,
    0x0, 0x8f, 0x91, 0xbb, 0xbb, 0xbb, 0xef, 0xdb,
    0xbd, 0xf9, 0x2f, 0xff, 0xff, 0xff, 0xff, 0xff,
    0xff, 0x90,

    /* U+FC9A "ﲚ" */
    0x0, 0x0, 0x0, 0x0, 0x0, 0x0, 0x8d, 0xa0,
    0x0, 0x0, 0x0, 0x0, 0x0, 0x0, 0xf1, 0x0,
    0x0, 0x0, 0x0, 0x0, 0x0, 0x1, 0xdd, 0xe0,
    0x0, 0x0, 0x0, 0x0, 0x0, 0x1, 0x42, 0x0,
    0x0, 0x0, 0x0, 0x0, 0x0, 0x0, 0x0, 0x0,
    0x0, 0x4, 0xbf, 0xfc, 0x30, 0x0, 0xd, 0xf3,
    0x0, 0x3f, 0xfd, 0xdf, 0xf2, 0x0, 0xd, 0xf3,
    0x0, 0x8f, 0x70, 0xa, 0xf9, 0x0, 0xd, 0xf3,
    0x0, 0xaf, 0x40, 0x4, 0xfc, 0x0, 0xd, 0xf3,
    0x0, 0xaf, 0x40, 0x5, 0xfc, 0x0, 0xd, 0xf3,
    0x0, 0x7f, 0x70, 0xc, 0xfa, 0x0, 0xd, 0xf3,
    0x1b, 0xcf, 0xeb, 0xef, 0xff, 0xcb, 0xbf, 0xf3,
    0x2f, 0xff, 0xff, 0xe9, 0x2a, 0xef, 0xff, 0xf3,

    /* U+FC9B "ﲛ" */
    0x0, 0x0, 0x0, 0x0, 0x0, 0x0, 0x0, 0x0,
    0x6d, 0xc0, 0x0, 0x0, 0x0, 0x0, 0x0, 0x0,
    0x0, 0x0, 0xd3, 0x0, 0x0, 0x1, 0x57, 0x88,
    0x74, 0x0, 0x0, 0x0, 0xa8, 0x71, 0x0, 0x9,
    0xff, 0xff, 0xff, 0xe5, 0x0, 0x1, 0xa8, 0x61,
    0x0, 0x3, 0x72, 0x0, 0x17, 0xff, 0x50, 0x0,
    0x0, 0x0, 0x0, 0x0, 0x0, 0x0, 0x0, 0x6f,
    0xd0, 0x0, 0x7, 0xa3, 0x0, 0x5, 0xcf, 0xe9,
    0x0, 0xe, 0xf3, 0x0, 0xc, 0xf5, 0x0, 0x4f,
    0xfd, 0xff, 0xa0, 0xb, 0xf5, 0x0, 0xc, 0xf5,
    0x0, 0xbf, 0x80, 0x2f, 0xf0, 0xb, 0xf5, 0x0,
    0xc, 0xf5, 0x0, 0xcf, 0x40, 0xe, 0xf2, 0xb,
    0xf5, 0x0, 0xc, 0xf5, 0x0, 0x8f, 0xa0, 0xe,
    0xf2, 0xb, 0xf5, 0x0, 0xc, 0xf5, 0x1b, 0xbf,
    0xfd, 0xbf, 0xfb, 0xbe, 0xfc, 0xbb, 0xbe, 0xf5,
    0x2f, 0xff, 0xff, 0xff, 0xff, 0xff, 0xff, 0xff,
    0xff, 0xf5,

    /* U+FC9C "ﲜ" */
    0x1, 0xae, 0xff, 0xb2, 0x0, 0x0, 0x8f, 0x90,
    0xd, 0xb8, 0xcf, 0xd0, 0x0, 0x8, 0xf9, 0x0,
    0x0, 0x0, 0xdf, 0x40, 0x0, 0x8f, 0x90, 0x0,
    0x0, 0x8, 0xf8, 0x0, 0x8, 0xf9, 0x0, 0x0,
    0x0, 0x4f, 0xb0, 0x0, 0x8f, 0x90, 0x0, 0x0,
    0x0, 0xff, 0x10, 0x8, 0xf9, 0x1b, 0xbb, 0xbb,
    0xbe, 0xfd, 0xbb, 0xdf, 0x92, 0xff, 0xff, 0xff,
    0xff, 0xff, 0xff, 0xf9, 0x0, 0x0, 0x0, 0x0,
    0x0, 0x0, 0x0, 0x0, 0x0, 0x1, 0x10, 0x0,
    0x0, 0x2, 0x0, 0x0, 0x0, 0xfd, 0x0, 0x0,
    0x5, 0xf7, 0x0, 0x0, 0xd, 0xb0, 0x0, 0x0,
    0x4f, 0x60,

    /* U+FC9D "ﲝ" */
    0x1, 0xae, 0xff, 0xb2, 0x0, 0x0, 0x8f, 0x90,
    0xd, 0xb8, 0xcf, 0xd0, 0x0, 0x8, 0xf9, 0x0,
    0x0, 0x0, 0xdf, 0x40, 0x0, 0x8f, 0x90, 0x0,
    0x0, 0x8, 0xf8, 0x0, 0x8, 0xf9, 0x0, 0x0,
    0x0, 0x4f, 0xb0, 0x0, 0x8f, 0x90, 0x0, 0x0,
    0x0, 0xff, 0x10, 0x8, 0xf9, 0x1b, 0xbb, 0xbb,
    0xbe, 0xfd, 0xbb, 0xdf, 0x92, 0xff, 0xff, 0xff,
    0xff, 0xff, 0xff, 0xf9, 0x0, 0x0, 0x0, 0x0,
    0x0, 0x0, 0x0, 0x0, 0x0, 0x0, 0x0, 0x0,
    0x0, 0x2, 0x0, 0x0, 0x0, 0x0, 0x0, 0x0,
    0x5, 0xf7, 0x0, 0x0, 0x0, 0x0, 0x0, 0x0,
    0x4f, 0x60,

    /* U+FC9E "ﲞ" */
    0x0, 0x7, 0xf2, 0x0, 0x0, 0x0, 0x0, 0x0,
    0x0, 0x9f, 0x30, 0x0, 0x0, 0x0, 0x0, 0x0,
    0x0, 0x10, 0x0, 0x0, 0x0, 0x0, 0x0, 0x0,
    0x0, 0x0, 0x0, 0x0, 0x0, 0x0, 0x1, 0xae,
    0xff, 0xb2, 0x0, 0x0, 0x8f, 0x90, 0xd, 0xb8,
    0xcf, 0xd0, 0x0, 0x8, 0xf9, 0x0, 0x0, 0x0,
    0xdf, 0x40, 0x0, 0x8f, 0x90, 0x0, 0x0, 0x8,
    0xf8, 0x0, 0x8, 0xf9, 0x0, 0x0, 0x0, 0x4f,
    0xb0, 0x0, 0x8f, 0x90, 0x0, 0x0, 0x0, 0xff,
    0x10, 0x8, 0xf9, 0x1b, 0xbb, 0xbb, 0xbe, 0xfd,
    0xbb, 0xdf, 0x92, 0xff, 0xff, 0xff, 0xff, 0xff,
    0xff, 0xf9, 0x0, 0x0, 0x0, 0x0, 0x0, 0x0,
    0x0, 0x0, 0x0, 0x0, 0x0, 0x0, 0x0, 0x2,
    0x0, 0x0, 0x0, 0x0, 0x0, 0x0, 0x5, 0xf7,
    0x0, 0x0, 0x0, 0x0, 0x0, 0x0, 0x4f, 0x60,

    /* U+FC9F "ﲟ" */
    0x0, 0x4, 0xbf, 0xfc, 0x30, 0x0, 0xd, 0xf3,
    0x0, 0x3f, 0xfd, 0xdf, 0xf2, 0x0, 0xd, 0xf3,
    0x0, 0x8f, 0x70, 0xa, 0xf9, 0x0, 0xd, 0xf3,
    0x0, 0xaf, 0x40, 0x4, 0xfc, 0x0, 0xd, 0xf3,
    0x0, 0xaf, 0x40, 0x5, 0xfc, 0x0, 0xd, 0xf3,
    0x0, 0x7f, 0x70, 0xc, 0xfa, 0x0, 0xd, 0xf3,
    0x1b, 0xcf, 0xeb, 0xef, 0xff, 0xcb, 0xbf, 0xf3,
    0x2f, 0xff, 0xff, 0xe9, 0x2a, 0xef, 0xff, 0xf3,
    0x0, 0x0, 0x0, 0x0, 0x0, 0x0, 0x0, 0x0,
    0x0, 0x0, 0x0, 0x0, 0x0, 0x0, 0x1, 0x0,
    0x0, 0x0, 0x0, 0x0, 0x0, 0x0, 0xaf, 0x20,
    0x0, 0x0, 0x0, 0x0, 0x0, 0x0, 0x9e, 0x10,

    /* U+FCA0 "ﲠ" */
    0x0, 0x2, 0x69, 0xbb, 0xa7, 0x20, 0x0, 0x0,
    0x0, 0x0, 0x0, 0x9, 0xff, 0xff, 0xff, 0xf7,
    0x0, 0x0, 0x0, 0x0, 0x0, 0x3, 0x72, 0x0,
    0x17, 0xff, 0x60, 0x0, 0x0, 0x0, 0x0, 0x0,
    0x0, 0x0, 0x0, 0x6f, 0xe0, 0x0, 0x7, 0xa3,
    0x0, 0x5, 0xcf, 0xe9, 0x0, 0xe, 0xf3, 0x0,
    0xc, 0xf5, 0x0, 0x4f, 0xfd, 0xff, 0xa0, 0xb,
    0xf5, 0x0, 0xc, 0xf5, 0x0, 0xbf, 0x80, 0x2f,
    0xf0, 0xb, 0xf5, 0x0, 0xc, 0xf5, 0x0, 0xcf,
    0x40, 0xe, 0xf2, 0xb, 0xf5, 0x0, 0xc, 0xf5,
    0x0, 0x8f, 0xa0, 0xe, 0xf2, 0xb, 0xf5, 0x0,
    0xc, 0xf5, 0x1b, 0xbf, 0xfd, 0xbf, 0xfb, 0xbe,
    0xfc, 0xbb, 0xbe, 0xf5, 0x2f, 0xff, 0xff, 0xff,
    0xff, 0xff, 0xff, 0xff, 0xff, 0xf5, 0x0, 0x0,
    0x0, 0x0, 0x0, 0x0, 0x0, 0x0, 0x0, 0x0,
    0x0, 0x0, 0x0, 0x0, 0x0, 0x0, 0x0, 0x0,
    0x2, 0x0, 0x0, 0x0, 0x0, 0x0, 0x0, 0x0,
    0x0, 0x0, 0x9f, 0x30, 0x0, 0x0, 0x0, 0x0,
    0x0, 0x0, 0x0, 0x0, 0x7f, 0x20,

    /* U+FCA1 "ﲡ" */
    0x0, 0x0, 0x0, 0x0, 0x0, 0x3f, 0x67, 0xf3,
    0x0, 0x0, 0x0, 0x0, 0x0, 0x4f, 0x88, 0xf4,
    0x0, 0x0, 0x0, 0x0, 0x0, 0x2, 0x0, 0x20,
    0x0, 0x0, 0x0, 0x0, 0x0, 0x0, 0x0, 0x0,
    0x1, 0xae, 0xff, 0xb2, 0x0, 0x0, 0x8f, 0x90,
    0x0, 0xdb, 0x8c, 0xfd, 0x0, 0x0, 0x8f, 0x90,
    0x0, 0x0, 0x0, 0xdf, 0x40, 0x0, 0x8f, 0x90,
    0x0, 0x0, 0x0, 0x8f, 0x80, 0x0, 0x8f, 0x90,
    0x0, 0x0, 0x0, 0x4f, 0xb0, 0x0, 0x8f, 0x90,
    0x0, 0x0, 0x0, 0xf, 0xf1, 0x0, 0x8f, 0x90,
    0x1b, 0xbb, 0xbb, 0xbe, 0xfd, 0xbb, 0xdf, 0x90,
    0x2f, 0xff, 0xff, 0xff, 0xff, 0xff, 0xff, 0x90,
    0x0, 0x0, 0x0, 0x0, 0x0, 0x0, 0x0, 0x0,
    0x0, 0x0, 0x11, 0x0, 0x0, 0x0, 0x0, 0x0,
    0x0, 0x0, 0xfd, 0x0, 0x0, 0x0, 0x0, 0x0,
    0x0, 0x0, 0xdb, 0x0, 0x0, 0x0, 0x0, 0x0,

    /* U+FCA2 "ﲢ" */
    0x0, 0x0, 0x0, 0x0, 0x0, 0x3f, 0x67, 0xf3,
    0x0, 0x0, 0x0, 0x0, 0x0, 0x4f, 0x88, 0xf4,
    0x0, 0x0, 0x0, 0x0, 0x0, 0x2, 0x0, 0x20,
    0x0, 0x0, 0x0, 0x0, 0x0, 0x0, 0x0, 0x0,
    0x1, 0xae, 0xff, 0xb2, 0x0, 0x0, 0x8f, 0x90,
    0x0, 0xdb, 0x8c, 0xfd, 0x0, 0x0, 0x8f, 0x90,
    0x0, 0x0, 0x0, 0xdf, 0x40, 0x0, 0x8f, 0x90,
    0x0, 0x0, 0x0, 0x8f, 0x80, 0x0, 0x8f, 0x90,
    0x0, 0x0, 0x0, 0x4f, 0xb0, 0x0, 0x8f, 0x90,
    0x0, 0x0, 0x0, 0xf, 0xf1, 0x0, 0x8f, 0x90,
    0x1b, 0xbb, 0xbb, 0xbe, 0xfd, 0xbb, 0xdf, 0x90,
    0x2f, 0xff, 0xff, 0xff, 0xff, 0xff, 0xff, 0x90,

    /* U+FCA3 "ﲣ" */
    0x0, 0x7, 0xf2, 0x0, 0x0, 0x3f, 0x67, 0xf3,
    0x0, 0x9, 0xf3, 0x0, 0x0, 0x4f, 0x88, 0xf4,
    0x0, 0x0, 0x10, 0x0, 0x0, 0x2, 0x0, 0x20,
    0x0, 0x0, 0x0, 0x0, 0x0, 0x0, 0x0, 0x0,
    0x1, 0xae, 0xff, 0xb2, 0x0, 0x0, 0x8f, 0x90,
    0x0, 0xdb, 0x8c, 0xfd, 0x0, 0x0, 0x8f, 0x90,
    0x0, 0x0, 0x0, 0xdf, 0x40, 0x0, 0x8f, 0x90,
    0x0, 0x0, 0x0, 0x8f, 0x80, 0x0, 0x8f, 0x90,
    0x0, 0x0, 0x0, 0x4f, 0xb0, 0x0, 0x8f, 0x90,
    0x0, 0x0, 0x0, 0xf, 0xf1, 0x0, 0x8f, 0x90,
    0x1b, 0xbb, 0xbb, 0xbe, 0xfd, 0xbb, 0xdf, 0x90,
    0x2f, 0xff, 0xff, 0xff, 0xff, 0xff, 0xff, 0x90,

    /* U+FCA4 "ﲤ" */
    0x0, 0x0, 0x0, 0x0, 0x0, 0x9, 0xe1, 0xdc,
    0x0, 0x0, 0x0, 0x0, 0x0, 0xa, 0xf2, 0xee,
    0x0, 0x0, 0x0, 0x0, 0x0, 0x0, 0x10, 0x11,
    0x0, 0x0, 0x0, 0x0, 0x0, 0x0, 0x0, 0x0,
    0x0, 0x4, 0xbf, 0xfc, 0x30, 0x0, 0xd, 0xf3,
    0x0, 0x3f, 0xfd, 0xdf, 0xf2, 0x0, 0xd, 0xf3,
    0x0, 0x8f, 0x70, 0xa, 0xf9, 0x0, 0xd, 0xf3,
    0x0, 0xaf, 0x40, 0x4, 0xfc, 0x0, 0xd, 0xf3,
    0x0, 0xaf, 0x40, 0x5, 0xfc, 0x0, 0xd, 0xf3,
    0x0, 0x7f, 0x70, 0xc, 0xfa, 0x0, 0xd, 0xf3,
    0x1b, 0xcf, 0xeb, 0xef, 0xff, 0xcb, 0xbf, 0xf3,
    0x2f, 0xff, 0xff, 0xe9, 0x2a, 0xef, 0xff, 0xf3,

    /* U+FCA5 "ﲥ" */
    0x0, 0x0, 0x0, 0x0, 0x0, 0x0, 0x0, 0x7,
    0xf3, 0xbd, 0x0, 0x0, 0x15, 0x9a, 0xba, 0x72,
    0x0, 0x0, 0x8f, 0x4c, 0xf0, 0x0, 0x9, 0xff,
    0xff, 0xff, 0xf7, 0x0, 0x0, 0x20, 0x1, 0x0,
    0x0, 0x37, 0x20, 0x1, 0x7f, 0xf6, 0x0, 0x0,
    0x0, 0x0, 0x0, 0x0, 0x0, 0x0, 0x0, 0x6f,
    0xe0, 0x0, 0x7, 0xa3, 0x0, 0x0, 0x5c, 0xfe,
    0x90, 0x0, 0xef, 0x30, 0x0, 0xcf, 0x50, 0x0,
    0x4f, 0xfd, 0xff, 0xa0, 0xb, 0xf5, 0x0, 0xc,
    0xf5, 0x0, 0xb, 0xf8, 0x2, 0xff, 0x0, 0xbf,
    0x50, 0x0, 0xcf, 0x50, 0x0, 0xcf, 0x40, 0xe,
    0xf2, 0xb, 0xf5, 0x0, 0xc, 0xf5, 0x0, 0x8,
    0xfa, 0x0, 0xef, 0x20, 0xbf, 0x50, 0x0, 0xcf,
    0x50, 0x1b, 0xbf, 0xfd, 0xbf, 0xfb, 0xbe, 0xfc,
    0xbb, 0xbe, 0xf5, 0x2, 0xff, 0xff, 0xff, 0xff,
    0xff, 0xff, 0xff, 0xff, 0xff, 0x50,

    /* U+FCA6 "ﲦ" */
    0x0, 0x0, 0x0, 0x0, 0x0, 0x0, 0x2e, 0x50,
    0x0, 0x0, 0x0, 0x0, 0x0, 0x0, 0x1, 0xd4,
    0x0, 0x0, 0x0, 0x0, 0x0, 0x0, 0x8, 0xe2,
    0xcc, 0x0, 0x0, 0x0, 0x0, 0x0, 0x0, 0xaf,
    0x2e, 0xe0, 0x0, 0x0, 0x0, 0x0, 0x0, 0x0,
    0x10, 0x11, 0x0, 0x0, 0x0, 0x0, 0x0, 0x0,
    0x0, 0x0, 0x0, 0x0, 0x4, 0xbf, 0xfc, 0x30,
    0x0, 0xd, 0xf3, 0x0, 0x3, 0xff, 0xdd, 0xff,
    0x20, 0x0, 0xdf, 0x30, 0x0, 0x8f, 0x70, 0xa,
    0xf9, 0x0, 0xd, 0xf3, 0x0, 0xa, 0xf4, 0x0,
    0x4f, 0xc0, 0x0, 0xdf, 0x30, 0x0, 0xaf, 0x40,
    0x5, 0xfc, 0x0, 0xd, 0xf3, 0x0, 0x7, 0xf7,
    0x0, 0xcf, 0xa0, 0x0, 0xdf, 0x30, 0x1b, 0xcf,
    0xeb, 0xef, 0xff, 0xcb, 0xbf, 0xf3, 0x2, 0xff,
    0xff, 0xfe, 0x92, 0xae, 0xff, 0xff, 0x30,

    /* U+FCA7 "ﲧ" */
    0x1, 0x9d, 0xff, 0xb2, 0x0, 0x4, 0xbe, 0xfe,
    0x70, 0x0, 0x0, 0xed, 0xbe, 0xfd, 0x0, 0x6,
    0xfc, 0xbf, 0xf7, 0x0, 0x0, 0x10, 0x0, 0xef,
    0x40, 0x0, 0x10, 0x6, 0xfd, 0x0, 0x0, 0x0,
    0x0, 0x8f, 0x80, 0x0, 0x0, 0x0, 0xff, 0x10,
    0x0, 0x0, 0x0, 0x5f, 0xb0, 0x0, 0x0, 0x0,
    0xcf, 0x40, 0x0, 0x0, 0x0, 0xf, 0xf1, 0x0,
    0x0, 0x0, 0x6f, 0xa0, 0x1b, 0xbb, 0xbb, 0xbe,
    0xfd, 0xbb, 0xbb, 0xbb, 0xbf, 0xf1, 0x2f, 0xff,
    0xff, 0xff, 0xff, 0xff, 0xff, 0xff, 0xff, 0xf2,
    0x0, 0x0, 0x0, 0x0, 0x0, 0x0, 0x0, 0x0,
    0x0, 0x0, 0x0, 0x0, 0x0, 0x0, 0x0, 0x0,
    0x0, 0x20, 0x0, 0x0, 0x0, 0x0, 0x0, 0x0,
    0x0, 0x0, 0x7, 0xf5, 0x0, 0x0, 0x0, 0x0,
    0x0, 0x0, 0x0, 0x0, 0x5, 0xf4, 0x0, 0x0,

    /* U+FCA8 "ﲨ" */
    0x0, 0x4, 0xbf, 0xfc, 0x30, 0x0, 0x7d, 0xff,
    0xc4, 0x0, 0x0, 0x3f, 0xfc, 0xcf, 0xf2, 0x0,
    0xce, 0xbd, 0xff, 0x10, 0x0, 0x8f, 0x70, 0x9,
    0xf9, 0x0, 0x10, 0x0, 0xbf, 0x70, 0x0, 0xaf,
    0x40, 0x4, 0xfc, 0x0, 0x0, 0x0, 0x5f, 0xb0,
    0x0, 0xaf, 0x40, 0x5, 0xfc, 0x0, 0x0, 0x0,
    0x1f, 0xe0, 0x0, 0x7f, 0x70, 0xc, 0xfa, 0x0,
    0x0, 0x0, 0xc, 0xf4, 0x1b, 0xcf, 0xeb, 0xef,
    0xff, 0xcb, 0xbb, 0xbb, 0xbd, 0xfb, 0x2f, 0xff,
    0xff, 0xe9, 0x2a, 0xef, 0xff, 0xff, 0xff, 0xfc,
    0x0, 0x0, 0x0, 0x0, 0x0, 0x0, 0x0, 0x0,
    0x0, 0x0, 0x0, 0x0, 0x0, 0x0, 0x0, 0x0,
    0x0, 0x11, 0x0, 0x0, 0x0, 0x0, 0x0, 0x0,
    0x0, 0x0, 0x0, 0xdf, 0x0, 0x0, 0x0, 0x0,
    0x0, 0x0, 0x0, 0x0, 0x0, 0xbd, 0x0, 0x0,

    /* U+FCA9 "ﲩ" */
    0x1, 0x9d, 0xff, 0xb2, 0x0, 0x4, 0xbe, 0xfe,
    0x70, 0x0, 0x0, 0xed, 0xbe, 0xfd, 0x0, 0x6,
    0xfc, 0xbf, 0xf7, 0x0, 0x0, 0x10, 0x0, 0xef,
    0x40, 0x0, 0x10, 0x6, 0xfd, 0x0, 0x0, 0x0,
    0x0, 0x8f, 0x80, 0x0, 0x0, 0x0, 0xff, 0x10,
    0x0, 0x0, 0x0, 0x5f, 0xb0, 0x0, 0x0, 0x0,
    0xcf, 0x40, 0x0, 0x0, 0x0, 0xf, 0xf1, 0x0,
    0x0, 0x0, 0x6f, 0xa0, 0x1b, 0xbb, 0xbb, 0xbe,
    0xfd, 0xbb, 0xbb, 0xbb, 0xbf, 0xf1, 0x2f, 0xff,
    0xff, 0xff, 0xff, 0xff, 0xff, 0xff, 0xff, 0xf2,
    0x0, 0x0, 0x0, 0x0, 0x0, 0x0, 0x0, 0x0,
    0x0, 0x0, 0x0, 0x0, 0x11, 0x0, 0x0, 0x0,
    0x0, 0x0, 0x0, 0x0, 0x0, 0x0, 0xfd, 0x0,
    0x0, 0x0, 0x0, 0x0, 0x0, 0x0, 0x0, 0x0,
    0xdb, 0x0, 0x0, 0x0, 0x0, 0x0, 0x0, 0x0,

    /* U+FCAA "ﲪ" */
    0x0, 0x4, 0xbf, 0xfc, 0x30, 0x0, 0x7d, 0xff,
    0xc4, 0x0, 0x0, 0x3f, 0xfc, 0xcf, 0xf2, 0x0,
    0xce, 0xbd, 0xff, 0x10, 0x0, 0x8f, 0x70, 0x9,
    0xf9, 0x0, 0x10, 0x0, 0xbf, 0x70, 0x0, 0xaf,
    0x40, 0x4, 0xfc, 0x0, 0x0, 0x0, 0x5f, 0xb0,
    0x0, 0xaf, 0x40, 0x5, 0xfc, 0x0, 0x0, 0x0,
    0x1f, 0xe0, 0x0, 0x7f, 0x70, 0xc, 0xfa, 0x0,
    0x0, 0x0, 0xc, 0xf4, 0x1b, 0xcf, 0xeb, 0xef,
    0xff, 0xcb, 0xbb, 0xbb, 0xbd, 0xfb, 0x2f, 0xff,
    0xff, 0xe9, 0x2a, 0xef, 0xff, 0xff, 0xff, 0xfc,

    /* U+FCAB "ﲫ" */
    0x0, 0x0, 0x0, 0x0, 0x0, 0x0, 0xe, 0xa0,
    0x0, 0x0, 0x0, 0x0, 0x0, 0x0, 0x0, 0x0,
    0x1f, 0xc0, 0x0, 0x0, 0x0, 0x0, 0x0, 0x0,
    0x0, 0x0, 0x1, 0x0, 0x0, 0x0, 0x0, 0x0,
    0x0, 0x0, 0x0, 0x0, 0x0, 0x0, 0x0, 0x0,
    0x1, 0x9d, 0xff, 0xb2, 0x0, 0x4, 0xbe, 0xfe,
    0x70, 0x0, 0x0, 0xed, 0xbe, 0xfd, 0x0, 0x6,
    0xfc, 0xbf, 0xf7, 0x0, 0x0, 0x10, 0x0, 0xef,
    0x40, 0x0, 0x10, 0x6, 0xfd, 0x0, 0x0, 0x0,
    0x0, 0x8f, 0x80, 0x0, 0x0, 0x0, 0xff, 0x10,
    0x0, 0x0, 0x0, 0x5f, 0xb0, 0x0, 0x0, 0x0,
    0xcf, 0x40, 0x0, 0x0, 0x0, 0xf, 0xf1, 0x0,
    0x0, 0x0, 0x6f, 0xa0, 0x1b, 0xbb, 0xbb, 0xbe,
    0xfd, 0xbb, 0xbb, 0xbb, 0xbf, 0xf1, 0x2f, 0xff,
    0xff, 0xff, 0xff, 0xff, 0xff, 0xff, 0xff, 0xf2,
    0x0, 0x0, 0x0, 0x0, 0x0, 0x0, 0x0, 0x0,
    0x0, 0x0, 0x0, 0x0, 0x11, 0x0, 0x0, 0x0,
    0x0, 0x0, 0x0, 0x0, 0x0, 0x0, 0xfd, 0x0,
    0x0, 0x0, 0x0, 0x0, 0x0, 0x0, 0x0, 0x0,
    0xdb, 0x0, 0x0, 0x0, 0x0, 0x0, 0x0, 0x0,

    /* U+FCAC "ﲬ" */
    0x0, 0x0, 0x0, 0x0, 0x0, 0x0, 0x4, 0xf5,
    0x0, 0x0, 0x0, 0x0, 0x0, 0x0, 0x0, 0x0,
    0x6, 0xf6, 0x0, 0x0, 0x0, 0x0, 0x0, 0x0,
    0x0, 0x0, 0x0, 0x20, 0x0, 0x0, 0x0, 0x0,
    0x0, 0x0, 0x0, 0x0, 0x0, 0x0, 0x0, 0x0,
    0x0, 0x4, 0xbf, 0xfc, 0x30, 0x0, 0x7d, 0xff,
    0xc4, 0x0, 0x0, 0x3f, 0xfc, 0xcf, 0xf2, 0x0,
    0xce, 0xbd, 0xff, 0x10, 0x0, 0x8f, 0x70, 0x9,
    0xf9, 0x0, 0x10, 0x0, 0xbf, 0x70, 0x0, 0xaf,
    0x40, 0x4, 0xfc, 0x0, 0x0, 0x0, 0x5f, 0xb0,
    0x0, 0xaf, 0x40, 0x5, 0xfc, 0x0, 0x0, 0x0,
    0x1f, 0xe0, 0x0, 0x7f, 0x70, 0xc, 0xfa, 0x0,
    0x0, 0x0, 0xc, 0xf4, 0x1b, 0xcf, 0xeb, 0xef,
    0xff, 0xcb, 0xbb, 0xbb, 0xbd, 0xfb, 0x2f, 0xff,
    0xff, 0xe9, 0x2a, 0xef, 0xff, 0xff, 0xff, 0xfc,

    /* U+FCAD "ﲭ" */
    0x1, 0xae, 0xff, 0xb2, 0x0, 0x0, 0x0, 0x0,
    0x0, 0x0, 0x0, 0x7f, 0x90, 0xd, 0xb8, 0xcf,
    0xd0, 0x0, 0x5, 0xc7, 0x0, 0x4c, 0x80, 0x7,
    0xf9, 0x0, 0x0, 0x0, 0xdf, 0x40, 0x0, 0x7f,
    0x90, 0x5, 0xfb, 0x0, 0x7f, 0x90, 0x0, 0x0,
    0x8, 0xf8, 0x0, 0x7, 0xf9, 0x0, 0x5f, 0xb0,
    0x7, 0xf9, 0x0, 0x0, 0x0, 0x4f, 0xb0, 0x0,
    0x7f, 0x90, 0x5, 0xfb, 0x0, 0x7f, 0x90, 0x0,
    0x0, 0x0, 0xff, 0x10, 0x7, 0xf9, 0x0, 0x9f,
    0xd1, 0x7, 0xf9, 0x1b, 0xbb, 0xbb, 0xbe, 0xfd,
    0xbb, 0xdf, 0xeb, 0xcf, 0xff, 0xeb, 0xdf, 0x92,
    0xff, 0xff, 0xff, 0xff, 0xff, 0xff, 0xff, 0xff,
    0xd5, 0x3c, 0xff, 0xf9, 0x0, 0x0, 0x0, 0x0,
    0x0, 0x0, 0x0, 0x0, 0x0, 0x0, 0x0, 0x0,
    0x0, 0x0, 0x1, 0x10, 0x0, 0x0, 0x0, 0x0,
    0x0, 0x0, 0x0, 0x0, 0x0, 0x0, 0x0, 0xfd,
    0x0, 0x0, 0x0, 0x0, 0x0, 0x0, 0x0, 0x0,
    0x0, 0x0, 0x0, 0xd, 0xb0, 0x0, 0x0, 0x0,
    0x0, 0x0, 0x0, 0x0, 0x0, 0x0,

    /* U+FCAE "ﲮ" */
    0x1, 0xae, 0xff, 0xb2, 0x0, 0x0, 0x0, 0x0,
    0x0, 0x0, 0x0, 0x7f, 0x90, 0xd, 0xb8, 0xcf,
    0xd0, 0x0, 0x5, 0xc7, 0x0, 0x4c, 0x80, 0x7,
    0xf9, 0x0, 0x0, 0x0, 0xdf, 0x40, 0x0, 0x7f,
    0x90, 0x5, 0xfb, 0x0, 0x7f, 0x90, 0x0, 0x0,
    0x8, 0xf8, 0x0, 0x7, 0xf9, 0x0, 0x5f, 0xb0,
    0x7, 0xf9, 0x0, 0x0, 0x0, 0x4f, 0xb0, 0x0,
    0x7f, 0x90, 0x5, 0xfb, 0x0, 0x7f, 0x90, 0x0,
    0x0, 0x0, 0xff, 0x10, 0x7, 0xf9, 0x0, 0x9f,
    0xd1, 0x7, 0xf9, 0x1b, 0xbb, 0xbb, 0xbe, 0xfd,
    0xbb, 0xdf, 0xeb, 0xcf, 0xff, 0xeb, 0xdf, 0x92,
    0xff, 0xff, 0xff, 0xff, 0xff, 0xff, 0xff, 0xff,
    0xd5, 0x3c, 0xff, 0xf9,

    /* U+FCAF "ﲯ" */
    0x0, 0x7, 0xf2, 0x0, 0x0, 0x0, 0x0, 0x0,
    0x0, 0x0, 0x0, 0x0, 0x0, 0x0, 0x9f, 0x30,
    0x0, 0x0, 0x0, 0x0, 0x0, 0x0, 0x0, 0x0,
    0x0, 0x0, 0x0, 0x10, 0x0, 0x0, 0x0, 0x0,
    0x0, 0x0, 0x0, 0x0, 0x0, 0x0, 0x0, 0x0,
    0x0, 0x0, 0x0, 0x0, 0x0, 0x0, 0x0, 0x0,
    0x0, 0x0, 0x1, 0xae, 0xff, 0xb2, 0x0, 0x0,
    0x0, 0x0, 0x0, 0x0, 0x0, 0x7f, 0x90, 0xd,
    0xb8, 0xcf, 0xd0, 0x0, 0x5, 0xc7, 0x0, 0x4c,
    0x80, 0x7, 0xf9, 0x0, 0x0, 0x0, 0xdf, 0x40,
    0x0, 0x7f, 0x90, 0x5, 0xfb, 0x0, 0x7f, 0x90,
    0x0, 0x0, 0x8, 0xf8, 0x0, 0x7, 0xf9, 0x0,
    0x5f, 0xb0, 0x7, 0xf9, 0x0, 0x0, 0x0, 0x4f,
    0xb0, 0x0, 0x7f, 0x90, 0x5, 0xfb, 0x0, 0x7f,
    0x90, 0x0, 0x0, 0x0, 0xff, 0x10, 0x7, 0xf9,
    0x0, 0x9f, 0xd1, 0x7, 0xf9, 0x1b, 0xbb, 0xbb,
    0xbe, 0xfd, 0xbb, 0xdf, 0xeb, 0xcf, 0xff, 0xeb,
    0xdf, 0x92, 0xff, 0xff, 0xff, 0xff, 0xff, 0xff,
    0xff, 0xff, 0xd5, 0x3c, 0xff, 0xf9,

    /* U+FCB0 "ﲰ" */
    0x0, 0x4, 0xbf, 0xfc, 0x30, 0x0, 0x0, 0x0,
    0x0, 0x0, 0x0, 0xd, 0xf3, 0x0, 0x3f, 0xfd,
    0xdf, 0xf2, 0x0, 0x9, 0xc3, 0x0, 0x8c, 0x40,
    0xd, 0xf3, 0x0, 0x8f, 0x70, 0xa, 0xf9, 0x0,
    0xc, 0xf4, 0x0, 0xbf, 0x50, 0xd, 0xf3, 0x0,
    0xaf, 0x40, 0x4, 0xfc, 0x0, 0xc, 0xf4, 0x0,
    0xbf, 0x50, 0xd, 0xf3, 0x0, 0xaf, 0x40, 0x5,
    0xfc, 0x0, 0xc, 0xf4, 0x0, 0xbf, 0x50, 0xd,
    0xf3, 0x0, 0x7f, 0x70, 0xc, 0xfa, 0x0, 0xc,
    0xf4, 0x0, 0xef, 0x80, 0xd, 0xf3, 0x1b, 0xcf,
    0xeb, 0xef, 0xff, 0xcb, 0xbf, 0xfc, 0xbd, 0xff,
    0xfd, 0xbf, 0xf3, 0x2f, 0xff, 0xff, 0xe9, 0x2a,
    0xef, 0xff, 0xff, 0xff, 0xb2, 0x7e, 0xff, 0xf3,

    /* U+FCB1 "ﲱ" */
    0x1, 0x9d, 0xff, 0xb2, 0x0, 0x0, 0x6b, 0x40,
    0x5c, 0xff, 0xb3, 0x0, 0xe, 0xeb, 0xef, 0xd0,
    0x0, 0xa, 0xf6, 0x7f, 0xdb, 0xef, 0xf1, 0x0,
    0x20, 0x1, 0xef, 0x40, 0x0, 0xaf, 0xaf, 0x50,
    0x0, 0xdf, 0x70, 0x0, 0x0, 0x8, 0xf8, 0x0,
    0xa, 0xff, 0x50, 0x0, 0x7, 0xf9, 0x0, 0x0,
    0x0, 0x5f, 0xb0, 0x0, 0xaf, 0xb0, 0x0, 0x0,
    0x6f, 0xa0, 0x0, 0x0, 0x0, 0xff, 0x10, 0xa,
    0xf6, 0x0, 0x0, 0x6, 0xfa, 0x1b, 0xbb, 0xbb,
    0xbe, 0xfd, 0xbb, 0xef, 0xdb, 0xbb, 0xbb, 0xdf,
    0xa2, 0xff, 0xff, 0xff, 0xff, 0xff, 0xff, 0xff,
    0xff, 0xff, 0xff, 0xfa,

    /* U+FCB2 "ﲲ" */
    0x0, 0x7, 0xf2, 0x0, 0x0, 0x0, 0x0, 0x0,
    0x0, 0x0, 0x0, 0x0, 0x0, 0x9f, 0x30, 0x0,
    0x0, 0x0, 0x0, 0x0, 0x0, 0x0, 0x0, 0x0,
    0x0, 0x10, 0x0, 0x0, 0x0, 0x0, 0x0, 0x0,
    0x0, 0x0, 0x0, 0x0, 0x0, 0x0, 0x0, 0x0,
    0x0, 0x0, 0x0, 0x0, 0x0, 0x0, 0x1, 0x9d,
    0xff, 0xb2, 0x0, 0x0, 0x6b, 0x40, 0x5c, 0xff,
    0xb3, 0x0, 0xe, 0xeb, 0xef, 0xd0, 0x0, 0xa,
    0xf6, 0x7f, 0xdb, 0xef, 0xf1, 0x0, 0x20, 0x1,
    0xef, 0x40, 0x0, 0xaf, 0xaf, 0x50, 0x0, 0xdf,
    0x70, 0x0, 0x0, 0x8, 0xf8, 0x0, 0xa, 0xff,
    0x50, 0x0, 0x7, 0xf9, 0x0, 0x0, 0x0, 0x5f,
    0xb0, 0x0, 0xaf, 0xb0, 0x0, 0x0, 0x6f, 0xa0,
    0x0, 0x0, 0x0, 0xff, 0x10, 0xa, 0xf6, 0x0,
    0x0, 0x6, 0xfa, 0x1b, 0xbb, 0xbb, 0xbe, 0xfd,
    0xbb, 0xef, 0xdb, 0xbb, 0xbb, 0xdf, 0xa2, 0xff,
    0xff, 0xff, 0xff, 0xff, 0xff, 0xff, 0xff, 0xff,
    0xff, 0xfa,

    /* U+FCB3 "ﲳ" */
    0x0, 0x0, 0x0, 0x10, 0x0, 0x0, 0x1, 0x10,
    0x0, 0x56, 0x50, 0x0, 0x0, 0x5, 0xcf, 0xfd,
    0x40, 0x0, 0xf, 0xf1, 0x4e, 0xff, 0xfe, 0x30,
    0x0, 0x3f, 0xd6, 0x6e, 0xf3, 0x0, 0xf, 0xf3,
    0xfb, 0x55, 0xcf, 0xd0, 0x0, 0x8f, 0x50, 0x7,
    0xfa, 0x0, 0xf, 0xfc, 0x80, 0x0, 0xf, 0xf2,
    0x0, 0xaf, 0x40, 0x4, 0xfc, 0x0, 0xf, 0xfc,
    0x0, 0x0, 0xc, 0xf4, 0x0, 0xaf, 0x40, 0x6,
    0xfc, 0x0, 0xf, 0xf4, 0x0, 0x0, 0xc, 0xf4,
    0x0, 0x7f, 0x70, 0x1d, 0xfa, 0x0, 0xf, 0xf1,
    0x0, 0x0, 0xc, 0xf4, 0x1b, 0xcf, 0xeb, 0xef,
    0xff, 0xcb, 0xbf, 0xfb, 0xbb, 0xbb, 0xbe, 0xf4,
    0x2f, 0xff, 0xff, 0xe9, 0x2a, 0xef, 0xff, 0xff,
    0xff, 0xff, 0xff, 0xf4,

    /* U+FCB4 "ﲴ" */
    0x0, 0x0, 0x0, 0x0, 0x0, 0x0, 0x0, 0x0,
    0x8f, 0x20, 0x0, 0x0, 0x0, 0x0, 0x0, 0x0,
    0x0, 0x0, 0x0, 0x9, 0xf3, 0x0, 0x0, 0x0,
    0x0, 0x0, 0x0, 0x0, 0x0, 0x0, 0x0, 0x1,
    0x0, 0x0, 0x0, 0x0, 0x0, 0x0, 0x0, 0x0,
    0x0, 0x0, 0x0, 0x0, 0x0, 0x0, 0x1, 0x9d,
    0xff, 0xb2, 0x0, 0x0, 0x6b, 0x40, 0x5c, 0xff,
    0xb3, 0x0, 0xe, 0xeb, 0xef, 0xd0, 0x0, 0xa,
    0xf6, 0x7f, 0xdb, 0xef, 0xf1, 0x0, 0x20, 0x1,
    0xef, 0x40, 0x0, 0xaf, 0xaf, 0x50, 0x0, 0xdf,
    0x70, 0x0, 0x0, 0x8, 0xf8, 0x0, 0xa, 0xff,
    0x50, 0x0, 0x7, 0xf9, 0x0, 0x0, 0x0, 0x5f,
    0xb0, 0x0, 0xaf, 0xb0, 0x0, 0x0, 0x6f, 0xa0,
    0x0, 0x0, 0x0, 0xff, 0x10, 0xa, 0xf6, 0x0,
    0x0, 0x6, 0xfa, 0x1b, 0xbb, 0xbb, 0xbe, 0xfd,
    0xbb, 0xef, 0xdb, 0xbb, 0xbb, 0xdf, 0xa2, 0xff,
    0xff, 0xff, 0xff, 0xff, 0xff, 0xff, 0xff, 0xff,
    0xff, 0xfa, 0x0, 0x0, 0x0, 0x0, 0x0, 0x0,
    0x0, 0x0, 0x0, 0x0, 0x0, 0x0, 0x0, 0x1,
    0x10, 0x0, 0x0, 0x0, 0x0, 0x0, 0x0, 0x0,
    0x0, 0x0, 0x0, 0xfd, 0x0, 0x0, 0x0, 0x0,
    0x0, 0x0, 0x0, 0x0, 0x0, 0x0, 0xd, 0xb0,
    0x0, 0x0, 0x0, 0x0, 0x0, 0x0, 0x0, 0x0,

    /* U+FCB5 "ﲵ" */
    0x0, 0x0, 0x0, 0x0, 0x0, 0x0, 0x0, 0x0,
    0x8f, 0x20, 0x0, 0x0, 0x0, 0x0, 0x0, 0x0,
    0x0, 0x0, 0x0, 0x9, 0xf3, 0x0, 0x0, 0x0,
    0x0, 0x0, 0x0, 0x0, 0x0, 0x0, 0x0, 0x1,
    0x0, 0x0, 0x0, 0x0, 0x0, 0x0, 0x0, 0x0,
    0x0, 0x0, 0x0, 0x0, 0x0, 0x0, 0x1, 0x9d,
    0xff, 0xb2, 0x0, 0x0, 0x6b, 0x40, 0x5c, 0xff,
    0xb3, 0x0, 0xe, 0xeb, 0xef, 0xd0, 0x0, 0xa,
    0xf6, 0x7f, 0xdb, 0xef, 0xf1, 0x0, 0x20, 0x1,
    0xef, 0x40, 0x0, 0xaf, 0xaf, 0x50, 0x0, 0xdf,
    0x70, 0x0, 0x0, 0x8, 0xf8, 0x0, 0xa, 0xff,
    0x50, 0x0, 0x7, 0xf9, 0x0, 0x0, 0x0, 0x5f,
    0xb0, 0x0, 0xaf, 0xb0, 0x0, 0x0, 0x6f, 0xa0,
    0x0, 0x0, 0x0, 0xff, 0x10, 0xa, 0xf6, 0x0,
    0x0, 0x6, 0xfa, 0x1b, 0xbb, 0xbb, 0xbe, 0xfd,
    0xbb, 0xef, 0xdb, 0xbb, 0xbb, 0xdf, 0xa2, 0xff,
    0xff, 0xff, 0xff, 0xff, 0xff, 0xff, 0xff, 0xff,
    0xff, 0xfa,

    /* U+FCB6 "ﲶ" */
    0x0, 0x7, 0xf2, 0x0, 0x0, 0x0, 0x0, 0x0,
    0x8f, 0x20, 0x0, 0x0, 0x0, 0x9f, 0x30, 0x0,
    0x0, 0x0, 0x0, 0x9, 0xf3, 0x0, 0x0, 0x0,
    0x0, 0x10, 0x0, 0x0, 0x0, 0x0, 0x0, 0x1,
    0x0, 0x0, 0x0, 0x0, 0x0, 0x0, 0x0, 0x0,
    0x0, 0x0, 0x0, 0x0, 0x0, 0x0, 0x1, 0x9d,
    0xff, 0xb2, 0x0, 0x0, 0x6b, 0x40, 0x5c, 0xff,
    0xb3, 0x0, 0xe, 0xeb, 0xef, 0xd0, 0x0, 0xa,
    0xf6, 0x7f, 0xdb, 0xef, 0xf1, 0x0, 0x20, 0x1,
    0xef, 0x40, 0x0, 0xaf, 0xaf, 0x50, 0x0, 0xdf,
    0x70, 0x0, 0x0, 0x8, 0xf8, 0x0, 0xa, 0xff,
    0x50, 0x0, 0x7, 0xf9, 0x0, 0x0, 0x0, 0x5f,
    0xb0, 0x0, 0xaf, 0xb0, 0x0, 0x0, 0x6f, 0xa0,
    0x0, 0x0, 0x0, 0xff, 0x10, 0xa, 0xf6, 0x0,
    0x0, 0x6, 0xfa, 0x1b, 0xbb, 0xbb, 0xbe, 0xfd,
    0xbb, 0xef, 0xdb, 0xbb, 0xbb, 0xdf, 0xa2, 0xff,
    0xff, 0xff, 0xff, 0xff, 0xff, 0xff, 0xff, 0xff,
    0xff, 0xfa,

    /* U+FCB7 "ﲷ" */
    0x0, 0x0, 0x0, 0x0, 0x0, 0x0, 0x0, 0x0,
    0xd, 0xb0, 0x0, 0x0, 0x0, 0x0, 0x0, 0x0,
    0x0, 0x0, 0x0, 0x0, 0xe, 0xd0, 0x0, 0x0,
    0x0, 0x0, 0x0, 0x0, 0x0, 0x0, 0x0, 0x0,
    0x1, 0x10, 0x0, 0x0, 0x0, 0x0, 0x0, 0x10,
    0x0, 0x0, 0x1, 0x10, 0x0, 0x56, 0x50, 0x0,
    0x0, 0x5, 0xcf, 0xfd, 0x40, 0x0, 0xf, 0xf1,
    0x4e, 0xff, 0xfe, 0x30, 0x0, 0x3f, 0xd6, 0x6e,
    0xf3, 0x0, 0xf, 0xf3, 0xfb, 0x55, 0xcf, 0xd0,
    0x0, 0x8f, 0x50, 0x7, 0xfa, 0x0, 0xf, 0xfc,
    0x80, 0x0, 0xf, 0xf2, 0x0, 0xaf, 0x40, 0x4,
    0xfc, 0x0, 0xf, 0xfc, 0x0, 0x0, 0xc, 0xf4,
    0x0, 0xaf, 0x40, 0x6, 0xfc, 0x0, 0xf, 0xf4,
    0x0, 0x0, 0xc, 0xf4, 0x0, 0x7f, 0x70, 0x1d,
    0xfa, 0x0, 0xf, 0xf1, 0x0, 0x0, 0xc, 0xf4,
    0x1b, 0xcf, 0xeb, 0xef, 0xff, 0xcb, 0xbf, 0xfb,
    0xbb, 0xbb, 0xbe, 0xf4, 0x2f, 0xff, 0xff, 0xe9,
    0x2a, 0xef, 0xff, 0xff, 0xff, 0xff, 0xff, 0xf4,

    /* U+FCB8 "ﲸ" */
    0x0, 0x0, 0x0, 0x0, 0x0, 0x0, 0x4f, 0xc0,
    0x0, 0x0, 0x0, 0x0, 0x0, 0x0, 0x0, 0x0,
    0x0, 0x4, 0xfc, 0x0, 0x0, 0x0, 0x0, 0x0,
    0x0, 0x0, 0x0, 0x0, 0x0, 0x4f, 0xc0, 0x0,
    0x0, 0x0, 0x0, 0x0, 0x0, 0x0, 0x0, 0x0,
    0x4, 0xfc, 0x0, 0x0, 0x0, 0x0, 0x1, 0x9d,
    0xff, 0xb2, 0x0, 0x0, 0x4f, 0xc0, 0x2b, 0xff,
    0xd6, 0x0, 0xe, 0xeb, 0xef, 0xd0, 0x0, 0x4,
    0xfc, 0x3f, 0xeb, 0xdf, 0xf5, 0x0, 0x20, 0x1,
    0xef, 0x40, 0x0, 0x4f, 0xcd, 0x90, 0x0, 0x8f,
    0xc0, 0x0, 0x0, 0x8, 0xf8, 0x0, 0x4, 0xff,
    0xa0, 0x0, 0x2, 0xff, 0x0, 0x0, 0x0, 0x5f,
    0xb0, 0x0, 0x4f, 0xf1, 0x0, 0x0, 0x1f, 0xf0,
    0x0, 0x0, 0x0, 0xff, 0x10, 0x4, 0xfc, 0x0,
    0x0, 0x1, 0xff, 0x1b, 0xbb, 0xbb, 0xbe, 0xfd,
    0xbb, 0xcf, 0xeb, 0xbb, 0xbb, 0xbf, 0xf2, 0xff,
    0xff, 0xff, 0xff, 0xff, 0xff, 0xff, 0xff, 0xff,
    0xff, 0xff,

    /* U+FCB9 "ﲹ" */
    0x0, 0x0, 0x0, 0x0, 0x0, 0x0, 0xa, 0xf6,
    0x0, 0x5f, 0x50, 0x0, 0x0, 0x0, 0x0, 0x0,
    0x0, 0x0, 0xa, 0xf6, 0x0, 0x5e, 0x40, 0x0,
    0x0, 0x0, 0x0, 0x0, 0x0, 0x0, 0xa, 0xf6,
    0x0, 0x0, 0x0, 0x0, 0x0, 0x0, 0x0, 0x0,
    0x0, 0x0, 0xa, 0xf6, 0x0, 0x0, 0x0, 0x0,
    0x0, 0x4, 0xbf, 0xfc, 0x30, 0x0, 0xa, 0xf6,
    0x5, 0xdf, 0xfb, 0x20, 0x0, 0x3f, 0xfd, 0xcf,
    0xf2, 0x0, 0xa, 0xf6, 0x8f, 0xdc, 0xef, 0xe1,
    0x0, 0x8f, 0x70, 0x9, 0xf9, 0x0, 0xa, 0xfa,
    0xf4, 0x0, 0x1d, 0xf6, 0x0, 0xaf, 0x40, 0x4,
    0xfc, 0x0, 0xa, 0xff, 0x40, 0x0, 0x7, 0xf9,
    0x0, 0xaf, 0x40, 0x5, 0xfc, 0x0, 0xa, 0xfa,
    0x0, 0x0, 0x6, 0xfa, 0x0, 0x7f, 0x70, 0xc,
    0xfa, 0x0, 0xa, 0xf6, 0x0, 0x0, 0x6, 0xfa,
    0x1b, 0xcf, 0xeb, 0xef, 0xff, 0xcb, 0xbe, 0xfd,
    0xbb, 0xbb, 0xbd, 0xfa, 0x2f, 0xff, 0xff, 0xe9,
    0x2a, 0xef, 0xff, 0xff, 0xff, 0xff, 0xff, 0xfa,

    /* U+FCBA "ﲺ" */
    0x1, 0x9d, 0xff, 0xb2, 0x0, 0x0, 0x6, 0xdf,
    0xfc, 0x30, 0xe, 0xdb, 0xef, 0xd0, 0x0, 0x9,
    0xff, 0xbc, 0xf1, 0x0, 0x10, 0x0, 0xef, 0x40,
    0x1, 0xff, 0x20, 0x0, 0x0, 0x0, 0x0, 0x8,
    0xf8, 0x0, 0x4f, 0xc0, 0x0, 0x0, 0x0, 0x0,
    0x0, 0x5f, 0xb0, 0x3, 0xfc, 0x0, 0x0, 0x0,
    0x0, 0x0, 0x0, 0xff, 0x10, 0xd, 0xf3, 0x0,
    0x0, 0x1b, 0xbb, 0xbb, 0xbe, 0xfd, 0xbb, 0xcf,
    0xfb, 0xbb, 0x72, 0xff, 0xff, 0xff, 0xff, 0xff,
    0xff, 0xff, 0xff, 0xfa, 0x0, 0x0, 0x0, 0x0,
    0x0, 0x0, 0x0, 0x0, 0x0, 0x0, 0x0, 0x1,
    0x10, 0x0, 0x0, 0x0, 0x0, 0x0, 0x0, 0x0,
    0x0, 0xfd, 0x0, 0x0, 0x0, 0x0, 0x0, 0x0,
    0x0, 0x0, 0xd, 0xb0, 0x0, 0x0, 0x0, 0x0,
    0x0, 0x0,

    /* U+FCBB "ﲻ" */
    0x0, 0x4, 0xbf, 0xfc, 0x30, 0x0, 0x1, 0x9e,
    0xfe, 0xb0, 0x0, 0x3f, 0xfc, 0xcf, 0xf2, 0x0,
    0x1d, 0xfd, 0xbd, 0xb0, 0x0, 0x8f, 0x70, 0x9,
    0xf9, 0x0, 0x7f, 0xb0, 0x0, 0x0, 0x0, 0xaf,
    0x40, 0x4, 0xfc, 0x0, 0xaf, 0x60, 0x0, 0x0,
    0x0, 0xaf, 0x40, 0x5, 0xfc, 0x0, 0x9f, 0x60,
    0x0, 0x0, 0x0, 0x7f, 0x70, 0xc, 0xfa, 0x0,
    0x3f, 0xc0, 0x0, 0x0, 0x1b, 0xcf, 0xeb, 0xef,
    0xff, 0xcb, 0xbe, 0xfe, 0xbb, 0xb3, 0x2f, 0xff,
    0xff, 0xe9, 0x2a, 0xef, 0xff, 0xff, 0xff, 0xf4,

    /* U+FCBC "ﲼ" */
    0x0, 0x0, 0x0, 0x0, 0x0, 0x0, 0x0, 0xdb,
    0x0, 0x0, 0x0, 0x0, 0x0, 0x0, 0x0, 0x0,
    0xf, 0xd0, 0x0, 0x0, 0x0, 0x0, 0x0, 0x0,
    0x0, 0x0, 0x11, 0x0, 0x0, 0x0, 0x0, 0x0,
    0x0, 0x0, 0x0, 0x0, 0x0, 0x0, 0x1, 0x9d,
    0xff, 0xb2, 0x0, 0x0, 0x6, 0xdf, 0xfc, 0x30,
    0xe, 0xdb, 0xef, 0xd0, 0x0, 0x9, 0xff, 0xbc,
    0xf1, 0x0, 0x10, 0x0, 0xef, 0x40, 0x1, 0xff,
    0x20, 0x0, 0x0, 0x0, 0x0, 0x8, 0xf8, 0x0,
    0x4f, 0xc0, 0x0, 0x0, 0x0, 0x0, 0x0, 0x5f,
    0xb0, 0x3, 0xfc, 0x0, 0x0, 0x0, 0x0, 0x0,
    0x0, 0xff, 0x10, 0xd, 0xf3, 0x0, 0x0, 0x1b,
    0xbb, 0xbb, 0xbe, 0xfd, 0xbb, 0xcf, 0xfb, 0xbb,
    0x72, 0xff, 0xff, 0xff, 0xff, 0xff, 0xff, 0xff,
    0xff, 0xfa, 0x0, 0x0, 0x0, 0x0, 0x0, 0x0,
    0x0, 0x0, 0x0, 0x0, 0x0, 0x1, 0x10, 0x0,
    0x0, 0x0, 0x0, 0x0, 0x0, 0x0, 0x0, 0xfd,
    0x0, 0x0, 0x0, 0x0, 0x0, 0x0, 0x0, 0x0,
    0xd, 0xb0, 0x0, 0x0, 0x0, 0x0, 0x0, 0x0,

    /* U+FCBD "ﲽ" */
    0x0, 0x0, 0x0, 0x0, 0x0, 0x0, 0x0, 0x3f,
    0x60, 0x0, 0x0, 0x0, 0x0, 0x0, 0x0, 0x0,
    0x0, 0x5f, 0x70, 0x0, 0x0, 0x0, 0x0, 0x0,
    0x0, 0x0, 0x0, 0x2, 0x0, 0x0, 0x0, 0x0,
    0x0, 0x0, 0x0, 0x0, 0x0, 0x0, 0x0, 0x0,
    0x0, 0x4, 0xbf, 0xfc, 0x30, 0x0, 0x1, 0x9e,
    0xfe, 0xb0, 0x0, 0x3f, 0xfc, 0xcf, 0xf2, 0x0,
    0x1d, 0xfd, 0xbd, 0xb0, 0x0, 0x8f, 0x70, 0x9,
    0xf9, 0x0, 0x7f, 0xb0, 0x0, 0x0, 0x0, 0xaf,
    0x40, 0x4, 0xfc, 0x0, 0xaf, 0x60, 0x0, 0x0,
    0x0, 0xaf, 0x40, 0x5, 0xfc, 0x0, 0x9f, 0x60,
    0x0, 0x0, 0x0, 0x7f, 0x70, 0xc, 0xfa, 0x0,
    0x3f, 0xc0, 0x0, 0x0, 0x1b, 0xcf, 0xeb, 0xef,
    0xff, 0xcb, 0xbe, 0xfe, 0xbb, 0xb3, 0x2f, 0xff,
    0xff, 0xe9, 0x2a, 0xef, 0xff, 0xff, 0xff, 0xf4,

    /* U+FCBE "ﲾ" */
    0x0, 0x0, 0x0, 0x0, 0x0, 0x0, 0x0, 0x7f,
    0x30, 0x0, 0x0, 0x0, 0x0, 0x0, 0x0, 0x0,
    0x0, 0x8f, 0x40, 0x0, 0x0, 0x0, 0x0, 0x0,
    0x0, 0x0, 0x0, 0x2, 0x0, 0x0, 0x0, 0x0,
    0x0, 0x0, 0x0, 0x0, 0x0, 0x0, 0x0, 0x0,
    0x1, 0xae, 0xff, 0xb2, 0x0, 0x0, 0x2, 0xae,
    0xff, 0xf3, 0x0, 0xed, 0xbe, 0xfd, 0x0, 0x0,
    0x2f, 0xfe, 0xbf, 0xf3, 0x0, 0x0, 0x0, 0xef,
    0x40, 0x0, 0xbf, 0xa0, 0xd, 0xf3, 0x0, 0x0,
    0x0, 0x8f, 0x80, 0x0, 0xef, 0x30, 0xd, 0xf3,
    0x0, 0x0, 0x0, 0x5f, 0xb0, 0x0, 0xef, 0x20,
    0xd, 0xf3, 0x0, 0x0, 0x0, 0xf, 0xf1, 0x0,
    0xaf, 0x80, 0xd, 0xf3, 0x1b, 0xbb, 0xbb, 0xbe,
    0xfd, 0xbb, 0xcf, 0xfd, 0xbf, 0xf3, 0x2f, 0xff,
    0xff, 0xff, 0xff, 0xff, 0xff, 0xff, 0xff, 0xf3,
    0x0, 0x0, 0x0, 0x0, 0x0, 0x0, 0x0, 0x0,
    0x0, 0x0, 0x0, 0x0, 0x11, 0x0, 0x0, 0x0,
    0x0, 0x0, 0x0, 0x0, 0x0, 0x0, 0xfd, 0x0,
    0x0, 0x0, 0x0, 0x0, 0x0, 0x0, 0x0, 0x0,
    0xdb, 0x0, 0x0, 0x0, 0x0, 0x0, 0x0, 0x0,

    /* U+FCBF "ﲿ" */
    0x0, 0x0, 0x0, 0x0, 0x0, 0x0, 0x0, 0x7f,
    0x30, 0x0, 0x0, 0x0, 0x0, 0x0, 0x0, 0x0,
    0x0, 0x8f, 0x40, 0x0, 0x0, 0x0, 0x0, 0x0,
    0x0, 0x0, 0x0, 0x2, 0x0, 0x0, 0x0, 0x0,
    0x0, 0x0, 0x0, 0x0, 0x0, 0x0, 0x0, 0x0,
    0x1, 0xae, 0xff, 0xb2, 0x0, 0x0, 0x2, 0xae,
    0xff, 0xf3, 0x0, 0xed, 0xbe, 0xfd, 0x0, 0x0,
    0x2f, 0xfe, 0xbf, 0xf3, 0x0, 0x0, 0x0, 0xef,
    0x40, 0x0, 0xbf, 0xa0, 0xd, 0xf3, 0x0, 0x0,
    0x0, 0x8f, 0x80, 0x0, 0xef, 0x30, 0xd, 0xf3,
    0x0, 0x0, 0x0, 0x5f, 0xb0, 0x0, 0xef, 0x20,
    0xd, 0xf3, 0x0, 0x0, 0x0, 0xf, 0xf1, 0x0,
    0xaf, 0x80, 0xd, 0xf3, 0x1b, 0xbb, 0xbb, 0xbe,
    0xfd, 0xbb, 0xcf, 0xfd, 0xbf, 0xf3, 0x2f, 0xff,
    0xff, 0xff, 0xff, 0xff, 0xff, 0xff, 0xff, 0xf3,

    /* U+FCC0 "ﳀ" */
    0x0, 0x7, 0xf2, 0x0, 0x0, 0x0, 0x0, 0x7f,
    0x30, 0x0, 0x0, 0x9, 0xf3, 0x0, 0x0, 0x0,
    0x0, 0x8f, 0x40, 0x0, 0x0, 0x0, 0x10, 0x0,
    0x0, 0x0, 0x0, 0x2, 0x0, 0x0, 0x0, 0x0,
    0x0, 0x0, 0x0, 0x0, 0x0, 0x0, 0x0, 0x0,
    0x1, 0xae, 0xff, 0xb2, 0x0, 0x0, 0x2, 0xae,
    0xff, 0xf3, 0x0, 0xed, 0xbe, 0xfd, 0x0, 0x0,
    0x2f, 0xfe, 0xbf, 0xf3, 0x0, 0x0, 0x0, 0xef,
    0x40, 0x0, 0xbf, 0xa0, 0xd, 0xf3, 0x0, 0x0,
    0x0, 0x8f, 0x80, 0x0, 0xef, 0x30, 0xd, 0xf3,
    0x0, 0x0, 0x0, 0x5f, 0xb0, 0x0, 0xef, 0x20,
    0xd, 0xf3, 0x0, 0x0, 0x0, 0xf, 0xf1, 0x0,
    0xaf, 0x80, 0xd, 0xf3, 0x1b, 0xbb, 0xbb, 0xbe,
    0xfd, 0xbb, 0xcf, 0xfd, 0xbf, 0xf3, 0x2f, 0xff,
    0xff, 0xff, 0xff, 0xff, 0xff, 0xff, 0xff, 0xf3,

    /* U+FCC1 "ﳁ" */
    0x0, 0x0, 0x0, 0x0, 0x0, 0x0, 0x0, 0xc,
    0xd0, 0x0, 0x0, 0x0, 0x0, 0x0, 0x0, 0x0,
    0x0, 0xe, 0xe0, 0x0, 0x0, 0x0, 0x0, 0x0,
    0x0, 0x0, 0x0, 0x1, 0x10, 0x0, 0x0, 0x0,
    0x0, 0x0, 0x0, 0x0, 0x0, 0x0, 0x0, 0x0,
    0x0, 0x4, 0xbf, 0xfc, 0x30, 0x0, 0x0, 0x5c,
    0xff, 0xfd, 0x0, 0x3f, 0xfc, 0xcf, 0xf2, 0x0,
    0x7, 0xff, 0xcc, 0xfd, 0x0, 0x8f, 0x70, 0x9,
    0xf9, 0x0, 0x1f, 0xf5, 0x3, 0xfd, 0x0, 0xaf,
    0x40, 0x4, 0xfc, 0x0, 0x4f, 0xd0, 0x3, 0xfd,
    0x0, 0xaf, 0x40, 0x5, 0xfc, 0x0, 0x4f, 0xd0,
    0x3, 0xfd, 0x0, 0x7f, 0x70, 0xc, 0xfa, 0x0,
    0x1f, 0xf3, 0x3, 0xfd, 0x1b, 0xcf, 0xeb, 0xef,
    0xff, 0xcb, 0xbe, 0xff, 0xcc, 0xfd, 0x2f, 0xff,
    0xff, 0xe9, 0x2a, 0xef, 0xff, 0xff, 0xff, 0xfd,

    /* U+FCC2 "ﳂ" */
    0x0, 0x0, 0x0, 0x0, 0x0, 0x0, 0xb, 0xd1,
    0xe9, 0x0, 0x0, 0x0, 0x0, 0x0, 0x0, 0x0,
    0xd, 0xf2, 0xfb, 0x0, 0x0, 0x0, 0x0, 0x0,
    0x0, 0x0, 0x1, 0x10, 0x10, 0x0, 0x0, 0x0,
    0x0, 0x0, 0x0, 0x0, 0x0, 0x0, 0x0, 0x0,
    0x1, 0xae, 0xff, 0xb2, 0x0, 0x0, 0x2, 0xae,
    0xff, 0xf3, 0x0, 0xed, 0xbe, 0xfd, 0x0, 0x0,
    0x2f, 0xfe, 0xbf, 0xf3, 0x0, 0x0, 0x0, 0xef,
    0x40, 0x0, 0xbf, 0xa0, 0xd, 0xf3, 0x0, 0x0,
    0x0, 0x8f, 0x80, 0x0, 0xef, 0x30, 0xd, 0xf3,
    0x0, 0x0, 0x0, 0x5f, 0xb0, 0x0, 0xef, 0x20,
    0xd, 0xf3, 0x0, 0x0, 0x0, 0xf, 0xf1, 0x0,
    0xaf, 0x80, 0xd, 0xf3, 0x1b, 0xbb, 0xbb, 0xbe,
    0xfd, 0xbb, 0xcf, 0xfd, 0xbf, 0xf3, 0x2f, 0xff,
    0xff, 0xff, 0xff, 0xff, 0xff, 0xff, 0xff, 0xf3,

    /* U+FCC3 "ﳃ" */
    0x0, 0x0, 0x0, 0x0, 0x0, 0x0, 0x2, 0xf8,
    0x5f, 0x40, 0x0, 0x0, 0x0, 0x0, 0x0, 0x0,
    0x3, 0xf9, 0x7f, 0x50, 0x0, 0x0, 0x0, 0x0,
    0x0, 0x0, 0x0, 0x10, 0x2, 0x0, 0x0, 0x0,
    0x0, 0x0, 0x0, 0x0, 0x0, 0x0, 0x0, 0x0,
    0x0, 0x4, 0xbf, 0xfc, 0x30, 0x0, 0x0, 0x5c,
    0xff, 0xfd, 0x0, 0x3f, 0xfc, 0xcf, 0xf2, 0x0,
    0x7, 0xff, 0xcc, 0xfd, 0x0, 0x8f, 0x70, 0x9,
    0xf9, 0x0, 0x1f, 0xf5, 0x3, 0xfd, 0x0, 0xaf,
    0x40, 0x4, 0xfc, 0x0, 0x4f, 0xd0, 0x3, 0xfd,
    0x0, 0xaf, 0x40, 0x5, 0xfc, 0x0, 0x4f, 0xd0,
    0x3, 0xfd, 0x0, 0x7f, 0x70, 0xc, 0xfa, 0x0,
    0x1f, 0xf3, 0x3, 0xfd, 0x1b, 0xcf, 0xeb, 0xef,
    0xff, 0xcb, 0xbe, 0xff, 0xcc, 0xfd, 0x2f, 0xff,
    0xff, 0xe9, 0x2a, 0xef, 0xff, 0xff, 0xff, 0xfd,

    /* U+FCC4 "ﳄ" */
    0x0, 0x0, 0x0, 0x0, 0x0, 0x0, 0x0, 0x0,
    0x0, 0x0, 0x0, 0x0, 0x0, 0x0, 0x0, 0x0,
    0x0, 0x3c, 0x90, 0x0, 0x0, 0x0, 0x0, 0x0,
    0x0, 0x0, 0x8f, 0xfe, 0x0, 0x0, 0x0, 0x0,
    0x0, 0x0, 0x0, 0xaf, 0xf6, 0x0, 0x0, 0x0,
    0x0, 0x0, 0x0, 0x0, 0x8f, 0xd2, 0x0, 0x0,
    0x0, 0x0, 0x0, 0x0, 0x0, 0x3f, 0xe1, 0x0,
    0x0, 0x0, 0x7d, 0xff, 0xb2, 0x0, 0x7, 0xff,
    0xfe, 0xc5, 0x0, 0x1f, 0xeb, 0xef, 0xd0, 0x0,
    0x5b, 0xbb, 0xdf, 0xf6, 0x0, 0x30, 0x0, 0xef,
    0x40, 0x0, 0x0, 0x0, 0x8f, 0xd0, 0x0, 0x0,
    0x8, 0xf8, 0x0, 0x0, 0x0, 0x2, 0xfe, 0x0,
    0x0, 0x0, 0x5f, 0xb0, 0x0, 0x0, 0x0, 0x1f,
    0xf0, 0x0, 0x0, 0x0, 0xff, 0x10, 0x0, 0x0,
    0x1, 0xff, 0x1b, 0xbb, 0xbb, 0xbe, 0xfd, 0xbb,
    0xbb, 0xbb, 0xbf, 0xf2, 0xff, 0xff, 0xff, 0xff,
    0xff, 0xff, 0xff, 0xff, 0xff, 0x0, 0x0, 0x0,
    0x0, 0x0, 0x0, 0x0, 0x0, 0x0, 0x0, 0x0,
    0x1, 0x10, 0x0, 0x0, 0x0, 0x0, 0x0, 0x0,
    0x0, 0x0, 0xfd, 0x0, 0x0, 0x0, 0x0, 0x0,
    0x0, 0x0, 0x0, 0xd, 0xb0, 0x0, 0x0, 0x0,
    0x0, 0x0, 0x0,

    /* U+FCC5 "ﳅ" */
    0x0, 0x0, 0x0, 0x0, 0x0, 0x0, 0x0, 0x0,
    0x0, 0x0, 0x0, 0x0, 0x0, 0x0, 0x0, 0x0,
    0x0, 0x3c, 0x90, 0x0, 0x0, 0x0, 0x0, 0x0,
    0x0, 0x0, 0x8f, 0xfe, 0x0, 0x0, 0x0, 0x0,
    0x0, 0x0, 0x0, 0xaf, 0xf6, 0x0, 0x0, 0x0,
    0x0, 0x0, 0x0, 0x0, 0x8f, 0xd2, 0x0, 0x0,
    0x0, 0x0, 0x0, 0x0, 0x0, 0x3f, 0xe1, 0x0,
    0x0, 0x0, 0x7d, 0xff, 0xb2, 0x0, 0x7, 0xff,
    0xfe, 0xc5, 0x0, 0x1f, 0xeb, 0xef, 0xd0, 0x0,
    0x5b, 0xbb, 0xdf, 0xf6, 0x0, 0x30, 0x0, 0xef,
    0x40, 0x0, 0x0, 0x0, 0x8f, 0xd0, 0x0, 0x0,
    0x8, 0xf8, 0x0, 0x0, 0x0, 0x2, 0xfe, 0x0,
    0x0, 0x0, 0x5f, 0xb0, 0x0, 0x0, 0x0, 0x1f,
    0xf0, 0x0, 0x0, 0x0, 0xff, 0x10, 0x0, 0x0,
    0x1, 0xff, 0x1b, 0xbb, 0xbb, 0xbe, 0xfd, 0xbb,
    0xbb, 0xbb, 0xbf, 0xf2, 0xff, 0xff, 0xff, 0xff,
    0xff, 0xff, 0xff, 0xff, 0xff,

    /* U+FCC6 "ﳆ" */
    0x0, 0x0, 0x0, 0x0, 0x0, 0x0, 0x0, 0x0,
    0x1, 0x0, 0x0, 0x0, 0x0, 0x0, 0x0, 0x0,
    0x0, 0x5d, 0xa0, 0x0, 0x7, 0xf2, 0x0, 0x0,
    0x0, 0x0, 0xaf, 0xfc, 0x0, 0x0, 0x9f, 0x30,
    0x0, 0x0, 0x0, 0xbf, 0xe5, 0x0, 0x0, 0x0,
    0x10, 0x0, 0x0, 0x0, 0x8f, 0xc1, 0x0, 0x0,
    0x0, 0x0, 0x0, 0x0, 0x0, 0x3f, 0xd1, 0x0,
    0x0, 0x0, 0x7d, 0xff, 0xb2, 0x0, 0x7, 0xff,
    0xfe, 0xc5, 0x0, 0x1f, 0xeb, 0xef, 0xd0, 0x0,
    0x5b, 0xbb, 0xdf, 0xf6, 0x0, 0x30, 0x0, 0xef,
    0x40, 0x0, 0x0, 0x0, 0x8f, 0xd0, 0x0, 0x0,
    0x8, 0xf8, 0x0, 0x0, 0x0, 0x2, 0xfe, 0x0,
    0x0, 0x0, 0x5f, 0xb0, 0x0, 0x0, 0x0, 0x1f,
    0xf0, 0x0, 0x0, 0x0, 0xff, 0x10, 0x0, 0x0,
    0x1, 0xff, 0x1b, 0xbb, 0xbb, 0xbe, 0xfd, 0xbb,
    0xbb, 0xbb, 0xbf, 0xf2, 0xff, 0xff, 0xff, 0xff,
    0xff, 0xff, 0xff, 0xff, 0xff,

    /* U+FCC7 "ﳇ" */
    0x0, 0x0, 0x0, 0x0, 0x0, 0x0, 0x0, 0x0,
    0x0, 0x0, 0x0, 0x0, 0x0, 0x1, 0x9f, 0x10,
    0x0, 0xf, 0xf0, 0x0, 0x0, 0x3e, 0xff, 0x50,
    0x0, 0xf, 0xf0, 0x0, 0x4, 0xff, 0xa2, 0x0,
    0x0, 0xf, 0xf0, 0x0, 0x2f, 0xf6, 0x0, 0x0,
    0x0, 0xf, 0xf0, 0x0, 0xbf, 0x60, 0x0, 0x0,
    0x0, 0xf, 0xf0, 0x0, 0xff, 0xff, 0xd9, 0x10,
    0x0, 0xf, 0xf0, 0x0, 0xbb, 0xbc, 0xff, 0xd0,
    0x0, 0xf, 0xf0, 0x0, 0x0, 0x0, 0x2e, 0xf4,
    0x0, 0xf, 0xf0, 0x0, 0x0, 0x0, 0xa, 0xf6,
    0x0, 0xf, 0xf0, 0x0, 0x0, 0x0, 0xa, 0xf6,
    0x0, 0xf, 0xf0, 0x0, 0x0, 0x0, 0xa, 0xf6,
    0x1b, 0xbf, 0xfb, 0xbb, 0xbb, 0xbb, 0xbe, 0xf6,
    0x2f, 0xff, 0xff, 0xff, 0xff, 0xff, 0xff, 0xf6,

    /* U+FCC8 "ﳈ" */
    0x0, 0x0, 0x0, 0x0, 0x0, 0x0, 0x0, 0x0,
    0x0, 0x0, 0x0, 0x0, 0x0, 0x0, 0x0, 0x0,
    0x0, 0x0, 0x7e, 0x40, 0x0, 0x0, 0x0, 0x0,
    0x0, 0x0, 0x0, 0x1c, 0xff, 0x80, 0x0, 0x0,
    0x0, 0x0, 0x0, 0x0, 0x2, 0xef, 0xc3, 0x0,
    0x0, 0x0, 0x0, 0x0, 0x0, 0x0, 0xd, 0xf9,
    0x0, 0x0, 0x0, 0x0, 0x0, 0x0, 0x0, 0x0,
    0x8f, 0x90, 0x0, 0x0, 0x0, 0x1, 0x6a, 0xa7,
    0x10, 0x0, 0xdf, 0xff, 0xea, 0x20, 0x0, 0x1e,
    0xff, 0xff, 0xd1, 0x0, 0x9b, 0xbb, 0xff, 0xe1,
    0x0, 0x7f, 0xa1, 0x1c, 0xf8, 0x0, 0x0, 0x0,
    0x1d, 0xf7, 0x0, 0xaf, 0x40, 0x5, 0xfc, 0x0,
    0x0, 0x0, 0x8, 0xf9, 0x0, 0xaf, 0x40, 0x5,
    0xfc, 0x0, 0x0, 0x0, 0x7, 0xf9, 0x0, 0x7f,
    0x70, 0xc, 0xfa, 0x0, 0x0, 0x0, 0x7, 0xf9,
    0x1b, 0xcf, 0xeb, 0xef, 0xff, 0xcb, 0xbb, 0xbb,
    0xbd, 0xf9, 0x2f, 0xff, 0xff, 0xe9, 0x2a, 0xef,
    0xff, 0xff, 0xff, 0xf9,

    /* U+FCC9 "ﳉ" */
    0x0, 0x0, 0x0, 0x0, 0x0, 0x0, 0x8f, 0x90,
    0x0, 0x0, 0x0, 0x0, 0x0, 0x8, 0xf9, 0x0,
    0x0, 0x0, 0x0, 0x0, 0x0, 0x8f, 0x90, 0x0,
    0x0, 0x0, 0x0, 0x0, 0x8, 0xf9, 0x1, 0x9d,
    0xff, 0xb2, 0x0, 0x0, 0x8f, 0x90, 0xe, 0xdb,
    0xef, 0xd0, 0x0, 0x8, 0xf9, 0x0, 0x10, 0x0,
    0xef, 0x40, 0x0, 0x8f, 0x90, 0x0, 0x0, 0x8,
    0xf8, 0x0, 0x8, 0xf9, 0x0, 0x0, 0x0, 0x5f,
    0xb0, 0x0, 0x8f, 0x90, 0x0, 0x0, 0x0, 0xff,
    0x10, 0x8, 0xf9, 0x1b, 0xbb, 0xbb, 0xbe, 0xfd,
    0xbb, 0xdf, 0x92, 0xff, 0xff, 0xff, 0xff, 0xff,
    0xff, 0xf9, 0x0, 0x0, 0x0, 0x0, 0x0, 0x0,
    0x0, 0x0, 0x0, 0x1, 0x10, 0x0, 0x0, 0x0,
    0x0, 0x0, 0x0, 0xfd, 0x0, 0x0, 0x0, 0x0,
    0x0, 0x0, 0xd, 0xb0, 0x0, 0x0, 0x0, 0x0,

    /* U+FCCA "ﳊ" */
    0x0, 0x0, 0x0, 0x0, 0x0, 0x0, 0x8f, 0x90,
    0x0, 0x0, 0x0, 0x0, 0x0, 0x8, 0xf9, 0x0,
    0x0, 0x0, 0x0, 0x0, 0x0, 0x8f, 0x90, 0x0,
    0x0, 0x0, 0x0, 0x0, 0x8, 0xf9, 0x1, 0x9d,
    0xff, 0xb2, 0x0, 0x0, 0x8f, 0x90, 0xe, 0xdb,
    0xef, 0xd0, 0x0, 0x8, 0xf9, 0x0, 0x10, 0x0,
    0xef, 0x40, 0x0, 0x8f, 0x90, 0x0, 0x0, 0x8,
    0xf8, 0x0, 0x8, 0xf9, 0x0, 0x0, 0x0, 0x5f,
    0xb0, 0x0, 0x8f, 0x90, 0x0, 0x0, 0x0, 0xff,
    0x10, 0x8, 0xf9, 0x1b, 0xbb, 0xbb, 0xbe, 0xfd,
    0xbb, 0xdf, 0x92, 0xff, 0xff, 0xff, 0xff, 0xff,
    0xff, 0xf9,

    /* U+FCCB "ﳋ" */
    0x0, 0x7, 0xf2, 0x0, 0x0, 0x0, 0x8f, 0x90,
    0x0, 0xaf, 0x30, 0x0, 0x0, 0x8, 0xf9, 0x0,
    0x0, 0x30, 0x0, 0x0, 0x0, 0x8f, 0x90, 0x0,
    0x0, 0x0, 0x0, 0x0, 0x8, 0xf9, 0x1, 0x9d,
    0xff, 0xb2, 0x0, 0x0, 0x8f, 0x90, 0xe, 0xdb,
    0xef, 0xd0, 0x0, 0x8, 0xf9, 0x0, 0x10, 0x0,
    0xef, 0x40, 0x0, 0x8f, 0x90, 0x0, 0x0, 0x8,
    0xf8, 0x0, 0x8, 0xf9, 0x0, 0x0, 0x0, 0x5f,
    0xb0, 0x0, 0x8f, 0x90, 0x0, 0x0, 0x0, 0xff,
    0x10, 0x8, 0xf9, 0x1b, 0xbb, 0xbb, 0xbe, 0xfd,
    0xbb, 0xdf, 0x92, 0xff, 0xff, 0xff, 0xff, 0xff,
    0xff, 0xf9,

    /* U+FCCC "ﳌ" */
    0x0, 0x0, 0x0, 0x0, 0x0, 0x0, 0xd, 0xf3,
    0x0, 0x0, 0x0, 0x0, 0x0, 0x0, 0xd, 0xf3,
    0x0, 0x0, 0x0, 0x0, 0x0, 0x0, 0xd, 0xf3,
    0x0, 0x0, 0x0, 0x0, 0x0, 0x0, 0xd, 0xf3,
    0x0, 0x1, 0x6a, 0xa7, 0x10, 0x0, 0xd, 0xf3,
    0x0, 0x1e, 0xff, 0xff, 0xd1, 0x0, 0xd, 0xf3,
    0x0, 0x7f, 0xa1, 0x1c, 0xf8, 0x0, 0xd, 0xf3,
    0x0, 0xaf, 0x40, 0x5, 0xfc, 0x0, 0xd, 0xf3,
    0x0, 0xaf, 0x40, 0x5, 0xfc, 0x0, 0xd, 0xf3,
    0x0, 0x7f, 0x70, 0xc, 0xfa, 0x0, 0xd, 0xf3,
    0x1b, 0xcf, 0xeb, 0xef, 0xff, 0xcb, 0xbf, 0xf3,
    0x2f, 0xff, 0xff, 0xe9, 0x2a, 0xef, 0xff, 0xf3,

    /* U+FCCD "ﳍ" */
    0x0, 0x0, 0x0, 0x0, 0x0, 0x0, 0x0, 0x0,
    0xc, 0xf5, 0x0, 0x2, 0x69, 0xbb, 0xa7, 0x20,
    0x0, 0x0, 0xc, 0xf5, 0x0, 0x9, 0xff, 0xff,
    0xff, 0xf7, 0x0, 0x0, 0xc, 0xf5, 0x0, 0x3,
    0x72, 0x0, 0x17, 0xff, 0x60, 0x0, 0xc, 0xf5,
    0x0, 0x0, 0x0, 0x0, 0x0, 0x6f, 0xe0, 0x0,
    0xc, 0xf5, 0x0, 0x5, 0xcf, 0xe9, 0x0, 0xe,
    0xf3, 0x0, 0xc, 0xf5, 0x0, 0x4f, 0xfd, 0xff,
    0xa0, 0xb, 0xf5, 0x0, 0xc, 0xf5, 0x0, 0xbf,
    0x80, 0x2f, 0xf0, 0xb, 0xf5, 0x0, 0xc, 0xf5,
    0x0, 0xcf, 0x40, 0xe, 0xf2, 0xb, 0xf5, 0x0,
    0xc, 0xf5, 0x0, 0x8f, 0xa0, 0xe, 0xf2, 0xb,
    0xf5, 0x0, 0xc, 0xf5, 0x1b, 0xbf, 0xfd, 0xbf,
    0xfb, 0xbe, 0xfc, 0xbb, 0xbe, 0xf5, 0x2f, 0xff,
    0xff, 0xff, 0xff, 0xff, 0xff, 0xff, 0xff, 0xf5,

    /* U+FCCE "ﳎ" */
    0x0, 0x69, 0xaa, 0x60, 0x0, 0x0, 0x3, 0x8a,
    0x94, 0x0, 0x0, 0xff, 0xff, 0xfb, 0x0, 0x0,
    0x7f, 0xff, 0xff, 0x70, 0x0, 0x31, 0x3, 0xff,
    0x30, 0x0, 0xef, 0x40, 0x4f, 0xf1, 0x0, 0x0,
    0x0, 0x9f, 0x70, 0x1, 0xfd, 0x0, 0xc, 0xf5,
    0x0, 0x0, 0x0, 0x5f, 0xb0, 0x1, 0xfd, 0x0,
    0xc, 0xf5, 0x0, 0x0, 0x0, 0x1f, 0xf1, 0x0,
    0xef, 0x0, 0x4f, 0xf1, 0x1b, 0xbb, 0xbb, 0xbe,
    0xfd, 0xbb, 0xef, 0xcc, 0xff, 0x80, 0x2f, 0xff,
    0xff, 0xff, 0xff, 0xff, 0xff, 0xff, 0xd6, 0x0,
    0x0, 0x0, 0x0, 0x0, 0x0, 0x0, 0x0, 0x0,
    0x0, 0x0, 0x0, 0x0, 0x11, 0x0, 0x0, 0x0,
    0x0, 0x0, 0x0, 0x0, 0x0, 0x0, 0xfd, 0x0,
    0x0, 0x0, 0x0, 0x0, 0x0, 0x0, 0x0, 0x0,
    0xdb, 0x0, 0x0, 0x0, 0x0, 0x0, 0x0, 0x0,

    /* U+FCCF "ﳏ" */
    0x0, 0x69, 0xaa, 0x60, 0x0, 0x0, 0x3, 0x8a,
    0x94, 0x0, 0x0, 0xff, 0xff, 0xfb, 0x0, 0x0,
    0x7f, 0xff, 0xff, 0x70, 0x0, 0x31, 0x3, 0xff,
    0x30, 0x0, 0xef, 0x40, 0x4f, 0xf1, 0x0, 0x0,
    0x0, 0x9f, 0x70, 0x1, 0xfd, 0x0, 0xc, 0xf5,
    0x0, 0x0, 0x0, 0x5f, 0xb0, 0x1, 0xfd, 0x0,
    0xc, 0xf5, 0x0, 0x0, 0x0, 0x1f, 0xf1, 0x0,
    0xef, 0x0, 0x4f, 0xf1, 0x1b, 0xbb, 0xbb, 0xbe,
    0xfd, 0xbb, 0xef, 0xcc, 0xff, 0x80, 0x2f, 0xff,
    0xff, 0xff, 0xff, 0xff, 0xff, 0xff, 0xd6, 0x0,

    /* U+FCD0 "ﳐ" */
    0x0, 0x7, 0xf2, 0x0, 0x0, 0x0, 0x0, 0x0,
    0x0, 0x0, 0x0, 0x9, 0xf3, 0x0, 0x0, 0x0,
    0x0, 0x0, 0x0, 0x0, 0x0, 0x0, 0x10, 0x0,
    0x0, 0x0, 0x0, 0x0, 0x0, 0x0, 0x0, 0x0,
    0x0, 0x0, 0x0, 0x0, 0x0, 0x0, 0x0, 0x0,
    0x0, 0x69, 0xaa, 0x60, 0x0, 0x0, 0x3, 0x8a,
    0x94, 0x0, 0x0, 0xff, 0xff, 0xfb, 0x0, 0x0,
    0x7f, 0xff, 0xff, 0x70, 0x0, 0x31, 0x3, 0xff,
    0x30, 0x0, 0xef, 0x40, 0x4f, 0xf1, 0x0, 0x0,
    0x0, 0x9f, 0x70, 0x1, 0xfd, 0x0, 0xc, 0xf5,
    0x0, 0x0, 0x0, 0x5f, 0xb0, 0x1, 0xfd, 0x0,
    0xc, 0xf5, 0x0, 0x0, 0x0, 0x1f, 0xf1, 0x0,
    0xef, 0x0, 0x4f, 0xf1, 0x1b, 0xbb, 0xbb, 0xbe,
    0xfd, 0xbb, 0xef, 0xcc, 0xff, 0x80, 0x2f, 0xff,
    0xff, 0xff, 0xff, 0xff, 0xff, 0xff, 0xd6, 0x0,

    /* U+FCD1 "ﳑ" */
    0x0, 0x1, 0x6a, 0xa7, 0x10, 0x0, 0x0, 0x59,
    0xa8, 0x10, 0x0, 0x1, 0xef, 0xff, 0xfd, 0x10,
    0x0, 0xdf, 0xff, 0xff, 0x30, 0x0, 0x7f, 0xa1,
    0x1c, 0xf8, 0x0, 0x4f, 0xc2, 0x9, 0xfb, 0x0,
    0xa, 0xf4, 0x0, 0x5f, 0xc0, 0x7, 0xf7, 0x0,
    0x2f, 0xf0, 0x0, 0xaf, 0x40, 0x5, 0xfc, 0x0,
    0x7f, 0x70, 0x2, 0xff, 0x0, 0x7, 0xf7, 0x0,
    0xcf, 0xa0, 0x4, 0xfa, 0x0, 0x9f, 0xb0, 0x1b,
    0xcf, 0xeb, 0xef, 0xff, 0xcb, 0xbf, 0xfb, 0xdf,
    0xf3, 0x2, 0xff, 0xff, 0xfe, 0x92, 0xae, 0xff,
    0xff, 0xff, 0xb2, 0x0,

    /* U+FCD2 "ﳒ" */
    0x0, 0x0, 0x0, 0x0, 0x0, 0x0, 0xdb, 0x0,
    0x0, 0x0, 0x0, 0x0, 0x0, 0xf, 0xc0, 0x0,
    0x0, 0x0, 0x0, 0x0, 0x0, 0x10, 0x0, 0x0,
    0x0, 0x0, 0x0, 0x0, 0x0, 0x0, 0x1, 0xae,
    0xff, 0xb2, 0x0, 0x0, 0x8f, 0x90, 0xd, 0xb8,
    0xcf, 0xd0, 0x0, 0x8, 0xf9, 0x0, 0x0, 0x0,
    0xdf, 0x40, 0x0, 0x8f, 0x90, 0x0, 0x0, 0x8,
    0xf8, 0x0, 0x8, 0xf9, 0x0, 0x0, 0x0, 0x4f,
    0xb0, 0x0, 0x8f, 0x90, 0x0, 0x0, 0x0, 0xff,
    0x10, 0x8, 0xf9, 0x1b, 0xbb, 0xbb, 0xbe, 0xfd,
    0xbb, 0xdf, 0x92, 0xff, 0xff, 0xff, 0xff, 0xff,
    0xff, 0xf9, 0x0, 0x0, 0x0, 0x0, 0x0, 0x0,
    0x0, 0x0, 0x0, 0x1, 0x10, 0x0, 0x0, 0x0,
    0x0, 0x0, 0x0, 0xfd, 0x0, 0x0, 0x0, 0x0,
    0x0, 0x0, 0xd, 0xb0, 0x0, 0x0, 0x0, 0x0,

    /* U+FCD3 "ﳓ" */
    0x0, 0x0, 0x0, 0x0, 0x0, 0x0, 0xdb, 0x0,
    0x0, 0x0, 0x0, 0x0, 0x0, 0xf, 0xc0, 0x0,
    0x0, 0x0, 0x0, 0x0, 0x0, 0x10, 0x0, 0x0,
    0x0, 0x0, 0x0, 0x0, 0x0, 0x0, 0x1, 0xae,
    0xff, 0xb2, 0x0, 0x0, 0x8f, 0x90, 0xd, 0xb8,
    0xcf, 0xd0, 0x0, 0x8, 0xf9, 0x0, 0x0, 0x0,
    0xdf, 0x40, 0x0, 0x8f, 0x90, 0x0, 0x0, 0x8,
    0xf8, 0x0, 0x8, 0xf9, 0x0, 0x0, 0x0, 0x4f,
    0xb0, 0x0, 0x8f, 0x90, 0x0, 0x0, 0x0, 0xff,
    0x10, 0x8, 0xf9, 0x1b, 0xbb, 0xbb, 0xbe, 0xfd,
    0xbb, 0xdf, 0x92, 0xff, 0xff, 0xff, 0xff, 0xff,
    0xff, 0xf9,

    /* U+FCD4 "ﳔ" */
    0x0, 0x7, 0xf2, 0x0, 0x0, 0x0, 0xdb, 0x0,
    0x0, 0x9f, 0x30, 0x0, 0x0, 0xf, 0xc0, 0x0,
    0x0, 0x10, 0x0, 0x0, 0x0, 0x10, 0x0, 0x0,
    0x0, 0x0, 0x0, 0x0, 0x0, 0x0, 0x1, 0xae,
    0xff, 0xb2, 0x0, 0x0, 0x8f, 0x90, 0xd, 0xb8,
    0xcf, 0xd0, 0x0, 0x8, 0xf9, 0x0, 0x0, 0x0,
    0xdf, 0x40, 0x0, 0x8f, 0x90, 0x0, 0x0, 0x8,
    0xf8, 0x0, 0x8, 0xf9, 0x0, 0x0, 0x0, 0x4f,
    0xb0, 0x0, 0x8f, 0x90, 0x0, 0x0, 0x0, 0xff,
    0x10, 0x8, 0xf9, 0x1b, 0xbb, 0xbb, 0xbe, 0xfd,
    0xbb, 0xdf, 0x92, 0xff, 0xff, 0xff, 0xff, 0xff,
    0xff, 0xf9,

    /* U+FCD5 "ﳕ" */
    0x0, 0x0, 0x0, 0x0, 0x0, 0x0, 0x4f, 0x50,
    0x0, 0x0, 0x0, 0x0, 0x0, 0x0, 0x5f, 0x70,
    0x0, 0x0, 0x0, 0x0, 0x0, 0x0, 0x2, 0x0,
    0x0, 0x0, 0x0, 0x0, 0x0, 0x0, 0x0, 0x0,
    0x0, 0x4, 0xbf, 0xfc, 0x30, 0x0, 0xd, 0xf3,
    0x0, 0x3f, 0xfd, 0xdf, 0xf2, 0x0, 0xd, 0xf3,
    0x0, 0x8f, 0x70, 0xa, 0xf9, 0x0, 0xd, 0xf3,
    0x0, 0xaf, 0x40, 0x4, 0xfc, 0x0, 0xd, 0xf3,
    0x0, 0xaf, 0x40, 0x5, 0xfc, 0x0, 0xd, 0xf3,
    0x0, 0x7f, 0x70, 0xc, 0xfa, 0x0, 0xd, 0xf3,
    0x1b, 0xcf, 0xeb, 0xef, 0xff, 0xcb, 0xbf, 0xf3,
    0x2f, 0xff, 0xff, 0xe9, 0x2a, 0xef, 0xff, 0xf3,

    /* U+FCD6 "ﳖ" */
    0x0, 0x0, 0x0, 0x0, 0x0, 0x0, 0x0, 0x0,
    0x2f, 0x70, 0x0, 0x2, 0x79, 0xbb, 0xa7, 0x20,
    0x0, 0x0, 0x3f, 0x90, 0x0, 0x9, 0xff, 0xff,
    0xff, 0xf7, 0x0, 0x0, 0x2, 0x0, 0x0, 0x3,
    0x72, 0x0, 0x17, 0xff, 0x60, 0x0, 0x0, 0x0,
    0x0, 0x0, 0x0, 0x0, 0x0, 0x6f, 0xe0, 0x0,
    0x7, 0xa3, 0x0, 0x5, 0xcf, 0xe9, 0x0, 0xe,
    0xf3, 0x0, 0xc, 0xf5, 0x0, 0x4f, 0xfd, 0xff,
    0xa0, 0xb, 0xf5, 0x0, 0xc, 0xf5, 0x0, 0xbf,
    0x80, 0x2f, 0xf0, 0xb, 0xf5, 0x0, 0xc, 0xf5,
    0x0, 0xcf, 0x40, 0xe, 0xf2, 0xb, 0xf5, 0x0,
    0xc, 0xf5, 0x0, 0x8f, 0xa0, 0xe, 0xf2, 0xb,
    0xf5, 0x0, 0xc, 0xf5, 0x1b, 0xbf, 0xfd, 0xbf,
    0xfb, 0xbe, 0xfc, 0xbb, 0xbe, 0xf5, 0x2f, 0xff,
    0xff, 0xff, 0xff, 0xff, 0xff, 0xff, 0xff, 0xf5,

    /* U+FCD7 "ﳗ" */
    0x0, 0x0, 0x0, 0x0, 0x0, 0x0, 0x4, 0x8a,
    0xbb, 0x95, 0x0, 0x0, 0x0, 0x0, 0x0, 0x0,
    0x0, 0x0, 0xff, 0xff, 0xff, 0xfd, 0x20, 0x0,
    0x0, 0x0, 0x0, 0x0, 0x0, 0x6, 0x41, 0x0,
    0x3c, 0xfe, 0x0, 0x6, 0xdf, 0xfb, 0x20, 0x0,
    0x0, 0x0, 0x0, 0x0, 0xc, 0xf7, 0x1, 0xfe,
    0xbe, 0xfd, 0x0, 0x0, 0x8, 0xef, 0xd6, 0x0,
    0x5f, 0xc0, 0x5, 0x0, 0xe, 0xf4, 0x0, 0xb,
    0xff, 0xdf, 0xf4, 0x2, 0xfe, 0x0, 0x0, 0x0,
    0x8f, 0x80, 0x2, 0xff, 0x10, 0x9f, 0x90, 0x2f,
    0xe0, 0x0, 0x0, 0x5, 0xfb, 0x0, 0x4f, 0xd0,
    0x5, 0xfb, 0x2, 0xfe, 0x0, 0x0, 0x0, 0xf,
    0xf1, 0x0, 0xef, 0x30, 0x5f, 0xb0, 0x2f, 0xe1,
    0xbb, 0xbb, 0xbb, 0xef, 0xdb, 0xbd, 0xff, 0xbc,
    0xfe, 0xbb, 0xfe, 0x2f, 0xff, 0xff, 0xff, 0xff,
    0xff, 0xff, 0xff, 0xff, 0xff, 0xff, 0xe0, 0x0,
    0x0, 0x0, 0x0, 0x0, 0x0, 0x0, 0x0, 0x0,
    0x0, 0x0, 0x0, 0x0, 0x11, 0x0, 0x0, 0x0,
    0x0, 0x0, 0x0, 0x0, 0x0, 0x0, 0x0, 0xf,
    0xd0, 0x0, 0x0, 0x0, 0x0, 0x0, 0x0, 0x0,
    0x0, 0x0, 0x0, 0xdb, 0x0, 0x0, 0x0, 0x0,
    0x0, 0x0, 0x0, 0x0, 0x0,

    /* U+FCD8 "ﳘ" */
    0x0, 0x0, 0x0, 0x0, 0x0, 0x0, 0x1, 0x58,
    0xab, 0xa8, 0x30, 0x0, 0x0, 0x0, 0x0, 0x0,
    0x0, 0x0, 0x5, 0xff, 0xff, 0xff, 0xfa, 0x0,
    0x0, 0x0, 0x0, 0x0, 0x0, 0x0, 0x1, 0x73,
    0x0, 0x16, 0xef, 0x90, 0x0, 0x1, 0x6a, 0xa7,
    0x0, 0x0, 0x0, 0x0, 0x0, 0x0, 0x3f, 0xf1,
    0x0, 0x1e, 0xff, 0xff, 0xd1, 0x0, 0x2, 0xbf,
    0xfb, 0x20, 0xb, 0xf6, 0x0, 0x7f, 0xa1, 0x1c,
    0xf8, 0x0, 0x2f, 0xfe, 0xef, 0xe0, 0x8, 0xf8,
    0x0, 0xaf, 0x40, 0x5, 0xfc, 0x0, 0x8f, 0xb0,
    0xe, 0xf3, 0x7, 0xf8, 0x0, 0xaf, 0x40, 0x5,
    0xfc, 0x0, 0x9f, 0x70, 0xb, 0xf5, 0x7, 0xf8,
    0x0, 0x7f, 0x70, 0xc, 0xfa, 0x0, 0x5f, 0xc0,
    0xb, 0xf5, 0x7, 0xf8, 0x1b, 0xcf, 0xeb, 0xef,
    0xff, 0xcb, 0xbf, 0xfe, 0xbe, 0xfc, 0xbd, 0xf8,
    0x2f, 0xff, 0xff, 0xe9, 0x2a, 0xef, 0xff, 0xff,
    0xff, 0xff, 0xff, 0xf8,

    /* U+FCD9 "ﳙ" */
    0x0, 0x0, 0x0, 0x10, 0x0, 0x0, 0x0, 0x0,
    0x0, 0x0, 0xb5, 0x0, 0x0, 0x0, 0x0, 0x0,
    0x0, 0xb5, 0x0, 0x0, 0x0, 0x0, 0x0, 0x0,
    0xb5, 0x0, 0x0, 0x0, 0x0, 0x0, 0x0, 0x0,
    0x0, 0x0, 0x0, 0x0, 0x2, 0x69, 0xbb, 0xa7,
    0x20, 0x0, 0x0, 0x9, 0xff, 0xff, 0xff, 0xf7,
    0x0, 0x0, 0x3, 0x72, 0x0, 0x17, 0xff, 0x60,
    0x0, 0x0, 0x0, 0x0, 0x0, 0x6f, 0xe0, 0x0,
    0x4, 0xcf, 0xfa, 0x10, 0xe, 0xf3, 0x0, 0x4f,
    0xfd, 0xff, 0xb0, 0xb, 0xf5, 0x0, 0xbf, 0x80,
    0x2f, 0xf0, 0xb, 0xf5, 0x0, 0xcf, 0x40, 0xe,
    0xf2, 0xb, 0xf5, 0x0, 0x8f, 0xa0, 0xe, 0xf2,
    0xb, 0xf5, 0x1b, 0xbf, 0xfd, 0xbf, 0xfb, 0xbe,
    0xf5, 0x2f, 0xff, 0xff, 0xff, 0xff, 0xff, 0xf5,

    /* U+FCDA "ﳚ" */
    0x1, 0xae, 0xff, 0xb2, 0x0, 0x0, 0xa, 0xf7,
    0x0, 0xdb, 0x8c, 0xfd, 0x0, 0x0, 0xa, 0xf7,
    0x0, 0x0, 0x0, 0xdf, 0x40, 0x0, 0xa, 0xf7,
    0x0, 0x0, 0x0, 0x8f, 0x80, 0x0, 0xa, 0xf7,
    0x0, 0x0, 0x0, 0x4f, 0xb0, 0x0, 0xa, 0xf7,
    0x0, 0x0, 0x0, 0xf, 0xf1, 0x0, 0xa, 0xf7,
    0x1b, 0xbb, 0xbb, 0xbe, 0xfd, 0xbb, 0xbe, 0xf7,
    0x2f, 0xff, 0xff, 0xff, 0xff, 0xff, 0xff, 0xf7,
    0x0, 0x0, 0x0, 0x0, 0x0, 0x0, 0x0, 0x0,
    0x0, 0x0, 0x11, 0x0, 0x0, 0xb, 0xd1, 0xe9,
    0x0, 0x0, 0xfd, 0x0, 0x0, 0xd, 0xf2, 0xfb,
    0x0, 0x0, 0xdb, 0x0, 0x0, 0x0, 0x10, 0x10,

    /* U+FCDB "ﳛ" */
    0x1, 0xae, 0xff, 0xb2, 0x0, 0x0, 0xa, 0xf7,
    0x0, 0xdb, 0x8c, 0xfd, 0x0, 0x0, 0xa, 0xf7,
    0x0, 0x0, 0x0, 0xdf, 0x40, 0x0, 0xa, 0xf7,
    0x0, 0x0, 0x0, 0x8f, 0x80, 0x0, 0xa, 0xf7,
    0x0, 0x0, 0x0, 0x4f, 0xb0, 0x0, 0xa, 0xf7,
    0x0, 0x0, 0x0, 0xf, 0xf1, 0x0, 0xa, 0xf7,
    0x1b, 0xbb, 0xbb, 0xbe, 0xfd, 0xbb, 0xbe, 0xf7,
    0x2f, 0xff, 0xff, 0xff, 0xff, 0xff, 0xff, 0xf7,
    0x0, 0x0, 0x0, 0x0, 0x0, 0x0, 0x0, 0x0,
    0x0, 0x0, 0x0, 0x0, 0x0, 0xb, 0xd1, 0xe9,
    0x0, 0x0, 0x0, 0x0, 0x0, 0xd, 0xf2, 0xfb,
    0x0, 0x0, 0x0, 0x0, 0x0, 0x0, 0x10, 0x10,

    /* U+FCDC "ﳜ" */
    0x0, 0x7, 0xf2, 0x0, 0x0, 0x0, 0x0, 0x0,
    0x0, 0x9, 0xf3, 0x0, 0x0, 0x0, 0x0, 0x0,
    0x0, 0x0, 0x10, 0x0, 0x0, 0x0, 0x0, 0x0,
    0x0, 0x0, 0x0, 0x0, 0x0, 0x0, 0x0, 0x0,
    0x1, 0xae, 0xff, 0xb2, 0x0, 0x0, 0xa, 0xf7,
    0x0, 0xdb, 0x8c, 0xfd, 0x0, 0x0, 0xa, 0xf7,
    0x0, 0x0, 0x0, 0xdf, 0x40, 0x0, 0xa, 0xf7,
    0x0, 0x0, 0x0, 0x8f, 0x80, 0x0, 0xa, 0xf7,
    0x0, 0x0, 0x0, 0x4f, 0xb0, 0x0, 0xa, 0xf7,
    0x0, 0x0, 0x0, 0xf, 0xf1, 0x0, 0xa, 0xf7,
    0x1b, 0xbb, 0xbb, 0xbe, 0xfd, 0xbb, 0xbe, 0xf7,
    0x2f, 0xff, 0xff, 0xff, 0xff, 0xff, 0xff, 0xf7,
    0x0, 0x0, 0x0, 0x0, 0x0, 0x0, 0x0, 0x0,
    0x0, 0x0, 0x0, 0x0, 0x0, 0xb, 0xd1, 0xe9,
    0x0, 0x0, 0x0, 0x0, 0x0, 0xd, 0xf2, 0xfb,
    0x0, 0x0, 0x0, 0x0, 0x0, 0x0, 0x10, 0x10,

    /* U+FCDD "ﳝ" */
    0x0, 0x4, 0xbf, 0xfc, 0x30, 0x0, 0x0, 0xff,
    0x10, 0x3, 0xff, 0xdd, 0xff, 0x20, 0x0, 0xf,
    0xf1, 0x0, 0x8f, 0x70, 0xa, 0xf9, 0x0, 0x0,
    0xff, 0x10, 0xa, 0xf4, 0x0, 0x4f, 0xc0, 0x0,
    0xf, 0xf1, 0x0, 0xaf, 0x40, 0x5, 0xfc, 0x0,
    0x0, 0xff, 0x10, 0x7, 0xf7, 0x0, 0xcf, 0xa0,
    0x0, 0xf, 0xf1, 0x1b, 0xcf, 0xeb, 0xef, 0xff,
    0xcb, 0xbb, 0xff, 0x12, 0xff, 0xff, 0xfe, 0x92,
    0xae, 0xff, 0xff, 0xf1, 0x0, 0x0, 0x0, 0x0,
    0x0, 0x0, 0x0, 0x0, 0x0, 0x0, 0x0, 0x0,
    0x0, 0x0, 0x2e, 0x85, 0xf4, 0x0, 0x0, 0x0,
    0x0, 0x0, 0x2, 0xfa, 0x7f, 0x50, 0x0, 0x0,
    0x0, 0x0, 0x0, 0x1, 0x0, 0x20,

    /* U+FCDE "ﳞ" */
    0x0, 0x2, 0x69, 0xbb, 0xa7, 0x20, 0x0, 0x0,
    0x0, 0x0, 0x0, 0x0, 0x9f, 0xff, 0xff, 0xff,
    0x70, 0x0, 0x0, 0x0, 0x0, 0x0, 0x3, 0x72,
    0x0, 0x17, 0xff, 0x60, 0x0, 0x0, 0x0, 0x0,
    0x0, 0x0, 0x0, 0x0, 0x6, 0xfe, 0x0, 0x0,
    0x8, 0xa1, 0x0, 0x5, 0xcf, 0xe9, 0x0, 0xe,
    0xf3, 0x0, 0x0, 0xef, 0x30, 0x4, 0xff, 0xdf,
    0xfa, 0x0, 0xbf, 0x50, 0x0, 0xe, 0xf3, 0x0,
    0xbf, 0x80, 0x2f, 0xf0, 0xb, 0xf5, 0x0, 0x0,
    0xef, 0x30, 0xc, 0xf4, 0x0, 0xef, 0x20, 0xbf,
    0x50, 0x0, 0xe, 0xf3, 0x0, 0x8f, 0xa0, 0xe,
    0xf2, 0xb, 0xf5, 0x0, 0x0, 0xef, 0x31, 0xbb,
    0xff, 0xdb, 0xff, 0xbb, 0xef, 0xcb, 0xbb, 0xbf,
    0xf3, 0x2f, 0xff, 0xff, 0xff, 0xff, 0xff, 0xff,
    0xff, 0xff, 0xff, 0x30, 0x0, 0x0, 0x0, 0x0,
    0x0, 0x0, 0x0, 0x0, 0x0, 0x0, 0x0, 0x0,
    0x0, 0x0, 0x0, 0x0, 0x0, 0x1, 0xea, 0x4f,
    0x60, 0x0, 0x0, 0x0, 0x0, 0x0, 0x0, 0x0,
    0x1f, 0xb5, 0xf7, 0x0, 0x0, 0x0, 0x0, 0x0,
    0x0, 0x0, 0x0, 0x10, 0x2, 0x0,

    /* U+FCDF "ﳟ" */
    0x0, 0x0, 0x0, 0x0, 0x0, 0x0, 0x8d, 0xa0,
    0x0, 0x0, 0x0, 0x0, 0x0, 0x0, 0x0, 0xf1,
    0x0, 0x0, 0x0, 0x0, 0x0, 0x0, 0x0, 0x1,
    0xdd, 0xd0, 0x0, 0x0, 0x0, 0x0, 0x0, 0x0,
    0x1, 0x31, 0x0, 0x0, 0x0, 0x0, 0x0, 0x0,
    0x0, 0x0, 0x0, 0x0, 0x0, 0x0, 0x4, 0xbf,
    0xfc, 0x30, 0x0, 0xd, 0xf3, 0x0, 0x0, 0x3f,
    0xfd, 0xdf, 0xf2, 0x0, 0xd, 0xf3, 0x0, 0x0,
    0x8f, 0x70, 0xa, 0xf9, 0x0, 0xd, 0xf3, 0x0,
    0x0, 0xaf, 0x40, 0x4, 0xfc, 0x0, 0xd, 0xf3,
    0x0, 0x0, 0xaf, 0x40, 0x5, 0xfc, 0x0, 0xd,
    0xf3, 0x0, 0x0, 0x7f, 0x70, 0xc, 0xfa, 0x0,
    0xd, 0xf3, 0x0, 0x1b, 0xcf, 0xeb, 0xef, 0xff,
    0xcb, 0xbf, 0xfc, 0xb4, 0x2f, 0xff, 0xff, 0xe9,
    0x2a, 0xef, 0xff, 0xff, 0xf6,

    /* U+FCE0 "ﳠ" */
    0x0, 0x0, 0x0, 0x0, 0x0, 0x0, 0x0, 0x0,
    0x6d, 0xc0, 0x0, 0x0, 0x0, 0x0, 0x0, 0x0,
    0x0, 0x0, 0x0, 0xd3, 0x0, 0x0, 0x0, 0x2,
    0x7b, 0xdd, 0xc9, 0x30, 0x0, 0x0, 0xbc, 0xc2,
    0x0, 0x0, 0x9, 0xff, 0xff, 0xff, 0xf9, 0x0,
    0x0, 0x53, 0x10, 0x0, 0x0, 0x3, 0x72, 0x0,
    0x17, 0xff, 0x70, 0x0, 0x0, 0x0, 0x0, 0x0,
    0x0, 0x0, 0x0, 0x0, 0x6f, 0xe0, 0x0, 0x7,
    0xa3, 0x0, 0x0, 0x5, 0xcf, 0xe9, 0x0, 0xe,
    0xf3, 0x0, 0xc, 0xf5, 0x0, 0x0, 0x4f, 0xfd,
    0xff, 0xa0, 0xb, 0xf5, 0x0, 0xc, 0xf5, 0x0,
    0x0, 0xbf, 0x80, 0x2f, 0xf0, 0xb, 0xf5, 0x0,
    0xc, 0xf5, 0x0, 0x0, 0xcf, 0x40, 0xe, 0xf2,
    0xb, 0xf5, 0x0, 0xc, 0xf5, 0x0, 0x0, 0x8f,
    0xa0, 0xe, 0xf2, 0xb, 0xf5, 0x0, 0xc, 0xf5,
    0x0, 0x1b, 0xbf, 0xfd, 0xbf, 0xfb, 0xbe, 0xfc,
    0xbb, 0xbe, 0xfc, 0xb5, 0x2f, 0xff, 0xff, 0xff,
    0xff, 0xff, 0xff, 0xff, 0xff, 0xff, 0xf7,

    /* U+FCE1 "ﳡ" */
    0x0, 0x4, 0xbf, 0xfc, 0x30, 0x0, 0xd, 0xf3,
    0x0, 0x0, 0x3f, 0xfd, 0xdf, 0xf2, 0x0, 0xd,
    0xf3, 0x0, 0x0, 0x8f, 0x70, 0xa, 0xf9, 0x0,
    0xd, 0xf3, 0x0, 0x0, 0xaf, 0x40, 0x4, 0xfc,
    0x0, 0xd, 0xf3, 0x0, 0x0, 0xaf, 0x40, 0x5,
    0xfc, 0x0, 0xd, 0xf3, 0x0, 0x0, 0x7f, 0x70,
    0xc, 0xfa, 0x0, 0xd, 0xf3, 0x0, 0x1b, 0xcf,
    0xeb, 0xef, 0xff, 0xcb, 0xbf, 0xfc, 0xb4, 0x2f,
    0xff, 0xff, 0xe9, 0x2a, 0xef, 0xff, 0xff, 0xf6,
    0x0, 0x0, 0x0, 0x0, 0x0, 0x0, 0x0, 0x0,
    0x0, 0x0, 0x0, 0x0, 0x0, 0x0, 0x0, 0x1,
    0x0, 0x0, 0x0, 0x0, 0x0, 0x0, 0x0, 0x0,
    0x1f, 0xc0, 0x0, 0x0, 0x0, 0x0, 0x0, 0x0,
    0x0, 0xe, 0xa0, 0x0,

    /* U+FCE2 "ﳢ" */
    0x0, 0x2, 0x69, 0xbb, 0xa7, 0x20, 0x0, 0x0,
    0x0, 0x0, 0x0, 0x0, 0x9, 0xff, 0xff, 0xff,
    0xf7, 0x0, 0x0, 0x0, 0x0, 0x0, 0x0, 0x3,
    0x72, 0x0, 0x17, 0xff, 0x60, 0x0, 0x0, 0x0,
    0x0, 0x0, 0x0, 0x0, 0x0, 0x0, 0x6f, 0xe0,
    0x0, 0x7, 0xa3, 0x0, 0x0, 0x5, 0xcf, 0xe9,
    0x0, 0xe, 0xf3, 0x0, 0xc, 0xf5, 0x0, 0x0,
    0x4f, 0xfd, 0xff, 0xa0, 0xb, 0xf5, 0x0, 0xc,
    0xf5, 0x0, 0x0, 0xbf, 0x80, 0x2f, 0xf0, 0xb,
    0xf5, 0x0, 0xc, 0xf5, 0x0, 0x0, 0xcf, 0x40,
    0xe, 0xf2, 0xb, 0xf5, 0x0, 0xc, 0xf5, 0x0,
    0x0, 0x8f, 0xa0, 0xe, 0xf2, 0xb, 0xf5, 0x0,
    0xc, 0xf5, 0x0, 0x1b, 0xbf, 0xfd, 0xbf, 0xfb,
    0xbe, 0xfc, 0xbb, 0xbe, 0xfc, 0xb5, 0x2f, 0xff,
    0xff, 0xff, 0xff, 0xff, 0xff, 0xff, 0xff, 0xff,
    0xf7, 0x0, 0x0, 0x0, 0x0, 0x0, 0x0, 0x0,
    0x0, 0x0, 0x0, 0x0, 0x0, 0x0, 0x0, 0x0,
    0x0, 0x0, 0x0, 0x0, 0x1, 0x10, 0x0, 0x0,
    0x0, 0x0, 0x0, 0x0, 0x0, 0x0, 0x0, 0xe,
    0xd0, 0x0, 0x0, 0x0, 0x0, 0x0, 0x0, 0x0,
    0x0, 0x0, 0xd, 0xc0, 0x0,

    /* U+FCE3 "ﳣ" */
    0x0, 0x0, 0x0, 0x0, 0x0, 0x2, 0xe8, 0x5f,
    0x40, 0x0, 0x0, 0x0, 0x0, 0x0, 0x0, 0x3f,
    0xa7, 0xf5, 0x0, 0x0, 0x0, 0x0, 0x0, 0x0,
    0x0, 0x20, 0x2, 0x0, 0x0, 0x0, 0x0, 0x0,
    0x0, 0x0, 0x0, 0x0, 0x0, 0x0, 0x0, 0x4,
    0xbf, 0xfc, 0x30, 0x0, 0x6, 0xfb, 0x0, 0x0,
    0x3, 0xff, 0xdd, 0xff, 0x20, 0x0, 0x6f, 0xb0,
    0x0, 0x0, 0x8f, 0x70, 0xa, 0xf9, 0x0, 0x6,
    0xfb, 0x0, 0x0, 0xa, 0xf4, 0x0, 0x4f, 0xc0,
    0x0, 0x6f, 0xb0, 0x0, 0x0, 0xaf, 0x40, 0x5,
    0xfc, 0x0, 0x6, 0xfb, 0x0, 0x0, 0x7, 0xf7,
    0x0, 0xcf, 0xa0, 0x0, 0x6f, 0xb0, 0x0, 0x1b,
    0xcf, 0xeb, 0xef, 0xff, 0xcb, 0xbd, 0xfe, 0xbb,
    0x12, 0xff, 0xff, 0xfe, 0x92, 0xae, 0xff, 0xff,
    0xff, 0xf2,

    /* U+FCE4 "ﳤ" */
    0x0, 0x0, 0x0, 0x0, 0x0, 0x0, 0x0, 0x1,
    0xe9, 0x4f, 0x50, 0x0, 0x0, 0x3, 0x8a, 0xba,
    0x72, 0x0, 0x0, 0x1f, 0xb5, 0xf7, 0x0, 0x0,
    0x8, 0xff, 0xff, 0xff, 0xf7, 0x0, 0x0, 0x10,
    0x2, 0x0, 0x0, 0x0, 0x47, 0x20, 0x1, 0x7f,
    0xf6, 0x0, 0x0, 0x0, 0x0, 0x0, 0x0, 0x0,
    0x0, 0x0, 0x0, 0x6f, 0xe0, 0x0, 0x2, 0xa8,
    0x0, 0x0, 0x0, 0x5c, 0xfe, 0x90, 0x0, 0xef,
    0x30, 0x0, 0x4f, 0xc0, 0x0, 0x0, 0x4f, 0xfd,
    0xff, 0xa0, 0xb, 0xf5, 0x0, 0x4, 0xfc, 0x0,
    0x0, 0xb, 0xf8, 0x2, 0xff, 0x0, 0xbf, 0x50,
    0x0, 0x4f, 0xc0, 0x0, 0x0, 0xcf, 0x40, 0xe,
    0xf2, 0xb, 0xf5, 0x0, 0x4, 0xfc, 0x0, 0x0,
    0x8, 0xfa, 0x0, 0xef, 0x20, 0xbf, 0x50, 0x0,
    0x4f, 0xc0, 0x0, 0x1b, 0xbf, 0xfd, 0xbf, 0xfb,
    0xbe, 0xfc, 0xbb, 0xbc, 0xff, 0xbb, 0x32, 0xff,
    0xff, 0xff, 0xff, 0xff, 0xff, 0xff, 0xff, 0xff,
    0xff, 0xf4,

    /* U+FCE5 "ﳥ" */
    0x0, 0x0, 0x0, 0x0, 0x0, 0x0, 0x9, 0xd0,
    0x0, 0x0, 0x0, 0x0, 0x0, 0x0, 0x0, 0x0,
    0x8b, 0x0, 0x0, 0x0, 0x0, 0x0, 0x0, 0x0,
    0x2, 0xe8, 0x5f, 0x40, 0x0, 0x0, 0x0, 0x0,
    0x0, 0x0, 0x2f, 0xa6, 0xf6, 0x0, 0x0, 0x0,
    0x0, 0x0, 0x0, 0x0, 0x10, 0x2, 0x0, 0x0,
    0x0, 0x0, 0x0, 0x0, 0x0, 0x0, 0x0, 0x0,
    0x0, 0x0, 0x4, 0xbf, 0xfc, 0x30, 0x0, 0x6,
    0xfb, 0x0, 0x0, 0x3, 0xff, 0xdd, 0xff, 0x20,
    0x0, 0x6f, 0xb0, 0x0, 0x0, 0x8f, 0x70, 0xa,
    0xf9, 0x0, 0x6, 0xfb, 0x0, 0x0, 0xa, 0xf4,
    0x0, 0x4f, 0xc0, 0x0, 0x6f, 0xb0, 0x0, 0x0,
    0xaf, 0x40, 0x5, 0xfc, 0x0, 0x6, 0xfb, 0x0,
    0x0, 0x7, 0xf7, 0x0, 0xcf, 0xa0, 0x0, 0x6f,
    0xb0, 0x0, 0x1b, 0xcf, 0xeb, 0xef, 0xff, 0xcb,
    0xbd, 0xfe, 0xbb, 0x12, 0xff, 0xff, 0xfe, 0x92,
    0xae, 0xff, 0xff, 0xff, 0xf2,

    /* U+FCE6 "ﳦ" */
    0x0, 0x0, 0x0, 0x0, 0x0, 0x0, 0x0, 0x0,
    0x8, 0xe0, 0x0, 0x0, 0x0, 0x0, 0x0, 0x0,
    0x0, 0x0, 0x0, 0x0, 0x7c, 0x0, 0x0, 0x0,
    0x0, 0x0, 0x0, 0x0, 0x0, 0x0, 0x1, 0xea,
    0x4f, 0x60, 0x0, 0x0, 0x4, 0x8a, 0xba, 0x72,
    0x0, 0x0, 0x1f, 0xb5, 0xf7, 0x0, 0x0, 0x9,
    0xff, 0xff, 0xff, 0xf7, 0x0, 0x0, 0x10, 0x2,
    0x0, 0x0, 0x0, 0x37, 0x20, 0x1, 0x7f, 0xf6,
    0x0, 0x0, 0x0, 0x0, 0x0, 0x0, 0x0, 0x0,
    0x0, 0x0, 0x6f, 0xe0, 0x0, 0x2, 0xa8, 0x0,
    0x0, 0x0, 0x5c, 0xfe, 0x90, 0x0, 0xef, 0x30,
    0x0, 0x4f, 0xc0, 0x0, 0x0, 0x4f, 0xfd, 0xff,
    0xa0, 0xb, 0xf5, 0x0, 0x4, 0xfc, 0x0, 0x0,
    0xb, 0xf8, 0x2, 0xff, 0x0, 0xbf, 0x50, 0x0,
    0x4f, 0xc0, 0x0, 0x0, 0xcf, 0x40, 0xe, 0xf2,
    0xb, 0xf5, 0x0, 0x4, 0xfc, 0x0, 0x0, 0x8,
    0xfa, 0x0, 0xef, 0x20, 0xbf, 0x50, 0x0, 0x4f,
    0xc0, 0x0, 0x1b, 0xbf, 0xfd, 0xbf, 0xfb, 0xbe,
    0xfc, 0xbb, 0xbc, 0xff, 0xbb, 0x32, 0xff, 0xff,
    0xff, 0xff, 0xff, 0xff, 0xff, 0xff, 0xff, 0xff,
    0xf4,

    /* U+FCE7 "ﳧ" */
    0x0, 0x4, 0xbf, 0xfc, 0x30, 0x0, 0x0, 0x0,
    0x0, 0x0, 0x0, 0xd, 0xf3, 0x0, 0x0, 0x3f,
    0xfd, 0xdf, 0xf2, 0x0, 0x9, 0xc3, 0x0, 0x8c,
    0x40, 0xd, 0xf3, 0x0, 0x0, 0x8f, 0x70, 0xa,
    0xf9, 0x0, 0xc, 0xf4, 0x0, 0xbf, 0x50, 0xd,
    0xf3, 0x0, 0x0, 0xaf, 0x40, 0x4, 0xfc, 0x0,
    0xc, 0xf4, 0x0, 0xbf, 0x50, 0xd, 0xf3, 0x0,
    0x0, 0xaf, 0x40, 0x5, 0xfc, 0x0, 0xc, 0xf4,
    0x0, 0xbf, 0x50, 0xd, 0xf3, 0x0, 0x0, 0x7f,
    0x70, 0xc, 0xfa, 0x0, 0xc, 0xf4, 0x0, 0xef,
    0x80, 0xd, 0xf3, 0x0, 0x1b, 0xcf, 0xeb, 0xef,
    0xff, 0xcb, 0xbf, 0xfc, 0xbd, 0xff, 0xfd, 0xbf,
    0xfc, 0xb4, 0x2f, 0xff, 0xff, 0xe9, 0x2a, 0xef,
    0xff, 0xff, 0xff, 0xb2, 0x7e, 0xff, 0xff, 0xf6,

    /* U+FCE8 "ﳨ" */
    0x0, 0x2, 0x69, 0xbb, 0xa7, 0x20, 0x0, 0x0,
    0x0, 0x0, 0x0, 0x0, 0x0, 0x0, 0x0, 0x0,
    0x0, 0x9, 0xff, 0xff, 0xff, 0xf7, 0x0, 0x0,
    0x0, 0x0, 0x0, 0x0, 0x0, 0x0, 0x0, 0x0,
    0x0, 0x3, 0x72, 0x0, 0x17, 0xff, 0x60, 0x0,
    0x0, 0x0, 0x0, 0x0, 0x0, 0x0, 0x0, 0x0,
    0x0, 0x0, 0x0, 0x0, 0x0, 0x6f, 0xe0, 0x0,
    0x0, 0x0, 0x0, 0x0, 0x0, 0x7, 0xa3, 0x0,
    0x0, 0x5, 0xcf, 0xe9, 0x0, 0xe, 0xf3, 0x0,
    0x2, 0x31, 0x0, 0x23, 0x10, 0xb, 0xf5, 0x0,
    0x0, 0x4f, 0xfd, 0xff, 0xa0, 0xb, 0xf5, 0x0,
    0xb, 0xf6, 0x0, 0x9f, 0x70, 0xb, 0xf5, 0x0,
    0x0, 0xbf, 0x80, 0x2f, 0xf0, 0xb, 0xf5, 0x0,
    0xb, 0xf6, 0x0, 0x9f, 0x70, 0xb, 0xf5, 0x0,
    0x0, 0xcf, 0x40, 0xe, 0xf2, 0xb, 0xf5, 0x0,
    0xb, 0xf6, 0x0, 0x9f, 0x70, 0xb, 0xf5, 0x0,
    0x0, 0x8f, 0xa0, 0xe, 0xf2, 0xb, 0xf5, 0x0,
    0xb, 0xf6, 0x0, 0xcf, 0x90, 0xb, 0xf5, 0x0,
    0x1b, 0xbf, 0xfd, 0xbf, 0xfb, 0xbe, 0xfc, 0xbb,
    0xbe, 0xfd, 0xbd, 0xff, 0xfd, 0xbe, 0xfc, 0xb5,
    0x2f, 0xff, 0xff, 0xff, 0xff, 0xff, 0xff, 0xff,
    0xff, 0xff, 0xff, 0xc3, 0x6d, 0xff, 0xff, 0xf8,

    /* U+FCE9 "ﳩ" */
    0x0, 0x0, 0x0, 0x0, 0x0, 0x0, 0x0, 0x0,
    0x0, 0x6e, 0x10, 0x0, 0x0, 0x0, 0x0, 0x0,
    0x0, 0x0, 0x0, 0x0, 0x0, 0x0, 0x1, 0x6c,
    0x30, 0x0, 0x0, 0x0, 0x0, 0x0, 0x0, 0x0,
    0x0, 0x0, 0x0, 0x0, 0xe, 0xd3, 0xf9, 0x0,
    0x0, 0x0, 0x0, 0x0, 0x0, 0x0, 0x0, 0x0,
    0x0, 0x0, 0xd, 0xc2, 0xf7, 0x0, 0x0, 0x0,
    0x0, 0x4, 0xbf, 0xfc, 0x30, 0x0, 0x0, 0x0,
    0x0, 0x0, 0x0, 0xd, 0xf3, 0x0, 0x0, 0x3f,
    0xfd, 0xdf, 0xf2, 0x0, 0x9, 0xc3, 0x0, 0x8c,
    0x40, 0xd, 0xf3, 0x0, 0x0, 0x8f, 0x70, 0xa,
    0xf9, 0x0, 0xc, 0xf4, 0x0, 0xbf, 0x50, 0xd,
    0xf3, 0x0, 0x0, 0xaf, 0x40, 0x4, 0xfc, 0x0,
    0xc, 0xf4, 0x0, 0xbf, 0x50, 0xd, 0xf3, 0x0,
    0x0, 0xaf, 0x40, 0x5, 0xfc, 0x0, 0xc, 0xf4,
    0x0, 0xbf, 0x50, 0xd, 0xf3, 0x0, 0x0, 0x7f,
    0x70, 0xc, 0xfa, 0x0, 0xc, 0xf4, 0x0, 0xef,
    0x80, 0xd, 0xf3, 0x0, 0x1b, 0xcf, 0xeb, 0xef,
    0xff, 0xcb, 0xbf, 0xfc, 0xbd, 0xff, 0xfd, 0xbf,
    0xfc, 0xb4, 0x2f, 0xff, 0xff, 0xe9, 0x2a, 0xef,
    0xff, 0xff, 0xff, 0xb2, 0x7e, 0xff, 0xff, 0xf6,

    /* U+FCEA "ﳪ" */
    0x0, 0x0, 0x0, 0x0, 0x0, 0x0, 0x0, 0x0,
    0x0, 0x0, 0x0, 0x5f, 0x30, 0x0, 0x0, 0x0,
    0x0, 0x2, 0x69, 0xbb, 0xa7, 0x20, 0x0, 0x0,
    0x0, 0x0, 0x0, 0x5d, 0x40, 0x0, 0x0, 0x0,
    0x0, 0x8, 0xff, 0xff, 0xff, 0xf7, 0x0, 0x0,
    0x0, 0x0, 0xd, 0xf2, 0xfb, 0x0, 0x0, 0x0,
    0x0, 0x2, 0x52, 0x0, 0x17, 0xff, 0x60, 0x0,
    0x0, 0x0, 0xb, 0xd1, 0xe9, 0x0, 0x0, 0x0,
    0x0, 0x0, 0x0, 0x0, 0x0, 0x6f, 0xe0, 0x0,
    0x0, 0x0, 0x0, 0x0, 0x0, 0xa, 0xe5, 0x0,
    0x0, 0x5, 0xcf, 0xe9, 0x0, 0xe, 0xf3, 0x0,
    0x2, 0x31, 0x0, 0x23, 0x10, 0xb, 0xf5, 0x0,
    0x0, 0x4f, 0xfd, 0xff, 0xa0, 0xb, 0xf5, 0x0,
    0xb, 0xf6, 0x0, 0x9f, 0x70, 0xb, 0xf5, 0x0,
    0x0, 0xbf, 0x80, 0x2f, 0xf0, 0xb, 0xf5, 0x0,
    0xb, 0xf6, 0x0, 0x9f, 0x70, 0xb, 0xf5, 0x0,
    0x0, 0xcf, 0x40, 0xe, 0xf2, 0xb, 0xf5, 0x0,
    0xb, 0xf6, 0x0, 0x9f, 0x70, 0xb, 0xf5, 0x0,
    0x0, 0x8f, 0xa0, 0xe, 0xf2, 0xb, 0xf5, 0x0,
    0xb, 0xf6, 0x0, 0xcf, 0x90, 0xb, 0xf5, 0x0,
    0x1b, 0xbf, 0xfd, 0xbf, 0xfb, 0xbe, 0xfc, 0xbb,
    0xbe, 0xfd, 0xbd, 0xff, 0xfd, 0xbe, 0xfc, 0xb5,
    0x2f, 0xff, 0xff, 0xff, 0xff, 0xff, 0xff, 0xff,
    0xff, 0xff, 0xff, 0xc3, 0x6d, 0xff, 0xff, 0xf8,

    /* U+FCEB "ﳫ" */
    0x0, 0x0, 0x0, 0x0, 0x0, 0x0, 0x0, 0x0,
    0x0, 0x0, 0x0, 0x0, 0x0, 0x0, 0x1, 0x9f,
    0x10, 0x0, 0x0, 0xf, 0xf0, 0x0, 0x0, 0x3e,
    0xff, 0x50, 0x0, 0x0, 0xf, 0xf0, 0x0, 0x4,
    0xff, 0xa2, 0x0, 0x0, 0x0, 0xf, 0xf0, 0x0,
    0x2f, 0xf6, 0x0, 0x0, 0x0, 0x0, 0xf, 0xf0,
    0x0, 0xbf, 0x60, 0x0, 0x0, 0x0, 0x0, 0xf,
    0xf0, 0x0, 0xff, 0xff, 0xd9, 0x10, 0x0, 0x0,
    0xf, 0xf0, 0x0, 0xbb, 0xbc, 0xff, 0xd0, 0x0,
    0x0, 0xf, 0xf0, 0x0, 0x0, 0x0, 0x2e, 0xf4,
    0x0, 0x0, 0xf, 0xf0, 0x0, 0x0, 0x0, 0xa,
    0xf6, 0x0, 0x0, 0xf, 0xf0, 0x0, 0x0, 0x0,
    0xa, 0xf6, 0x0, 0x0, 0xf, 0xf0, 0x0, 0x0,
    0x0, 0xa, 0xf6, 0x0, 0x1b, 0xbf, 0xfb, 0xbb,
    0xbb, 0xbb, 0xbe, 0xfd, 0xb6, 0x2f, 0xff, 0xff,
    0xff, 0xff, 0xff, 0xff, 0xff, 0xf9,

    /* U+FCEC "ﳬ" */
    0x0, 0x0, 0x0, 0x0, 0x0, 0x0, 0x0, 0x0,
    0x0, 0x0, 0x0, 0x0, 0x0, 0x0, 0x0, 0x0,
    0x0, 0x0, 0x0, 0x7e, 0x40, 0x0, 0x0, 0x0,
    0x0, 0x0, 0x0, 0x0, 0x0, 0x1c, 0xff, 0x80,
    0x0, 0x0, 0x0, 0x0, 0x0, 0x0, 0x0, 0x2,
    0xef, 0xc3, 0x0, 0x0, 0x0, 0x0, 0x0, 0x0,
    0x0, 0x0, 0xd, 0xf9, 0x0, 0x0, 0x0, 0x0,
    0x0, 0x0, 0x0, 0x0, 0x0, 0x8f, 0x90, 0x0,
    0x0, 0x0, 0x0, 0x1, 0x6a, 0xa7, 0x10, 0x0,
    0xdf, 0xff, 0xea, 0x20, 0x0, 0x0, 0x1e, 0xff,
    0xff, 0xd1, 0x0, 0x9b, 0xbb, 0xff, 0xe1, 0x0,
    0x0, 0x7f, 0xa1, 0x1c, 0xf8, 0x0, 0x0, 0x0,
    0x1d, 0xf7, 0x0, 0x0, 0xaf, 0x40, 0x5, 0xfc,
    0x0, 0x0, 0x0, 0x8, 0xf9, 0x0, 0x0, 0xaf,
    0x40, 0x5, 0xfc, 0x0, 0x0, 0x0, 0x7, 0xf9,
    0x0, 0x0, 0x7f, 0x70, 0xc, 0xfa, 0x0, 0x0,
    0x0, 0x7, 0xf9, 0x0, 0x1b, 0xcf, 0xeb, 0xef,
    0xff, 0xcb, 0xbb, 0xbb, 0xbd, 0xfe, 0xb8, 0x2f,
    0xff, 0xff, 0xe9, 0x2a, 0xef, 0xff, 0xff, 0xff,
    0xff, 0xfb,

    /* U+FCED "ﳭ" */
    0x0, 0x0, 0x0, 0x0, 0x0, 0x0, 0xd, 0xf3,
    0x0, 0x0, 0x0, 0x0, 0x0, 0x0, 0x0, 0xd,
    0xf3, 0x0, 0x0, 0x0, 0x0, 0x0, 0x0, 0x0,
    0xd, 0xf3, 0x0, 0x0, 0x0, 0x0, 0x0, 0x0,
    0x0, 0xd, 0xf3, 0x0, 0x0, 0x1, 0x6a, 0xa7,
    0x10, 0x0, 0xd, 0xf3, 0x0, 0x0, 0x1e, 0xff,
    0xff, 0xd1, 0x0, 0xd, 0xf3, 0x0, 0x0, 0x7f,
    0xa1, 0x1c, 0xf8, 0x0, 0xd, 0xf3, 0x0, 0x0,
    0xaf, 0x40, 0x5, 0xfc, 0x0, 0xd, 0xf3, 0x0,
    0x0, 0xaf, 0x40, 0x5, 0xfc, 0x0, 0xd, 0xf3,
    0x0, 0x0, 0x7f, 0x70, 0xc, 0xfa, 0x0, 0xd,
    0xf3, 0x0, 0x1b, 0xcf, 0xeb, 0xef, 0xff, 0xcb,
    0xbf, 0xfc, 0xb4, 0x2f, 0xff, 0xff, 0xe9, 0x2a,
    0xef, 0xff, 0xff, 0xf6,

    /* U+FCEE "ﳮ" */
    0x0, 0x0, 0x0, 0x0, 0x0, 0x0, 0x4f, 0x50,
    0x0, 0x0, 0x0, 0x0, 0x0, 0x0, 0x0, 0x5f,
    0x70, 0x0, 0x0, 0x0, 0x0, 0x0, 0x0, 0x0,
    0x2, 0x0, 0x0, 0x0, 0x0, 0x0, 0x0, 0x0,
    0x0, 0x0, 0x0, 0x0, 0x0, 0x4, 0xbf, 0xfc,
    0x30, 0x0, 0xd, 0xf3, 0x0, 0x0, 0x3f, 0xfd,
    0xdf, 0xf2, 0x0, 0xd, 0xf3, 0x0, 0x0, 0x8f,
    0x70, 0xa, 0xf9, 0x0, 0xd, 0xf3, 0x0, 0x0,
    0xaf, 0x40, 0x4, 0xfc, 0x0, 0xd, 0xf3, 0x0,
    0x0, 0xaf, 0x40, 0x5, 0xfc, 0x0, 0xd, 0xf3,
    0x0, 0x0, 0x7f, 0x70, 0xc, 0xfa, 0x0, 0xd,
    0xf3, 0x0, 0x1b, 0xcf, 0xeb, 0xef, 0xff, 0xcb,
    0xbf, 0xfc, 0xb4, 0x2f, 0xff, 0xff, 0xe9, 0x2a,
    0xef, 0xff, 0xff, 0xf6,

    /* U+FCEF "ﳯ" */
    0x0, 0x0, 0x0, 0x0, 0x0, 0x0, 0x0, 0x0,
    0x2f, 0x70, 0x0, 0x0, 0x0, 0x48, 0xab, 0xa7,
    0x20, 0x0, 0x0, 0x3f, 0x90, 0x0, 0x0, 0x9,
    0xff, 0xff, 0xff, 0xf7, 0x0, 0x0, 0x1, 0x0,
    0x0, 0x0, 0x3, 0x72, 0x0, 0x17, 0xff, 0x60,
    0x0, 0x0, 0x0, 0x0, 0x0, 0x0, 0x0, 0x0,
    0x0, 0x6f, 0xe0, 0x0, 0x7, 0xa3, 0x0, 0x0,
    0x5, 0xcf, 0xe9, 0x0, 0xe, 0xf3, 0x0, 0xc,
    0xf5, 0x0, 0x0, 0x4f, 0xfd, 0xff, 0xa0, 0xb,
    0xf5, 0x0, 0xc, 0xf5, 0x0, 0x0, 0xbf, 0x80,
    0x2f, 0xf0, 0xb, 0xf5, 0x0, 0xc, 0xf5, 0x0,
    0x0, 0xcf, 0x40, 0xe, 0xf2, 0xb, 0xf5, 0x0,
    0xc, 0xf5, 0x0, 0x0, 0x8f, 0xa0, 0xe, 0xf2,
    0xb, 0xf5, 0x0, 0xc, 0xf5, 0x0, 0x1b, 0xbf,
    0xfd, 0xbf, 0xfb, 0xbe, 0xfc, 0xbb, 0xbe, 0xfc,
    0xb5, 0x2f, 0xff, 0xff, 0xff, 0xff, 0xff, 0xff,
    0xff, 0xff, 0xff, 0xf7,

    /* U+FCF0 "ﳰ" */
    0x0, 0x4, 0xbf, 0xfc, 0x30, 0x0, 0x6, 0xfb,
    0x0, 0x0, 0x3, 0xff, 0xdd, 0xff, 0x20, 0x0,
    0x6f, 0xb0, 0x0, 0x0, 0x8f, 0x70, 0xa, 0xf9,
    0x0, 0x6, 0xfb, 0x0, 0x0, 0xa, 0xf4, 0x0,
    0x4f, 0xc0, 0x0, 0x6f, 0xb0, 0x0, 0x0, 0xaf,
    0x40, 0x5, 0xfc, 0x0, 0x6, 0xfb, 0x0, 0x0,
    0x7, 0xf7, 0x0, 0xcf, 0xa0, 0x0, 0x6f, 0xb0,
    0x0, 0x1b, 0xcf, 0xeb, 0xef, 0xff, 0xcb, 0xbd,
    0xfe, 0xbb, 0x12, 0xff, 0xff, 0xfe, 0x92, 0xae,
    0xff, 0xff, 0xff, 0xf2, 0x0, 0x0, 0x0, 0x0,
    0x0, 0x0, 0x0, 0x0, 0x0, 0x0, 0x0, 0x0,
    0x0, 0x0, 0x0, 0xd, 0xc2, 0xf8, 0x0, 0x0,
    0x0, 0x0, 0x0, 0x0, 0x0, 0xed, 0x3f, 0x90,
    0x0, 0x0, 0x0, 0x0, 0x0, 0x0, 0x1, 0x10,
    0x10, 0x0,

    /* U+FCF1 "ﳱ" */
    0x0, 0x2, 0x69, 0xbb, 0xa7, 0x20, 0x0, 0x0,
    0x0, 0x0, 0x0, 0x0, 0x0, 0x9f, 0xff, 0xff,
    0xff, 0x70, 0x0, 0x0, 0x0, 0x0, 0x0, 0x0,
    0x3, 0x72, 0x0, 0x17, 0xff, 0x60, 0x0, 0x0,
    0x0, 0x0, 0x0, 0x0, 0x0, 0x0, 0x0, 0x6,
    0xfe, 0x0, 0x0, 0x2a, 0x80, 0x0, 0x0, 0x5,
    0xcf, 0xe9, 0x0, 0xe, 0xf3, 0x0, 0x4, 0xfc,
    0x0, 0x0, 0x4, 0xff, 0xdf, 0xfa, 0x0, 0xbf,
    0x50, 0x0, 0x4f, 0xc0, 0x0, 0x0, 0xbf, 0x80,
    0x2f, 0xf0, 0xb, 0xf5, 0x0, 0x4, 0xfc, 0x0,
    0x0, 0xc, 0xf4, 0x0, 0xef, 0x20, 0xbf, 0x50,
    0x0, 0x4f, 0xc0, 0x0, 0x0, 0x8f, 0xa0, 0xe,
    0xf2, 0xb, 0xf5, 0x0, 0x4, 0xfc, 0x0, 0x1,
    0xbb, 0xff, 0xdb, 0xff, 0xbb, 0xef, 0xcb, 0xbb,
    0xcf, 0xfb, 0xb3, 0x2f, 0xff, 0xff, 0xff, 0xff,
    0xff, 0xff, 0xff, 0xff, 0xff, 0xff, 0x40, 0x0,
    0x0, 0x0, 0x0, 0x0, 0x0, 0x0, 0x0, 0x0,
    0x0, 0x0, 0x0, 0x0, 0x0, 0x0, 0x0, 0x0,
    0x0, 0x0, 0xbd, 0x1e, 0x90, 0x0, 0x0, 0x0,
    0x0, 0x0, 0x0, 0x0, 0x0, 0xd, 0xf2, 0xfb,
    0x0, 0x0, 0x0, 0x0, 0x0, 0x0, 0x0, 0x0,
    0x0, 0x1, 0x1, 0x0, 0x0,

    /* U+FCF2 "ﳲ" */
    0x0, 0x0, 0x13, 0x0, 0x4, 0xae, 0x60, 0x2,
    0xb5, 0x0, 0x0, 0x0, 0x51, 0x43, 0xd, 0x2a,
    0x49, 0x60, 0x7e, 0x9c, 0xd2, 0x0, 0x0, 0x0,
    0x0, 0x0, 0x0, 0x0, 0x0, 0x0, 0x0, 0x0,
    0x0, 0x0, 0x0, 0x0, 0x0, 0x0, 0x1, 0xbb,
    0xbb, 0xb0, 0x2f, 0xff, 0xff, 0x0,

    /* U+FCF3 "ﳳ" */
    0x0, 0x5, 0xda, 0x0, 0x0, 0xb3, 0xd1, 0x1,
    0x18, 0xdc, 0x0, 0x4d, 0xe9, 0x10, 0x0, 0x3,
    0x13, 0x20, 0xd2, 0xa4, 0x96, 0x7, 0xe9, 0xcd,
    0x20, 0x0, 0x0, 0x0, 0x0, 0x0, 0x0, 0x0,
    0x0, 0x0, 0x0, 0x0, 0x0, 0x0, 0x0, 0x0,
    0x0, 0x0, 0x1b, 0xbb, 0xbb, 0x2, 0xff, 0xff,
    0xf0,

    /* U+FCF4 "ﳴ" */
    0x2c, 0xe, 0xe, 0x11, 0xd0, 0xfe, 0xb0, 0xa,
    0xd3, 0x0, 0x0, 0x0, 0x16, 0x20, 0x3, 0xbd,
    0x71, 0x0, 0x33, 0x0, 0x0, 0x0, 0x0, 0x0,
    0x0, 0x0, 0x0, 0x0, 0x0, 0x0, 0x0, 0x0,
    0x0, 0x0, 0x0, 0x1b, 0xbb, 0xbb, 0x2, 0xff,
    0xff, 0xf0,

    /* U+FCF5 "ﳵ" */
    0x0, 0x0, 0x0, 0x0, 0x0, 0x0, 0x0, 0x0,
    0xf, 0xf0, 0x0, 0x0, 0x0, 0x0, 0x0, 0x0,
    0x0, 0x0, 0x0, 0x0, 0x0, 0x0, 0xf, 0xf0,
    0x0, 0x0, 0x0, 0x0, 0x0, 0x0, 0x0, 0x0,
    0x0, 0x0, 0x0, 0x0, 0xf, 0xf0, 0x0, 0x0,
    0x0, 0x0, 0x0, 0x0, 0x0, 0x0, 0x0, 0x0,
    0x0, 0x0, 0xf, 0xf0, 0x0, 0x0, 0x0, 0x0,
    0x0, 0x0, 0x0, 0x0, 0x0, 0x0, 0x0, 0x0,
    0xf, 0xf0, 0x9, 0xef, 0xe8, 0x0, 0x0, 0x0,
    0x0, 0x0, 0x0, 0x0, 0x0, 0x0, 0xf, 0xf1,
    0xdf, 0xcc, 0xff, 0xa0, 0x0, 0x0, 0x0, 0x3,
    0xcf, 0xc2, 0x0, 0x0, 0xf, 0xfa, 0xc2, 0x0,
    0x3f, 0xf1, 0x0, 0x0, 0x0, 0x5f, 0xff, 0xfd,
    0x0, 0x0, 0xf, 0xfe, 0x10, 0x0, 0xd, 0xf3,
    0x0, 0x0, 0x1, 0xff, 0x40, 0x9f, 0x90, 0x0,
    0xf, 0xf5, 0x0, 0x0, 0xc, 0xf4, 0x8e, 0x40,
    0x5, 0xfa, 0x0, 0xc, 0xf6, 0x0, 0xf, 0xf0,
    0x0, 0x0, 0xc, 0xf4, 0xcf, 0x20, 0x3, 0xff,
    0x93, 0x1, 0xef, 0xcb, 0xbf, 0xfb, 0xbb, 0xbb,
    0xbe, 0xf4, 0xef, 0x10, 0x0, 0x7e, 0xff, 0xb0,
    0x2b, 0xff, 0xff, 0xff, 0xff, 0xff, 0xff, 0xf4,
    0xef, 0x20, 0x0, 0x0, 0x4e, 0xf4, 0x0, 0x0,
    0x0, 0x0, 0x0, 0x0, 0x0, 0x0, 0xbf, 0xc1,
    0x0, 0x0, 0x4e, 0xf3, 0x0, 0x0, 0x0, 0x0,
    0x0, 0x0, 0x0, 0x0, 0x3f, 0xff, 0xff, 0xff,
    0xff, 0xa0, 0x0, 0x0, 0x0, 0x0, 0x0, 0x0,
    0x0, 0x0, 0x3, 0x9b, 0xbb, 0xba, 0x94, 0x0,
    0x0, 0x0, 0x0, 0x0, 0x0, 0x0, 0x0, 0x0,

    /* U+FCF6 "ﳶ" */
    0x0, 0x0, 0x0, 0x0, 0x0, 0x0, 0x0, 0x0,
    0xf, 0xf0, 0x0, 0x0, 0x0, 0x0, 0x0, 0x0,
    0x0, 0x0, 0x0, 0x0, 0x0, 0x0, 0xf, 0xf0,
    0x0, 0x0, 0x0, 0x0, 0x0, 0x0, 0x0, 0x0,
    0x0, 0x0, 0x0, 0x0, 0xf, 0xf0, 0x0, 0x0,
    0x0, 0x0, 0x0, 0x0, 0x0, 0x0, 0x0, 0x0,
    0x0, 0x0, 0xf, 0xf0, 0x0, 0x0, 0x0, 0x0,
    0x0, 0x0, 0x0, 0x0, 0x0, 0x0, 0x0, 0x0,
    0xf, 0xf0, 0x9, 0xef, 0xe8, 0x0, 0x0, 0x0,
    0x0, 0x0, 0x0, 0x0, 0x0, 0x0, 0xf, 0xf1,
    0xdf, 0xcc, 0xff, 0xa0, 0x0, 0x0, 0x0, 0x3,
    0xcf, 0xc2, 0x0, 0x0, 0xf, 0xfa, 0xc2, 0x0,
    0x3f, 0xf1, 0x0, 0x0, 0x0, 0x5f, 0xff, 0xfd,
    0x0, 0x0, 0xf, 0xfe, 0x10, 0x0, 0xd, 0xf3,
    0x0, 0x0, 0x1, 0xff, 0x40, 0x9f, 0x90, 0x0,
    0xf, 0xf5, 0x0, 0x0, 0xc, 0xf4, 0x8e, 0x40,
    0x5, 0xfa, 0x0, 0xc, 0xf6, 0x0, 0xf, 0xf0,
    0x0, 0x0, 0xc, 0xf4, 0xcf, 0x20, 0x3, 0xff,
    0x93, 0x1, 0xef, 0xcb, 0xbf, 0xfb, 0xbb, 0xbb,
    0xbe, 0xf4, 0xef, 0x10, 0x0, 0x7e, 0xff, 0xb0,
    0x2b, 0xff, 0xff, 0xff, 0xff, 0xff, 0xff, 0xf4,
    0xef, 0x20, 0x0, 0x0, 0x4e, 0xf4, 0x0, 0x0,
    0x0, 0x0, 0x0, 0x0, 0x0, 0x0, 0xbf, 0xc1,
    0x0, 0x0, 0x4e, 0xf3, 0x0, 0x0, 0x0, 0x0,
    0x0, 0x0, 0x0, 0x0, 0x3f, 0xff, 0xff, 0xff,
    0xff, 0xa0, 0x0, 0x0, 0x0, 0x0, 0x0, 0x0,
    0x0, 0x0, 0x3, 0x9b, 0xbb, 0xba, 0x94, 0x0,
    0x0, 0x0, 0x0, 0x0, 0x0, 0x0, 0x0, 0x0,
    0x0, 0x0, 0x0, 0x0, 0x0, 0x0, 0x0, 0x0,
    0x0, 0x0, 0x0, 0x0, 0x0, 0x0, 0x0, 0xd,
    0xb3, 0xf7, 0x0, 0x0, 0x0, 0x0, 0x0, 0x0,
    0x0, 0x0, 0x0, 0x0, 0x0, 0xf, 0xd4, 0xf8,
    0x0, 0x0, 0x0, 0x0, 0x0, 0x0, 0x0, 0x0,
    0x0, 0x0, 0x0, 0x1, 0x0, 0x20, 0x0, 0x0,
    0x0, 0x0, 0x0, 0x0, 0x0, 0x0, 0x0, 0x0,

    /* U+FCF7 "ﳷ" */
    0x0, 0x0, 0x0, 0x0, 0x0, 0x0, 0x0, 0x0,
    0x4, 0xbf, 0xfd, 0x60, 0x0, 0x0, 0x0, 0x0,
    0x0, 0x0, 0x0, 0x4, 0xff, 0xcb, 0xe6, 0x0,
    0x0, 0x0, 0x3, 0xcf, 0xc2, 0x0, 0x0, 0xcf,
    0x60, 0x0, 0x0, 0x0, 0x0, 0x5, 0xff, 0xff,
    0xd0, 0x0, 0xf, 0xf0, 0x0, 0x0, 0x0, 0x0,
    0x1, 0xff, 0x40, 0x9f, 0x90, 0x0, 0xef, 0x10,
    0x0, 0x8, 0xe4, 0x0, 0x5f, 0xa0, 0x0, 0xcf,
    0x60, 0x8, 0xf8, 0x0, 0x0, 0xcf, 0x20, 0x3,
    0xff, 0x93, 0x1, 0xef, 0xcb, 0xbf, 0xfc, 0xbb,
    0xae, 0xf1, 0x0, 0x7, 0xef, 0xfb, 0x2, 0xbf,
    0xff, 0xff, 0xff, 0xff, 0xef, 0x20, 0x0, 0x0,
    0x4e, 0xf4, 0x0, 0x0, 0x0, 0x0, 0x0, 0xb,
    0xfc, 0x10, 0x0, 0x4, 0xef, 0x30, 0x0, 0x0,
    0x0, 0x0, 0x0, 0x3f, 0xff, 0xff, 0xff, 0xff,
    0xa0, 0x0, 0x0, 0x0, 0x0, 0x0, 0x0, 0x39,
    0xbb, 0xbb, 0xa9, 0x40, 0x0, 0x0, 0x0, 0x0,
    0x0, 0x0,

    /* U+FCF8 "ﳸ" */
    0x0, 0x0, 0x0, 0x0, 0x0, 0x0, 0x0, 0x0,
    0x4, 0xbf, 0xfd, 0x60, 0x0, 0x0, 0x0, 0x0,
    0x0, 0x0, 0x0, 0x4, 0xff, 0xcb, 0xe6, 0x0,
    0x0, 0x0, 0x3, 0xcf, 0xc2, 0x0, 0x0, 0xcf,
    0x60, 0x0, 0x0, 0x0, 0x0, 0x5, 0xff, 0xff,
    0xd0, 0x0, 0xf, 0xf0, 0x0, 0x0, 0x0, 0x0,
    0x1, 0xff, 0x40, 0x9f, 0x90, 0x0, 0xef, 0x10,
    0x0, 0x8, 0xe4, 0x0, 0x5f, 0xa0, 0x0, 0xcf,
    0x60, 0x8, 0xf8, 0x0, 0x0, 0xcf, 0x20, 0x3,
    0xff, 0x93, 0x1, 0xef, 0xcb, 0xbf, 0xfc, 0xbb,
    0xae, 0xf1, 0x0, 0x7, 0xef, 0xfb, 0x2, 0xbf,
    0xff, 0xff, 0xff, 0xff, 0xef, 0x20, 0x0, 0x0,
    0x4e, 0xf4, 0x0, 0x0, 0x0, 0x0, 0x0, 0xb,
    0xfc, 0x10, 0x0, 0x4, 0xef, 0x30, 0x0, 0x0,
    0x0, 0x0, 0x0, 0x3f, 0xff, 0xff, 0xff, 0xff,
    0xa0, 0x0, 0x0, 0x0, 0x0, 0x0, 0x0, 0x39,
    0xbb, 0xbb, 0xa9, 0x40, 0x0, 0x0, 0x0, 0x0,
    0x0, 0x0, 0x0, 0x0, 0x0, 0x0, 0x0, 0x0,
    0x0, 0x0, 0x0, 0x0, 0x0, 0x0, 0x0, 0xdb,
    0x3f, 0x70, 0x0, 0x0, 0x0, 0x0, 0x0, 0x0,
    0x0, 0x0, 0xf, 0xd4, 0xf8, 0x0, 0x0, 0x0,
    0x0, 0x0, 0x0, 0x0, 0x0, 0x0, 0x10, 0x2,
    0x0, 0x0, 0x0, 0x0, 0x0, 0x0, 0x0, 0x0,

    /* U+FCF9 "ﳹ" */
    0x0, 0x0, 0x0, 0x0, 0x0, 0x0, 0x0, 0x0,
    0x0, 0x8e, 0x20, 0x0, 0x0, 0x0, 0x0, 0x0,
    0x0, 0x0, 0x0, 0x0, 0xa, 0xf2, 0x0, 0x0,
    0x0, 0x0, 0x0, 0x0, 0x0, 0x0, 0x0, 0x0,
    0x1, 0x0, 0x0, 0x0, 0x0, 0x0, 0x0, 0x0,
    0x0, 0x0, 0x0, 0x0, 0x0, 0x0, 0x0, 0x0,
    0x0, 0x0, 0x0, 0x0, 0x0, 0x0, 0x4, 0xbf,
    0xfd, 0x60, 0x0, 0x0, 0x0, 0x0, 0x0, 0x0,
    0x0, 0x4, 0xff, 0xcb, 0xe6, 0x0, 0x0, 0x0,
    0x3, 0xcf, 0xc2, 0x0, 0x0, 0xcf, 0x60, 0x0,
    0x0, 0x0, 0x0, 0x5, 0xff, 0xff, 0xd0, 0x0,
    0xf, 0xf0, 0x0, 0x0, 0x0, 0x0, 0x1, 0xff,
    0x40, 0x9f, 0x90, 0x0, 0xef, 0x10, 0x0, 0x8,
    0xe4, 0x0, 0x5f, 0xa0, 0x0, 0xcf, 0x60, 0x8,
    0xf8, 0x0, 0x0, 0xcf, 0x20, 0x3, 0xff, 0x93,
    0x1, 0xef, 0xcb, 0xbf, 0xfc, 0xbb, 0xae, 0xf1,
    0x0, 0x7, 0xef, 0xfb, 0x2, 0xbf, 0xff, 0xff,
    0xff, 0xff, 0xef, 0x20, 0x0, 0x0, 0x4e, 0xf4,
    0x0, 0x0, 0x0, 0x0, 0x0, 0xb, 0xfc, 0x10,
    0x0, 0x4, 0xef, 0x30, 0x0, 0x0, 0x0, 0x0,
    0x0, 0x3f, 0xff, 0xff, 0xff, 0xff, 0xa0, 0x0,
    0x0, 0x0, 0x0, 0x0, 0x0, 0x39, 0xbb, 0xbb,
    0xa9, 0x40, 0x0, 0x0, 0x0, 0x0, 0x0, 0x0,

    /* U+FCFA "ﳺ" */
    0x0, 0x0, 0x0, 0x0, 0x0, 0x0, 0x0, 0x0,
    0x0, 0x8e, 0x20, 0x0, 0x0, 0x0, 0x0, 0x0,
    0x0, 0x0, 0x0, 0x0, 0xa, 0xf2, 0x0, 0x0,
    0x0, 0x0, 0x0, 0x0, 0x0, 0x0, 0x0, 0x0,
    0x1, 0x0, 0x0, 0x0, 0x0, 0x0, 0x0, 0x0,
    0x0, 0x0, 0x0, 0x0, 0x0, 0x0, 0x0, 0x0,
    0x0, 0x0, 0x0, 0x0, 0x0, 0x0, 0x4, 0xbf,
    0xfd, 0x60, 0x0, 0x0, 0x0, 0x0, 0x0, 0x0,
    0x0, 0x4, 0xff, 0xcb, 0xe6, 0x0, 0x0, 0x0,
    0x3, 0xcf, 0xc2, 0x0, 0x0, 0xcf, 0x60, 0x0,
    0x0, 0x0, 0x0, 0x5, 0xff, 0xff, 0xd0, 0x0,
    0xf, 0xf0, 0x0, 0x0, 0x0, 0x0, 0x1, 0xff,
    0x40, 0x9f, 0x90, 0x0, 0xef, 0x10, 0x0, 0x8,
    0xe4, 0x0, 0x5f, 0xa0, 0x0, 0xcf, 0x60, 0x8,
    0xf8, 0x0, 0x0, 0xcf, 0x20, 0x3, 0xff, 0x93,
    0x1, 0xef, 0xcb, 0xbf, 0xfc, 0xbb, 0xae, 0xf1,
    0x0, 0x7, 0xef, 0xfb, 0x2, 0xbf, 0xff, 0xff,
    0xff, 0xff, 0xef, 0x20, 0x0, 0x0, 0x4e, 0xf4,
    0x0, 0x0, 0x0, 0x0, 0x0, 0xb, 0xfc, 0x10,
    0x0, 0x4, 0xef, 0x30, 0x0, 0x0, 0x0, 0x0,
    0x0, 0x3f, 0xff, 0xff, 0xff, 0xff, 0xa0, 0x0,
    0x0, 0x0, 0x0, 0x0, 0x0, 0x39, 0xbb, 0xbb,
    0xa9, 0x40, 0x0, 0x0, 0x0, 0x0, 0x0, 0x0,
    0x0, 0x0, 0x0, 0x0, 0x0, 0x0, 0x0, 0x0,
    0x0, 0x0, 0x0, 0x0, 0x0, 0xdb, 0x3f, 0x70,
    0x0, 0x0, 0x0, 0x0, 0x0, 0x0, 0x0, 0x0,
    0xf, 0xd4, 0xf8, 0x0, 0x0, 0x0, 0x0, 0x0,
    0x0, 0x0, 0x0, 0x0, 0x10, 0x2, 0x0, 0x0,
    0x0, 0x0, 0x0, 0x0, 0x0, 0x0,

    /* U+FCFB "ﳻ" */
    0x0, 0x0, 0x0, 0x0, 0x0, 0x0, 0x0, 0x0,
    0x0, 0x0, 0x0, 0x0, 0x0, 0x2f, 0xe0, 0x0,
    0x0, 0x0, 0x0, 0x0, 0x0, 0x0, 0x1, 0x87,
    0x0, 0x8, 0x80, 0x2, 0xfe, 0x0, 0x0, 0x0,
    0x3, 0xcf, 0xc2, 0x0, 0x0, 0x2f, 0xe0, 0x0,
    0xff, 0x0, 0x2f, 0xe0, 0x0, 0x0, 0x5, 0xff,
    0xff, 0xd0, 0x0, 0x2, 0xfe, 0x0, 0xf, 0xf0,
    0x2, 0xfe, 0x0, 0x0, 0x1, 0xff, 0x40, 0x9f,
    0x90, 0x0, 0x2f, 0xe0, 0x0, 0xff, 0x0, 0x2f,
    0xe8, 0xe4, 0x0, 0x5f, 0xa0, 0x0, 0xcf, 0x60,
    0x2, 0xfe, 0x0, 0x4f, 0xf3, 0x2, 0xfe, 0xcf,
    0x20, 0x3, 0xff, 0x93, 0x1, 0xef, 0xcb, 0xbf,
    0xfb, 0xbf, 0xff, 0xfb, 0xcf, 0xee, 0xf1, 0x0,
    0x7, 0xef, 0xfb, 0x2, 0xbf, 0xff, 0xff, 0xff,
    0xe9, 0x1a, 0xff, 0xfe, 0xef, 0x20, 0x0, 0x0,
    0x4e, 0xf4, 0x0, 0x0, 0x0, 0x0, 0x0, 0x0,
    0x0, 0x0, 0xb, 0xfc, 0x10, 0x0, 0x4, 0xef,
    0x30, 0x0, 0x0, 0x0, 0x0, 0x0, 0x0, 0x0,
    0x0, 0x3f, 0xff, 0xff, 0xff, 0xff, 0xa0, 0x0,
    0x0, 0x0, 0x0, 0x0, 0x0, 0x0, 0x0, 0x0,
    0x39, 0xbb, 0xbb, 0xa9, 0x40, 0x0, 0x0, 0x0,
    0x0, 0x0, 0x0, 0x0, 0x0, 0x0,

    /* U+FCFC "ﳼ" */
    0x0, 0x0, 0x0, 0x0, 0x0, 0x0, 0x0, 0x0,
    0x0, 0x0, 0x0, 0x0, 0x0, 0x2f, 0xe0, 0x0,
    0x0, 0x0, 0x0, 0x0, 0x0, 0x0, 0x1, 0x87,
    0x0, 0x8, 0x80, 0x2, 0xfe, 0x0, 0x0, 0x0,
    0x3, 0xcf, 0xc2, 0x0, 0x0, 0x2f, 0xe0, 0x0,
    0xff, 0x0, 0x2f, 0xe0, 0x0, 0x0, 0x5, 0xff,
    0xff, 0xd0, 0x0, 0x2, 0xfe, 0x0, 0xf, 0xf0,
    0x2, 0xfe, 0x0, 0x0, 0x1, 0xff, 0x40, 0x9f,
    0x90, 0x0, 0x2f, 0xe0, 0x0, 0xff, 0x0, 0x2f,
    0xe8, 0xe4, 0x0, 0x5f, 0xa0, 0x0, 0xcf, 0x60,
    0x2, 0xfe, 0x0, 0x4f, 0xf3, 0x2, 0xfe, 0xcf,
    0x20, 0x3, 0xff, 0x93, 0x1, 0xef, 0xcb, 0xbf,
    0xfb, 0xbf, 0xff, 0xfb, 0xcf, 0xee, 0xf1, 0x0,
    0x7, 0xef, 0xfb, 0x2, 0xbf, 0xff, 0xff, 0xff,
    0xe9, 0x1a, 0xff, 0xfe, 0xef, 0x20, 0x0, 0x0,
    0x4e, 0xf4, 0x0, 0x0, 0x0, 0x0, 0x0, 0x0,
    0x0, 0x0, 0xb, 0xfc, 0x10, 0x0, 0x4, 0xef,
    0x30, 0x0, 0x0, 0x0, 0x0, 0x0, 0x0, 0x0,
    0x0, 0x3f, 0xff, 0xff, 0xff, 0xff, 0xa0, 0x0,
    0x0, 0x0, 0x0, 0x0, 0x0, 0x0, 0x0, 0x0,
    0x39, 0xbb, 0xbb, 0xa9, 0x40, 0x0, 0x0, 0x0,
    0x0, 0x0, 0x0, 0x0, 0x0, 0x0, 0x0, 0x0,
    0x0, 0x0, 0x0, 0x0, 0x0, 0x0, 0x0, 0x0,
    0x0, 0x0, 0x0, 0x0, 0x0, 0x0, 0xdb, 0x3f,
    0x70, 0x0, 0x0, 0x0, 0x0, 0x0, 0x0, 0x0,
    0x0, 0x0, 0x0, 0x0, 0xf, 0xd4, 0xf8, 0x0,
    0x0, 0x0, 0x0, 0x0, 0x0, 0x0, 0x0, 0x0,
    0x0, 0x0, 0x0, 0x10, 0x2, 0x0, 0x0, 0x0,
    0x0, 0x0, 0x0, 0x0, 0x0, 0x0, 0x0, 0x0,

    /* U+FCFD "ﳽ" */
    0x0, 0x0, 0x0, 0x0, 0x0, 0x0, 0x0, 0x0,
    0x0, 0x0, 0x0, 0xac, 0x0, 0x0, 0x0, 0x0,
    0x0, 0x0, 0x0, 0x0, 0x0, 0x0, 0x0, 0x0,
    0x0, 0x9, 0xa0, 0x0, 0x0, 0x0, 0x0, 0x0,
    0x0, 0x0, 0x0, 0x0, 0x0, 0x0, 0x0, 0x2f,
    0x86, 0xf4, 0x0, 0x0, 0x0, 0x0, 0x0, 0x0,
    0x0, 0x0, 0x0, 0x0, 0x0, 0x3, 0xf9, 0x7f,
    0x50, 0x0, 0x0, 0x0, 0x0, 0x0, 0x0, 0x0,
    0x0, 0x0, 0x0, 0x0, 0x1, 0x0, 0x10, 0x2d,
    0xc0, 0x0, 0x0, 0x0, 0x0, 0x0, 0x0, 0x0,
    0x1, 0xa9, 0x0, 0xa, 0xa0, 0x2, 0xfe, 0x0,
    0x0, 0x0, 0x3, 0xcf, 0xc2, 0x0, 0x0, 0x2f,
    0xe0, 0x0, 0xff, 0x0, 0x2f, 0xe0, 0x0, 0x0,
    0x5, 0xff, 0xff, 0xd0, 0x0, 0x2, 0xfe, 0x0,
    0xf, 0xf0, 0x2, 0xfe, 0x0, 0x0, 0x1, 0xff,
    0x40, 0x9f, 0x90, 0x0, 0x2f, 0xe0, 0x0, 0xff,
    0x0, 0x2f, 0xe8, 0xe4, 0x0, 0x5f, 0xa0, 0x0,
    0xcf, 0x60, 0x2, 0xfe, 0x0, 0x4f, 0xf3, 0x2,
    0xfe, 0xcf, 0x20, 0x3, 0xff, 0x93, 0x1, 0xef,
    0xcb, 0xbf, 0xfb, 0xbf, 0xff, 0xfb, 0xcf, 0xee,
    0xf1, 0x0, 0x7, 0xef, 0xfb, 0x2, 0xbf, 0xff,
    0xff, 0xff, 0xe9, 0x1a, 0xff, 0xfe, 0xef, 0x20,
    0x0, 0x0, 0x4e, 0xf4, 0x0, 0x0, 0x0, 0x0,
    0x0, 0x0, 0x0, 0x0, 0xb, 0xfc, 0x10, 0x0,
    0x4, 0xef, 0x30, 0x0, 0x0, 0x0, 0x0, 0x0,
    0x0, 0x0, 0x0, 0x3f, 0xff, 0xff, 0xff, 0xff,
    0xa0, 0x0, 0x0, 0x0, 0x0, 0x0, 0x0, 0x0,
    0x0, 0x0, 0x39, 0xbb, 0xbb, 0xa9, 0x40, 0x0,
    0x0, 0x0, 0x0, 0x0, 0x0, 0x0, 0x0, 0x0,

    /* U+FCFE "ﳾ" */
    0x0, 0x0, 0x0, 0x0, 0x0, 0x0, 0x0, 0x0,
    0x0, 0x0, 0x0, 0xac, 0x0, 0x0, 0x0, 0x0,
    0x0, 0x0, 0x0, 0x0, 0x0, 0x0, 0x0, 0x0,
    0x0, 0x9, 0xa0, 0x0, 0x0, 0x0, 0x0, 0x0,
    0x0, 0x0, 0x0, 0x0, 0x0, 0x0, 0x0, 0x2f,
    0x86, 0xf4, 0x0, 0x0, 0x0, 0x0, 0x0, 0x0,
    0x0, 0x0, 0x0, 0x0, 0x0, 0x3, 0xf9, 0x7f,
    0x50, 0x0, 0x0, 0x0, 0x0, 0x0, 0x0, 0x0,
    0x0, 0x0, 0x0, 0x0, 0x1, 0x0, 0x10, 0x2d,
    0xc0, 0x0, 0x0, 0x0, 0x0, 0x0, 0x0, 0x0,
    0x1, 0xa9, 0x0, 0xa, 0xa0, 0x2, 0xfe, 0x0,
    0x0, 0x0, 0x3, 0xcf, 0xc2, 0x0, 0x0, 0x2f,
    0xe0, 0x0, 0xff, 0x0, 0x2f, 0xe0, 0x0, 0x0,
    0x5, 0xff, 0xff, 0xd0, 0x0, 0x2, 0xfe, 0x0,
    0xf, 0xf0, 0x2, 0xfe, 0x0, 0x0, 0x1, 0xff,
    0x40, 0x9f, 0x90, 0x0, 0x2f, 0xe0, 0x0, 0xff,
    0x0, 0x2f, 0xe8, 0xe4, 0x0, 0x5f, 0xa0, 0x0,
    0xcf, 0x60, 0x2, 0xfe, 0x0, 0x4f, 0xf3, 0x2,
    0xfe, 0xcf, 0x20, 0x3, 0xff, 0x93, 0x1, 0xef,
    0xcb, 0xbf, 0xfb, 0xbf, 0xff, 0xfb, 0xcf, 0xee,
    0xf1, 0x0, 0x7, 0xef, 0xfb, 0x2, 0xbf, 0xff,
    0xff, 0xff, 0xe9, 0x1a, 0xff, 0xfe, 0xef, 0x20,
    0x0, 0x0, 0x4e, 0xf4, 0x0, 0x0, 0x0, 0x0,
    0x0, 0x0, 0x0, 0x0, 0xb, 0xfc, 0x10, 0x0,
    0x4, 0xef, 0x30, 0x0, 0x0, 0x0, 0x0, 0x0,
    0x0, 0x0, 0x0, 0x3f, 0xff, 0xff, 0xff, 0xff,
    0xa0, 0x0, 0x0, 0x0, 0x0, 0x0, 0x0, 0x0,
    0x0, 0x0, 0x39, 0xbb, 0xbb, 0xa9, 0x40, 0x0,
    0x0, 0x0, 0x0, 0x0, 0x0, 0x0, 0x0, 0x0,
    0x0, 0x0, 0x0, 0x0, 0x0, 0x0, 0x0, 0x0,
    0x0, 0x0, 0x0, 0x0, 0x0, 0x0, 0x0, 0x0,
    0xdb, 0x3f, 0x70, 0x0, 0x0, 0x0, 0x0, 0x0,
    0x0, 0x0, 0x0, 0x0, 0x0, 0x0, 0xf, 0xd4,
    0xf8, 0x0, 0x0, 0x0, 0x0, 0x0, 0x0, 0x0,
    0x0, 0x0, 0x0, 0x0, 0x0, 0x10, 0x2, 0x0,
    0x0, 0x0, 0x0, 0x0, 0x0, 0x0, 0x0, 0x0,
    0x0, 0x0,

    /* U+FCFF "ﳿ" */
    0x0, 0x0, 0x0, 0x0, 0x0, 0x0, 0x0, 0x2,
    0xae, 0xff, 0xa1, 0x0, 0x0, 0x0, 0x0, 0x0,
    0x0, 0x0, 0x0, 0x1, 0xfd, 0xbe, 0xfb, 0x0,
    0x0, 0x0, 0x0, 0x3, 0xcf, 0xc2, 0x0, 0x0,
    0x10, 0x1, 0xff, 0x20, 0x0, 0x0, 0x0, 0x5f,
    0xff, 0xfd, 0x0, 0x0, 0x0, 0x0, 0xbf, 0x50,
    0x0, 0x0, 0x1, 0xff, 0x40, 0x9f, 0xa0, 0x0,
    0x0, 0x0, 0x7f, 0x90, 0x8e, 0x40, 0x5, 0xfa,
    0x0, 0xc, 0xf6, 0x0, 0x0, 0x0, 0x2f, 0xe0,
    0xcf, 0x20, 0x3, 0xff, 0x93, 0x1, 0xef, 0xcb,
    0xbb, 0xbb, 0xbe, 0xf6, 0xef, 0x10, 0x0, 0x7e,
    0xff, 0xb0, 0x2b, 0xff, 0xff, 0xff, 0xff, 0xf7,
    0xef, 0x20, 0x0, 0x0, 0x4e, 0xf4, 0x0, 0x0,
    0x0, 0x0, 0x0, 0x0, 0xbf, 0xc1, 0x0, 0x0,
    0x4e, 0xf3, 0x0, 0x0, 0x0, 0x0, 0x0, 0x0,
    0x3f, 0xff, 0xff, 0xff, 0xff, 0xa0, 0x0, 0x0,
    0x0, 0x0, 0x0, 0x0, 0x3, 0x9b, 0xbb, 0xba,
    0x94, 0x0, 0x0, 0x0, 0x0, 0x0, 0x0, 0x0,

    /* U+FD00 "ﴀ" */
    0x0, 0x0, 0x0, 0x0, 0x0, 0x0, 0x0, 0x2,
    0xae, 0xff, 0xa1, 0x0, 0x0, 0x0, 0x0, 0x0,
    0x0, 0x0, 0x0, 0x1, 0xfd, 0xbe, 0xfb, 0x0,
    0x0, 0x0, 0x0, 0x3, 0xcf, 0xc2, 0x0, 0x0,
    0x10, 0x1, 0xff, 0x20, 0x0, 0x0, 0x0, 0x5f,
    0xff, 0xfd, 0x0, 0x0, 0x0, 0x0, 0xbf, 0x50,
    0x0, 0x0, 0x1, 0xff, 0x40, 0x9f, 0xa0, 0x0,
    0x0, 0x0, 0x7f, 0x90, 0x8e, 0x40, 0x5, 0xfa,
    0x0, 0xc, 0xf6, 0x0, 0x0, 0x0, 0x2f, 0xe0,
    0xcf, 0x20, 0x3, 0xff, 0x93, 0x1, 0xef, 0xcb,
    0xbb, 0xbb, 0xbe, 0xf6, 0xef, 0x10, 0x0, 0x7e,
    0xff, 0xb0, 0x2b, 0xff, 0xff, 0xff, 0xff, 0xf7,
    0xef, 0x20, 0x0, 0x0, 0x4e, 0xf4, 0x0, 0x0,
    0x0, 0x0, 0x0, 0x0, 0xbf, 0xc1, 0x0, 0x0,
    0x4e, 0xf3, 0x0, 0x0, 0x0, 0x0, 0x0, 0x0,
    0x3f, 0xff, 0xff, 0xff, 0xff, 0xa0, 0x0, 0x0,
    0x0, 0x0, 0x0, 0x0, 0x3, 0x9b, 0xbb, 0xba,
    0x94, 0x0, 0x0, 0x0, 0x0, 0x0, 0x0, 0x0,
    0x0, 0x0, 0x0, 0x0, 0x0, 0x0, 0x0, 0x0,
    0x0, 0x0, 0x0, 0x0, 0x0, 0xd, 0xb3, 0xf7,
    0x0, 0x0, 0x0, 0x0, 0x0, 0x0, 0x0, 0x0,
    0x0, 0xf, 0xd4, 0xf8, 0x0, 0x0, 0x0, 0x0,
    0x0, 0x0, 0x0, 0x0, 0x0, 0x1, 0x0, 0x20,
    0x0, 0x0, 0x0, 0x0, 0x0, 0x0, 0x0, 0x0,

    /* U+FD01 "ﴁ" */
    0x0, 0x0, 0x0, 0x0, 0x0, 0x0, 0x0, 0x2,
    0xae, 0xff, 0xa1, 0x0, 0x0, 0x0, 0x0, 0x0,
    0x0, 0x0, 0x0, 0x1, 0xfd, 0xbe, 0xfb, 0x0,
    0x0, 0x0, 0x0, 0x3, 0xcf, 0xc2, 0x0, 0x0,
    0x10, 0x1, 0xff, 0x20, 0x0, 0x0, 0x0, 0x5f,
    0xff, 0xfd, 0x0, 0x0, 0x0, 0x0, 0xbf, 0x50,
    0x0, 0x0, 0x1, 0xff, 0x40, 0x9f, 0xa0, 0x0,
    0x0, 0x0, 0x7f, 0x90, 0x8e, 0x40, 0x5, 0xfa,
    0x0, 0xc, 0xf6, 0x0, 0x0, 0x0, 0x2f, 0xe0,
    0xcf, 0x20, 0x3, 0xff, 0x94, 0x1, 0xef, 0xcb,
    0xbb, 0xbb, 0xbe, 0xf6, 0xef, 0x10, 0x0, 0x7e,
    0xff, 0xb0, 0x2b, 0xff, 0xff, 0xff, 0xff, 0xf7,
    0xef, 0x20, 0x0, 0x0, 0x4e, 0xf4, 0x0, 0x0,
    0x0, 0x0, 0x0, 0x0, 0xbf, 0xc1, 0x0, 0x0,
    0x4e, 0xf3, 0x0, 0x0, 0x0, 0x63, 0x0, 0x0,
    0x3f, 0xff, 0xff, 0xff, 0xff, 0xa0, 0x0, 0x0,
    0x3, 0xfb, 0x0, 0x0, 0x2, 0x9b, 0xbb, 0xba,
    0x84, 0x0, 0x0, 0x0, 0x0, 0x95, 0x0, 0x0,

    /* U+FD02 "ﴂ" */
    0x0, 0x0, 0x0, 0x0, 0x0, 0x0, 0x0, 0x2,
    0xae, 0xff, 0xa1, 0x0, 0x0, 0x0, 0x0, 0x0,
    0x0, 0x0, 0x0, 0x1, 0xfd, 0xbe, 0xfb, 0x0,
    0x0, 0x0, 0x0, 0x3, 0xcf, 0xc2, 0x0, 0x0,
    0x10, 0x1, 0xff, 0x20, 0x0, 0x0, 0x0, 0x5f,
    0xff, 0xfd, 0x0, 0x0, 0x0, 0x0, 0xbf, 0x50,
    0x0, 0x0, 0x1, 0xff, 0x40, 0x9f, 0xa0, 0x0,
    0x0, 0x0, 0x7f, 0x90, 0x8e, 0x40, 0x5, 0xfa,
    0x0, 0xc, 0xf6, 0x0, 0x0, 0x0, 0x2f, 0xe0,
    0xcf, 0x20, 0x3, 0xff, 0x94, 0x1, 0xef, 0xcb,
    0xbb, 0xbb, 0xbe, 0xf6, 0xef, 0x10, 0x0, 0x7e,
    0xff, 0xb0, 0x2b, 0xff, 0xff, 0xff, 0xff, 0xf7,
    0xef, 0x20, 0x0, 0x0, 0x4e, 0xf4, 0x0, 0x0,
    0x0, 0x0, 0x0, 0x0, 0xbf, 0xc1, 0x0, 0x0,
    0x4e, 0xf3, 0x0, 0x0, 0x0, 0x63, 0x0, 0x0,
    0x3f, 0xff, 0xff, 0xff, 0xff, 0xa0, 0x0, 0x0,
    0x3, 0xfb, 0x0, 0x0, 0x2, 0x9b, 0xbb, 0xba,
    0x84, 0x0, 0x0, 0x0, 0x0, 0x95, 0x0, 0x0,
    0x0, 0x0, 0x0, 0x0, 0x0, 0x0, 0x0, 0x0,
    0x0, 0x0, 0x0, 0x0, 0x0, 0xd, 0xb3, 0xf7,
    0x0, 0x0, 0x0, 0x0, 0x0, 0x0, 0x0, 0x0,
    0x0, 0xf, 0xd4, 0xf8, 0x0, 0x0, 0x0, 0x0,
    0x0, 0x0, 0x0, 0x0, 0x0, 0x1, 0x0, 0x20,
    0x0, 0x0, 0x0, 0x0, 0x0, 0x0, 0x0, 0x0,

    /* U+FD03 "ﴃ" */
    0x0, 0x0, 0x0, 0x0, 0x0, 0x0, 0x0, 0x0,
    0xa, 0xe1, 0x0, 0x0, 0x0, 0x0, 0x0, 0x0,
    0x0, 0x0, 0x0, 0x0, 0xb, 0xf1, 0x0, 0x0,
    0x0, 0x0, 0x0, 0x0, 0x0, 0x0, 0x0, 0x0,
    0x0, 0x10, 0x0, 0x0, 0x0, 0x0, 0x0, 0x0,
    0x0, 0x0, 0x0, 0x0, 0x0, 0x0, 0x0, 0x0,
    0x0, 0x0, 0x0, 0x0, 0x0, 0x0, 0x0, 0x2,
    0xae, 0xff, 0xa1, 0x0, 0x0, 0x0, 0x0, 0x0,
    0x0, 0x0, 0x0, 0x1, 0xfd, 0xbe, 0xfb, 0x0,
    0x0, 0x0, 0x0, 0x3, 0xcf, 0xc2, 0x0, 0x0,
    0x10, 0x1, 0xff, 0x20, 0x0, 0x0, 0x0, 0x5f,
    0xff, 0xfd, 0x0, 0x0, 0x0, 0x0, 0xbf, 0x50,
    0x0, 0x0, 0x1, 0xff, 0x40, 0x9f, 0xa0, 0x0,
    0x0, 0x0, 0x7f, 0x90, 0x8e, 0x40, 0x5, 0xfa,
    0x0, 0xc, 0xf6, 0x0, 0x0, 0x0, 0x2f, 0xe0,
    0xcf, 0x20, 0x3, 0xff, 0x93, 0x1, 0xef, 0xcb,
    0xbb, 0xbb, 0xbe, 0xf6, 0xef, 0x10, 0x0, 0x7e,
    0xff, 0xb0, 0x2b, 0xff, 0xff, 0xff, 0xff, 0xf7,
    0xef, 0x20, 0x0, 0x0, 0x4e, 0xf4, 0x0, 0x0,
    0x0, 0x0, 0x0, 0x0, 0xbf, 0xc1, 0x0, 0x0,
    0x4e, 0xf3, 0x0, 0x0, 0x0, 0x0, 0x0, 0x0,
    0x3f, 0xff, 0xff, 0xff, 0xff, 0xa0, 0x0, 0x0,
    0x0, 0x0, 0x0, 0x0, 0x3, 0x9b, 0xbb, 0xba,
    0x94, 0x0, 0x0, 0x0, 0x0, 0x0, 0x0, 0x0,

    /* U+FD04 "ﴄ" */
    0x0, 0x0, 0x0, 0x0, 0x0, 0x0, 0x0, 0x0,
    0xa, 0xe1, 0x0, 0x0, 0x0, 0x0, 0x0, 0x0,
    0x0, 0x0, 0x0, 0x0, 0xb, 0xf1, 0x0, 0x0,
    0x0, 0x0, 0x0, 0x0, 0x0, 0x0, 0x0, 0x0,
    0x0, 0x10, 0x0, 0x0, 0x0, 0x0, 0x0, 0x0,
    0x0, 0x0, 0x0, 0x0, 0x0, 0x0, 0x0, 0x0,
    0x0, 0x0, 0x0, 0x0, 0x0, 0x0, 0x0, 0x2,
    0xae, 0xff, 0xa1, 0x0, 0x0, 0x0, 0x0, 0x0,
    0x0, 0x0, 0x0, 0x1, 0xfd, 0xbe, 0xfb, 0x0,
    0x0, 0x0, 0x0, 0x3, 0xcf, 0xc2, 0x0, 0x0,
    0x10, 0x1, 0xff, 0x20, 0x0, 0x0, 0x0, 0x5f,
    0xff, 0xfd, 0x0, 0x0, 0x0, 0x0, 0xbf, 0x50,
    0x0, 0x0, 0x1, 0xff, 0x40, 0x9f, 0xa0, 0x0,
    0x0, 0x0, 0x7f, 0x90, 0x8e, 0x40, 0x5, 0xfa,
    0x0, 0xc, 0xf6, 0x0, 0x0, 0x0, 0x2f, 0xe0,
    0xcf, 0x20, 0x3, 0xff, 0x93, 0x1, 0xef, 0xcb,
    0xbb, 0xbb, 0xbe, 0xf6, 0xef, 0x10, 0x0, 0x7e,
    0xff, 0xb0, 0x2b, 0xff, 0xff, 0xff, 0xff, 0xf7,
    0xef, 0x20, 0x0, 0x0, 0x4e, 0xf4, 0x0, 0x0,
    0x0, 0x0, 0x0, 0x0, 0xbf, 0xc1, 0x0, 0x0,
    0x4e, 0xf3, 0x0, 0x0, 0x0, 0x0, 0x0, 0x0,
    0x3f, 0xff, 0xff, 0xff, 0xff, 0xa0, 0x0, 0x0,
    0x0, 0x0, 0x0, 0x0, 0x3, 0x9b, 0xbb, 0xba,
    0x94, 0x0, 0x0, 0x0, 0x0, 0x0, 0x0, 0x0,
    0x0, 0x0, 0x0, 0x0, 0x0, 0x0, 0x0, 0x0,
    0x0, 0x0, 0x0, 0x0, 0x0, 0xd, 0xb3, 0xf7,
    0x0, 0x0, 0x0, 0x0, 0x0, 0x0, 0x0, 0x0,
    0x0, 0xf, 0xd4, 0xf8, 0x0, 0x0, 0x0, 0x0,
    0x0, 0x0, 0x0, 0x0, 0x0, 0x1, 0x0, 0x20,
    0x0, 0x0, 0x0, 0x0, 0x0, 0x0, 0x0, 0x0,

    /* U+FD05 "ﴅ" */
    0x0, 0x0, 0x0, 0x0, 0x0, 0x0, 0x0, 0x0,
    0x3b, 0x80, 0x3b, 0xff, 0xd5, 0x0, 0x0, 0x0,
    0x0, 0x0, 0x0, 0x0, 0x0, 0x5, 0xfb, 0x3f,
    0xeb, 0xdf, 0xf5, 0x0, 0x0, 0x0, 0x3, 0xcf,
    0xc2, 0x0, 0x0, 0x5f, 0xce, 0x90, 0x0, 0x8f,
    0xc0, 0x0, 0x0, 0x5, 0xff, 0xff, 0xd0, 0x0,
    0x5, 0xff, 0xa0, 0x0, 0x2, 0xfe, 0x0, 0x0,
    0x1, 0xff, 0x40, 0x9f, 0x90, 0x0, 0x5f, 0xf1,
    0x0, 0x0, 0x1f, 0xf8, 0xe4, 0x0, 0x5f, 0xa0,
    0x0, 0xcf, 0x60, 0x5, 0xfb, 0x0, 0x0, 0x1,
    0xff, 0xcf, 0x20, 0x3, 0xff, 0x93, 0x1, 0xef,
    0xcb, 0xcf, 0xeb, 0xbb, 0xbb, 0xbf, 0xfe, 0xf1,
    0x0, 0x7, 0xef, 0xfb, 0x2, 0xbf, 0xff, 0xff,
    0xff, 0xff, 0xff, 0xff, 0xef, 0x20, 0x0, 0x0,
    0x4e, 0xf4, 0x0, 0x0, 0x0, 0x0, 0x0, 0x0,
    0x0, 0xb, 0xfc, 0x10, 0x0, 0x4, 0xef, 0x30,
    0x0, 0x0, 0x0, 0x0, 0x0, 0x0, 0x0, 0x3f,
    0xff, 0xff, 0xff, 0xff, 0xa0, 0x0, 0x0, 0x0,
    0x0, 0x0, 0x0, 0x0, 0x0, 0x39, 0xbb, 0xbb,
    0xa9, 0x40, 0x0, 0x0, 0x0, 0x0, 0x0, 0x0,
    0x0, 0x0,

    /* U+FD06 "ﴆ" */
    0x0, 0x0, 0x0, 0x0, 0x0, 0x0, 0x0, 0x0,
    0x3b, 0x80, 0x3b, 0xff, 0xd5, 0x0, 0x0, 0x0,
    0x0, 0x0, 0x0, 0x0, 0x0, 0x5, 0xfb, 0x3f,
    0xeb, 0xdf, 0xf5, 0x0, 0x0, 0x0, 0x3, 0xcf,
    0xc2, 0x0, 0x0, 0x5f, 0xce, 0x90, 0x0, 0x8f,
    0xc0, 0x0, 0x0, 0x5, 0xff, 0xff, 0xd0, 0x0,
    0x5, 0xff, 0xa0, 0x0, 0x2, 0xfe, 0x0, 0x0,
    0x1, 0xff, 0x40, 0x9f, 0x90, 0x0, 0x5f, 0xf1,
    0x0, 0x0, 0x1f, 0xf8, 0xe4, 0x0, 0x5f, 0xa0,
    0x0, 0xcf, 0x60, 0x5, 0xfb, 0x0, 0x0, 0x1,
    0xff, 0xcf, 0x20, 0x3, 0xff, 0x93, 0x1, 0xef,
    0xcb, 0xcf, 0xeb, 0xbb, 0xbb, 0xbf, 0xfe, 0xf1,
    0x0, 0x7, 0xef, 0xfb, 0x2, 0xbf, 0xff, 0xff,
    0xff, 0xff, 0xff, 0xff, 0xef, 0x20, 0x0, 0x0,
    0x4e, 0xf4, 0x0, 0x0, 0x0, 0x0, 0x0, 0x0,
    0x0, 0xb, 0xfc, 0x10, 0x0, 0x4, 0xef, 0x30,
    0x0, 0x0, 0x0, 0x0, 0x0, 0x0, 0x0, 0x3f,
    0xff, 0xff, 0xff, 0xff, 0xa0, 0x0, 0x0, 0x0,
    0x0, 0x0, 0x0, 0x0, 0x0, 0x39, 0xbb, 0xbb,
    0xa9, 0x40, 0x0, 0x0, 0x0, 0x0, 0x0, 0x0,
    0x0, 0x0, 0x0, 0x0, 0x0, 0x0, 0x0, 0x0,
    0x0, 0x0, 0x0, 0x0, 0x0, 0x0, 0x0, 0x0,
    0x0, 0xdb, 0x3f, 0x70, 0x0, 0x0, 0x0, 0x0,
    0x0, 0x0, 0x0, 0x0, 0x0, 0x0, 0xf, 0xd4,
    0xf8, 0x0, 0x0, 0x0, 0x0, 0x0, 0x0, 0x0,
    0x0, 0x0, 0x0, 0x0, 0x10, 0x2, 0x0, 0x0,
    0x0, 0x0, 0x0, 0x0, 0x0, 0x0, 0x0, 0x0,

    /* U+FD07 "ﴇ" */
    0x0, 0x0, 0x0, 0x0, 0x0, 0x0, 0x0, 0x0,
    0x0, 0x0, 0x3f, 0x60, 0x0, 0x0, 0x0, 0x0,
    0x0, 0x0, 0x0, 0x0, 0x0, 0x0, 0x0, 0x4,
    0xf8, 0x0, 0x0, 0x0, 0x0, 0x0, 0x0, 0x0,
    0x0, 0x0, 0x0, 0x0, 0x0, 0x2, 0x0, 0x0,
    0x0, 0x0, 0x0, 0x0, 0x0, 0x0, 0x0, 0x0,
    0x0, 0x0, 0x0, 0x0, 0x0, 0x0, 0x0, 0x0,
    0x0, 0x0, 0x0, 0x0, 0x0, 0x0, 0x3b, 0x80,
    0x3b, 0xff, 0xd5, 0x0, 0x0, 0x0, 0x0, 0x0,
    0x0, 0x0, 0x0, 0x5, 0xfb, 0x3f, 0xeb, 0xdf,
    0xf5, 0x0, 0x0, 0x0, 0x3, 0xcf, 0xc2, 0x0,
    0x0, 0x5f, 0xce, 0x90, 0x0, 0x8f, 0xc0, 0x0,
    0x0, 0x5, 0xff, 0xff, 0xd0, 0x0, 0x5, 0xff,
    0xa0, 0x0, 0x2, 0xfe, 0x0, 0x0, 0x1, 0xff,
    0x40, 0x9f, 0x90, 0x0, 0x5f, 0xf1, 0x0, 0x0,
    0x1f, 0xf8, 0xe4, 0x0, 0x5f, 0xa0, 0x0, 0xcf,
    0x60, 0x5, 0xfb, 0x0, 0x0, 0x1, 0xff, 0xcf,
    0x20, 0x3, 0xff, 0x93, 0x1, 0xef, 0xcb, 0xcf,
    0xeb, 0xbb, 0xbb, 0xbf, 0xfe, 0xf1, 0x0, 0x7,
    0xef, 0xfb, 0x2, 0xbf, 0xff, 0xff, 0xff, 0xff,
    0xff, 0xff, 0xef, 0x20, 0x0, 0x0, 0x4e, 0xf4,
    0x0, 0x0, 0x0, 0x0, 0x0, 0x0, 0x0, 0xb,
    0xfc, 0x10, 0x0, 0x4, 0xef, 0x30, 0x0, 0x0,
    0x0, 0x0, 0x0, 0x0, 0x0, 0x3f, 0xff, 0xff,
    0xff, 0xff, 0xa0, 0x0, 0x0, 0x0, 0x0, 0x0,
    0x0, 0x0, 0x0, 0x39, 0xbb, 0xbb, 0xa9, 0x40,
    0x0, 0x0, 0x0, 0x0, 0x0, 0x0, 0x0, 0x0,

    /* U+FD08 "ﴈ" */
    0x0, 0x0, 0x0, 0x0, 0x0, 0x0, 0x0, 0x0,
    0x0, 0x0, 0x3f, 0x60, 0x0, 0x0, 0x0, 0x0,
    0x0, 0x0, 0x0, 0x0, 0x0, 0x0, 0x0, 0x4,
    0xf8, 0x0, 0x0, 0x0, 0x0, 0x0, 0x0, 0x0,
    0x0, 0x0, 0x0, 0x0, 0x0, 0x2, 0x0, 0x0,
    0x0, 0x0, 0x0, 0x0, 0x0, 0x0, 0x0, 0x0,
    0x0, 0x0, 0x0, 0x0, 0x0, 0x0, 0x0, 0x0,
    0x0, 0x0, 0x0, 0x0, 0x0, 0x0, 0x3b, 0x80,
    0x3b, 0xff, 0xd5, 0x0, 0x0, 0x0, 0x0, 0x0,
    0x0, 0x0, 0x0, 0x5, 0xfb, 0x3f, 0xeb, 0xdf,
    0xf5, 0x0, 0x0, 0x0, 0x3, 0xcf, 0xc2, 0x0,
    0x0, 0x5f, 0xce, 0x90, 0x0, 0x8f, 0xc0, 0x0,
    0x0, 0x5, 0xff, 0xff, 0xd0, 0x0, 0x5, 0xff,
    0xa0, 0x0, 0x2, 0xfe, 0x0, 0x0, 0x1, 0xff,
    0x40, 0x9f, 0x90, 0x0, 0x5f, 0xf1, 0x0, 0x0,
    0x1f, 0xf8, 0xe4, 0x0, 0x5f, 0xa0, 0x0, 0xcf,
    0x60, 0x5, 0xfb, 0x0, 0x0, 0x1, 0xff, 0xcf,
    0x20, 0x3, 0xff, 0x93, 0x1, 0xef, 0xcb, 0xcf,
    0xeb, 0xbb, 0xbb, 0xbf, 0xfe, 0xf1, 0x0, 0x7,
    0xef, 0xfb, 0x2, 0xbf, 0xff, 0xff, 0xff, 0xff,
    0xff, 0xff, 0xef, 0x20, 0x0, 0x0, 0x4e, 0xf4,
    0x0, 0x0, 0x0, 0x0, 0x0, 0x0, 0x0, 0xb,
    0xfc, 0x10, 0x0, 0x4, 0xef, 0x30, 0x0, 0x0,
    0x0, 0x0, 0x0, 0x0, 0x0, 0x3f, 0xff, 0xff,
    0xff, 0xff, 0xa0, 0x0, 0x0, 0x0, 0x0, 0x0,
    0x0, 0x0, 0x0, 0x39, 0xbb, 0xbb, 0xa9, 0x40,
    0x0, 0x0, 0x0, 0x0, 0x0, 0x0, 0x0, 0x0,
    0x0, 0x0, 0x0, 0x0, 0x0, 0x0, 0x0, 0x0,
    0x0, 0x0, 0x0, 0x0, 0x0, 0x0, 0x0, 0xdb,
    0x3f, 0x70, 0x0, 0x0, 0x0, 0x0, 0x0, 0x0,
    0x0, 0x0, 0x0, 0x0, 0xf, 0xd4, 0xf8, 0x0,
    0x0, 0x0, 0x0, 0x0, 0x0, 0x0, 0x0, 0x0,
    0x0, 0x0, 0x10, 0x2, 0x0, 0x0, 0x0, 0x0,
    0x0, 0x0, 0x0, 0x0, 0x0, 0x0,

    /* U+FD09 "ﴉ" */
    0x0, 0x0, 0x0, 0x0, 0x0, 0x0, 0x0, 0x0,
    0x6, 0xe1, 0x0, 0x0, 0x0, 0x0, 0x0, 0x0,
    0x0, 0x0, 0x0, 0x0, 0x0, 0x5c, 0x10, 0x0,
    0x0, 0x0, 0x0, 0x0, 0x0, 0x0, 0x0, 0x0,
    0x0, 0xdc, 0x2f, 0x80, 0x0, 0x0, 0x0, 0x0,
    0x0, 0x0, 0x0, 0x0, 0x0, 0xd, 0xc2, 0xf8,
    0x0, 0x0, 0x8, 0xcf, 0xfd, 0x70, 0x0, 0x0,
    0x0, 0x0, 0x0, 0x0, 0x0, 0xdf, 0x30, 0xdd,
    0x99, 0xff, 0x60, 0x0, 0x9, 0xc2, 0x0, 0x8c,
    0x30, 0xd, 0xf3, 0x1, 0x0, 0x3, 0xfe, 0x0,
    0x0, 0xdf, 0x30, 0xb, 0xf5, 0x0, 0xdf, 0x30,
    0x0, 0x0, 0xd, 0xf1, 0x0, 0xd, 0xf3, 0x0,
    0xbf, 0x50, 0xd, 0xf3, 0x0, 0x0, 0x0, 0x8f,
    0x60, 0x0, 0xdf, 0x30, 0xb, 0xf4, 0x0, 0xdf,
    0x30, 0x0, 0x4, 0x9e, 0xfd, 0x0, 0xd, 0xf3,
    0x0, 0xef, 0x80, 0xd, 0xf3, 0x0, 0x3d, 0xff,
    0xcc, 0xfd, 0xbb, 0xff, 0xcb, 0xef, 0xff, 0xcb,
    0xff, 0x30, 0x5f, 0xf7, 0x10, 0x1a, 0xff, 0xff,
    0xff, 0xff, 0xb2, 0x7e, 0xff, 0xf3, 0xf, 0xf3,
    0x0, 0x0, 0x0, 0x0, 0x0, 0x0, 0x0, 0x0,
    0x0, 0x0, 0x4, 0xfc, 0x0, 0x0, 0x0, 0x0,
    0x0, 0x0, 0x0, 0x0, 0x0, 0x0, 0x0, 0x3f,
    0xe1, 0x0, 0x4f, 0x50, 0x0, 0x0, 0x0, 0x0,
    0x0, 0x0, 0x0, 0x0, 0xdf, 0xf7, 0x6, 0xf6,
    0x0, 0x0, 0x0, 0x0, 0x0, 0x0, 0x0, 0x0,
    0x1, 0xae, 0x60, 0x2, 0x0, 0x0, 0x0, 0x0,
    0x0, 0x0, 0x0, 0x0, 0x0,

    /* U+FD0A "ﴊ" */
    0x0, 0x0, 0x0, 0x0, 0x0, 0x0, 0x0, 0x0,
    0x6, 0xe1, 0x0, 0x0, 0x0, 0x0, 0x0, 0x0,
    0x0, 0x0, 0x0, 0x0, 0x0, 0x5c, 0x10, 0x0,
    0x0, 0x0, 0x0, 0x0, 0x0, 0x0, 0x0, 0x0,
    0x0, 0xdc, 0x2f, 0x80, 0x0, 0x0, 0x0, 0x0,
    0x0, 0x0, 0x0, 0x0, 0x0, 0xd, 0xc2, 0xf8,
    0x0, 0x0, 0x8, 0xcf, 0xfd, 0x60, 0x0, 0x0,
    0x0, 0x0, 0x0, 0x0, 0x0, 0xdf, 0x30, 0xdd,
    0x99, 0xff, 0x60, 0x0, 0x9, 0xc2, 0x0, 0x8c,
    0x30, 0xd, 0xf3, 0x1, 0x0, 0x3, 0xfe, 0x0,
    0x0, 0xdf, 0x30, 0xb, 0xf5, 0x0, 0xdf, 0x30,
    0x0, 0x0, 0xd, 0xf1, 0x0, 0xd, 0xf3, 0x0,
    0xbf, 0x50, 0xd, 0xf3, 0x0, 0x0, 0x0, 0x8f,
    0x60, 0x0, 0xdf, 0x30, 0xb, 0xf4, 0x0, 0xdf,
    0x30, 0x0, 0x4, 0x9e, 0xfd, 0x0, 0xd, 0xf3,
    0x0, 0xef, 0x80, 0xd, 0xf3, 0x0, 0x3d, 0xff,
    0xcc, 0xfd, 0xbb, 0xff, 0xcb, 0xef, 0xff, 0xcb,
    0xff, 0x30, 0x5f, 0xf7, 0x10, 0x1a, 0xff, 0xff,
    0xff, 0xff, 0xb2, 0x7e, 0xff, 0xf3, 0xf, 0xf3,
    0x0, 0x0, 0x0, 0x0, 0x0, 0x0, 0x0, 0x0,
    0x0, 0x0, 0x4, 0xfc, 0x0, 0x0, 0x0, 0x0,
    0x0, 0x0, 0x0, 0x0, 0x0, 0x0, 0x0, 0x3f,
    0xf1, 0x0, 0x0, 0x0, 0x0, 0x0, 0x0, 0x0,
    0x0, 0x0, 0x0, 0x0, 0xdf, 0xfb, 0xce, 0x30,
    0x0, 0x0, 0x0, 0x0, 0x0, 0x0, 0x0, 0x0,
    0x1, 0xae, 0xfe, 0xb2, 0x0, 0x0, 0x0, 0x0,
    0x0, 0x0, 0x0, 0x0, 0x0,

    /* U+FD0B "ﴋ" */
    0x0, 0x9, 0xe1, 0x0, 0x0, 0x0, 0x0, 0x0,
    0x6, 0xe1, 0x0, 0x0, 0x0, 0x0, 0xbf, 0x20,
    0x0, 0x0, 0x0, 0x0, 0x0, 0x5c, 0x10, 0x0,
    0x0, 0x0, 0x2, 0x40, 0x0, 0x0, 0x0, 0x0,
    0x0, 0xdc, 0x2f, 0x80, 0x0, 0x0, 0x0, 0x0,
    0x0, 0x0, 0x0, 0x0, 0x0, 0xd, 0xc2, 0xf8,
    0x0, 0x0, 0x8, 0xcf, 0xfd, 0x60, 0x0, 0x0,
    0x0, 0x0, 0x0, 0x0, 0x0, 0xdf, 0x30, 0xdd,
    0x99, 0xff, 0x60, 0x0, 0x9, 0xc2, 0x0, 0x8c,
    0x30, 0xd, 0xf3, 0x1, 0x0, 0x3, 0xfe, 0x0,
    0x0, 0xdf, 0x30, 0xb, 0xf5, 0x0, 0xdf, 0x30,
    0x0, 0x0, 0xd, 0xf1, 0x0, 0xd, 0xf3, 0x0,
    0xbf, 0x50, 0xd, 0xf3, 0x0, 0x0, 0x0, 0x8f,
    0x60, 0x0, 0xdf, 0x30, 0xb, 0xf4, 0x0, 0xdf,
    0x30, 0x0, 0x4, 0x9e, 0xfd, 0x0, 0xd, 0xf3,
    0x0, 0xef, 0x80, 0xd, 0xf3, 0x0, 0x3d, 0xff,
    0xcc, 0xfd, 0xbb, 0xff, 0xcb, 0xef, 0xff, 0xcb,
    0xff, 0x30, 0x5f, 0xf7, 0x10, 0x1a, 0xff, 0xff,
    0xff, 0xff, 0xb2, 0x7e, 0xff, 0xf3, 0xf, 0xf3,
    0x0, 0x0, 0x0, 0x0, 0x0, 0x0, 0x0, 0x0,
    0x0, 0x0, 0x4, 0xfc, 0x0, 0x0, 0x0, 0x0,
    0x0, 0x0, 0x0, 0x0, 0x0, 0x0, 0x0, 0x3f,
    0xf1, 0x0, 0x0, 0x0, 0x0, 0x0, 0x0, 0x0,
    0x0, 0x0, 0x0, 0x0, 0xdf, 0xfb, 0xce, 0x30,
    0x0, 0x0, 0x0, 0x0, 0x0, 0x0, 0x0, 0x0,
    0x1, 0xae, 0xfe, 0xb2, 0x0, 0x0, 0x0, 0x0,
    0x0, 0x0, 0x0, 0x0, 0x0,

    /* U+FD0C "ﴌ" */
    0x0, 0x0, 0x0, 0x0, 0x0, 0x0, 0x0, 0x0,
    0x1, 0xe7, 0x0, 0x0, 0x0, 0x0, 0x0, 0x0,
    0x0, 0x0, 0x0, 0x0, 0x0, 0xc, 0x60, 0x0,
    0x0, 0x0, 0x0, 0x0, 0x0, 0x0, 0x0, 0x0,
    0x0, 0x7f, 0x3b, 0xe0, 0x0, 0x0, 0x0, 0x0,
    0x0, 0x0, 0x0, 0x0, 0x0, 0x7, 0xf3, 0xbe,
    0x0, 0x0, 0x0, 0x19, 0xef, 0xd6, 0x0, 0x0,
    0x0, 0x0, 0x0, 0x0, 0x0, 0x7f, 0x90, 0xd,
    0xfe, 0xcf, 0xf7, 0x0, 0x5, 0xc7, 0x0, 0x4c,
    0x80, 0x7, 0xf9, 0x2, 0xfc, 0x0, 0x4f, 0xe0,
    0x0, 0x7f, 0x90, 0x5, 0xfb, 0x0, 0x7f, 0x90,
    0x5f, 0x90, 0x0, 0xff, 0x20, 0x7, 0xf9, 0x0,
    0x5f, 0xb0, 0x7, 0xf9, 0x5, 0xfa, 0x0, 0xf,
    0xf1, 0x0, 0x7f, 0x90, 0x5, 0xfb, 0x0, 0x7f,
    0x90, 0x2f, 0xc0, 0x8, 0xff, 0x0, 0x7, 0xf9,
    0x0, 0x9f, 0xd1, 0x7, 0xf9, 0x19, 0xff, 0xbd,
    0xff, 0xfe, 0xbb, 0xdf, 0xeb, 0xcf, 0xff, 0xeb,
    0xdf, 0x9b, 0xff, 0xff, 0xfc, 0x46, 0xdf, 0xff,
    0xff, 0xff, 0xd5, 0x3c, 0xff, 0xf9, 0xff, 0x40,
    0x0, 0x0, 0x0, 0x0, 0x0, 0x0, 0x0, 0x0,
    0x0, 0x0, 0xf, 0xf1, 0x0, 0x0, 0x0, 0x0,
    0x0, 0x0, 0x0, 0x0, 0x0, 0x0, 0x0, 0xff,
    0x10, 0x0, 0x0, 0x0, 0x0, 0x0, 0x0, 0x0,
    0x0, 0x0, 0x0, 0xf, 0xf1, 0x0, 0x0, 0x0,
    0x0, 0x0, 0x0, 0x0, 0x0, 0x0, 0x0, 0x0,
    0xff, 0x10, 0x0, 0x0, 0x0, 0x0, 0x0, 0x0,
    0x0, 0x0, 0x0, 0x0, 0x1, 0x20, 0x0, 0x0,
    0x0, 0x0, 0x0, 0x0, 0x0, 0x0, 0x0, 0x0,
    0x0,

    /* U+FD0D "ﴍ" */
    0x0, 0x0, 0x0, 0x0, 0x0, 0x0, 0x0, 0x8,
    0xe0, 0x0, 0x0, 0x0, 0x0, 0x0, 0x0, 0x0,
    0x0, 0x0, 0x0, 0x7c, 0x0, 0x0, 0x0, 0x0,
    0x0, 0x0, 0x0, 0x0, 0x0, 0x1, 0xea, 0x4f,
    0x60, 0x0, 0x0, 0x0, 0x0, 0x0, 0x0, 0x0,
    0x0, 0x1f, 0xb5, 0xf7, 0x0, 0x0, 0x0, 0x0,
    0xdd, 0x0, 0x0, 0x0, 0x0, 0x10, 0x1, 0x0,
    0xdd, 0x0, 0x0, 0xf, 0xf0, 0x0, 0x9, 0x90,
    0x0, 0x89, 0x10, 0xf, 0xf0, 0x0, 0x0, 0xff,
    0x0, 0x0, 0xff, 0x10, 0xe, 0xf2, 0x0, 0xff,
    0x0, 0x0, 0xf, 0xf0, 0x0, 0xf, 0xf1, 0x0,
    0xef, 0x20, 0xf, 0xf0, 0x0, 0x0, 0xff, 0x0,
    0x0, 0xff, 0x10, 0xe, 0xf2, 0x0, 0xff, 0x0,
    0x0, 0xf, 0xf0, 0x0, 0xf, 0xf1, 0x2, 0xff,
    0x50, 0xf, 0xf0, 0x0, 0x0, 0xff, 0xbb, 0xbb,
    0xff, 0xbb, 0xef, 0xff, 0xcb, 0xff, 0x0, 0x0,
    0xf, 0xff, 0xff, 0xff, 0xff, 0xff, 0xa1, 0x9e,
    0xff, 0xf0, 0x0, 0x0, 0xff, 0x0, 0x0, 0x0,
    0x0, 0x0, 0x0, 0x0, 0x0, 0x0, 0x30, 0x7f,
    0xd0, 0x0, 0x0, 0x0, 0x0, 0x0, 0x0, 0x0,
    0x0, 0x5f, 0xff, 0xf6, 0x0, 0x0, 0x0, 0x0,
    0x0, 0x0, 0x0, 0x0, 0x1, 0x8b, 0xa5, 0x0,
    0x0, 0x0, 0x0, 0x0, 0x0, 0x0, 0x0, 0x0,

    /* U+FD0E "ﴎ" */
    0x0, 0x0, 0xff, 0x0, 0x0, 0x0, 0x0, 0x0,
    0x0, 0x0, 0xff, 0x0, 0x0, 0xf, 0xf0, 0x0,
    0x7, 0x80, 0x0, 0x78, 0x10, 0xf, 0xf0, 0x0,
    0x0, 0xff, 0x0, 0x0, 0xff, 0x10, 0xe, 0xf2,
    0x0, 0xff, 0x0, 0x0, 0xf, 0xf0, 0x0, 0xf,
    0xf1, 0x0, 0xef, 0x20, 0xf, 0xf0, 0x0, 0x0,
    0xff, 0x0, 0x0, 0xff, 0x10, 0xe, 0xf2, 0x0,
    0xff, 0x0, 0x0, 0xf, 0xf0, 0x0, 0xf, 0xf1,
    0x1, 0xff, 0x50, 0xf, 0xf0, 0x0, 0x0, 0xff,
    0xbb, 0xbb, 0xff, 0xbb, 0xef, 0xff, 0xcb, 0xff,
    0x0, 0x0, 0xf, 0xff, 0xff, 0xff, 0xff, 0xff,
    0xa1, 0x9e, 0xff, 0xf0, 0x0, 0x0, 0xff, 0x0,
    0x0, 0x0, 0x0, 0x0, 0x0, 0x0, 0x0, 0x0,
    0x30, 0x7f, 0xd0, 0x0, 0x0, 0x0, 0x0, 0x0,
    0x0, 0x0, 0x0, 0x5f, 0xff, 0xf6, 0x0, 0x0,
    0x0, 0x0, 0x0, 0x0, 0x0, 0x0, 0x1, 0x8b,
    0xa5, 0x0, 0x0, 0x0, 0x0, 0x0, 0x0, 0x0,
    0x0, 0x0,

    /* U+FD0F "ﴏ" */
    0x0, 0x0, 0xab, 0x0, 0x1, 0xb9, 0x1, 0xae,
    0xfd, 0x70, 0x0, 0x0, 0xf, 0xf0, 0x0, 0x2f,
    0xe2, 0xef, 0xcd, 0xff, 0x70, 0x0, 0x0, 0xff,
    0x0, 0x2, 0xfe, 0xca, 0x10, 0x6, 0xfe, 0x0,
    0x0, 0xf, 0xf0, 0x0, 0x2f, 0xfc, 0x0, 0x0,
    0xf, 0xf1, 0x0, 0x0, 0xff, 0x0, 0x2, 0xff,
    0x20, 0x0, 0x0, 0xef, 0x20, 0x0, 0xf, 0xf0,
    0x0, 0x2f, 0xe0, 0x0, 0x0, 0xe, 0xf2, 0x0,
    0x0, 0xff, 0xbb, 0xbc, 0xff, 0xbb, 0xbb, 0xbb,
    0xff, 0x20, 0x0, 0xf, 0xff, 0xff, 0xff, 0xff,
    0xff, 0xff, 0xff, 0xf2, 0x0, 0x0, 0xff, 0x0,
    0x0, 0x0, 0x0, 0x0, 0x0, 0x0, 0x0, 0x30,
    0x7f, 0xd0, 0x0, 0x0, 0x0, 0x0, 0x0, 0x0,
    0x0, 0x5f, 0xff, 0xf6, 0x0, 0x0, 0x0, 0x0,
    0x0, 0x0, 0x0, 0x1, 0x8b, 0xa5, 0x0, 0x0,
    0x0, 0x0, 0x0, 0x0, 0x0, 0x0,

    /* U+FD10 "ﴐ" */
    0x0, 0x0, 0x0, 0x0, 0x0, 0x0, 0x1, 0xe9,
    0x0, 0x0, 0x0, 0x0, 0x0, 0x0, 0x0, 0x0,
    0x0, 0x2f, 0xa0, 0x0, 0x0, 0x0, 0x0, 0x0,
    0x0, 0x0, 0x0, 0x0, 0x10, 0x0, 0x0, 0x0,
    0x0, 0x0, 0x0, 0x0, 0x0, 0x0, 0x0, 0x0,
    0x0, 0x0, 0x0, 0x0, 0xab, 0x0, 0x1, 0xb9,
    0x1, 0xae, 0xfd, 0x70, 0x0, 0x0, 0xf, 0xf0,
    0x0, 0x2f, 0xe2, 0xef, 0xcd, 0xff, 0x70, 0x0,
    0x0, 0xff, 0x0, 0x2, 0xfe, 0xca, 0x10, 0x6,
    0xfe, 0x0, 0x0, 0xf, 0xf0, 0x0, 0x2f, 0xfc,
    0x0, 0x0, 0xf, 0xf1, 0x0, 0x0, 0xff, 0x0,
    0x2, 0xff, 0x20, 0x0, 0x0, 0xef, 0x20, 0x0,
    0xf, 0xf0, 0x0, 0x2f, 0xe0, 0x0, 0x0, 0xe,
    0xf2, 0x0, 0x0, 0xff, 0xbb, 0xbc, 0xff, 0xbb,
    0xbb, 0xbb, 0xff, 0x20, 0x0, 0xf, 0xff, 0xff,
    0xff, 0xff, 0xff, 0xff, 0xff, 0xf2, 0x0, 0x0,
    0xff, 0x0, 0x0, 0x0, 0x0, 0x0, 0x0, 0x0,
    0x0, 0x30, 0x7f, 0xd0, 0x0, 0x0, 0x0, 0x0,
    0x0, 0x0, 0x0, 0x5f, 0xff, 0xf6, 0x0, 0x0,
    0x0, 0x0, 0x0, 0x0, 0x0, 0x1, 0x8b, 0xa5,
    0x0, 0x0, 0x0, 0x0, 0x0, 0x0, 0x0, 0x0,

    /* U+FD11 "ﴑ" */
    0x0, 0x0, 0x0, 0x0, 0x0, 0x0, 0x0, 0x0,
    0x5f, 0xb0, 0x0, 0x0, 0x0, 0x0, 0x0, 0x0,
    0x0, 0x0, 0x0, 0x0, 0x0, 0x0, 0x0, 0x5f,
    0xb0, 0x0, 0x0, 0x0, 0x0, 0x0, 0x0, 0x0,
    0x0, 0x0, 0x0, 0x0, 0x0, 0x0, 0x5f, 0xb0,
    0x0, 0x0, 0x0, 0x0, 0x0, 0x0, 0x0, 0x0,
    0x0, 0x0, 0x0, 0x0, 0x0, 0x5f, 0xb0, 0x0,
    0x0, 0x0, 0x0, 0x0, 0x0, 0x0, 0x0, 0x0,
    0x0, 0x0, 0x0, 0x0, 0x5f, 0xb0, 0x3b, 0xff,
    0xd5, 0x0, 0x0, 0x0, 0x0, 0x0, 0x0, 0x0,
    0x0, 0x0, 0x0, 0x5f, 0xb3, 0xfe, 0xbd, 0xff,
    0x50, 0x0, 0x0, 0x0, 0x0, 0x3, 0xcf, 0xc2,
    0x0, 0x0, 0x5f, 0xce, 0x80, 0x0, 0x8f, 0xc0,
    0x0, 0x0, 0x0, 0x0, 0x5f, 0xff, 0xfd, 0x0,
    0x0, 0x5f, 0xfa, 0x0, 0x0, 0x2f, 0xe0, 0x0,
    0x0, 0x0, 0x1, 0xff, 0x40, 0x9f, 0x90, 0x0,
    0x5f, 0xf1, 0x0, 0x0, 0x1f, 0xf0, 0x0, 0x8e,
    0x40, 0x5, 0xfa, 0x0, 0xc, 0xf6, 0x0, 0x5f,
    0xb0, 0x0, 0x0, 0x1f, 0xf0, 0x0, 0xcf, 0x20,
    0x3, 0xff, 0x93, 0x1, 0xef, 0xcb, 0xcf, 0xeb,
    0xbb, 0xbb, 0xbf, 0xfb, 0xb1, 0xef, 0x10, 0x0,
    0x7e, 0xff, 0xb0, 0x2b, 0xff, 0xff, 0xff, 0xff,
    0xff, 0xff, 0xff, 0xf2, 0xef, 0x20, 0x0, 0x0,
    0x4e, 0xf4, 0x0, 0x0, 0x0, 0x0, 0x0, 0x0,
    0x0, 0x0, 0x0, 0xbf, 0xc1, 0x0, 0x0, 0x4e,
    0xf3, 0x0, 0x0, 0x0, 0x0, 0x0, 0x0, 0x0,
    0x0, 0x0, 0x3f, 0xff, 0xff, 0xff, 0xff, 0xa0,
    0x0, 0x0, 0x0, 0x0, 0x0, 0x0, 0x0, 0x0,
    0x0, 0x3, 0x9b, 0xbb, 0xba, 0x94, 0x0, 0x0,
    0x0, 0x0, 0x0, 0x0, 0x0, 0x0, 0x0, 0x0,

    /* U+FD12 "ﴒ" */
    0x0, 0x0, 0x0, 0x0, 0x0, 0x0, 0x0, 0x0,
    0x5f, 0xb0, 0x0, 0x0, 0x0, 0x0, 0x0, 0x0,
    0x0, 0x0, 0x0, 0x0, 0x0, 0x0, 0x0, 0x5f,
    0xb0, 0x0, 0x0, 0x0, 0x0, 0x0, 0x0, 0x0,
    0x0, 0x0, 0x0, 0x0, 0x0, 0x0, 0x5f, 0xb0,
    0x0, 0x0, 0x0, 0x0, 0x0, 0x0, 0x0, 0x0,
    0x0, 0x0, 0x0, 0x0, 0x0, 0x5f, 0xb0, 0x0,
    0x0, 0x0, 0x0, 0x0, 0x0, 0x0, 0x0, 0x0,
    0x0, 0x0, 0x0, 0x0, 0x5f, 0xb0, 0x3b, 0xff,
    0xd5, 0x0, 0x0, 0x0, 0x0, 0x0, 0x0, 0x0,
    0x0, 0x0, 0x0, 0x5f, 0xb3, 0xfe, 0xbd, 0xff,
    0x50, 0x0, 0x0, 0x0, 0x0, 0x3, 0xcf, 0xc2,
    0x0, 0x0, 0x5f, 0xce, 0x80, 0x0, 0x8f, 0xc0,
    0x0, 0x0, 0x0, 0x0, 0x5f, 0xff, 0xfd, 0x0,
    0x0, 0x5f, 0xfa, 0x0, 0x0, 0x2f, 0xe0, 0x0,
    0x0, 0x0, 0x1, 0xff, 0x40, 0x9f, 0x90, 0x0,
    0x5f, 0xf1, 0x0, 0x0, 0x1f, 0xf0, 0x0, 0x8e,
    0x40, 0x5, 0xfa, 0x0, 0xc, 0xf6, 0x0, 0x5f,
    0xb0, 0x0, 0x0, 0x1f, 0xf0, 0x0, 0xcf, 0x20,
    0x3, 0xff, 0x93, 0x1, 0xef, 0xcb, 0xcf, 0xeb,
    0xbb, 0xbb, 0xbf, 0xfb, 0xb1, 0xef, 0x10, 0x0,
    0x7e, 0xff, 0xb0, 0x2b, 0xff, 0xff, 0xff, 0xff,
    0xff, 0xff, 0xff, 0xf2, 0xef, 0x20, 0x0, 0x0,
    0x4e, 0xf4, 0x0, 0x0, 0x0, 0x0, 0x0, 0x0,
    0x0, 0x0, 0x0, 0xbf, 0xc1, 0x0, 0x0, 0x4e,
    0xf3, 0x0, 0x0, 0x0, 0x0, 0x0, 0x0, 0x0,
    0x0, 0x0, 0x3f, 0xff, 0xff, 0xff, 0xff, 0xa0,
    0x0, 0x0, 0x0, 0x0, 0x0, 0x0, 0x0, 0x0,
    0x0, 0x3, 0x9b, 0xbb, 0xba, 0x94, 0x0, 0x0,
    0x0, 0x0, 0x0, 0x0, 0x0, 0x0, 0x0, 0x0,
    0x0, 0x0, 0x0, 0x0, 0x0, 0x0, 0x0, 0x0,
    0x0, 0x0, 0x0, 0x0, 0x0, 0x0, 0x0, 0x0,
    0xd, 0xb3, 0xf7, 0x0, 0x0, 0x0, 0x0, 0x0,
    0x0, 0x0, 0x0, 0x0, 0x0, 0x0, 0x0, 0xf,
    0xd4, 0xf8, 0x0, 0x0, 0x0, 0x0, 0x0, 0x0,
    0x0, 0x0, 0x0, 0x0, 0x0, 0x0, 0x1, 0x0,
    0x20, 0x0, 0x0, 0x0, 0x0, 0x0, 0x0, 0x0,
    0x0, 0x0, 0x0, 0x0,

    /* U+FD13 "ﴓ" */
    0x0, 0x0, 0x0, 0x0, 0x0, 0x0, 0x0, 0x0,
    0x3, 0x8a, 0xa8, 0x40, 0x0, 0x0, 0x0, 0x0,
    0x0, 0x0, 0x0, 0x0, 0x1b, 0xff, 0xff, 0xff,
    0xb0, 0x0, 0x0, 0x0, 0x0, 0x0, 0x0, 0x0,
    0x6, 0xfe, 0x50, 0x7, 0xfb, 0x0, 0x0, 0x0,
    0x0, 0x3c, 0xfc, 0x20, 0x0, 0x2f, 0xc0, 0x0,
    0x5f, 0x80, 0x0, 0x0, 0x0, 0x5f, 0xff, 0xfd,
    0x0, 0x0, 0xaf, 0x40, 0xc, 0xf2, 0x0, 0x0,
    0x0, 0x1f, 0xf4, 0x9, 0xf9, 0x0, 0x2, 0xfe,
    0x29, 0xf9, 0x0, 0x8e, 0x40, 0x5, 0xfa, 0x0,
    0xc, 0xf6, 0x0, 0x6, 0xff, 0xfa, 0x0, 0xc,
    0xf2, 0x0, 0x3f, 0xf9, 0x30, 0x1e, 0xfc, 0xbb,
    0xdf, 0xff, 0xeb, 0xb7, 0xef, 0x10, 0x0, 0x7e,
    0xff, 0xb0, 0x2b, 0xff, 0xfe, 0xa4, 0x8d, 0xff,
    0xae, 0xf2, 0x0, 0x0, 0x4, 0xef, 0x40, 0x0,
    0x0, 0x0, 0x0, 0x0, 0x0, 0xbf, 0xc1, 0x0,
    0x0, 0x4e, 0xf3, 0x0, 0x0, 0x0, 0x0, 0x0,
    0x0, 0x3, 0xff, 0xff, 0xff, 0xff, 0xfa, 0x0,
    0x0, 0x0, 0x0, 0x0, 0x0, 0x0, 0x3, 0x9b,
    0xbb, 0xba, 0x94, 0x0, 0x0, 0x0, 0x0, 0x0,
    0x0, 0x0, 0x0,

    /* U+FD14 "ﴔ" */
    0x0, 0x0, 0x0, 0x0, 0x0, 0x0, 0x0, 0x0,
    0x3, 0x8a, 0xa8, 0x40, 0x0, 0x0, 0x0, 0x0,
    0x0, 0x0, 0x0, 0x0, 0x1b, 0xff, 0xff, 0xff,
    0xb0, 0x0, 0x0, 0x0, 0x0, 0x0, 0x0, 0x0,
    0x6, 0xfe, 0x50, 0x7, 0xfb, 0x0, 0x0, 0x0,
    0x0, 0x3c, 0xfc, 0x20, 0x0, 0x2f, 0xc0, 0x0,
    0x5f, 0x80, 0x0, 0x0, 0x0, 0x5f, 0xff, 0xfd,
    0x0, 0x0, 0xaf, 0x40, 0xc, 0xf2, 0x0, 0x0,
    0x0, 0x1f, 0xf4, 0x9, 0xf9, 0x0, 0x2, 0xfe,
    0x29, 0xf9, 0x0, 0x8e, 0x40, 0x5, 0xfa, 0x0,
    0xc, 0xf6, 0x0, 0x6, 0xff, 0xfa, 0x0, 0xc,
    0xf2, 0x0, 0x3f, 0xf9, 0x30, 0x1e, 0xfc, 0xbb,
    0xdf, 0xff, 0xeb, 0xb7, 0xef, 0x10, 0x0, 0x7e,
    0xff, 0xb0, 0x2b, 0xff, 0xfe, 0xa4, 0x8d, 0xff,
    0xae, 0xf2, 0x0, 0x0, 0x4, 0xef, 0x40, 0x0,
    0x0, 0x0, 0x0, 0x0, 0x0, 0xbf, 0xc1, 0x0,
    0x0, 0x4e, 0xf3, 0x0, 0x0, 0x0, 0x0, 0x0,
    0x0, 0x3, 0xff, 0xff, 0xff, 0xff, 0xfa, 0x0,
    0x0, 0x0, 0x0, 0x0, 0x0, 0x0, 0x3, 0x9b,
    0xbb, 0xba, 0x94, 0x0, 0x0, 0x0, 0x0, 0x0,
    0x0, 0x0, 0x0, 0x0, 0x0, 0x0, 0x0, 0x0,
    0x0, 0x0, 0x0, 0x0, 0x0, 0x0, 0x0, 0x0,
    0xd, 0xb3, 0xf7, 0x0, 0x0, 0x0, 0x0, 0x0,
    0x0, 0x0, 0x0, 0x0, 0x0, 0xfd, 0x4f, 0x80,
    0x0, 0x0, 0x0, 0x0, 0x0, 0x0, 0x0, 0x0,
    0x0, 0x1, 0x0, 0x20, 0x0, 0x0, 0x0, 0x0,
    0x0, 0x0, 0x0, 0x0, 0x0,

    /* U+FD15 "ﴕ" */
    0x0, 0x0, 0x0, 0x0, 0x0, 0x0, 0x0, 0x0,
    0x0, 0xd, 0xb0, 0x0, 0x0, 0x0, 0x0, 0x0,
    0x0, 0x0, 0x0, 0x0, 0x0, 0x0, 0xfc, 0x0,
    0x0, 0x0, 0x0, 0x0, 0x0, 0x0, 0x0, 0x0,
    0x0, 0x0, 0x1, 0x0, 0x0, 0x0, 0x0, 0x0,
    0x0, 0x0, 0x0, 0x0, 0x0, 0x0, 0x38, 0xaa,
    0x84, 0x0, 0x0, 0x0, 0x0, 0x0, 0x0, 0x0,
    0x0, 0x1, 0xbf, 0xff, 0xff, 0xfb, 0x0, 0x0,
    0x0, 0x0, 0x0, 0x0, 0x0, 0x0, 0x6f, 0xe5,
    0x0, 0x7f, 0xb0, 0x0, 0x0, 0x0, 0x3, 0xcf,
    0xc2, 0x0, 0x2, 0xfc, 0x0, 0x5, 0xf8, 0x0,
    0x0, 0x0, 0x5, 0xff, 0xff, 0xd0, 0x0, 0xa,
    0xf4, 0x0, 0xcf, 0x20, 0x0, 0x0, 0x1, 0xff,
    0x40, 0x9f, 0x90, 0x0, 0x2f, 0xe2, 0x9f, 0x90,
    0x8, 0xe4, 0x0, 0x5f, 0xa0, 0x0, 0xcf, 0x60,
    0x0, 0x6f, 0xff, 0xa0, 0x0, 0xcf, 0x20, 0x3,
    0xff, 0x93, 0x1, 0xef, 0xcb, 0xbd, 0xff, 0xfe,
    0xbb, 0x7e, 0xf1, 0x0, 0x7, 0xef, 0xfb, 0x2,
    0xbf, 0xff, 0xea, 0x48, 0xdf, 0xfa, 0xef, 0x20,
    0x0, 0x0, 0x4e, 0xf4, 0x0, 0x0, 0x0, 0x0,
    0x0, 0x0, 0xb, 0xfc, 0x10, 0x0, 0x4, 0xef,
    0x30, 0x0, 0x0, 0x0, 0x0, 0x0, 0x0, 0x3f,
    0xff, 0xff, 0xff, 0xff, 0xa0, 0x0, 0x0, 0x0,
    0x0, 0x0, 0x0, 0x0, 0x39, 0xbb, 0xbb, 0xa9,
    0x40, 0x0, 0x0, 0x0, 0x0, 0x0, 0x0, 0x0,

    /* U+FD16 "ﴖ" */
    0x0, 0x0, 0x0, 0x0, 0x0, 0x0, 0x0, 0x0,
    0x0, 0xd, 0xb0, 0x0, 0x0, 0x0, 0x0, 0x0,
    0x0, 0x0, 0x0, 0x0, 0x0, 0x0, 0xfc, 0x0,
    0x0, 0x0, 0x0, 0x0, 0x0, 0x0, 0x0, 0x0,
    0x0, 0x0, 0x1, 0x0, 0x0, 0x0, 0x0, 0x0,
    0x0, 0x0, 0x0, 0x0, 0x0, 0x0, 0x38, 0xaa,
    0x84, 0x0, 0x0, 0x0, 0x0, 0x0, 0x0, 0x0,
    0x0, 0x1, 0xbf, 0xff, 0xff, 0xfb, 0x0, 0x0,
    0x0, 0x0, 0x0, 0x0, 0x0, 0x0, 0x6f, 0xe5,
    0x0, 0x7f, 0xb0, 0x0, 0x0, 0x0, 0x3, 0xcf,
    0xc2, 0x0, 0x2, 0xfc, 0x0, 0x5, 0xf8, 0x0,
    0x0, 0x0, 0x5, 0xff, 0xff, 0xd0, 0x0, 0xa,
    0xf4, 0x0, 0xcf, 0x20, 0x0, 0x0, 0x1, 0xff,
    0x40, 0x9f, 0x90, 0x0, 0x2f, 0xe2, 0x9f, 0x90,
    0x8, 0xe4, 0x0, 0x5f, 0xa0, 0x0, 0xcf, 0x60,
    0x0, 0x6f, 0xff, 0xa0, 0x0, 0xcf, 0x20, 0x3,
    0xff, 0x93, 0x1, 0xef, 0xcb, 0xbd, 0xff, 0xfe,
    0xbb, 0x7e, 0xf1, 0x0, 0x7, 0xef, 0xfb, 0x2,
    0xbf, 0xff, 0xea, 0x48, 0xdf, 0xfa, 0xef, 0x20,
    0x0, 0x0, 0x4e, 0xf4, 0x0, 0x0, 0x0, 0x0,
    0x0, 0x0, 0xb, 0xfc, 0x10, 0x0, 0x4, 0xef,
    0x30, 0x0, 0x0, 0x0, 0x0, 0x0, 0x0, 0x3f,
    0xff, 0xff, 0xff, 0xff, 0xa0, 0x0, 0x0, 0x0,
    0x0, 0x0, 0x0, 0x0, 0x39, 0xbb, 0xbb, 0xa9,
    0x40, 0x0, 0x0, 0x0, 0x0, 0x0, 0x0, 0x0,
    0x0, 0x0, 0x0, 0x0, 0x0, 0x0, 0x0, 0x0,
    0x0, 0x0, 0x0, 0x0, 0x0, 0x0, 0xdb, 0x3f,
    0x70, 0x0, 0x0, 0x0, 0x0, 0x0, 0x0, 0x0,
    0x0, 0x0, 0xf, 0xd4, 0xf8, 0x0, 0x0, 0x0,
    0x0, 0x0, 0x0, 0x0, 0x0, 0x0, 0x0, 0x10,
    0x2, 0x0, 0x0, 0x0, 0x0, 0x0, 0x0, 0x0,
    0x0, 0x0,

    /* U+FD17 "ﴗ" */
    0x0, 0x0, 0x0, 0x0, 0x0, 0x0, 0x0, 0x0,
    0x0, 0x0, 0x0, 0x0, 0x0, 0x2f, 0xe0, 0x0,
    0x0, 0x0, 0x0, 0x0, 0x0, 0x0, 0x0, 0x0,
    0x18, 0x70, 0x0, 0x88, 0x0, 0x2f, 0xe0, 0x0,
    0x0, 0x0, 0x0, 0x3, 0xcf, 0xc2, 0x0, 0x0,
    0x2f, 0xe0, 0x0, 0xff, 0x0, 0x2f, 0xe0, 0x0,
    0x0, 0x0, 0x0, 0x5f, 0xff, 0xfd, 0x0, 0x0,
    0x2f, 0xe0, 0x0, 0xff, 0x0, 0x2f, 0xe0, 0x0,
    0x0, 0x0, 0x1, 0xff, 0x40, 0x9f, 0x90, 0x0,
    0x2f, 0xe0, 0x0, 0xff, 0x0, 0x2f, 0xe0, 0x0,
    0x8e, 0x40, 0x5, 0xfa, 0x0, 0xc, 0xf6, 0x0,
    0x2f, 0xe0, 0x4, 0xff, 0x30, 0x2f, 0xe0, 0x0,
    0xcf, 0x20, 0x3, 0xff, 0x93, 0x1, 0xef, 0xcb,
    0xbf, 0xfb, 0xbf, 0xff, 0xfb, 0xcf, 0xfb, 0xb0,
    0xef, 0x10, 0x0, 0x7e, 0xff, 0xb0, 0x2b, 0xff,
    0xff, 0xff, 0xfe, 0x91, 0xaf, 0xff, 0xff, 0xf1,
    0xef, 0x20, 0x0, 0x0, 0x4e, 0xf4, 0x0, 0x0,
    0x0, 0x0, 0x0, 0x0, 0x0, 0x0, 0x0, 0x0,
    0xbf, 0xc1, 0x0, 0x0, 0x4e, 0xf3, 0x0, 0x0,
    0x0, 0x0, 0x0, 0x0, 0x0, 0x0, 0x0, 0x0,
    0x3f, 0xff, 0xff, 0xff, 0xff, 0xa0, 0x0, 0x0,
    0x0, 0x0, 0x0, 0x0, 0x0, 0x0, 0x0, 0x0,
    0x3, 0x9b, 0xbb, 0xba, 0x94, 0x0, 0x0, 0x0,
    0x0, 0x0, 0x0, 0x0, 0x0, 0x0, 0x0, 0x0,

    /* U+FD18 "ﴘ" */
    0x0, 0x0, 0x0, 0x0, 0x0, 0x0, 0x0, 0x0,
    0x0, 0x0, 0x0, 0x0, 0x0, 0x2f, 0xe0, 0x0,
    0x0, 0x0, 0x0, 0x0, 0x0, 0x0, 0x0, 0x0,
    0x18, 0x70, 0x0, 0x88, 0x0, 0x2f, 0xe0, 0x0,
    0x0, 0x0, 0x0, 0x3, 0xcf, 0xc2, 0x0, 0x0,
    0x2f, 0xe0, 0x0, 0xff, 0x0, 0x2f, 0xe0, 0x0,
    0x0, 0x0, 0x0, 0x5f, 0xff, 0xfd, 0x0, 0x0,
    0x2f, 0xe0, 0x0, 0xff, 0x0, 0x2f, 0xe0, 0x0,
    0x0, 0x0, 0x1, 0xff, 0x40, 0x9f, 0x90, 0x0,
    0x2f, 0xe0, 0x0, 0xff, 0x0, 0x2f, 0xe0, 0x0,
    0x8e, 0x40, 0x5, 0xfa, 0x0, 0xc, 0xf6, 0x0,
    0x2f, 0xe0, 0x4, 0xff, 0x30, 0x2f, 0xe0, 0x0,
    0xcf, 0x20, 0x3, 0xff, 0x93, 0x1, 0xef, 0xcb,
    0xbf, 0xfb, 0xbf, 0xff, 0xfb, 0xcf, 0xfb, 0xb0,
    0xef, 0x10, 0x0, 0x7e, 0xff, 0xb0, 0x2b, 0xff,
    0xff, 0xff, 0xfe, 0x91, 0xaf, 0xff, 0xff, 0xf1,
    0xef, 0x20, 0x0, 0x0, 0x4e, 0xf4, 0x0, 0x0,
    0x0, 0x0, 0x0, 0x0, 0x0, 0x0, 0x0, 0x0,
    0xbf, 0xc1, 0x0, 0x0, 0x4e, 0xf3, 0x0, 0x0,
    0x0, 0x0, 0x0, 0x0, 0x0, 0x0, 0x0, 0x0,
    0x3f, 0xff, 0xff, 0xff, 0xff, 0xa0, 0x0, 0x0,
    0x0, 0x0, 0x0, 0x0, 0x0, 0x0, 0x0, 0x0,
    0x3, 0x9b, 0xbb, 0xba, 0x94, 0x0, 0x0, 0x0,
    0x0, 0x0, 0x0, 0x0, 0x0, 0x0, 0x0, 0x0,
    0x0, 0x0, 0x0, 0x0, 0x0, 0x0, 0x0, 0x0,
    0x0, 0x0, 0x0, 0x0, 0x0, 0x0, 0x0, 0x0,
    0x0, 0xd, 0xb3, 0xf7, 0x0, 0x0, 0x0, 0x0,
    0x0, 0x0, 0x0, 0x0, 0x0, 0x0, 0x0, 0x0,
    0x0, 0xf, 0xd4, 0xf8, 0x0, 0x0, 0x0, 0x0,
    0x0, 0x0, 0x0, 0x0, 0x0, 0x0, 0x0, 0x0,
    0x0, 0x1, 0x0, 0x20, 0x0, 0x0, 0x0, 0x0,
    0x0, 0x0, 0x0, 0x0, 0x0, 0x0, 0x0, 0x0,

    /* U+FD19 "ﴙ" */
    0x0, 0x0, 0x0, 0x0, 0x0, 0x0, 0x0, 0x0,
    0x0, 0x0, 0x0, 0xbb, 0x0, 0x0, 0x0, 0x0,
    0x0, 0x0, 0x0, 0x0, 0x0, 0x0, 0x0, 0x0,
    0x0, 0x0, 0x2, 0xa9, 0x20, 0x0, 0x0, 0x0,
    0x0, 0x0, 0x0, 0x0, 0x0, 0x0, 0x0, 0x0,
    0x0, 0x0, 0x4f, 0x88, 0xf4, 0x0, 0x0, 0x0,
    0x0, 0x0, 0x0, 0x0, 0x0, 0x0, 0x0, 0x0,
    0x0, 0x0, 0x3f, 0x67, 0xf3, 0x0, 0x0, 0x0,
    0x0, 0x0, 0x0, 0x0, 0x0, 0x0, 0x0, 0x0,
    0x0, 0x0, 0x0, 0x0, 0x0, 0x2f, 0xd0, 0x0,
    0x0, 0x0, 0x0, 0x0, 0x0, 0x0, 0x0, 0x0,
    0x1a, 0x90, 0x0, 0xaa, 0x0, 0x2f, 0xe0, 0x0,
    0x0, 0x0, 0x0, 0x3, 0xcf, 0xc2, 0x0, 0x0,
    0x2f, 0xe0, 0x0, 0xff, 0x0, 0x2f, 0xe0, 0x0,
    0x0, 0x0, 0x0, 0x5f, 0xff, 0xfd, 0x0, 0x0,
    0x2f, 0xe0, 0x0, 0xff, 0x0, 0x2f, 0xe0, 0x0,
    0x0, 0x0, 0x1, 0xff, 0x40, 0x9f, 0x90, 0x0,
    0x2f, 0xe0, 0x0, 0xff, 0x0, 0x2f, 0xe0, 0x0,
    0x8e, 0x40, 0x5, 0xfa, 0x0, 0xc, 0xf6, 0x0,
    0x2f, 0xe0, 0x4, 0xff, 0x30, 0x2f, 0xe0, 0x0,
    0xcf, 0x20, 0x3, 0xff, 0x93, 0x1, 0xef, 0xcb,
    0xbf, 0xfb, 0xbf, 0xff, 0xfb, 0xcf, 0xfb, 0xb0,
    0xef, 0x10, 0x0, 0x7e, 0xff, 0xb0, 0x2b, 0xff,
    0xff, 0xff, 0xfe, 0x91, 0xaf, 0xff, 0xff, 0xf1,
    0xef, 0x20, 0x0, 0x0, 0x4e, 0xf4, 0x0, 0x0,
    0x0, 0x0, 0x0, 0x0, 0x0, 0x0, 0x0, 0x0,
    0xbf, 0xc1, 0x0, 0x0, 0x4e, 0xf3, 0x0, 0x0,
    0x0, 0x0, 0x0, 0x0, 0x0, 0x0, 0x0, 0x0,
    0x3f, 0xff, 0xff, 0xff, 0xff, 0xa0, 0x0, 0x0,
    0x0, 0x0, 0x0, 0x0, 0x0, 0x0, 0x0, 0x0,
    0x3, 0x9b, 0xbb, 0xba, 0x94, 0x0, 0x0, 0x0,
    0x0, 0x0, 0x0, 0x0, 0x0, 0x0, 0x0, 0x0,

    /* U+FD1A "ﴚ" */
    0x0, 0x0, 0x0, 0x0, 0x0, 0x0, 0x0, 0x0,
    0x0, 0x0, 0x0, 0xbb, 0x0, 0x0, 0x0, 0x0,
    0x0, 0x0, 0x0, 0x0, 0x0, 0x0, 0x0, 0x0,
    0x0, 0x0, 0x2, 0xa9, 0x20, 0x0, 0x0, 0x0,
    0x0, 0x0, 0x0, 0x0, 0x0, 0x0, 0x0, 0x0,
    0x0, 0x0, 0x4f, 0x88, 0xf4, 0x0, 0x0, 0x0,
    0x0, 0x0, 0x0, 0x0, 0x0, 0x0, 0x0, 0x0,
    0x0, 0x0, 0x3f, 0x67, 0xf3, 0x0, 0x0, 0x0,
    0x0, 0x0, 0x0, 0x0, 0x0, 0x0, 0x0, 0x0,
    0x0, 0x0, 0x0, 0x0, 0x0, 0x2f, 0xd0, 0x0,
    0x0, 0x0, 0x0, 0x0, 0x0, 0x0, 0x0, 0x0,
    0x1a, 0x90, 0x0, 0xaa, 0x0, 0x2f, 0xe0, 0x0,
    0x0, 0x0, 0x0, 0x3, 0xcf, 0xc2, 0x0, 0x0,
    0x2f, 0xe0, 0x0, 0xff, 0x0, 0x2f, 0xe0, 0x0,
    0x0, 0x0, 0x0, 0x5f, 0xff, 0xfd, 0x0, 0x0,
    0x2f, 0xe0, 0x0, 0xff, 0x0, 0x2f, 0xe0, 0x0,
    0x0, 0x0, 0x1, 0xff, 0x40, 0x9f, 0x90, 0x0,
    0x2f, 0xe0, 0x0, 0xff, 0x0, 0x2f, 0xe0, 0x0,
    0x8e, 0x40, 0x5, 0xfa, 0x0, 0xc, 0xf6, 0x0,
    0x2f, 0xe0, 0x4, 0xff, 0x30, 0x2f, 0xe0, 0x0,
    0xcf, 0x20, 0x3, 0xff, 0x93, 0x1, 0xef, 0xcb,
    0xbf, 0xfb, 0xbf, 0xff, 0xfb, 0xcf, 0xfb, 0xb0,
    0xef, 0x10, 0x0, 0x7e, 0xff, 0xb0, 0x2b, 0xff,
    0xff, 0xff, 0xfe, 0x91, 0xaf, 0xff, 0xff, 0xf1,
    0xef, 0x20, 0x0, 0x0, 0x4e, 0xf4, 0x0, 0x0,
    0x0, 0x0, 0x0, 0x0, 0x0, 0x0, 0x0, 0x0,
    0xbf, 0xc1, 0x0, 0x0, 0x4e, 0xf3, 0x0, 0x0,
    0x0, 0x0, 0x0, 0x0, 0x0, 0x0, 0x0, 0x0,
    0x3f, 0xff, 0xff, 0xff, 0xff, 0xa0, 0x0, 0x0,
    0x0, 0x0, 0x0, 0x0, 0x0, 0x0, 0x0, 0x0,
    0x3, 0x9b, 0xbb, 0xba, 0x94, 0x0, 0x0, 0x0,
    0x0, 0x0, 0x0, 0x0, 0x0, 0x0, 0x0, 0x0,
    0x0, 0x0, 0x0, 0x0, 0x0, 0x0, 0x0, 0x0,
    0x0, 0x0, 0x0, 0x0, 0x0, 0x0, 0x0, 0x0,
    0x0, 0xd, 0xb3, 0xf7, 0x0, 0x0, 0x0, 0x0,
    0x0, 0x0, 0x0, 0x0, 0x0, 0x0, 0x0, 0x0,
    0x0, 0xf, 0xd4, 0xf8, 0x0, 0x0, 0x0, 0x0,
    0x0, 0x0, 0x0, 0x0, 0x0, 0x0, 0x0, 0x0,
    0x0, 0x1, 0x0, 0x20, 0x0, 0x0, 0x0, 0x0,
    0x0, 0x0, 0x0, 0x0, 0x0, 0x0, 0x0, 0x0,

    /* U+FD1B "ﴛ" */
    0x0, 0x0, 0x0, 0x0, 0x0, 0x0, 0x0, 0x2,
    0xae, 0xff, 0xa1, 0x0, 0x0, 0x0, 0x0, 0x0,
    0x0, 0x0, 0x0, 0x0, 0x1f, 0xdb, 0xef, 0xb0,
    0x0, 0x0, 0x0, 0x0, 0x3, 0xcf, 0xc2, 0x0,
    0x0, 0x10, 0x2, 0xff, 0x20, 0x0, 0x0, 0x0,
    0x5, 0xff, 0xff, 0xd0, 0x0, 0x0, 0x0, 0xb,
    0xf5, 0x0, 0x0, 0x0, 0x1, 0xff, 0x40, 0x9f,
    0x90, 0x0, 0x0, 0x0, 0x7f, 0x90, 0x8, 0xe4,
    0x0, 0x5f, 0xa0, 0x0, 0xcf, 0x60, 0x0, 0x0,
    0x2, 0xfe, 0x0, 0xcf, 0x20, 0x3, 0xff, 0x93,
    0x1, 0xef, 0xcb, 0xbb, 0xbb, 0xbe, 0xfc, 0x6e,
    0xf1, 0x0, 0x7, 0xef, 0xfb, 0x2, 0xbf, 0xff,
    0xff, 0xff, 0xff, 0xf9, 0xef, 0x20, 0x0, 0x0,
    0x4e, 0xf4, 0x0, 0x0, 0x0, 0x0, 0x0, 0x0,
    0xb, 0xfc, 0x10, 0x0, 0x4, 0xef, 0x30, 0x0,
    0x0, 0x0, 0x0, 0x0, 0x0, 0x3f, 0xff, 0xff,
    0xff, 0xff, 0xa0, 0x0, 0x0, 0x0, 0x0, 0x0,
    0x0, 0x0, 0x39, 0xbb, 0xbb, 0xa9, 0x40, 0x0,
    0x0, 0x0, 0x0, 0x0, 0x0, 0x0,

    /* U+FD1C "ﴜ" */
    0x0, 0x0, 0x0, 0x0, 0x0, 0x0, 0x0, 0x2,
    0xae, 0xff, 0xa1, 0x0, 0x0, 0x0, 0x0, 0x0,
    0x0, 0x0, 0x0, 0x0, 0x1f, 0xdb, 0xef, 0xb0,
    0x0, 0x0, 0x0, 0x0, 0x3, 0xcf, 0xc2, 0x0,
    0x0, 0x10, 0x2, 0xff, 0x20, 0x0, 0x0, 0x0,
    0x5, 0xff, 0xff, 0xd0, 0x0, 0x0, 0x0, 0xb,
    0xf5, 0x0, 0x0, 0x0, 0x1, 0xff, 0x40, 0x9f,
    0x90, 0x0, 0x0, 0x0, 0x7f, 0x90, 0x8, 0xe4,
    0x0, 0x5f, 0xa0, 0x0, 0xcf, 0x60, 0x0, 0x0,
    0x2, 0xfe, 0x0, 0xcf, 0x20, 0x3, 0xff, 0x93,
    0x1, 0xef, 0xcb, 0xbb, 0xbb, 0xbe, 0xfc, 0x6e,
    0xf1, 0x0, 0x7, 0xef, 0xfb, 0x2, 0xbf, 0xff,
    0xff, 0xff, 0xff, 0xf9, 0xef, 0x20, 0x0, 0x0,
    0x4e, 0xf4, 0x0, 0x0, 0x0, 0x0, 0x0, 0x0,
    0xb, 0xfc, 0x10, 0x0, 0x4, 0xef, 0x30, 0x0,
    0x0, 0x0, 0x0, 0x0, 0x0, 0x3f, 0xff, 0xff,
    0xff, 0xff, 0xa0, 0x0, 0x0, 0x0, 0x0, 0x0,
    0x0, 0x0, 0x39, 0xbb, 0xbb, 0xa9, 0x40, 0x0,
    0x0, 0x0, 0x0, 0x0, 0x0, 0x0, 0x0, 0x0,
    0x0, 0x0, 0x0, 0x0, 0x0, 0x0, 0x0, 0x0,
    0x0, 0x0, 0x0, 0x0, 0xdb, 0x3f, 0x70, 0x0,
    0x0, 0x0, 0x0, 0x0, 0x0, 0x0, 0x0, 0x0,
    0xf, 0xd4, 0xf8, 0x0, 0x0, 0x0, 0x0, 0x0,
    0x0, 0x0, 0x0, 0x0, 0x0, 0x10, 0x2, 0x0,
    0x0, 0x0, 0x0, 0x0, 0x0, 0x0, 0x0, 0x0,

    /* U+FD1D "ﴝ" */
    0x0, 0x0, 0x0, 0x0, 0x0, 0x0, 0x0, 0x2,
    0xae, 0xff, 0xa1, 0x0, 0x0, 0x0, 0x0, 0x0,
    0x0, 0x0, 0x0, 0x0, 0x1f, 0xdb, 0xef, 0xb0,
    0x0, 0x0, 0x0, 0x0, 0x3, 0xcf, 0xc2, 0x0,
    0x0, 0x10, 0x2, 0xff, 0x20, 0x0, 0x0, 0x0,
    0x5, 0xff, 0xff, 0xd0, 0x0, 0x0, 0x0, 0xb,
    0xf5, 0x0, 0x0, 0x0, 0x1, 0xff, 0x40, 0x9f,
    0x90, 0x0, 0x0, 0x0, 0x7f, 0x90, 0x8, 0xe4,
    0x0, 0x5f, 0xa0, 0x0, 0xcf, 0x60, 0x0, 0x0,
    0x2, 0xfe, 0x0, 0xcf, 0x20, 0x3, 0xff, 0x94,
    0x1, 0xef, 0xcb, 0xbb, 0xbb, 0xbe, 0xfc, 0x6e,
    0xf1, 0x0, 0x7, 0xef, 0xfb, 0x2, 0xbf, 0xff,
    0xff, 0xff, 0xff, 0xf9, 0xef, 0x20, 0x0, 0x0,
    0x4e, 0xf4, 0x0, 0x0, 0x0, 0x0, 0x0, 0x0,
    0xb, 0xfc, 0x10, 0x0, 0x4, 0xef, 0x30, 0x0,
    0x0, 0x6, 0x30, 0x0, 0x0, 0x3f, 0xff, 0xff,
    0xff, 0xff, 0xa0, 0x0, 0x0, 0x3, 0xfb, 0x0,
    0x0, 0x0, 0x29, 0xbb, 0xbb, 0xa8, 0x40, 0x0,
    0x0, 0x0, 0x9, 0x50, 0x0, 0x0,

    /* U+FD1E "ﴞ" */
    0x0, 0x0, 0x0, 0x0, 0x0, 0x0, 0x0, 0x2,
    0xae, 0xff, 0xa1, 0x0, 0x0, 0x0, 0x0, 0x0,
    0x0, 0x0, 0x0, 0x0, 0x1f, 0xdb, 0xef, 0xb0,
    0x0, 0x0, 0x0, 0x0, 0x3, 0xcf, 0xc2, 0x0,
    0x0, 0x10, 0x2, 0xff, 0x20, 0x0, 0x0, 0x0,
    0x5, 0xff, 0xff, 0xd0, 0x0, 0x0, 0x0, 0xb,
    0xf5, 0x0, 0x0, 0x0, 0x1, 0xff, 0x40, 0x9f,
    0x90, 0x0, 0x0, 0x0, 0x7f, 0x90, 0x8, 0xe4,
    0x0, 0x5f, 0xa0, 0x0, 0xcf, 0x60, 0x0, 0x0,
    0x2, 0xfe, 0x0, 0xcf, 0x20, 0x3, 0xff, 0x94,
    0x1, 0xef, 0xcb, 0xbb, 0xbb, 0xbe, 0xfc, 0x6e,
    0xf1, 0x0, 0x7, 0xef, 0xfb, 0x2, 0xbf, 0xff,
    0xff, 0xff, 0xff, 0xf9, 0xef, 0x20, 0x0, 0x0,
    0x4e, 0xf4, 0x0, 0x0, 0x0, 0x0, 0x0, 0x0,
    0xb, 0xfc, 0x10, 0x0, 0x4, 0xef, 0x30, 0x0,
    0x0, 0x6, 0x30, 0x0, 0x0, 0x3f, 0xff, 0xff,
    0xff, 0xff, 0xa0, 0x0, 0x0, 0x3, 0xfb, 0x0,
    0x0, 0x0, 0x29, 0xbb, 0xbb, 0xa8, 0x40, 0x0,
    0x0, 0x0, 0x9, 0x50, 0x0, 0x0, 0x0, 0x0,
    0x0, 0x0, 0x0, 0x0, 0x0, 0x0, 0x0, 0x0,
    0x0, 0x0, 0x0, 0x0, 0xdb, 0x3f, 0x70, 0x0,
    0x0, 0x0, 0x0, 0x0, 0x0, 0x0, 0x0, 0x0,
    0xf, 0xd4, 0xf8, 0x0, 0x0, 0x0, 0x0, 0x0,
    0x0, 0x0, 0x0, 0x0, 0x0, 0x10, 0x2, 0x0,
    0x0, 0x0, 0x0, 0x0, 0x0, 0x0, 0x0, 0x0,

    /* U+FD1F "ﴟ" */
    0x0, 0x0, 0x0, 0x0, 0x0, 0x0, 0x0, 0x0,
    0xa, 0xe1, 0x0, 0x0, 0x0, 0x0, 0x0, 0x0,
    0x0, 0x0, 0x0, 0x0, 0x0, 0xbf, 0x10, 0x0,
    0x0, 0x0, 0x0, 0x0, 0x0, 0x0, 0x0, 0x0,
    0x0, 0x0, 0x10, 0x0, 0x0, 0x0, 0x0, 0x0,
    0x0, 0x0, 0x0, 0x0, 0x0, 0x0, 0x0, 0x0,
    0x0, 0x0, 0x0, 0x0, 0x0, 0x0, 0x0, 0x0,
    0x0, 0x2, 0xae, 0xff, 0xa1, 0x0, 0x0, 0x0,
    0x0, 0x0, 0x0, 0x0, 0x0, 0x0, 0x1f, 0xdb,
    0xef, 0xb0, 0x0, 0x0, 0x0, 0x0, 0x3, 0xcf,
    0xc2, 0x0, 0x0, 0x10, 0x2, 0xff, 0x20, 0x0,
    0x0, 0x0, 0x5, 0xff, 0xff, 0xd0, 0x0, 0x0,
    0x0, 0xb, 0xf5, 0x0, 0x0, 0x0, 0x1, 0xff,
    0x40, 0x9f, 0x90, 0x0, 0x0, 0x0, 0x7f, 0x90,
    0x8, 0xe4, 0x0, 0x5f, 0xa0, 0x0, 0xcf, 0x60,
    0x0, 0x0, 0x2, 0xfe, 0x0, 0xcf, 0x20, 0x3,
    0xff, 0x93, 0x1, 0xef, 0xcb, 0xbb, 0xbb, 0xbe,
    0xfc, 0x6e, 0xf1, 0x0, 0x7, 0xef, 0xfb, 0x2,
    0xbf, 0xff, 0xff, 0xff, 0xff, 0xf9, 0xef, 0x20,
    0x0, 0x0, 0x4e, 0xf4, 0x0, 0x0, 0x0, 0x0,
    0x0, 0x0, 0xb, 0xfc, 0x10, 0x0, 0x4, 0xef,
    0x30, 0x0, 0x0, 0x0, 0x0, 0x0, 0x0, 0x3f,
    0xff, 0xff, 0xff, 0xff, 0xa0, 0x0, 0x0, 0x0,
    0x0, 0x0, 0x0, 0x0, 0x39, 0xbb, 0xbb, 0xa9,
    0x40, 0x0, 0x0, 0x0, 0x0, 0x0, 0x0, 0x0,

    /* U+FD20 "ﴠ" */
    0x0, 0x0, 0x0, 0x0, 0x0, 0x0, 0x0, 0x0,
    0xa, 0xe1, 0x0, 0x0, 0x0, 0x0, 0x0, 0x0,
    0x0, 0x0, 0x0, 0x0, 0x0, 0xbf, 0x10, 0x0,
    0x0, 0x0, 0x0, 0x0, 0x0, 0x0, 0x0, 0x0,
    0x0, 0x0, 0x10, 0x0, 0x0, 0x0, 0x0, 0x0,
    0x0, 0x0, 0x0, 0x0, 0x0, 0x0, 0x0, 0x0,
    0x0, 0x0, 0x0, 0x0, 0x0, 0x0, 0x0, 0x0,
    0x0, 0x2, 0xae, 0xff, 0xa1, 0x0, 0x0, 0x0,
    0x0, 0x0, 0x0, 0x0, 0x0, 0x0, 0x1f, 0xdb,
    0xef, 0xb0, 0x0, 0x0, 0x0, 0x0, 0x3, 0xcf,
    0xc2, 0x0, 0x0, 0x10, 0x2, 0xff, 0x20, 0x0,
    0x0, 0x0, 0x5, 0xff, 0xff, 0xd0, 0x0, 0x0,
    0x0, 0xb, 0xf5, 0x0, 0x0, 0x0, 0x1, 0xff,
    0x40, 0x9f, 0x90, 0x0, 0x0, 0x0, 0x7f, 0x90,
    0x8, 0xe4, 0x0, 0x5f, 0xa0, 0x0, 0xcf, 0x60,
    0x0, 0x0, 0x2, 0xfe, 0x0, 0xcf, 0x20, 0x3,
    0xff, 0x93, 0x1, 0xef, 0xcb, 0xbb, 0xbb, 0xbe,
    0xfc, 0x6e, 0xf1, 0x0, 0x7, 0xef, 0xfb, 0x2,
    0xbf, 0xff, 0xff, 0xff, 0xff, 0xf9, 0xef, 0x20,
    0x0, 0x0, 0x4e, 0xf4, 0x0, 0x0, 0x0, 0x0,
    0x0, 0x0, 0xb, 0xfc, 0x10, 0x0, 0x4, 0xef,
    0x30, 0x0, 0x0, 0x0, 0x0, 0x0, 0x0, 0x3f,
    0xff, 0xff, 0xff, 0xff, 0xa0, 0x0, 0x0, 0x0,
    0x0, 0x0, 0x0, 0x0, 0x39, 0xbb, 0xbb, 0xa9,
    0x40, 0x0, 0x0, 0x0, 0x0, 0x0, 0x0, 0x0,
    0x0, 0x0, 0x0, 0x0, 0x0, 0x0, 0x0, 0x0,
    0x0, 0x0, 0x0, 0x0, 0x0, 0x0, 0xdb, 0x3f,
    0x70, 0x0, 0x0, 0x0, 0x0, 0x0, 0x0, 0x0,
    0x0, 0x0, 0xf, 0xd4, 0xf8, 0x0, 0x0, 0x0,
    0x0, 0x0, 0x0, 0x0, 0x0, 0x0, 0x0, 0x10,
    0x2, 0x0, 0x0, 0x0, 0x0, 0x0, 0x0, 0x0,
    0x0, 0x0,

    /* U+FD21 "ﴡ" */
    0x0, 0x0, 0x0, 0x0, 0x0, 0x0, 0x0, 0x0,
    0x3b, 0x80, 0x3b, 0xff, 0xd5, 0x0, 0x0, 0x0,
    0x0, 0x0, 0x0, 0x0, 0x0, 0x0, 0x0, 0x5f,
    0xb3, 0xfe, 0xbd, 0xff, 0x50, 0x0, 0x0, 0x0,
    0x0, 0x3, 0xcf, 0xc2, 0x0, 0x0, 0x5f, 0xce,
    0x80, 0x0, 0x8f, 0xc0, 0x0, 0x0, 0x0, 0x0,
    0x5f, 0xff, 0xfd, 0x0, 0x0, 0x5f, 0xfa, 0x0,
    0x0, 0x2f, 0xe0, 0x0, 0x0, 0x0, 0x1, 0xff,
    0x40, 0x9f, 0x90, 0x0, 0x5f, 0xf1, 0x0, 0x0,
    0x1f, 0xf0, 0x0, 0x8e, 0x40, 0x5, 0xfa, 0x0,
    0xc, 0xf6, 0x0, 0x5f, 0xb0, 0x0, 0x0, 0x1f,
    0xf0, 0x0, 0xcf, 0x20, 0x3, 0xff, 0x93, 0x1,
    0xef, 0xcb, 0xcf, 0xeb, 0xbb, 0xbb, 0xbf, 0xfb,
    0xb1, 0xef, 0x10, 0x0, 0x7e, 0xff, 0xb0, 0x2b,
    0xff, 0xff, 0xff, 0xff, 0xff, 0xff, 0xff, 0xf2,
    0xef, 0x20, 0x0, 0x0, 0x4e, 0xf4, 0x0, 0x0,
    0x0, 0x0, 0x0, 0x0, 0x0, 0x0, 0x0, 0xbf,
    0xc1, 0x0, 0x0, 0x4e, 0xf3, 0x0, 0x0, 0x0,
    0x0, 0x0, 0x0, 0x0, 0x0, 0x0, 0x3f, 0xff,
    0xff, 0xff, 0xff, 0xa0, 0x0, 0x0, 0x0, 0x0,
    0x0, 0x0, 0x0, 0x0, 0x0, 0x3, 0x9b, 0xbb,
    0xba, 0x94, 0x0, 0x0, 0x0, 0x0, 0x0, 0x0,
    0x0, 0x0, 0x0, 0x0,

    /* U+FD22 "ﴢ" */
    0x0, 0x0, 0x0, 0x0, 0x0, 0x0, 0x0, 0x0,
    0x3b, 0x80, 0x3b, 0xff, 0xd5, 0x0, 0x0, 0x0,
    0x0, 0x0, 0x0, 0x0, 0x0, 0x0, 0x0, 0x5f,
    0xb3, 0xfe, 0xbd, 0xff, 0x50, 0x0, 0x0, 0x0,
    0x0, 0x3, 0xcf, 0xc2, 0x0, 0x0, 0x5f, 0xce,
    0x80, 0x0, 0x8f, 0xc0, 0x0, 0x0, 0x0, 0x0,
    0x5f, 0xff, 0xfd, 0x0, 0x0, 0x5f, 0xfa, 0x0,
    0x0, 0x2f, 0xe0, 0x0, 0x0, 0x0, 0x1, 0xff,
    0x40, 0x9f, 0x90, 0x0, 0x5f, 0xf1, 0x0, 0x0,
    0x1f, 0xf0, 0x0, 0x8e, 0x40, 0x5, 0xfa, 0x0,
    0xc, 0xf6, 0x0, 0x5f, 0xb0, 0x0, 0x0, 0x1f,
    0xf0, 0x0, 0xcf, 0x20, 0x3, 0xff, 0x93, 0x1,
    0xef, 0xcb, 0xcf, 0xeb, 0xbb, 0xbb, 0xbf, 0xfb,
    0xb1, 0xef, 0x10, 0x0, 0x7e, 0xff, 0xb0, 0x2b,
    0xff, 0xff, 0xff, 0xff, 0xff, 0xff, 0xff, 0xf2,
    0xef, 0x20, 0x0, 0x0, 0x4e, 0xf4, 0x0, 0x0,
    0x0, 0x0, 0x0, 0x0, 0x0, 0x0, 0x0, 0xbf,
    0xc1, 0x0, 0x0, 0x4e, 0xf3, 0x0, 0x0, 0x0,
    0x0, 0x0, 0x0, 0x0, 0x0, 0x0, 0x3f, 0xff,
    0xff, 0xff, 0xff, 0xa0, 0x0, 0x0, 0x0, 0x0,
    0x0, 0x0, 0x0, 0x0, 0x0, 0x3, 0x9b, 0xbb,
    0xba, 0x94, 0x0, 0x0, 0x0, 0x0, 0x0, 0x0,
    0x0, 0x0, 0x0, 0x0, 0x0, 0x0, 0x0, 0x0,
    0x0, 0x0, 0x0, 0x0, 0x0, 0x0, 0x0, 0x0,
    0x0, 0x0, 0x0, 0x0, 0xd, 0xb3, 0xf7, 0x0,
    0x0, 0x0, 0x0, 0x0, 0x0, 0x0, 0x0, 0x0,
    0x0, 0x0, 0x0, 0xf, 0xd4, 0xf8, 0x0, 0x0,
    0x0, 0x0, 0x0, 0x0, 0x0, 0x0, 0x0, 0x0,
    0x0, 0x0, 0x1, 0x0, 0x20, 0x0, 0x0, 0x0,
    0x0, 0x0, 0x0, 0x0, 0x0, 0x0, 0x0, 0x0,

    /* U+FD23 "ﴣ" */
    0x0, 0x0, 0x0, 0x0, 0x0, 0x0, 0x0, 0x0,
    0x0, 0x0, 0x3f, 0x60, 0x0, 0x0, 0x0, 0x0,
    0x0, 0x0, 0x0, 0x0, 0x0, 0x0, 0x0, 0x0,
    0x0, 0x4f, 0x80, 0x0, 0x0, 0x0, 0x0, 0x0,
    0x0, 0x0, 0x0, 0x0, 0x0, 0x0, 0x0, 0x0,
    0x2, 0x0, 0x0, 0x0, 0x0, 0x0, 0x0, 0x0,
    0x0, 0x0, 0x0, 0x0, 0x0, 0x0, 0x0, 0x0,
    0x0, 0x0, 0x0, 0x0, 0x0, 0x0, 0x0, 0x0,
    0x0, 0x0, 0x0, 0x0, 0x3b, 0x80, 0x3b, 0xff,
    0xd5, 0x0, 0x0, 0x0, 0x0, 0x0, 0x0, 0x0,
    0x0, 0x0, 0x0, 0x5f, 0xb3, 0xfe, 0xbd, 0xff,
    0x50, 0x0, 0x0, 0x0, 0x0, 0x3, 0xcf, 0xc2,
    0x0, 0x0, 0x5f, 0xce, 0x80, 0x0, 0x8f, 0xc0,
    0x0, 0x0, 0x0, 0x0, 0x5f, 0xff, 0xfd, 0x0,
    0x0, 0x5f, 0xfa, 0x0, 0x0, 0x2f, 0xe0, 0x0,
    0x0, 0x0, 0x1, 0xff, 0x40, 0x9f, 0x90, 0x0,
    0x5f, 0xf1, 0x0, 0x0, 0x1f, 0xf0, 0x0, 0x8e,
    0x40, 0x5, 0xfa, 0x0, 0xc, 0xf6, 0x0, 0x5f,
    0xb0, 0x0, 0x0, 0x1f, 0xf0, 0x0, 0xcf, 0x20,
    0x3, 0xff, 0x93, 0x1, 0xef, 0xcb, 0xcf, 0xeb,
    0xbb, 0xbb, 0xbf, 0xfb, 0xb1, 0xef, 0x10, 0x0,
    0x7e, 0xff, 0xb0, 0x2b, 0xff, 0xff, 0xff, 0xff,
    0xff, 0xff, 0xff, 0xf2, 0xef, 0x20, 0x0, 0x0,
    0x4e, 0xf4, 0x0, 0x0, 0x0, 0x0, 0x0, 0x0,
    0x0, 0x0, 0x0, 0xbf, 0xc1, 0x0, 0x0, 0x4e,
    0xf3, 0x0, 0x0, 0x0, 0x0, 0x0, 0x0, 0x0,
    0x0, 0x0, 0x3f, 0xff, 0xff, 0xff, 0xff, 0xa0,
    0x0, 0x0, 0x0, 0x0, 0x0, 0x0, 0x0, 0x0,
    0x0, 0x3, 0x9b, 0xbb, 0xba, 0x94, 0x0, 0x0,
    0x0, 0x0, 0x0, 0x0, 0x0, 0x0, 0x0, 0x0,

    /* U+FD24 "ﴤ" */
    0x0, 0x0, 0x0, 0x0, 0x0, 0x0, 0x0, 0x0,
    0x0, 0x0, 0x3f, 0x60, 0x0, 0x0, 0x0, 0x0,
    0x0, 0x0, 0x0, 0x0, 0x0, 0x0, 0x0, 0x0,
    0x0, 0x4f, 0x80, 0x0, 0x0, 0x0, 0x0, 0x0,
    0x0, 0x0, 0x0, 0x0, 0x0, 0x0, 0x0, 0x0,
    0x2, 0x0, 0x0, 0x0, 0x0, 0x0, 0x0, 0x0,
    0x0, 0x0, 0x0, 0x0, 0x0, 0x0, 0x0, 0x0,
    0x0, 0x0, 0x0, 0x0, 0x0, 0x0, 0x0, 0x0,
    0x0, 0x0, 0x0, 0x0, 0x3b, 0x80, 0x3b, 0xff,
    0xd5, 0x0, 0x0, 0x0, 0x0, 0x0, 0x0, 0x0,
    0x0, 0x0, 0x0, 0x5f, 0xb3, 0xfe, 0xbd, 0xff,
    0x50, 0x0, 0x0, 0x0, 0x0, 0x3, 0xcf, 0xc2,
    0x0, 0x0, 0x5f, 0xce, 0x80, 0x0, 0x8f, 0xc0,
    0x0, 0x0, 0x0, 0x0, 0x5f, 0xff, 0xfd, 0x0,
    0x0, 0x5f, 0xfa, 0x0, 0x0, 0x2f, 0xe0, 0x0,
    0x0, 0x0, 0x1, 0xff, 0x40, 0x9f, 0x90, 0x0,
    0x5f, 0xf1, 0x0, 0x0, 0x1f, 0xf0, 0x0, 0x8e,
    0x40, 0x5, 0xfa, 0x0, 0xc, 0xf6, 0x0, 0x5f,
    0xb0, 0x0, 0x0, 0x1f, 0xf0, 0x0, 0xcf, 0x20,
    0x3, 0xff, 0x93, 0x1, 0xef, 0xcb, 0xcf, 0xeb,
    0xbb, 0xbb, 0xbf, 0xfb, 0xb1, 0xef, 0x10, 0x0,
    0x7e, 0xff, 0xb0, 0x2b, 0xff, 0xff, 0xff, 0xff,
    0xff, 0xff, 0xff, 0xf2, 0xef, 0x20, 0x0, 0x0,
    0x4e, 0xf4, 0x0, 0x0, 0x0, 0x0, 0x0, 0x0,
    0x0, 0x0, 0x0, 0xbf, 0xc1, 0x0, 0x0, 0x4e,
    0xf3, 0x0, 0x0, 0x0, 0x0, 0x0, 0x0, 0x0,
    0x0, 0x0, 0x3f, 0xff, 0xff, 0xff, 0xff, 0xa0,
    0x0, 0x0, 0x0, 0x0, 0x0, 0x0, 0x0, 0x0,
    0x0, 0x3, 0x9b, 0xbb, 0xba, 0x94, 0x0, 0x0,
    0x0, 0x0, 0x0, 0x0, 0x0, 0x0, 0x0, 0x0,
    0x0, 0x0, 0x0, 0x0, 0x0, 0x0, 0x0, 0x0,
    0x0, 0x0, 0x0, 0x0, 0x0, 0x0, 0x0, 0x0,
    0xd, 0xb3, 0xf7, 0x0, 0x0, 0x0, 0x0, 0x0,
    0x0, 0x0, 0x0, 0x0, 0x0, 0x0, 0x0, 0xf,
    0xd4, 0xf8, 0x0, 0x0, 0x0, 0x0, 0x0, 0x0,
    0x0, 0x0, 0x0, 0x0, 0x0, 0x0, 0x1, 0x0,
    0x20, 0x0, 0x0, 0x0, 0x0, 0x0, 0x0, 0x0,
    0x0, 0x0, 0x0, 0x0,

    /* U+FD25 "ﴥ" */
    0x0, 0x0, 0x0, 0x0, 0x0, 0x0, 0x0, 0x0,
    0x7, 0xe1, 0x0, 0x0, 0x0, 0x0, 0x0, 0x0,
    0x0, 0x0, 0x0, 0x0, 0x0, 0x1, 0x7c, 0x20,
    0x0, 0x0, 0x0, 0x0, 0x0, 0x0, 0x0, 0x0,
    0x0, 0x0, 0x0, 0xfd, 0x4f, 0x80, 0x0, 0x0,
    0x0, 0x0, 0x0, 0x0, 0x0, 0x0, 0x0, 0x0,
    0xd, 0xb3, 0xf7, 0x0, 0x0, 0x0, 0x8, 0xcf,
    0xfd, 0x70, 0x0, 0x0, 0x0, 0x0, 0x0, 0x0,
    0x0, 0xdf, 0x30, 0x0, 0xdd, 0x99, 0xff, 0x60,
    0x0, 0x9, 0xc2, 0x0, 0x8c, 0x30, 0xd, 0xf3,
    0x0, 0x1, 0x0, 0x3, 0xfe, 0x0, 0x0, 0xdf,
    0x30, 0xb, 0xf5, 0x0, 0xdf, 0x30, 0x0, 0x0,
    0x0, 0xd, 0xf1, 0x0, 0xd, 0xf3, 0x0, 0xbf,
    0x50, 0xd, 0xf3, 0x0, 0x0, 0x0, 0x0, 0x8f,
    0x60, 0x0, 0xdf, 0x30, 0xb, 0xf4, 0x0, 0xdf,
    0x30, 0x0, 0x0, 0x4, 0x9e, 0xfd, 0x0, 0xd,
    0xf3, 0x0, 0xef, 0x80, 0xd, 0xf3, 0x0, 0x0,
    0x3d, 0xff, 0xcc, 0xfd, 0xbb, 0xff, 0xcb, 0xef,
    0xff, 0xcb, 0xff, 0xcb, 0x40, 0x5f, 0xf7, 0x10,
    0x1a, 0xff, 0xff, 0xff, 0xff, 0xb2, 0x7e, 0xff,
    0xff, 0xf6, 0xf, 0xf3, 0x0, 0x0, 0x0, 0x0,
    0x0, 0x0, 0x0, 0x0, 0x0, 0x0, 0x0, 0x4,
    0xfc, 0x0, 0x0, 0x0, 0x0, 0x0, 0x0, 0x0,
    0x0, 0x0, 0x0, 0x0, 0x0, 0x3f, 0xe1, 0x0,
    0x4f, 0x50, 0x0, 0x0, 0x0, 0x0, 0x0, 0x0,
    0x0, 0x0, 0x0, 0xdf, 0xf7, 0x6, 0xf6, 0x0,
    0x0, 0x0, 0x0, 0x0, 0x0, 0x0, 0x0, 0x0,
    0x1, 0xae, 0x60, 0x2, 0x0, 0x0, 0x0, 0x0,
    0x0, 0x0, 0x0, 0x0, 0x0, 0x0,

    /* U+FD26 "ﴦ" */
    0x0, 0x0, 0x0, 0x0, 0x0, 0x0, 0x0, 0x0,
    0x7, 0xe1, 0x0, 0x0, 0x0, 0x0, 0x0, 0x0,
    0x0, 0x0, 0x0, 0x0, 0x0, 0x1, 0x7c, 0x20,
    0x0, 0x0, 0x0, 0x0, 0x0, 0x0, 0x0, 0x0,
    0x0, 0x0, 0x0, 0xfd, 0x4f, 0x80, 0x0, 0x0,
    0x0, 0x0, 0x0, 0x0, 0x0, 0x0, 0x0, 0x0,
    0xd, 0xb3, 0xf7, 0x0, 0x0, 0x0, 0x8, 0xcf,
    0xfd, 0x60, 0x0, 0x0, 0x0, 0x0, 0x0, 0x0,
    0x0, 0xdf, 0x30, 0x0, 0xdd, 0x99, 0xff, 0x60,
    0x0, 0x9, 0xc2, 0x0, 0x8c, 0x30, 0xd, 0xf3,
    0x0, 0x1, 0x0, 0x3, 0xfe, 0x0, 0x0, 0xdf,
    0x30, 0xb, 0xf5, 0x0, 0xdf, 0x30, 0x0, 0x0,
    0x0, 0xd, 0xf1, 0x0, 0xd, 0xf3, 0x0, 0xbf,
    0x50, 0xd, 0xf3, 0x0, 0x0, 0x0, 0x0, 0x8f,
    0x60, 0x0, 0xdf, 0x30, 0xb, 0xf4, 0x0, 0xdf,
    0x30, 0x0, 0x0, 0x4, 0x9e, 0xfd, 0x0, 0xd,
    0xf3, 0x0, 0xef, 0x80, 0xd, 0xf3, 0x0, 0x0,
    0x3d, 0xff, 0xcc, 0xfd, 0xbb, 0xff, 0xcb, 0xef,
    0xff, 0xcb, 0xff, 0xcb, 0x40, 0x5f, 0xf7, 0x10,
    0x1a, 0xff, 0xff, 0xff, 0xff, 0xb2, 0x7e, 0xff,
    0xff, 0xf6, 0xf, 0xf3, 0x0, 0x0, 0x0, 0x0,
    0x0, 0x0, 0x0, 0x0, 0x0, 0x0, 0x0, 0x4,
    0xfc, 0x0, 0x0, 0x0, 0x0, 0x0, 0x0, 0x0,
    0x0, 0x0, 0x0, 0x0, 0x0, 0x3f, 0xf1, 0x0,
    0x0, 0x0, 0x0, 0x0, 0x0, 0x0, 0x0, 0x0,
    0x0, 0x0, 0x0, 0xdf, 0xfb, 0xce, 0x30, 0x0,
    0x0, 0x0, 0x0, 0x0, 0x0, 0x0, 0x0, 0x0,
    0x1, 0xae, 0xfe, 0xb2, 0x0, 0x0, 0x0, 0x0,
    0x0, 0x0, 0x0, 0x0, 0x0, 0x0,

    /* U+FD27 "ﴧ" */
    0x0, 0x9, 0xe1, 0x0, 0x0, 0x0, 0x0, 0x0,
    0x7, 0xe1, 0x0, 0x0, 0x0, 0x0, 0x0, 0xbf,
    0x20, 0x0, 0x0, 0x0, 0x0, 0x1, 0x7c, 0x20,
    0x0, 0x0, 0x0, 0x0, 0x2, 0x50, 0x0, 0x0,
    0x0, 0x0, 0x0, 0xfd, 0x4f, 0x80, 0x0, 0x0,
    0x0, 0x0, 0x0, 0x0, 0x0, 0x0, 0x0, 0x0,
    0xd, 0xb3, 0xf7, 0x0, 0x0, 0x0, 0x8, 0xcf,
    0xfd, 0x60, 0x0, 0x0, 0x0, 0x0, 0x0, 0x0,
    0x0, 0xdf, 0x30, 0x0, 0xdd, 0x99, 0xff, 0x60,
    0x0, 0x9, 0xc2, 0x0, 0x8c, 0x30, 0xd, 0xf3,
    0x0, 0x1, 0x0, 0x3, 0xfe, 0x0, 0x0, 0xdf,
    0x30, 0xb, 0xf5, 0x0, 0xdf, 0x30, 0x0, 0x0,
    0x0, 0xd, 0xf1, 0x0, 0xd, 0xf3, 0x0, 0xbf,
    0x50, 0xd, 0xf3, 0x0, 0x0, 0x0, 0x0, 0x8f,
    0x60, 0x0, 0xdf, 0x30, 0xb, 0xf4, 0x0, 0xdf,
    0x30, 0x0, 0x0, 0x4, 0x9e, 0xfd, 0x0, 0xd,
    0xf3, 0x0, 0xef, 0x80, 0xd, 0xf3, 0x0, 0x0,
    0x3d, 0xff, 0xcc, 0xfd, 0xbb, 0xff, 0xcb, 0xef,
    0xff, 0xcb, 0xff, 0xcb, 0x40, 0x5f, 0xf7, 0x10,
    0x1a, 0xff, 0xff, 0xff, 0xff, 0xb2, 0x7e, 0xff,
    0xff, 0xf6, 0xf, 0xf3, 0x0, 0x0, 0x0, 0x0,
    0x0, 0x0, 0x0, 0x0, 0x0, 0x0, 0x0, 0x4,
    0xfc, 0x0, 0x0, 0x0, 0x0, 0x0, 0x0, 0x0,
    0x0, 0x0, 0x0, 0x0, 0x0, 0x3f, 0xf1, 0x0,
    0x0, 0x0, 0x0, 0x0, 0x0, 0x0, 0x0, 0x0,
    0x0, 0x0, 0x0, 0xdf, 0xfb, 0xce, 0x30, 0x0,
    0x0, 0x0, 0x0, 0x0, 0x0, 0x0, 0x0, 0x0,
    0x1, 0xae, 0xfe, 0xb2, 0x0, 0x0, 0x0, 0x0,
    0x0, 0x0, 0x0, 0x0, 0x0, 0x0,

    /* U+FD28 "ﴨ" */
    0x0, 0x0, 0x0, 0x0, 0x0, 0x0, 0x0, 0x0,
    0x1, 0xe6, 0x0, 0x0, 0x0, 0x0, 0x0, 0x0,
    0x0, 0x0, 0x0, 0x0, 0x0, 0x0, 0x3c, 0x61,
    0x0, 0x0, 0x0, 0x0, 0x0, 0x0, 0x0, 0x0,
    0x0, 0x0, 0x0, 0x9f, 0x3d, 0xe0, 0x0, 0x0,
    0x0, 0x0, 0x0, 0x0, 0x0, 0x0, 0x0, 0x0,
    0x7, 0xf2, 0xcd, 0x0, 0x0, 0x0, 0x0, 0x19,
    0xef, 0xd6, 0x0, 0x0, 0x0, 0x0, 0x0, 0x0,
    0x0, 0x7f, 0x90, 0x0, 0xd, 0xfe, 0xcf, 0xf7,
    0x0, 0x5, 0xc7, 0x0, 0x4c, 0x80, 0x7, 0xf9,
    0x0, 0x2, 0xfc, 0x0, 0x4f, 0xe0, 0x0, 0x7f,
    0x90, 0x5, 0xfb, 0x0, 0x7f, 0x90, 0x0, 0x5f,
    0x90, 0x0, 0xff, 0x20, 0x7, 0xf9, 0x0, 0x5f,
    0xb0, 0x7, 0xf9, 0x0, 0x5, 0xfa, 0x0, 0xf,
    0xf1, 0x0, 0x7f, 0x90, 0x5, 0xfb, 0x0, 0x7f,
    0x90, 0x0, 0x2f, 0xc0, 0x8, 0xff, 0x0, 0x7,
    0xf9, 0x0, 0x9f, 0xd1, 0x7, 0xf9, 0x0, 0x19,
    0xff, 0xbd, 0xff, 0xfe, 0xbb, 0xdf, 0xeb, 0xcf,
    0xff, 0xeb, 0xdf, 0xeb, 0x8b, 0xff, 0xff, 0xfc,
    0x46, 0xdf, 0xff, 0xff, 0xff, 0xd5, 0x3c, 0xff,
    0xff, 0xfc, 0xff, 0x40, 0x0, 0x0, 0x0, 0x0,
    0x0, 0x0, 0x0, 0x0, 0x0, 0x0, 0x0, 0xf,
    0xf1, 0x0, 0x0, 0x0, 0x0, 0x0, 0x0, 0x0,
    0x0, 0x0, 0x0, 0x0, 0x0, 0xff, 0x10, 0x0,
    0x0, 0x0, 0x0, 0x0, 0x0, 0x0, 0x0, 0x0,
    0x0, 0x0, 0xf, 0xf1, 0x0, 0x0, 0x0, 0x0,
    0x0, 0x0, 0x0, 0x0, 0x0, 0x0, 0x0, 0x0,
    0xff, 0x10, 0x0, 0x0, 0x0, 0x0, 0x0, 0x0,
    0x0, 0x0, 0x0, 0x0, 0x0, 0x1, 0x20, 0x0,
    0x0, 0x0, 0x0, 0x0, 0x0, 0x0, 0x0, 0x0,
    0x0, 0x0, 0x0,

    /* U+FD29 "ﴩ" */
    0x0, 0x0, 0x0, 0x0, 0x0, 0x0, 0x0, 0x9,
    0xd0, 0x0, 0x0, 0x0, 0x0, 0x0, 0x0, 0x0,
    0x0, 0x0, 0x0, 0x1, 0x8b, 0x20, 0x0, 0x0,
    0x0, 0x0, 0x0, 0x0, 0x0, 0x0, 0x0, 0x2,
    0xfa, 0x6f, 0x60, 0x0, 0x0, 0x0, 0x0, 0x0,
    0x0, 0x0, 0x0, 0x0, 0x1e, 0x94, 0xf5, 0x0,
    0x0, 0x0, 0x0, 0x0, 0xff, 0x0, 0x0, 0x0,
    0x0, 0x0, 0x0, 0x0, 0xff, 0x0, 0x0, 0x0,
    0xf, 0xf0, 0x0, 0xa, 0xb0, 0x0, 0x9b, 0x10,
    0xf, 0xf0, 0x0, 0x0, 0x0, 0xff, 0x0, 0x0,
    0xff, 0x10, 0xe, 0xf2, 0x0, 0xff, 0x0, 0x0,
    0x0, 0xf, 0xf0, 0x0, 0xf, 0xf1, 0x0, 0xef,
    0x20, 0xf, 0xf0, 0x0, 0x0, 0x0, 0xff, 0x0,
    0x0, 0xff, 0x10, 0xe, 0xf2, 0x0, 0xff, 0x0,
    0x0, 0x0, 0xf, 0xf0, 0x0, 0xf, 0xf1, 0x2,
    0xff, 0x50, 0xf, 0xf0, 0x0, 0x0, 0x0, 0xff,
    0xbb, 0xbb, 0xff, 0xbb, 0xef, 0xff, 0xcb, 0xff,
    0xbb, 0x20, 0x0, 0xf, 0xff, 0xff, 0xff, 0xff,
    0xff, 0xa1, 0x9e, 0xff, 0xff, 0xf3, 0x0, 0x0,
    0xff, 0x0, 0x0, 0x0, 0x0, 0x0, 0x0, 0x0,
    0x0, 0x0, 0x0, 0x30, 0x7f, 0xd0, 0x0, 0x0,
    0x0, 0x0, 0x0, 0x0, 0x0, 0x0, 0x0, 0x5f,
    0xff, 0xf6, 0x0, 0x0, 0x0, 0x0, 0x0, 0x0,
    0x0, 0x0, 0x0, 0x1, 0x8b, 0xa5, 0x0, 0x0,
    0x0, 0x0, 0x0, 0x0, 0x0, 0x0, 0x0, 0x0,

    /* U+FD2A "ﴪ" */
    0x0, 0x0, 0xff, 0x0, 0x0, 0x0, 0x0, 0x0,
    0x0, 0x0, 0xff, 0x0, 0x0, 0x0, 0xf, 0xf0,
    0x0, 0x7, 0x80, 0x0, 0x78, 0x10, 0xf, 0xf0,
    0x0, 0x0, 0x0, 0xff, 0x0, 0x0, 0xff, 0x10,
    0xe, 0xf2, 0x0, 0xff, 0x0, 0x0, 0x0, 0xf,
    0xf0, 0x0, 0xf, 0xf1, 0x0, 0xef, 0x20, 0xf,
    0xf0, 0x0, 0x0, 0x0, 0xff, 0x0, 0x0, 0xff,
    0x10, 0xe, 0xf2, 0x0, 0xff, 0x0, 0x0, 0x0,
    0xf, 0xf0, 0x0, 0xf, 0xf1, 0x1, 0xff, 0x50,
    0xf, 0xf0, 0x0, 0x0, 0x0, 0xff, 0xbb, 0xbb,
    0xff, 0xbb, 0xef, 0xff, 0xcb, 0xff, 0xbb, 0x20,
    0x0, 0xf, 0xff, 0xff, 0xff, 0xff, 0xff, 0xa1,
    0x9e, 0xff, 0xff, 0xf3, 0x0, 0x0, 0xff, 0x0,
    0x0, 0x0, 0x0, 0x0, 0x0, 0x0, 0x0, 0x0,
    0x0, 0x30, 0x7f, 0xd0, 0x0, 0x0, 0x0, 0x0,
    0x0, 0x0, 0x0, 0x0, 0x0, 0x5f, 0xff, 0xf6,
    0x0, 0x0, 0x0, 0x0, 0x0, 0x0, 0x0, 0x0,
    0x0, 0x1, 0x8b, 0xa5, 0x0, 0x0, 0x0, 0x0,
    0x0, 0x0, 0x0, 0x0, 0x0, 0x0,

    /* U+FD2B "ﴫ" */
    0x0, 0x0, 0xab, 0x0, 0x1, 0xb9, 0x1, 0xae,
    0xfd, 0x70, 0x0, 0x0, 0x0, 0xf, 0xf0, 0x0,
    0x2f, 0xe2, 0xef, 0xcd, 0xff, 0x70, 0x0, 0x0,
    0x0, 0xff, 0x0, 0x2, 0xfe, 0xca, 0x0, 0x6,
    0xfe, 0x0, 0x0, 0x0, 0xf, 0xf0, 0x0, 0x2f,
    0xfc, 0x0, 0x0, 0xf, 0xf1, 0x0, 0x0, 0x0,
    0xff, 0x0, 0x2, 0xff, 0x20, 0x0, 0x0, 0xef,
    0x20, 0x0, 0x0, 0xf, 0xf0, 0x0, 0x2f, 0xe0,
    0x0, 0x0, 0xe, 0xf2, 0x0, 0x0, 0x0, 0xff,
    0xbb, 0xbc, 0xff, 0xbb, 0xbb, 0xbb, 0xff, 0xbb,
    0x30, 0x0, 0xf, 0xff, 0xff, 0xff, 0xff, 0xff,
    0xff, 0xff, 0xff, 0xf4, 0x0, 0x0, 0xff, 0x0,
    0x0, 0x0, 0x0, 0x0, 0x0, 0x0, 0x0, 0x0,
    0x30, 0x7f, 0xd0, 0x0, 0x0, 0x0, 0x0, 0x0,
    0x0, 0x0, 0x0, 0x5f, 0xff, 0xf6, 0x0, 0x0,
    0x0, 0x0, 0x0, 0x0, 0x0, 0x0, 0x1, 0x8b,
    0xa5, 0x0, 0x0, 0x0, 0x0, 0x0, 0x0, 0x0,
    0x0, 0x0,

    /* U+FD2C "ﴬ" */
    0x0, 0x0, 0x0, 0x0, 0x0, 0x0, 0x1, 0xe9,
    0x0, 0x0, 0x0, 0x0, 0x0, 0x0, 0x0, 0x0,
    0x0, 0x0, 0x2f, 0xa0, 0x0, 0x0, 0x0, 0x0,
    0x0, 0x0, 0x0, 0x0, 0x0, 0x0, 0x10, 0x0,
    0x0, 0x0, 0x0, 0x0, 0x0, 0x0, 0x0, 0x0,
    0x0, 0x0, 0x0, 0x0, 0x0, 0x0, 0x0, 0x0,
    0xab, 0x0, 0x1, 0xb9, 0x1, 0xae, 0xfd, 0x70,
    0x0, 0x0, 0x0, 0xf, 0xf0, 0x0, 0x2f, 0xe2,
    0xef, 0xcd, 0xff, 0x70, 0x0, 0x0, 0x0, 0xff,
    0x0, 0x2, 0xfe, 0xca, 0x0, 0x6, 0xfe, 0x0,
    0x0, 0x0, 0xf, 0xf0, 0x0, 0x2f, 0xfc, 0x0,
    0x0, 0xf, 0xf1, 0x0, 0x0, 0x0, 0xff, 0x0,
    0x2, 0xff, 0x20, 0x0, 0x0, 0xef, 0x20, 0x0,
    0x0, 0xf, 0xf0, 0x0, 0x2f, 0xe0, 0x0, 0x0,
    0xe, 0xf2, 0x0, 0x0, 0x0, 0xff, 0xbb, 0xbc,
    0xff, 0xbb, 0xbb, 0xbb, 0xff, 0xbb, 0x30, 0x0,
    0xf, 0xff, 0xff, 0xff, 0xff, 0xff, 0xff, 0xff,
    0xff, 0xf4, 0x0, 0x0, 0xff, 0x0, 0x0, 0x0,
    0x0, 0x0, 0x0, 0x0, 0x0, 0x0, 0x30, 0x7f,
    0xd0, 0x0, 0x0, 0x0, 0x0, 0x0, 0x0, 0x0,
    0x0, 0x5f, 0xff, 0xf6, 0x0, 0x0, 0x0, 0x0,
    0x0, 0x0, 0x0, 0x0, 0x1, 0x8b, 0xa5, 0x0,
    0x0, 0x0, 0x0, 0x0, 0x0, 0x0, 0x0, 0x0,

    /* U+FD2D "ﴭ" */
    0x0, 0x0, 0x0, 0x0, 0x0, 0x0, 0x0, 0x0,
    0x1, 0xe7, 0x0, 0x0, 0x0, 0x0, 0x0, 0x0,
    0x0, 0x0, 0x0, 0x0, 0x0, 0xc, 0x60, 0x0,
    0x0, 0x0, 0x0, 0x0, 0x0, 0x0, 0x0, 0x0,
    0x0, 0x7f, 0x3b, 0xe0, 0x0, 0x0, 0x0, 0x0,
    0x0, 0x0, 0x0, 0x0, 0x0, 0x7, 0xf3, 0xbe,
    0x0, 0x0, 0x1, 0xae, 0xff, 0xb2, 0x0, 0x0,
    0x0, 0x0, 0x0, 0x0, 0x0, 0x7f, 0x90, 0xd,
    0xb8, 0xcf, 0xd0, 0x0, 0x5, 0xc7, 0x0, 0x4c,
    0x80, 0x7, 0xf9, 0x0, 0x0, 0x0, 0xdf, 0x40,
    0x0, 0x7f, 0x90, 0x5, 0xfb, 0x0, 0x7f, 0x90,
    0x0, 0x0, 0x8, 0xf8, 0x0, 0x7, 0xf9, 0x0,
    0x5f, 0xb0, 0x7, 0xf9, 0x0, 0x0, 0x0, 0x4f,
    0xb0, 0x0, 0x7f, 0x90, 0x5, 0xfb, 0x0, 0x7f,
    0x90, 0x0, 0x0, 0x0, 0xff, 0x10, 0x7, 0xf9,
    0x0, 0x9f, 0xd1, 0x7, 0xf9, 0x1b, 0xbb, 0xbb,
    0xbe, 0xfd, 0xbb, 0xdf, 0xeb, 0xcf, 0xff, 0xeb,
    0xdf, 0x92, 0xff, 0xff, 0xff, 0xff, 0xff, 0xff,
    0xff, 0xff, 0xd5, 0x3c, 0xff, 0xf9, 0x0, 0x0,
    0x0, 0x0, 0x0, 0x0, 0x0, 0x0, 0x0, 0x0,
    0x0, 0x0, 0x0, 0x0, 0x1, 0x10, 0x0, 0x0,
    0x0, 0x0, 0x0, 0x0, 0x0, 0x0, 0x0, 0x0,
    0x0, 0xfd, 0x0, 0x0, 0x0, 0x0, 0x0, 0x0,
    0x0, 0x0, 0x0, 0x0, 0x0, 0xd, 0xb0, 0x0,
    0x0, 0x0, 0x0, 0x0, 0x0, 0x0, 0x0, 0x0,

    /* U+FD2E "ﴮ" */
    0x0, 0x0, 0x0, 0x0, 0x0, 0x0, 0x0, 0x0,
    0x1, 0xe7, 0x0, 0x0, 0x0, 0x0, 0x0, 0x0,
    0x0, 0x0, 0x0, 0x0, 0x0, 0xc, 0x60, 0x0,
    0x0, 0x0, 0x0, 0x0, 0x0, 0x0, 0x0, 0x0,
    0x0, 0x7f, 0x3b, 0xe0, 0x0, 0x0, 0x0, 0x0,
    0x0, 0x0, 0x0, 0x0, 0x0, 0x7, 0xf3, 0xbe,
    0x0, 0x0, 0x1, 0xae, 0xff, 0xb2, 0x0, 0x0,
    0x0, 0x0, 0x0, 0x0, 0x0, 0x7f, 0x90, 0xd,
    0xb8, 0xcf, 0xd0, 0x0, 0x5, 0xc7, 0x0, 0x4c,
    0x80, 0x7, 0xf9, 0x0, 0x0, 0x0, 0xdf, 0x40,
    0x0, 0x7f, 0x90, 0x5, 0xfb, 0x0, 0x7f, 0x90,
    0x0, 0x0, 0x8, 0xf8, 0x0, 0x7, 0xf9, 0x0,
    0x5f, 0xb0, 0x7, 0xf9, 0x0, 0x0, 0x0, 0x4f,
    0xb0, 0x0, 0x7f, 0x90, 0x5, 0xfb, 0x0, 0x7f,
    0x90, 0x0, 0x0, 0x0, 0xff, 0x10, 0x7, 0xf9,
    0x0, 0x9f, 0xd1, 0x7, 0xf9, 0x1b, 0xbb, 0xbb,
    0xbe, 0xfd, 0xbb, 0xdf, 0xeb, 0xcf, 0xff, 0xeb,
    0xdf, 0x92, 0xff, 0xff, 0xff, 0xff, 0xff, 0xff,
    0xff, 0xff, 0xd5, 0x3c, 0xff, 0xf9,

    /* U+FD2F "ﴯ" */
    0x0, 0x7, 0xf2, 0x0, 0x0, 0x0, 0x0, 0x0,
    0x1, 0xe7, 0x0, 0x0, 0x0, 0x0, 0xaf, 0x30,
    0x0, 0x0, 0x0, 0x0, 0x0, 0xc, 0x60, 0x0,
    0x0, 0x0, 0x1, 0x40, 0x0, 0x0, 0x0, 0x0,
    0x0, 0x7f, 0x3b, 0xe0, 0x0, 0x0, 0x0, 0x0,
    0x0, 0x0, 0x0, 0x0, 0x0, 0x7, 0xf3, 0xbe,
    0x0, 0x0, 0x1, 0xae, 0xff, 0xb2, 0x0, 0x0,
    0x0, 0x0, 0x0, 0x0, 0x0, 0x7f, 0x90, 0xd,
    0xb8, 0xcf, 0xd0, 0x0, 0x5, 0xc7, 0x0, 0x4c,
    0x80, 0x7, 0xf9, 0x0, 0x0, 0x0, 0xdf, 0x40,
    0x0, 0x7f, 0x90, 0x5, 0xfb, 0x0, 0x7f, 0x90,
    0x0, 0x0, 0x8, 0xf8, 0x0, 0x7, 0xf9, 0x0,
    0x5f, 0xb0, 0x7, 0xf9, 0x0, 0x0, 0x0, 0x4f,
    0xb0, 0x0, 0x7f, 0x90, 0x5, 0xfb, 0x0, 0x7f,
    0x90, 0x0, 0x0, 0x0, 0xff, 0x10, 0x7, 0xf9,
    0x0, 0x9f, 0xd1, 0x7, 0xf9, 0x1b, 0xbb, 0xbb,
    0xbe, 0xfd, 0xbb, 0xdf, 0xeb, 0xcf, 0xff, 0xeb,
    0xdf, 0x92, 0xff, 0xff, 0xff, 0xff, 0xff, 0xff,
    0xff, 0xff, 0xd5, 0x3c, 0xff, 0xf9,

    /* U+FD30 "ﴰ" */
    0x0, 0x0, 0x0, 0x0, 0x0, 0x0, 0x0, 0x0,
    0x0, 0x5f, 0x20, 0x0, 0x0, 0x0, 0x0, 0x0,
    0x0, 0x0, 0x0, 0x0, 0x0, 0x0, 0x4d, 0x10,
    0x0, 0x0, 0x0, 0x0, 0x0, 0x0, 0x0, 0x0,
    0x0, 0x0, 0xc, 0xd2, 0xe9, 0x0, 0x0, 0x0,
    0x0, 0x0, 0x0, 0x0, 0x0, 0x0, 0x0, 0xc,
    0xd2, 0xe9, 0x0, 0x0, 0x0, 0x4, 0xbf, 0xfc,
    0x30, 0x0, 0x0, 0x0, 0x0, 0x0, 0x0, 0xd,
    0xf3, 0x0, 0x3f, 0xfd, 0xdf, 0xf2, 0x0, 0x9,
    0xc3, 0x0, 0x8c, 0x40, 0xd, 0xf3, 0x0, 0x8f,
    0x70, 0xa, 0xf9, 0x0, 0xc, 0xf4, 0x0, 0xbf,
    0x50, 0xd, 0xf3, 0x0, 0xaf, 0x40, 0x4, 0xfc,
    0x0, 0xc, 0xf4, 0x0, 0xbf, 0x50, 0xd, 0xf3,
    0x0, 0xaf, 0x40, 0x5, 0xfc, 0x0, 0xc, 0xf4,
    0x0, 0xbf, 0x50, 0xd, 0xf3, 0x0, 0x7f, 0x70,
    0xc, 0xfa, 0x0, 0xc, 0xf4, 0x0, 0xef, 0x80,
    0xd, 0xf3, 0x1b, 0xcf, 0xeb, 0xef, 0xff, 0xcb,
    0xbf, 0xfc, 0xbd, 0xff, 0xfd, 0xbf, 0xf3, 0x2f,
    0xff, 0xff, 0xe9, 0x2a, 0xef, 0xff, 0xff, 0xff,
    0xb2, 0x7e, 0xff, 0xf3,

    /* U+FD31 "ﴱ" */
    0x0, 0x2, 0x69, 0xbb, 0xa7, 0x20, 0x0, 0x0,
    0x0, 0x0, 0x0, 0x0, 0x0, 0x0, 0x0, 0x0,
    0x9, 0xff, 0xff, 0xff, 0xf7, 0x0, 0x0, 0x0,
    0x0, 0x0, 0x0, 0x0, 0x0, 0x0, 0x0, 0x3,
    0x72, 0x0, 0x17, 0xff, 0x60, 0x0, 0x0, 0x0,
    0x0, 0x0, 0x0, 0x0, 0x0, 0x0, 0x0, 0x0,
    0x0, 0x0, 0x6f, 0xe0, 0x0, 0x0, 0x0, 0x0,
    0x0, 0x0, 0x7, 0xa3, 0x0, 0x5, 0xcf, 0xe9,
    0x0, 0xe, 0xf3, 0x0, 0x2, 0x31, 0x0, 0x23,
    0x10, 0xb, 0xf5, 0x0, 0x4f, 0xfd, 0xff, 0xa0,
    0xb, 0xf5, 0x0, 0xb, 0xf6, 0x0, 0x9f, 0x70,
    0xb, 0xf5, 0x0, 0xbf, 0x80, 0x2f, 0xf0, 0xb,
    0xf5, 0x0, 0xb, 0xf6, 0x0, 0x9f, 0x70, 0xb,
    0xf5, 0x0, 0xcf, 0x40, 0xe, 0xf2, 0xb, 0xf5,
    0x0, 0xb, 0xf6, 0x0, 0x9f, 0x70, 0xb, 0xf5,
    0x0, 0x8f, 0xa0, 0xe, 0xf2, 0xb, 0xf5, 0x0,
    0xb, 0xf6, 0x0, 0xcf, 0x90, 0xb, 0xf5, 0x1b,
    0xbf, 0xfd, 0xbf, 0xfb, 0xbe, 0xfc, 0xbb, 0xbe,
    0xfd, 0xbd, 0xff, 0xfd, 0xbe, 0xf5, 0x2f, 0xff,
    0xff, 0xff, 0xff, 0xff, 0xff, 0xff, 0xff, 0xff,
    0xff, 0xc3, 0x6d, 0xff, 0xf5,

    /* U+FD32 "ﴲ" */
    0x0, 0x0, 0x0, 0x0, 0x0, 0x0, 0x0, 0x0,
    0x0, 0x0, 0x0, 0x4f, 0x30, 0x0, 0x0, 0x0,
    0x0, 0x59, 0xab, 0xa7, 0x20, 0x0, 0x0, 0x0,
    0x0, 0x0, 0x3d, 0x20, 0x0, 0x0, 0x0, 0x9,
    0xff, 0xff, 0xff, 0xf7, 0x0, 0x0, 0x0, 0x0,
    0xb, 0xe1, 0xea, 0x0, 0x0, 0x0, 0x3, 0x52,
    0x0, 0x17, 0xff, 0x60, 0x0, 0x0, 0x0, 0xc,
    0xf2, 0xfb, 0x0, 0x0, 0x0, 0x0, 0x0, 0x0,
    0x0, 0x6f, 0xe0, 0x0, 0x0, 0x0, 0x0, 0x0,
    0x10, 0x9, 0xd4, 0x0, 0x5, 0xcf, 0xe9, 0x0,
    0xe, 0xf3, 0x0, 0x2, 0x31, 0x0, 0x23, 0x10,
    0xb, 0xf5, 0x0, 0x4f, 0xfd, 0xff, 0xa0, 0xb,
    0xf5, 0x0, 0xb, 0xf6, 0x0, 0x9f, 0x70, 0xb,
    0xf5, 0x0, 0xbf, 0x80, 0x2f, 0xf0, 0xb, 0xf5,
    0x0, 0xb, 0xf6, 0x0, 0x9f, 0x70, 0xb, 0xf5,
    0x0, 0xcf, 0x40, 0xe, 0xf2, 0xb, 0xf5, 0x0,
    0xb, 0xf6, 0x0, 0x9f, 0x70, 0xb, 0xf5, 0x0,
    0x8f, 0xa0, 0xe, 0xf2, 0xb, 0xf5, 0x0, 0xb,
    0xf6, 0x0, 0xcf, 0x90, 0xb, 0xf5, 0x1b, 0xbf,
    0xfd, 0xbf, 0xfb, 0xbe, 0xfc, 0xbb, 0xbe, 0xfd,
    0xbd, 0xff, 0xfd, 0xbe, 0xf5, 0x2f, 0xff, 0xff,
    0xff, 0xff, 0xff, 0xff, 0xff, 0xff, 0xff, 0xff,
    0xc3, 0x6d, 0xff, 0xf5,

    /* U+FD33 "ﴳ" */
    0x0, 0x0, 0x0, 0x0, 0x0, 0x0, 0xa, 0xf6,
    0x0, 0x0, 0x0, 0x0, 0x0, 0x0, 0x0, 0x0,
    0x0, 0x0, 0xa, 0xf6, 0x0, 0x0, 0x0, 0x0,
    0x0, 0x0, 0x0, 0x0, 0x0, 0x0, 0xa, 0xf6,
    0x0, 0x0, 0x0, 0x0, 0x0, 0x0, 0x0, 0x0,
    0x0, 0x0, 0xa, 0xf6, 0x0, 0x0, 0x0, 0x0,
    0x0, 0x4, 0xbf, 0xfc, 0x30, 0x0, 0xa, 0xf6,
    0x5, 0xdf, 0xfb, 0x20, 0x0, 0x3f, 0xfd, 0xcf,
    0xf2, 0x0, 0xa, 0xf6, 0x8f, 0xdc, 0xef, 0xe1,
    0x0, 0x8f, 0x70, 0x9, 0xf9, 0x0, 0xa, 0xfa,
    0xf4, 0x0, 0x1d, 0xf6, 0x0, 0xaf, 0x40, 0x4,
    0xfc, 0x0, 0xa, 0xff, 0x40, 0x0, 0x7, 0xf9,
    0x0, 0xaf, 0x40, 0x5, 0xfc, 0x0, 0xa, 0xfa,
    0x0, 0x0, 0x6, 0xfa, 0x0, 0x7f, 0x70, 0xc,
    0xfa, 0x0, 0xa, 0xf6, 0x0, 0x0, 0x6, 0xfa,
    0x1b, 0xcf, 0xeb, 0xef, 0xff, 0xcb, 0xbe, 0xfd,
    0xbb, 0xbb, 0xbd, 0xfa, 0x2f, 0xff, 0xff, 0xe9,
    0x2a, 0xef, 0xff, 0xff, 0xff, 0xff, 0xff, 0xfa,

    /* U+FD34 "ﴴ" */
    0x1, 0xae, 0xff, 0xb2, 0x0, 0x0, 0x0, 0x0,
    0x0, 0x0, 0x0, 0x7f, 0x90, 0x0, 0xd, 0xb8,
    0xcf, 0xd0, 0x0, 0x5, 0xc7, 0x0, 0x4c, 0x80,
    0x7, 0xf9, 0x0, 0x0, 0x0, 0x0, 0xdf, 0x40,
    0x0, 0x7f, 0x90, 0x5, 0xfb, 0x0, 0x7f, 0x90,
    0x0, 0x0, 0x0, 0x8, 0xf8, 0x0, 0x7, 0xf9,
    0x0, 0x5f, 0xb0, 0x7, 0xf9, 0x0, 0x0, 0x0,
    0x0, 0x4f, 0xb0, 0x0, 0x7f, 0x90, 0x5, 0xfb,
    0x0, 0x7f, 0x90, 0x0, 0x0, 0x0, 0x0, 0xff,
    0x10, 0x7, 0xf9, 0x0, 0x9f, 0xd1, 0x7, 0xf9,
    0x0, 0x1b, 0xbb, 0xbb, 0xbe, 0xfd, 0xbb, 0xdf,
    0xeb, 0xcf, 0xff, 0xeb, 0xdf, 0xeb, 0x82, 0xff,
    0xff, 0xff, 0xff, 0xff, 0xff, 0xff, 0xff, 0xd5,
    0x3c, 0xff, 0xff, 0xfc, 0x0, 0x0, 0x0, 0x0,
    0x0, 0x0, 0x0, 0x0, 0x0, 0x0, 0x0, 0x0,
    0x0, 0x0, 0x0, 0x1, 0x10, 0x0, 0x0, 0x0,
    0x0, 0x0, 0x0, 0x0, 0x0, 0x0, 0x0, 0x0,
    0x0, 0xfd, 0x0, 0x0, 0x0, 0x0, 0x0, 0x0,
    0x0, 0x0, 0x0, 0x0, 0x0, 0x0, 0xd, 0xb0,
    0x0, 0x0, 0x0, 0x0, 0x0, 0x0, 0x0, 0x0,
    0x0, 0x0,

    /* U+FD35 "ﴵ" */
    0x1, 0xae, 0xff, 0xb2, 0x0, 0x0, 0x0, 0x0,
    0x0, 0x0, 0x0, 0x7f, 0x90, 0x0, 0xd, 0xb8,
    0xcf, 0xd0, 0x0, 0x5, 0xc7, 0x0, 0x4c, 0x80,
    0x7, 0xf9, 0x0, 0x0, 0x0, 0x0, 0xdf, 0x40,
    0x0, 0x7f, 0x90, 0x5, 0xfb, 0x0, 0x7f, 0x90,
    0x0, 0x0, 0x0, 0x8, 0xf8, 0x0, 0x7, 0xf9,
    0x0, 0x5f, 0xb0, 0x7, 0xf9, 0x0, 0x0, 0x0,
    0x0, 0x4f, 0xb0, 0x0, 0x7f, 0x90, 0x5, 0xfb,
    0x0, 0x7f, 0x90, 0x0, 0x0, 0x0, 0x0, 0xff,
    0x10, 0x7, 0xf9, 0x0, 0x9f, 0xd1, 0x7, 0xf9,
    0x0, 0x1b, 0xbb, 0xbb, 0xbe, 0xfd, 0xbb, 0xdf,
    0xeb, 0xcf, 0xff, 0xeb, 0xdf, 0xeb, 0x82, 0xff,
    0xff, 0xff, 0xff, 0xff, 0xff, 0xff, 0xff, 0xd5,
    0x3c, 0xff, 0xff, 0xfc,

    /* U+FD36 "ﴶ" */
    0x0, 0x7, 0xf2, 0x0, 0x0, 0x0, 0x0, 0x0,
    0x0, 0x0, 0x0, 0x0, 0x0, 0x0, 0x0, 0x9f,
    0x30, 0x0, 0x0, 0x0, 0x0, 0x0, 0x0, 0x0,
    0x0, 0x0, 0x0, 0x0, 0x0, 0x10, 0x0, 0x0,
    0x0, 0x0, 0x0, 0x0, 0x0, 0x0, 0x0, 0x0,
    0x0, 0x0, 0x0, 0x0, 0x0, 0x0, 0x0, 0x0,
    0x0, 0x0, 0x0, 0x0, 0x0, 0x0, 0x1, 0xae,
    0xff, 0xb2, 0x0, 0x0, 0x0, 0x0, 0x0, 0x0,
    0x0, 0x7f, 0x90, 0x0, 0xd, 0xb8, 0xcf, 0xd0,
    0x0, 0x5, 0xc7, 0x0, 0x4c, 0x80, 0x7, 0xf9,
    0x0, 0x0, 0x0, 0x0, 0xdf, 0x40, 0x0, 0x7f,
    0x90, 0x5, 0xfb, 0x0, 0x7f, 0x90, 0x0, 0x0,
    0x0, 0x8, 0xf8, 0x0, 0x7, 0xf9, 0x0, 0x5f,
    0xb0, 0x7, 0xf9, 0x0, 0x0, 0x0, 0x0, 0x4f,
    0xb0, 0x0, 0x7f, 0x90, 0x5, 0xfb, 0x0, 0x7f,
    0x90, 0x0, 0x0, 0x0, 0x0, 0xff, 0x10, 0x7,
    0xf9, 0x0, 0x9f, 0xd1, 0x7, 0xf9, 0x0, 0x1b,
    0xbb, 0xbb, 0xbe, 0xfd, 0xbb, 0xdf, 0xeb, 0xcf,
    0xff, 0xeb, 0xdf, 0xeb, 0x82, 0xff, 0xff, 0xff,
    0xff, 0xff, 0xff, 0xff, 0xff, 0xd5, 0x3c, 0xff,
    0xff, 0xfc,

    /* U+FD37 "ﴷ" */
    0x0, 0x0, 0x0, 0x0, 0x0, 0x0, 0x0, 0x0,
    0x1, 0xe6, 0x0, 0x0, 0x0, 0x0, 0x0, 0x0,
    0x0, 0x0, 0x0, 0x0, 0x0, 0x0, 0x3c, 0x61,
    0x0, 0x0, 0x0, 0x0, 0x0, 0x0, 0x0, 0x0,
    0x0, 0x0, 0x0, 0x9f, 0x3d, 0xe0, 0x0, 0x0,
    0x0, 0x0, 0x0, 0x0, 0x0, 0x0, 0x0, 0x0,
    0x7, 0xf2, 0xcd, 0x0, 0x0, 0x0, 0x1, 0xae,
    0xff, 0xb2, 0x0, 0x0, 0x0, 0x0, 0x0, 0x0,
    0x0, 0x7f, 0x90, 0x0, 0xd, 0xb8, 0xcf, 0xd0,
    0x0, 0x5, 0xc7, 0x0, 0x4c, 0x80, 0x7, 0xf9,
    0x0, 0x0, 0x0, 0x0, 0xdf, 0x40, 0x0, 0x7f,
    0x90, 0x5, 0xfb, 0x0, 0x7f, 0x90, 0x0, 0x0,
    0x0, 0x8, 0xf8, 0x0, 0x7, 0xf9, 0x0, 0x5f,
    0xb0, 0x7, 0xf9, 0x0, 0x0, 0x0, 0x0, 0x4f,
    0xb0, 0x0, 0x7f, 0x90, 0x5, 0xfb, 0x0, 0x7f,
    0x90, 0x0, 0x0, 0x0, 0x0, 0xff, 0x10, 0x7,
    0xf9, 0x0, 0x9f, 0xd1, 0x7, 0xf9, 0x0, 0x1b,
    0xbb, 0xbb, 0xbe, 0xfd, 0xbb, 0xdf, 0xeb, 0xcf,
    0xff, 0xeb, 0xdf, 0xeb, 0x82, 0xff, 0xff, 0xff,
    0xff, 0xff, 0xff, 0xff, 0xff, 0xd5, 0x3c, 0xff,
    0xff, 0xfc, 0x0, 0x0, 0x0, 0x0, 0x0, 0x0,
    0x0, 0x0, 0x0, 0x0, 0x0, 0x0, 0x0, 0x0,
    0x0, 0x1, 0x10, 0x0, 0x0, 0x0, 0x0, 0x0,
    0x0, 0x0, 0x0, 0x0, 0x0, 0x0, 0x0, 0xfd,
    0x0, 0x0, 0x0, 0x0, 0x0, 0x0, 0x0, 0x0,
    0x0, 0x0, 0x0, 0x0, 0xd, 0xb0, 0x0, 0x0,
    0x0, 0x0, 0x0, 0x0, 0x0, 0x0, 0x0, 0x0,

    /* U+FD38 "ﴸ" */
    0x0, 0x0, 0x0, 0x0, 0x0, 0x0, 0x0, 0x0,
    0x1, 0xe6, 0x0, 0x0, 0x0, 0x0, 0x0, 0x0,
    0x0, 0x0, 0x0, 0x0, 0x0, 0x0, 0x3c, 0x61,
    0x0, 0x0, 0x0, 0x0, 0x0, 0x0, 0x0, 0x0,
    0x0, 0x0, 0x0, 0x9f, 0x3d, 0xe0, 0x0, 0x0,
    0x0, 0x0, 0x0, 0x0, 0x0, 0x0, 0x0, 0x0,
    0x7, 0xf2, 0xcd, 0x0, 0x0, 0x0, 0x1, 0xae,
    0xff, 0xb2, 0x0, 0x0, 0x0, 0x0, 0x0, 0x0,
    0x0, 0x7f, 0x90, 0x0, 0xd, 0xb8, 0xcf, 0xd0,
    0x0, 0x5, 0xc7, 0x0, 0x4c, 0x80, 0x7, 0xf9,
    0x0, 0x0, 0x0, 0x0, 0xdf, 0x40, 0x0, 0x7f,
    0x90, 0x5, 0xfb, 0x0, 0x7f, 0x90, 0x0, 0x0,
    0x0, 0x8, 0xf8, 0x0, 0x7, 0xf9, 0x0, 0x5f,
    0xb0, 0x7, 0xf9, 0x0, 0x0, 0x0, 0x0, 0x4f,
    0xb0, 0x0, 0x7f, 0x90, 0x5, 0xfb, 0x0, 0x7f,
    0x90, 0x0, 0x0, 0x0, 0x0, 0xff, 0x10, 0x7,
    0xf9, 0x0, 0x9f, 0xd1, 0x7, 0xf9, 0x0, 0x1b,
    0xbb, 0xbb, 0xbe, 0xfd, 0xbb, 0xdf, 0xeb, 0xcf,
    0xff, 0xeb, 0xdf, 0xeb, 0x82, 0xff, 0xff, 0xff,
    0xff, 0xff, 0xff, 0xff, 0xff, 0xd5, 0x3c, 0xff,
    0xff, 0xfc,

    /* U+FD39 "ﴹ" */
    0x0, 0x7, 0xf2, 0x0, 0x0, 0x0, 0x0, 0x0,
    0x1, 0xe6, 0x0, 0x0, 0x0, 0x0, 0x0, 0xaf,
    0x40, 0x0, 0x0, 0x0, 0x0, 0x0, 0x3c, 0x61,
    0x0, 0x0, 0x0, 0x0, 0x1, 0x40, 0x0, 0x0,
    0x0, 0x0, 0x0, 0x9f, 0x3d, 0xe0, 0x0, 0x0,
    0x0, 0x0, 0x0, 0x0, 0x0, 0x0, 0x0, 0x0,
    0x7, 0xf2, 0xcd, 0x0, 0x0, 0x0, 0x1, 0xae,
    0xff, 0xb2, 0x0, 0x0, 0x0, 0x0, 0x0, 0x0,
    0x0, 0x7f, 0x90, 0x0, 0xd, 0xb8, 0xcf, 0xd0,
    0x0, 0x5, 0xc7, 0x0, 0x4c, 0x80, 0x7, 0xf9,
    0x0, 0x0, 0x0, 0x0, 0xdf, 0x40, 0x0, 0x7f,
    0x90, 0x5, 0xfb, 0x0, 0x7f, 0x90, 0x0, 0x0,
    0x0, 0x8, 0xf8, 0x0, 0x7, 0xf9, 0x0, 0x5f,
    0xb0, 0x7, 0xf9, 0x0, 0x0, 0x0, 0x0, 0x4f,
    0xb0, 0x0, 0x7f, 0x90, 0x5, 0xfb, 0x0, 0x7f,
    0x90, 0x0, 0x0, 0x0, 0x0, 0xff, 0x10, 0x7,
    0xf9, 0x0, 0x9f, 0xd1, 0x7, 0xf9, 0x0, 0x1b,
    0xbb, 0xbb, 0xbe, 0xfd, 0xbb, 0xdf, 0xeb, 0xcf,
    0xff, 0xeb, 0xdf, 0xeb, 0x82, 0xff, 0xff, 0xff,
    0xff, 0xff, 0xff, 0xff, 0xff, 0xd5, 0x3c, 0xff,
    0xff, 0xfc,

    /* U+FD3A "ﴺ" */
    0x0, 0x0, 0x0, 0x0, 0x0, 0x0, 0xf, 0xf1,
    0x0, 0x0, 0x0, 0x0, 0x0, 0x0, 0x0, 0x0,
    0x0, 0x0, 0x0, 0xf, 0xf1, 0x0, 0x0, 0x0,
    0x0, 0x0, 0x0, 0x0, 0x0, 0x0, 0x0, 0x0,
    0xf, 0xf1, 0x0, 0x0, 0x0, 0x0, 0x0, 0x0,
    0x0, 0x0, 0x0, 0x0, 0x0, 0xf, 0xf1, 0x0,
    0x0, 0x0, 0x0, 0x0, 0x0, 0x4, 0xbf, 0xfc,
    0x30, 0x0, 0xf, 0xf1, 0x8, 0xef, 0xe9, 0x0,
    0x0, 0x0, 0x3f, 0xfd, 0xcf, 0xf2, 0x0, 0xf,
    0xf1, 0xcf, 0xcc, 0xff, 0xa0, 0x0, 0x0, 0x8f,
    0x70, 0x9, 0xf9, 0x0, 0xf, 0xfa, 0xc2, 0x0,
    0x3f, 0xf1, 0x0, 0x0, 0xaf, 0x40, 0x4, 0xfc,
    0x0, 0xf, 0xfe, 0x10, 0x0, 0xd, 0xf4, 0x0,
    0x0, 0xaf, 0x40, 0x5, 0xfc, 0x0, 0xf, 0xf5,
    0x0, 0x0, 0xc, 0xf4, 0x0, 0x0, 0x7f, 0x70,
    0xc, 0xfa, 0x0, 0xf, 0xf1, 0x0, 0x0, 0xc,
    0xf4, 0x0, 0x1b, 0xcf, 0xeb, 0xef, 0xff, 0xcb,
    0xbf, 0xfb, 0xbb, 0xbb, 0xbe, 0xfc, 0xb5, 0x2f,
    0xff, 0xff, 0xe9, 0x2a, 0xef, 0xff, 0xff, 0xff,
    0xff, 0xff, 0xff, 0xf7,

    /* U+FD3B "ﴻ" */
    0x0, 0x0, 0x0, 0x0, 0x0, 0x0, 0xf, 0xf1,
    0x0, 0x7f, 0x20, 0x0, 0x0, 0x0, 0x0, 0x0,
    0x0, 0x0, 0x0, 0xf, 0xf1, 0x0, 0x9f, 0x30,
    0x0, 0x0, 0x0, 0x0, 0x0, 0x0, 0x0, 0x0,
    0xf, 0xf1, 0x0, 0x2, 0x0, 0x0, 0x0, 0x0,
    0x0, 0x0, 0x0, 0x0, 0x0, 0xf, 0xf1, 0x0,
    0x0, 0x0, 0x0, 0x0, 0x0, 0x4, 0xbf, 0xfc,
    0x30, 0x0, 0xf, 0xf1, 0x8, 0xef, 0xe9, 0x0,
    0x0, 0x0, 0x3f, 0xfd, 0xcf, 0xf2, 0x0, 0xf,
    0xf1, 0xcf, 0xcc, 0xff, 0xa0, 0x0, 0x0, 0x8f,
    0x70, 0x9, 0xf9, 0x0, 0xf, 0xfa, 0xc2, 0x0,
    0x3f, 0xf1, 0x0, 0x0, 0xaf, 0x40, 0x4, 0xfc,
    0x0, 0xf, 0xfe, 0x10, 0x0, 0xd, 0xf4, 0x0,
    0x0, 0xaf, 0x40, 0x5, 0xfc, 0x0, 0xf, 0xf5,
    0x0, 0x0, 0xc, 0xf4, 0x0, 0x0, 0x7f, 0x70,
    0xc, 0xfa, 0x0, 0xf, 0xf1, 0x0, 0x0, 0xc,
    0xf4, 0x0, 0x1b, 0xcf, 0xeb, 0xef, 0xff, 0xcb,
    0xbf, 0xfb, 0xbb, 0xbb, 0xbe, 0xfc, 0xb5, 0x2f,
    0xff, 0xff, 0xe9, 0x2a, 0xef, 0xff, 0xff, 0xff,
    0xff, 0xff, 0xff, 0xf7,

    /* U+FD3C "ﴼ" */
    0x0, 0x0, 0x0, 0x1, 0x6c, 0x70, 0x2e, 0x83,
    0x20, 0x4, 0xae, 0x50, 0x3b, 0x50, 0x0, 0x0,
    0x0, 0x0, 0x6, 0xfa, 0x0, 0x6, 0xfa, 0x0,
    0x6, 0xfa, 0x0, 0x6, 0xfa, 0x0, 0x6, 0xfa,
    0x0, 0x6, 0xfa, 0x0, 0x6, 0xfa, 0x0, 0x6,
    0xfa, 0x0, 0x6, 0xfa, 0x0, 0x6, 0xfa, 0x0,
    0x6, 0xfe, 0xb8, 0x6, 0xff, 0xfc,

    /* U+FD3D "ﴽ" */
    0x0, 0x0, 0x0, 0x16, 0xc7, 0x2e, 0x83, 0x20,
    0x4a, 0xe5, 0x3b, 0x50, 0x0, 0x0, 0x0, 0x6,
    0xfa, 0x0, 0x6f, 0xa0, 0x6, 0xfa, 0x0, 0x6f,
    0xa0, 0x6, 0xfa, 0x0, 0x6f, 0xa0, 0x6, 0xfa,
    0x0, 0x6f, 0xa0, 0x6, 0xfa, 0x0, 0x6f, 0xa0,
    0x6, 0xfa, 0x0, 0x6f, 0xa0,

    /* U+FD3E "﴾" */
    0x0, 0x0, 0x4b, 0x40, 0x0, 0xe, 0xe0, 0x0,
    0x6, 0xf7, 0x0, 0x0, 0xcf, 0x10, 0x0, 0x1f,
    0xc0, 0x0, 0x9, 0x5a, 0x0, 0x9, 0xd9, 0xd9,
    0x5, 0x49, 0x9, 0x45, 0x9, 0xd9, 0xd9, 0x10,
    0x9, 0x5a, 0x0, 0x0, 0x1f, 0xd0, 0x0, 0x0,
    0xbf, 0x20, 0x0, 0x4, 0xf9, 0x0, 0x0, 0xa,
    0xf2, 0x0, 0x0, 0x14, 0x20,

    /* U+FD3F "﴿" */
    0x13, 0x10, 0x0, 0x1, 0xec, 0x0, 0x0, 0x7,
    0xf6, 0x0, 0x0, 0x1f, 0xd0, 0x0, 0x0, 0xbf,
    0x30, 0x0, 0x9, 0x6a, 0x0, 0x8, 0xda, 0xd9,
    0x13, 0x69, 0x9, 0x27, 0x9, 0xd9, 0xd9, 0x10,
    0x9, 0x69, 0x0, 0x0, 0xbf, 0x30, 0x0, 0xf,
    0xd0, 0x0, 0x7, 0xf6, 0x0, 0x1, 0xec, 0x0,
    0x0, 0x14, 0x10, 0x0, 0x0,

    /* U+FD40 "﵀" */
    0x0, 0x0, 0x0, 0x0, 0x3, 0x0, 0x0, 0x0,
    0x0, 0x0, 0x0, 0x0, 0x0, 0x4, 0x0, 0x0,
    0x0, 0x0, 0x0, 0x0, 0x0, 0x0, 0x49, 0x7,
    0x4, 0x50, 0x0, 0x0, 0x0, 0x0, 0x0, 0x4,
    0xd, 0x6, 0x80, 0x0, 0x0, 0x0, 0x0, 0x38,
    0xb, 0xb, 0x5, 0x70, 0x0, 0x0, 0x0, 0x5,
    0xa9, 0x9, 0x9, 0x4, 0x70, 0x0, 0x0, 0x0,
    0xc, 0x69, 0x8, 0x8, 0x3, 0x60, 0x0, 0x0,
    0x0, 0x3, 0x88, 0xfc, 0xfb, 0x2, 0x60, 0x0,
    0x0, 0x45, 0x0, 0x0, 0x0, 0x0, 0x0, 0x0,
    0x0, 0x6, 0xd6, 0x0, 0x0, 0xb8, 0xa, 0xe7,
    0x0, 0x55, 0x1b, 0x56, 0x0, 0x6, 0x4b, 0x11,
    0x1c, 0xf9, 0x2a, 0x6, 0x9b, 0xff, 0xfe, 0xcd,
    0xff, 0xd6, 0x0, 0x8, 0x0, 0x0, 0x0, 0x0,
    0x0, 0x0, 0x0, 0x0, 0x29, 0x0, 0x0, 0x0,
    0x0, 0x0, 0x0, 0x0, 0x1c, 0xc2,

    /* U+FD41 "﵁" */
    0x0, 0x0, 0x0, 0x0, 0x0, 0x30, 0x0, 0x0,
    0x0, 0x0, 0x0, 0x0, 0x0, 0x0, 0x0, 0x2,
    0x20, 0x0, 0x0, 0x0, 0x0, 0x0, 0x0, 0x0,
    0x0, 0x2, 0x82, 0x51, 0x18, 0x0, 0x0, 0x0,
    0x0, 0x0, 0x0, 0x0, 0x4, 0x9, 0x32, 0xc0,
    0x0, 0x0, 0x0, 0x0, 0x0, 0x0, 0xa0, 0xb0,
    0x73, 0x1b, 0x0, 0x0, 0x0, 0x0, 0x0, 0x2,
    0xab, 0x9, 0x5, 0x40, 0xb0, 0x0, 0x0, 0x0,
    0x0, 0x0, 0xa7, 0xa0, 0x70, 0x34, 0x9, 0x0,
    0x0, 0x0, 0x0, 0x0, 0x2, 0x87, 0xed, 0xed,
    0x10, 0x70, 0x0, 0x0, 0x0, 0x55, 0xd, 0x0,
    0x0, 0x0, 0x2, 0x90, 0x0, 0x0, 0x0, 0x7e,
    0x60, 0x10, 0x4c, 0x80, 0x0, 0x15, 0x4b, 0xc3,
    0x62, 0x1b, 0x56, 0x9, 0x19, 0x10, 0x30, 0x67,
    0x66, 0x3, 0xa6, 0x70, 0x79, 0xbe, 0xae, 0xed,
    0xb8, 0x57, 0x6c, 0xdd, 0xb2, 0x8, 0x3, 0x30,
    0x0, 0x0, 0x0, 0x9, 0x51, 0x0, 0x0, 0x4,
    0x70, 0xa, 0x40, 0x0, 0x0, 0x0, 0x5e, 0xb0,
    0x0, 0x3d, 0xb0, 0x0, 0xa, 0xb4, 0x10, 0x0,
    0x14, 0x96, 0x11, 0x0, 0x0, 0x0, 0x0, 0x3,
    0x8c, 0xdd, 0xdb, 0x71, 0x86, 0x40, 0x0, 0x0,

    /* U+FD42 "﵂" */
    0x0, 0x0, 0x0, 0x0, 0x0, 0x12, 0x0, 0x0,
    0x0, 0x0, 0x0, 0x0, 0x0, 0x0, 0x0, 0x0,
    0x4, 0x0, 0x0, 0x0, 0x0, 0x0, 0x0, 0x0,
    0x0, 0x0, 0x0, 0x58, 0x7, 0x5, 0x40, 0x0,
    0x0, 0x0, 0x0, 0x0, 0x0, 0x0, 0x4, 0xd,
    0x8, 0x60, 0x0, 0x0, 0x0, 0x0, 0x0, 0x0,
    0x46, 0x1a, 0xb, 0x6, 0x50, 0x0, 0x0, 0x0,
    0x0, 0x0, 0x6, 0xa7, 0x9, 0x9, 0x5, 0x50,
    0x0, 0x0, 0x5, 0x0, 0x0, 0xc, 0x68, 0x8,
    0x8, 0x4, 0x50, 0x0, 0x0, 0x2b, 0x0, 0x0,
    0x5, 0x89, 0xec, 0xe9, 0x3, 0x40, 0x0, 0x0,
    0x1b, 0x0, 0x84, 0x15, 0x4, 0xe7, 0x0, 0x10,
    0x0, 0x0, 0x0, 0xb, 0x4, 0x96, 0x0, 0xb,
    0x14, 0x0, 0xb2, 0x0, 0x0, 0x0, 0xa, 0x9,
    0x26, 0xa, 0xa, 0x0, 0x10, 0x61, 0x9e, 0x81,
    0x70, 0x7, 0xee, 0xcc, 0xe9, 0xee, 0xdb, 0xaa,
    0x49, 0x30, 0xb2, 0xc0, 0x0, 0xb, 0x3a, 0x0,
    0x0, 0x0, 0xa4, 0xad, 0xdd, 0x60, 0x62, 0x0,
    0x62, 0xb7, 0x0, 0x0, 0x3, 0x94, 0x0, 0x0,
    0x1, 0xb0, 0x0, 0x49, 0x0, 0x0, 0x0, 0x0,
    0xcf, 0x30, 0x0, 0xad, 0x50, 0x0, 0x4, 0xc7,
    0x20, 0x0, 0x3, 0x79, 0x12, 0x0, 0x0, 0x0,
    0x0, 0x0, 0x6, 0xbd, 0xdd, 0xc9, 0x42, 0x88,
    0x0, 0x0, 0x0,

    /* U+FD43 "﵃" */
    0x0, 0x0, 0x0, 0x0, 0x0, 0x1, 0x10, 0x0,
    0x0, 0x0, 0x0, 0x0, 0x0, 0x0, 0x0, 0x0,
    0x0, 0x0, 0x40, 0x0, 0x0, 0x0, 0x0, 0x0,
    0x0, 0x0, 0x0, 0x0, 0x0, 0x5, 0x80, 0x60,
    0x54, 0x0, 0x0, 0x0, 0x0, 0x0, 0x0, 0x0,
    0x0, 0x0, 0x20, 0xc0, 0x86, 0x0, 0x0, 0x0,
    0x0, 0x0, 0x0, 0x0, 0x1, 0x41, 0xa0, 0xb0,
    0x75, 0x0, 0x0, 0x0, 0x0, 0x0, 0x0, 0x0,
    0xa, 0x70, 0xa0, 0xa0, 0x65, 0x0, 0x0, 0x0,
    0x0, 0x0, 0x0, 0x0, 0x96, 0x70, 0x80, 0x80,
    0x55, 0x0, 0x0, 0x0, 0x0, 0x0, 0x0, 0x0,
    0xd7, 0x80, 0x80, 0x70, 0x45, 0x0, 0x0, 0x0,
    0x0, 0x0, 0x0, 0x0, 0x48, 0xaf, 0xcf, 0x90,
    0x34, 0x0, 0x0, 0x0, 0x0, 0x1, 0x0, 0x2a,
    0x5, 0x10, 0xbb, 0x0, 0x0, 0x0, 0x0, 0x0,
    0x2, 0xcf, 0x10, 0x9b, 0x0, 0x5, 0x62, 0x10,
    0x38, 0x0, 0x0, 0x0, 0xd, 0xb8, 0x73, 0x68,
    0x6, 0x47, 0x40, 0x10, 0x24, 0x5d, 0xc2, 0x70,
    0x36, 0x99, 0xdf, 0xbd, 0xda, 0xde, 0xec, 0xaa,
    0x77, 0x60, 0x58, 0x85, 0x28, 0x0, 0x5, 0x86,
    0x40, 0x0, 0x0, 0x76, 0x6d, 0xdd, 0xa1, 0x7,
    0x1a, 0x0, 0x51, 0x8b, 0x10, 0x0, 0x0, 0xa5,
    0x10, 0x0, 0x0, 0x66, 0x7, 0x0, 0xa, 0x30,
    0x0, 0x0, 0x0, 0x7e, 0xa0, 0x0, 0x4d, 0xa0,
    0x0, 0x0, 0x1, 0xba, 0x40, 0x0, 0x1, 0x59,
    0x51, 0x0, 0x0, 0x0, 0x0, 0x0, 0x0, 0x3,
    0x9c, 0xdd, 0xda, 0x61, 0x96, 0x20, 0x0, 0x0,

    /* U+FD44 "﵄" */
    0x0, 0x0, 0x0, 0x0, 0x0, 0x0, 0x30, 0x0,
    0x0, 0x0, 0x0, 0x0, 0x0, 0x0, 0x0, 0x0,
    0x0, 0x0, 0x2, 0x20, 0x0, 0x0, 0x0, 0x0,
    0x0, 0x0, 0x0, 0x0, 0x0, 0x0, 0x0, 0x94,
    0x33, 0x9, 0x0, 0x0, 0x0, 0x0, 0x0, 0x0,
    0x0, 0x0, 0x0, 0x0, 0x17, 0x60, 0xe0, 0x0,
    0x0, 0x0, 0x0, 0x0, 0x0, 0x0, 0x0, 0x60,
    0x83, 0x46, 0xc, 0x0, 0x0, 0x0, 0x0, 0x0,
    0x0, 0x0, 0x0, 0x3e, 0x6, 0x32, 0x70, 0xb0,
    0x0, 0x0, 0x0, 0x0, 0x0, 0x0, 0x0, 0x2a,
    0xa0, 0x53, 0x17, 0xa, 0x0, 0x0, 0x0, 0x0,
    0x30, 0x0, 0x0, 0x7, 0xaa, 0x14, 0x40, 0x70,
    0x90, 0x0, 0x0, 0x0, 0x2b, 0x0, 0x0, 0x0,
    0x7, 0x7e, 0xdd, 0xe3, 0x8, 0x0, 0x0, 0x0,
    0x1, 0xb0, 0x0, 0x0, 0x1b, 0x4, 0x20, 0x9c,
    0x10, 0x0, 0x0, 0x0, 0x0, 0xb, 0x5, 0xf3,
    0x9, 0xb0, 0x0, 0x39, 0x13, 0x1, 0xa0, 0x0,
    0x0, 0x0, 0xa0, 0xb6, 0xa1, 0x97, 0x4, 0x64,
    0x70, 0x11, 0x15, 0x3c, 0xd3, 0x52, 0x7, 0xeb,
    0x8d, 0xfc, 0xdd, 0xbb, 0xee, 0xca, 0xa8, 0x68,
    0x3, 0xa5, 0x80, 0x0, 0x0, 0x3, 0xa4, 0x60,
    0x0, 0x0, 0x58, 0x5c, 0xdd, 0xb2, 0x8, 0x0,
    0x0, 0x3, 0x36, 0xb3, 0x0, 0x0, 0x8, 0x61,
    0x0, 0x0, 0x3, 0x80, 0x0, 0x0, 0x9, 0x40,
    0x0, 0x0, 0x0, 0x4e, 0xc0, 0x0, 0x3c, 0xb1,
    0x0, 0x0, 0x0, 0x9, 0xb5, 0x10, 0x0, 0x14,
    0x86, 0x1, 0x0, 0x0, 0x0, 0x0, 0x0, 0x0,
    0x2, 0x8c, 0xdd, 0xdb, 0x71, 0x76, 0x40, 0x0,
    0x0,

    /* U+FD45 "﵅" */
    0x0, 0x0, 0x0, 0x0, 0x0, 0x0, 0x30, 0x0,
    0x0, 0x0, 0x0, 0x0, 0x0, 0x0, 0x0, 0x0,
    0x0, 0x0, 0x40, 0x0, 0x0, 0x0, 0x0, 0x0,
    0x0, 0x0, 0x0, 0x0, 0x0, 0x4, 0x90, 0x70,
    0x45, 0x0, 0x0, 0x0, 0x0, 0x0, 0x0, 0x0,
    0x0, 0x0, 0x40, 0xd0, 0x68, 0x0, 0x0, 0x0,
    0x0, 0x0, 0x0, 0x0, 0x3, 0x80, 0xb0, 0xb0,
    0x56, 0x0, 0x0, 0x0, 0x0, 0x0, 0x0, 0x0,
    0x5a, 0x90, 0x90, 0x90, 0x46, 0x0, 0x0, 0x0,
    0x0, 0x0, 0x0, 0x0, 0xc6, 0x90, 0x80, 0x80,
    0x36, 0x0, 0x0, 0x0, 0x0, 0x0, 0x0, 0x0,
    0x38, 0x9e, 0xcf, 0xb0, 0x25, 0x0, 0x0, 0x0,
    0x0, 0x0, 0x0, 0x2, 0x2, 0x60, 0x0, 0x0,
    0x0, 0x0, 0x0, 0x0, 0x0, 0x91, 0x0, 0xd,
    0x20, 0x20, 0x6d, 0x40, 0x4, 0x0, 0x0, 0x0,
    0x0, 0x20, 0x60, 0x66, 0x40, 0x80, 0x80, 0x0,
    0x6, 0x9, 0xe4, 0x15, 0x0, 0x1, 0xd0, 0xbd,
    0x33, 0xa0, 0xe4, 0x89, 0x0, 0x74, 0x2d, 0x4b,
    0x13, 0x0, 0xcf, 0xff, 0xcd, 0xaf, 0xec, 0x86,
    0xa6, 0x60, 0x18, 0xd, 0x37, 0x2, 0x91, 0xb3,
    0x90, 0x0, 0x0, 0x19, 0x4b, 0xdd, 0xb2, 0x7,
    0xb, 0xfc, 0x39, 0x5b, 0x60, 0x0, 0x0, 0x5b,
    0x70, 0x0, 0x0, 0x19, 0x0, 0x0, 0x1, 0xa9,
    0x41, 0x0, 0x0, 0x2d, 0xd0, 0x0, 0x9, 0xd2,
    0x0, 0x0, 0x0, 0x3, 0x8c, 0xdd, 0xcb, 0x95,
    0x35, 0x60, 0x0, 0x0,

    /* U+FD46 "﵆" */
    0x0, 0x0, 0x24, 0x0, 0x0, 0x0, 0x0, 0x0,
    0x1, 0x20, 0x0, 0x28, 0x46, 0x2a, 0x10, 0x90,
    0x1, 0x66, 0x40, 0x0, 0x0, 0x61, 0x63, 0xb0,
    0xa, 0x2, 0x40, 0x0, 0x0, 0x7, 0x48, 0x25,
    0x4a, 0x0, 0x90, 0x0, 0x0, 0x0, 0x9, 0xe4,
    0x62, 0x35, 0x90, 0x9, 0x71, 0x2, 0xac, 0x42,
    0xb6, 0x55, 0x22, 0x58, 0x0, 0x88, 0x55, 0x81,
    0x2a, 0x2, 0x5a, 0xbb, 0xd0, 0x75, 0xeb, 0xda,
    0xab, 0xb9, 0x10, 0x0, 0x40, 0x8, 0x30, 0x9,
    0x66, 0x20, 0x0, 0x0, 0x1, 0xa9, 0x0, 0x2c,
    0xca, 0x61, 0x53, 0x1a, 0xc0, 0x0, 0xa4, 0x90,
    0x0, 0x0, 0x1, 0xa4, 0x37, 0x72, 0x70, 0x5,
    0xc9, 0xbb, 0xbb, 0xaa, 0x98, 0xbb, 0xbc, 0x94,
    0x0, 0x0, 0x20, 0x0, 0x65, 0x70, 0x6, 0x4c,
    0x54, 0xc2, 0x0, 0x2c, 0x0, 0x3, 0x1, 0x0,
    0x65, 0xa4, 0x73, 0x90, 0x2e, 0xc0, 0x0, 0x0,
    0x0, 0x4, 0x5a, 0x7, 0x9, 0x8, 0x38, 0x0,
    0x0, 0x0, 0x0, 0x25, 0x90, 0x8d, 0x70, 0x13,
    0x5c, 0xee, 0xee, 0xee, 0xdc, 0x16, 0x4b, 0xa0,

    /* U+FD47 "﵇" */
    0x0, 0x0, 0x0, 0x0, 0x0, 0x0, 0x0, 0x0,
    0x0, 0x0, 0x0, 0x0, 0x0, 0x0, 0x0, 0x0,
    0x0, 0x0, 0x0, 0xa0, 0x0, 0x63, 0x0, 0xb0,
    0x94, 0x0, 0x0, 0x0, 0x0, 0x0, 0x5, 0xa0,
    0x1c, 0x0, 0x7, 0x30, 0xc, 0x9, 0x30, 0x0,
    0x0, 0x0, 0x0, 0xc6, 0x5, 0x53, 0xb0, 0x0,
    0x1, 0x0, 0x90, 0x83, 0x0, 0x0, 0x0, 0x0,
    0x41, 0xc1, 0x8, 0x78, 0x0, 0x43, 0x69, 0x7,
    0x17, 0x30, 0x0, 0x0, 0x0, 0x1, 0x5b, 0x90,
    0x5c, 0x70, 0x55, 0x73, 0xb0, 0x67, 0xa3, 0x0,
    0x0, 0x0, 0x0, 0xab, 0x95, 0x9d, 0x54, 0xed,
    0xed, 0xeb, 0xec, 0x99, 0x20, 0x0, 0x0, 0x2,
    0x39, 0x0, 0x0, 0x0, 0x0, 0x0, 0x0, 0x0,
    0x8, 0x30, 0x0, 0x0, 0x5, 0xd6, 0xb0, 0x0,
    0x0, 0x0, 0x0, 0x0, 0x0, 0x0, 0x63, 0x9,
    0x92, 0x1, 0xb5, 0x65, 0x0, 0x0, 0x0, 0x0,
    0x0, 0x0, 0x7, 0x44, 0x44, 0x70, 0x32, 0x7,
    0x9a, 0xde, 0xee, 0xee, 0xee, 0xee, 0xee, 0xfe,
    0xae, 0xed, 0xff, 0xda, 0x20, 0x0, 0x0, 0x0,
    0x0, 0x0, 0x0, 0x0, 0x0, 0x11, 0x20, 0x0,
    0x0, 0x0, 0x0, 0x0, 0x0, 0x0, 0x0, 0x0,
    0x0, 0x0, 0x6, 0x54, 0x0, 0x0, 0x0, 0x0,

    /* U+FD48 "﵈" */
    0x0, 0x0, 0x0, 0x0, 0x0, 0x0, 0x0, 0x0,
    0x0, 0x0, 0x0, 0x0, 0x0, 0x0, 0x0, 0x0,
    0x0, 0x0, 0x0, 0x0, 0x0, 0xa0, 0x0, 0x63,
    0x0, 0xb0, 0x94, 0x0, 0x0, 0x0, 0x0, 0x0,
    0x0, 0x5, 0xa0, 0x2c, 0x0, 0x7, 0x20, 0xc,
    0xa, 0x30, 0x0, 0x0, 0x0, 0x0, 0x0, 0xc6,
    0x5, 0x53, 0xb0, 0x0, 0x1, 0x0, 0x90, 0x83,
    0x0, 0x0, 0x0, 0x0, 0x0, 0x41, 0xc1, 0x8,
    0x78, 0x0, 0x43, 0x69, 0x7, 0x17, 0x30, 0x0,
    0x0, 0x0, 0x0, 0x2, 0x6b, 0x90, 0x6c, 0x70,
    0x55, 0x73, 0xb0, 0x67, 0xa3, 0x0, 0x0, 0x0,
    0x0, 0x0, 0xba, 0x95, 0x9d, 0x44, 0xed, 0xed,
    0xeb, 0xec, 0x99, 0x20, 0x0, 0x0, 0x0, 0x0,
    0x9, 0x0, 0x0, 0x0, 0x0, 0x0, 0x40, 0x0,
    0x8, 0x30, 0x0, 0x0, 0x0, 0x0, 0x83, 0xb0,
    0x0, 0x0, 0x0, 0x0, 0x4e, 0x20, 0x0, 0x63,
    0xa, 0x92, 0x0, 0x0, 0x73, 0xb6, 0x0, 0x0,
    0x0, 0x0, 0xa, 0x62, 0x7, 0x34, 0x34, 0x70,
    0x32, 0x0, 0xc, 0xcd, 0xfe, 0xfe, 0xff, 0xef,
    0xef, 0xef, 0xfe, 0xae, 0xed, 0xff, 0xda, 0x20,
    0x3c, 0x60, 0x0, 0x0, 0x0, 0x0, 0x0, 0x2b,
    0x38, 0x0, 0x10, 0x0, 0x0, 0x0, 0x15, 0x10,
    0x0, 0x0, 0x0, 0x0, 0x0, 0x0, 0x6c, 0x67,
    0x64, 0x0, 0x0, 0x0, 0x0,

    /* U+FD49 "﵉" */
    0x0, 0x0, 0x0, 0x0, 0x0, 0x0, 0x0, 0x0,
    0x0, 0x0, 0x0, 0x0, 0x0, 0x0, 0x0, 0x10,
    0x1, 0x90, 0x0, 0x63, 0x0, 0xb0, 0xa3, 0x0,
    0x0, 0x0, 0x0, 0x6, 0x90, 0x2b, 0x0, 0x16,
    0x20, 0xc, 0xa, 0x20, 0x0, 0x0, 0x1, 0xd5,
    0x6, 0x44, 0xa0, 0x0, 0x1, 0x10, 0xa0, 0x92,
    0x0, 0x0, 0x0, 0x51, 0xc1, 0x8, 0x87, 0x0,
    0x44, 0x59, 0x8, 0x8, 0x20, 0x0, 0x1, 0x82,
    0x6b, 0x80, 0x6b, 0x70, 0x64, 0x82, 0xb0, 0x76,
    0xa2, 0x0, 0x0, 0x2b, 0xca, 0x95, 0xad, 0x45,
    0xed, 0xee, 0xea, 0xeb, 0xa9, 0x10, 0x0, 0x0,
    0xb9, 0x0, 0x0, 0x0, 0x0, 0x0, 0x40, 0x0,
    0x9, 0x20, 0x0, 0x0, 0xb, 0xa5, 0xf3, 0x0,
    0x0, 0x0, 0x5d, 0x10, 0x0, 0x72, 0x1a, 0xa1,
    0x0, 0xa6, 0xa4, 0xa0, 0x0, 0x0, 0x9, 0x72,
    0x8, 0x35, 0x35, 0x60, 0x31, 0x8, 0xfd, 0xce,
    0xff, 0xff, 0xef, 0xef, 0xfe, 0xae, 0xee, 0xff,
    0xda, 0x10, 0x0, 0x0, 0x0, 0x0, 0x0, 0x3b,
    0x47, 0x1, 0x10, 0x0, 0x0, 0x0, 0x0, 0x0,
    0x0, 0x0, 0x0, 0x0, 0x7c, 0x57, 0x64, 0x0,
    0x0, 0x0, 0x0,

    /* U+FD4A "﵊" */
    0x0, 0x0, 0x0, 0x0, 0x0, 0x0, 0x0, 0x0,
    0x20, 0x0, 0x0, 0x0, 0x0, 0x0, 0x0, 0x0,
    0x25, 0x66, 0x63, 0xd, 0x0, 0x56, 0x30, 0x0,
    0x3, 0x36, 0x66, 0x64, 0x10, 0x0, 0x0, 0xc3,
    0x51, 0x0, 0x0, 0x9, 0x70, 0x0, 0x0, 0x0,
    0x0, 0x0, 0xa, 0x5, 0xd6, 0x0, 0x9, 0x77,
    0x0, 0x0, 0x0, 0x0, 0x0, 0x0, 0x80, 0xb0,
    0x30, 0x1, 0xb4, 0x70, 0x0, 0x0, 0x0, 0x0,
    0xa, 0x7, 0xb, 0x12, 0x30, 0x5, 0x99, 0xde,
    0xee, 0xfe, 0xee, 0xfd, 0x9e, 0xdf, 0xed, 0xb5,
    0x0, 0x89, 0x6, 0x10, 0x76, 0x12, 0x40, 0x0,
    0x0, 0xc0, 0x37, 0x0, 0x3, 0x10, 0xbc, 0x9,
    0x64, 0x55, 0x0, 0x0, 0xa, 0x4, 0xa0, 0x0,
    0x7b, 0x0, 0x85, 0xb7, 0x0, 0x4, 0xdd, 0x40,
    0x90, 0x38, 0x0, 0x7, 0x66, 0x0, 0xc9, 0x70,
    0x77, 0x70, 0x4b, 0x8, 0x2, 0x80, 0x0, 0xdd,
    0x24, 0xa9, 0x4c, 0xb7, 0x9b, 0xa6, 0x5f, 0x7c,
    0x18, 0x0, 0x0, 0x0, 0x92, 0x6, 0x70, 0x0,
    0x0, 0x0, 0xc1, 0xc0, 0x50, 0x0, 0x1d, 0x44,
    0xc0, 0x77, 0x0, 0x0, 0x0, 0xa, 0xc, 0x0,
    0x0, 0x6, 0x2b, 0x4, 0x69, 0x70, 0x0, 0x0,
    0x0, 0x80, 0xa0, 0x0, 0x0, 0x46, 0xc5, 0x9,
    0x96, 0x2, 0x26, 0x39, 0x6, 0x9, 0x1c, 0x70,
    0x9, 0x21, 0x4a, 0xd2, 0x9e, 0xee, 0xfe, 0xbe,
    0xb0, 0x87, 0x3a, 0x0, 0xa0, 0x0, 0x0, 0x0,
    0x0, 0x0, 0x0, 0x0, 0x0, 0x4d, 0xc2, 0xb,
    0x0, 0x0, 0x0, 0x0, 0x0, 0x0, 0x0, 0x0,
    0x0, 0x1b, 0x0, 0x60, 0x0, 0x0, 0x0, 0x0,
    0x0, 0x0, 0x0, 0x1, 0xad, 0x40,

    /* U+FD4B "﵋" */
    0x2, 0x80, 0x0, 0x0, 0x0, 0x0, 0x0, 0x10,
    0x4, 0xb8, 0x47, 0x0, 0x0, 0x0, 0x22, 0xc0,
    0x9, 0xa, 0x1b, 0x0, 0x0, 0x72, 0xa2, 0xb0,
    0x8, 0xf5, 0x9, 0xff, 0xff, 0xdf, 0xcd, 0xc0,
    0x0, 0x0, 0x29, 0x0, 0x0, 0x0, 0x0, 0x0,
    0x0, 0x1c, 0xc1, 0x0, 0x0, 0x0, 0x12, 0x30,
    0x0, 0x0, 0x0, 0x11, 0x80, 0x0, 0x35, 0x40,
    0x0, 0x0, 0xa0, 0xa0, 0xb2, 0x30, 0x2e, 0x60,
    0x12, 0x0, 0xfe, 0xde, 0xb4, 0x90, 0x71, 0xc0,
    0x37, 0x0, 0x90, 0x0, 0x0, 0xc1, 0x4a, 0xa1,
    0xb, 0xec, 0x30, 0x0, 0xed, 0x6d, 0xed, 0x90,

    /* U+FD4C "﵌" */
    0x0, 0x0, 0x0, 0x0, 0x1, 0x0, 0x0, 0x0,
    0x0, 0x0, 0x0, 0x1, 0x0, 0x0, 0x0, 0x46,
    0x61, 0x6, 0x9, 0x0, 0x80, 0x0, 0x56, 0x61,
    0x0, 0x0, 0x26, 0x36, 0x17, 0x8, 0x1b, 0x0,
    0xa0, 0x36, 0x10, 0x0, 0x0, 0x1b, 0x0, 0x59,
    0x9, 0x6, 0x2a, 0x0, 0x97, 0x0, 0x0, 0x0,
    0x3, 0xcb, 0x0, 0x0, 0x8, 0x5, 0x39, 0x0,
    0x9a, 0x0, 0x2b, 0xc3, 0x9, 0x59, 0x0, 0x0,
    0x6, 0x14, 0x38, 0x0, 0x79, 0x56, 0x80, 0x39,
    0x0, 0x68, 0xab, 0xcb, 0xba, 0xbc, 0x7, 0x5e,
    0xbe, 0x9b, 0xbb, 0x91, 0x2, 0xc5, 0x1, 0x0,
    0x0, 0x9, 0x10, 0x8, 0x47, 0x11, 0xb8, 0x0,
    0x9, 0x46, 0x46, 0x0, 0x0, 0x3, 0xcd, 0xb5,
    0x66, 0x18, 0x10, 0x0, 0xd, 0x66, 0x36, 0x0,
    0x0, 0x0, 0x0, 0x2, 0xc5, 0x27, 0xa3, 0x70,
    0x3, 0x98, 0x9b, 0x88, 0x88, 0x88, 0x77, 0x87,
    0x7a, 0x9a, 0xb7, 0x30, 0x0, 0x79, 0x17, 0x44,
    0x61, 0x60, 0xa8, 0x0, 0x29, 0x59, 0x65, 0xc1,
    0x8, 0xeb, 0x7, 0x3, 0x35, 0xc4, 0x3b, 0x13,
    0xa7, 0x59, 0x37, 0x47, 0x1d, 0x68, 0x37, 0x54,
    0x74, 0xa6, 0x16, 0x6e, 0xa5, 0x49, 0x7, 0x9,
    0x37, 0xbb, 0xcc, 0xbd, 0xcd, 0xb2, 0xdd, 0xa2,
    0x83, 0x38, 0xa, 0xd6, 0x27, 0x0, 0x0, 0x0,
    0x0, 0x8, 0xc4, 0x2, 0x47, 0x3, 0x4b, 0x90,
    0x9, 0x0, 0x0, 0x0, 0x0, 0x0, 0x0, 0x0,
    0x0, 0x0, 0x0, 0x0, 0x0, 0x0, 0x0, 0x0,
    0x0, 0x0, 0x0, 0x0, 0x0, 0x0, 0x0, 0x0,

    /* U+FD4D "﵍" */
    0x0, 0x0, 0x0, 0x0, 0x0, 0x0, 0x0, 0x0,
    0x0, 0x0, 0x0, 0x0, 0x0, 0x0, 0x0, 0x0,
    0x0, 0xa0, 0x0, 0x54, 0x0, 0xb0, 0x95, 0x0,
    0x0, 0x0, 0x0, 0x5, 0xa0, 0x1c, 0x0, 0x7,
    0x30, 0xb, 0x9, 0x30, 0x0, 0x0, 0x0, 0xc6,
    0x4, 0x53, 0xb0, 0x0, 0x1, 0x0, 0x91, 0x83,
    0x0, 0x0, 0x0, 0x42, 0xc2, 0x8, 0x79, 0x0,
    0x42, 0x78, 0x6, 0x17, 0x30, 0x0, 0x1, 0x81,
    0x5a, 0x90, 0x5d, 0x70, 0x55, 0x74, 0xb0, 0x66,
    0xa3, 0x0, 0x0, 0x2b, 0xab, 0x95, 0x9d, 0x54,
    0xed, 0xee, 0xeb, 0xec, 0x99, 0x20, 0x0, 0x0,
    0xb9, 0x0, 0x0, 0x0, 0x0, 0x0, 0x30, 0x0,
    0x7, 0x40, 0x0, 0x0, 0xb, 0xb0, 0x0, 0x0,
    0x0, 0x0, 0x4e, 0x20, 0x0, 0x54, 0x9, 0xa2,
    0x0, 0xa5, 0x0, 0x0, 0x0, 0x0, 0xa, 0x63,
    0x6, 0x43, 0x44, 0x70, 0x22, 0x8, 0xfe, 0xfe,
    0xff, 0xef, 0xef, 0xff, 0xee, 0xad, 0xed, 0xff,
    0xda, 0x20, 0x0, 0x0, 0x0, 0x0, 0x0, 0x2c,
    0x38, 0x0, 0x10, 0x0, 0x0, 0x0, 0x0, 0x0,
    0x0, 0x0, 0x0, 0x0, 0x6c, 0x66, 0x65, 0x0,
    0x0, 0x0, 0x0,

    /* U+FD4E "﵎" */
    0x0, 0x2, 0x20, 0x0, 0x2, 0x40, 0x0, 0x20,
    0x0, 0x49, 0xd0, 0x26, 0x65, 0x56, 0x5, 0x10,
    0x0, 0x19, 0xb1, 0x40, 0x0, 0x43, 0x1d, 0x90,
    0x0, 0x9, 0xa1, 0x7d, 0xd2, 0x27, 0x52, 0x82,
    0x0, 0x8, 0x82, 0x37, 0x73, 0xa, 0x3d, 0xc4,
    0x1, 0x79, 0x3e, 0xed, 0xef, 0xd6, 0x0, 0xa1,
    0xc, 0x81, 0x29, 0x0, 0x7, 0x0, 0x9d, 0x50,
    0x1d, 0xee, 0xff, 0xff, 0xff, 0xee, 0x96, 0x66,
    0x0, 0x4, 0xb, 0x0, 0xc, 0x0, 0x0, 0x20,
    0x0, 0x7, 0xa, 0xb, 0xb, 0x0, 0x10, 0xa3,
    0x0, 0x0, 0x8, 0x8, 0x5a, 0x2, 0x90, 0x55,
    0x7, 0xfe, 0xfc, 0x0, 0x75, 0xfd, 0xbf, 0xc1,
    0x0, 0x0, 0x0, 0x7, 0x40, 0x0, 0x0, 0x0,
    0x0, 0x0, 0x5, 0xd9, 0x0, 0x3, 0x90, 0x0,
    0x0, 0x0, 0x0, 0x0, 0x0, 0x0, 0x0, 0x0,

    /* U+FD4F "﵏" */
    0x0, 0x0, 0x0, 0x0, 0x0, 0x30, 0x0, 0x0,
    0x0, 0x0, 0x0, 0x0, 0x0, 0x0, 0x0, 0x2,
    0x20, 0x0, 0x0, 0x0, 0x0, 0x0, 0x0, 0x0,
    0x0, 0x0, 0x94, 0x34, 0x9, 0x0, 0x0, 0x0,
    0x0, 0x0, 0x0, 0x0, 0x2, 0x25, 0x70, 0xd1,
    0x0, 0x0, 0x0, 0x0, 0x0, 0x0, 0xa1, 0x74,
    0x37, 0xc, 0x0, 0x0, 0x0, 0x0, 0x0, 0x1,
    0x9b, 0x15, 0x40, 0x80, 0xa0, 0x0, 0x0, 0x0,
    0x0, 0x0, 0x6a, 0xa2, 0x35, 0x7, 0xa, 0x0,
    0x0, 0x0, 0x0, 0x0, 0x0, 0x66, 0xde, 0xde,
    0x40, 0x80, 0x0, 0x0, 0x0, 0x0, 0x0, 0x0,
    0x61, 0x0, 0x0, 0x0, 0x0, 0x0, 0x0, 0x0,
    0x1c, 0x60, 0x4d, 0x41, 0xc7, 0xb, 0xe7, 0x0,
    0x64, 0x0, 0x8, 0x2c, 0x9, 0x54, 0x73, 0xc1,
    0x12, 0xde, 0x84, 0x90, 0x0, 0xbd, 0xdf, 0xff,
    0xfd, 0xdd, 0xff, 0xc5, 0x0, 0x8, 0x3, 0xc7,
    0x0, 0x1c, 0x39, 0x0, 0x0, 0x0, 0x0, 0x3,
    0x81, 0x62, 0x0, 0x0, 0x5d, 0x80, 0x0, 0x0,
    0x0, 0x2c, 0xb1,

    /* U+FD50 "ﵐ" */
    0x0, 0x0, 0x0, 0x0, 0x0, 0x0, 0x0, 0x0,
    0x0, 0x0, 0x1e, 0x94, 0xf5, 0x0, 0x0, 0x0,
    0x0, 0x0, 0x0, 0x0, 0x0, 0x0, 0x0, 0x1f,
    0xb5, 0xf7, 0x0, 0x0, 0x0, 0x0, 0x0, 0x0,
    0x0, 0x0, 0x0, 0x0, 0x1, 0x0, 0x20, 0x0,
    0x0, 0x0, 0x0, 0x0, 0x0, 0x0, 0x0, 0x0,
    0x0, 0x0, 0x0, 0x0, 0x0, 0x4, 0xbf, 0xfc,
    0x30, 0x0, 0x9d, 0xff, 0xc3, 0x0, 0x0, 0x4f,
    0xc0, 0x0, 0x3f, 0xfa, 0xaf, 0xf2, 0x0, 0xbc,
    0x8a, 0xff, 0x10, 0x0, 0x4f, 0xc0, 0x0, 0x8f,
    0x60, 0x8, 0xf9, 0x0, 0x0, 0x0, 0xaf, 0x70,
    0x0, 0x4f, 0xc0, 0x0, 0xaf, 0x40, 0x4, 0xfc,
    0x0, 0x0, 0x0, 0x5f, 0xb0, 0x0, 0x4f, 0xc0,
    0x0, 0xaf, 0x40, 0x5, 0xfc, 0x0, 0x0, 0x0,
    0x1f, 0xe0, 0x0, 0x4f, 0xc0, 0x0, 0x7f, 0x70,
    0xd, 0xfa, 0x0, 0x0, 0x0, 0xc, 0xf4, 0x0,
    0x4f, 0xc0, 0x1b, 0xcf, 0xeb, 0xef, 0xff, 0xcb,
    0xbb, 0xbb, 0xbd, 0xfe, 0xbb, 0xcf, 0xc0, 0x2f,
    0xff, 0xff, 0xe9, 0x2a, 0xef, 0xff, 0xff, 0xff,
    0xff, 0xff, 0xff, 0xc0, 0x0, 0x0, 0x0, 0x0,
    0x0, 0x0, 0x0, 0x0, 0x0, 0x0, 0x0, 0x0,
    0x0, 0x0, 0x0, 0x0, 0x0, 0x0, 0x0, 0x0,
    0x11, 0x0, 0x0, 0x0, 0x0, 0x0, 0x0, 0x0,
    0x0, 0x0, 0x0, 0x0, 0x0, 0xdf, 0x0, 0x0,
    0x0, 0x0, 0x0, 0x0, 0x0, 0x0, 0x0, 0x0,
    0x0, 0x0, 0xbd, 0x0, 0x0, 0x0, 0x0, 0x0,

    /* U+FD51 "ﵑ" */
    0x0, 0x0, 0x0, 0x0, 0x0, 0x0, 0x0, 0x0,
    0x0, 0x0, 0x9e, 0x1d, 0xc0, 0x0, 0x0, 0x0,
    0x0, 0x0, 0x0, 0x0, 0x0, 0x0, 0x0, 0xb,
    0xf2, 0xed, 0x0, 0x0, 0x0, 0x0, 0x0, 0x0,
    0x0, 0x0, 0x0, 0x0, 0x0, 0x1, 0x1, 0x10,
    0x0, 0x0, 0x0, 0x0, 0x0, 0x0, 0x0, 0x0,
    0x0, 0x0, 0x0, 0x0, 0x0, 0x0, 0x8, 0xcf,
    0xfd, 0x70, 0x0, 0x9, 0xdf, 0xfc, 0x30, 0x0,
    0x0, 0xef, 0x30, 0x0, 0xdd, 0x99, 0xff, 0x60,
    0x0, 0xbc, 0x9b, 0xff, 0x10, 0x0, 0xe, 0xf3,
    0x0, 0x1, 0x0, 0x3, 0xfe, 0x0, 0x0, 0x0,
    0xb, 0xf7, 0x0, 0x0, 0xef, 0x30, 0x0, 0x0,
    0x0, 0xd, 0xf1, 0x0, 0x0, 0x0, 0x5f, 0xa0,
    0x0, 0xe, 0xf3, 0x0, 0x0, 0x0, 0x0, 0x8f,
    0x60, 0x0, 0x0, 0x2, 0xfe, 0x0, 0x0, 0xef,
    0x30, 0x0, 0x0, 0x4, 0x9e, 0xfd, 0x0, 0x0,
    0x0, 0xd, 0xf3, 0x0, 0xe, 0xf3, 0x0, 0x0,
    0x3d, 0xff, 0xcc, 0xfd, 0xbb, 0xbb, 0xbb, 0xdf,
    0xeb, 0xbb, 0xff, 0xcb, 0x70, 0x5f, 0xf7, 0x10,
    0x1a, 0xff, 0xff, 0xff, 0xff, 0xff, 0xff, 0xff,
    0xff, 0xfa, 0xf, 0xf3, 0x0, 0x0, 0x0, 0x0,
    0x0, 0x0, 0x0, 0x0, 0x0, 0x0, 0x0, 0x4,
    0xfc, 0x0, 0x0, 0x0, 0x0, 0x0, 0x0, 0x0,
    0x0, 0x0, 0x0, 0x0, 0x0, 0x3f, 0xe1, 0x0,
    0x4f, 0x50, 0x0, 0x0, 0x0, 0x0, 0x0, 0x0,
    0x0, 0x0, 0x0, 0xdf, 0xf7, 0x6, 0xf6, 0x0,
    0x0, 0x0, 0x0, 0x0, 0x0, 0x0, 0x0, 0x0,
    0x1, 0xae, 0x60, 0x2, 0x0, 0x0, 0x0, 0x0,
    0x0, 0x0, 0x0, 0x0, 0x0, 0x0,

    /* U+FD52 "ﵒ" */
    0x0, 0x0, 0x0, 0x0, 0x0, 0x0, 0x0, 0x0,
    0x0, 0x0, 0xae, 0x1e, 0xa0, 0x0, 0x0, 0x0,
    0x0, 0x0, 0x0, 0x0, 0x0, 0x0, 0xc, 0xf2,
    0xfc, 0x0, 0x0, 0x0, 0x0, 0x0, 0x0, 0x0,
    0x0, 0x0, 0x0, 0x1, 0x1, 0x0, 0x0, 0x0,
    0x0, 0x0, 0x0, 0x0, 0x0, 0x0, 0x0, 0x0,
    0x0, 0x0, 0x1, 0xae, 0xff, 0xb2, 0x0, 0x5,
    0xcf, 0xfe, 0x70, 0x0, 0x0, 0xff, 0x10, 0xd,
    0xb8, 0xcf, 0xd0, 0x0, 0x5e, 0x99, 0xff, 0x60,
    0x0, 0xf, 0xf1, 0x0, 0x0, 0x0, 0xdf, 0x40,
    0x0, 0x0, 0x5, 0xfd, 0x0, 0x0, 0xff, 0x10,
    0x0, 0x0, 0x8, 0xf8, 0x0, 0x0, 0x0, 0xf,
    0xf0, 0x0, 0xf, 0xf1, 0x0, 0x0, 0x0, 0x4f,
    0xb0, 0x0, 0x0, 0x0, 0xbf, 0x40, 0x0, 0xff,
    0x10, 0x0, 0x0, 0x0, 0xff, 0x10, 0x0, 0x0,
    0x6, 0xfa, 0x0, 0xf, 0xf1, 0x1b, 0xbb, 0xbb,
    0xbe, 0xfd, 0xbb, 0xbb, 0xbb, 0xbf, 0xfb, 0xbb,
    0xff, 0x12, 0xff, 0xff, 0xff, 0xff, 0xff, 0xff,
    0xff, 0xff, 0xff, 0xff, 0xff, 0xf1, 0x0, 0x0,
    0x0, 0x0, 0x0, 0x0, 0x0, 0x0, 0x0, 0x0,
    0x0, 0x0, 0x0, 0x0, 0x1, 0x10, 0x0, 0x0,
    0x0, 0x0, 0x0, 0x0, 0x0, 0x0, 0x0, 0x0,
    0x0, 0xfd, 0x0, 0x0, 0x0, 0x0, 0x0, 0x0,
    0x0, 0x0, 0x0, 0x0, 0x0, 0xd, 0xb0, 0x0,
    0x0, 0x0, 0x0, 0x0, 0x0, 0x0, 0x0, 0x0,

    /* U+FD53 "ﵓ" */
    0x0, 0x0, 0x0, 0x0, 0x0, 0x0, 0x0, 0x0,
    0x0, 0x0, 0x1e, 0x94, 0xf5, 0x0, 0x0, 0x0,
    0x0, 0x0, 0x0, 0x0, 0x0, 0x0, 0x0, 0x1f,
    0xb5, 0xf7, 0x0, 0x0, 0x0, 0x0, 0x0, 0x0,
    0x0, 0x0, 0x0, 0x0, 0x1, 0x0, 0x20, 0x0,
    0x0, 0x0, 0x0, 0x0, 0x0, 0x0, 0x0, 0x0,
    0x0, 0x0, 0x0, 0x0, 0x0, 0x4, 0xbf, 0xfc,
    0x30, 0x0, 0x9d, 0xff, 0xc3, 0x0, 0x0, 0x4f,
    0xc0, 0x0, 0x3f, 0xfa, 0xaf, 0xf2, 0x0, 0xbc,
    0x8a, 0xff, 0x10, 0x0, 0x4f, 0xc0, 0x0, 0x8f,
    0x60, 0x8, 0xf9, 0x0, 0x0, 0x0, 0xaf, 0x70,
    0x0, 0x4f, 0xc0, 0x0, 0xaf, 0x40, 0x4, 0xfc,
    0x0, 0x0, 0x0, 0x5f, 0xb0, 0x0, 0x4f, 0xc0,
    0x0, 0xaf, 0x40, 0x5, 0xfc, 0x0, 0x0, 0x0,
    0x1f, 0xe0, 0x0, 0x4f, 0xc0, 0x0, 0x7f, 0x70,
    0xd, 0xfa, 0x0, 0x0, 0x0, 0xc, 0xf4, 0x0,
    0x4f, 0xc0, 0x1b, 0xcf, 0xeb, 0xef, 0xff, 0xcb,
    0xbb, 0xbb, 0xbd, 0xfe, 0xbb, 0xcf, 0xc0, 0x2f,
    0xff, 0xff, 0xe9, 0x2a, 0xef, 0xff, 0xff, 0xff,
    0xff, 0xff, 0xff, 0xc0,

    /* U+FD54 "ﵔ" */
    0x0, 0x0, 0x0, 0x0, 0x0, 0x0, 0x4, 0xf5,
    0x0, 0x0, 0x1e, 0x94, 0xf5, 0x0, 0x0, 0x0,
    0x0, 0x0, 0x0, 0x6, 0xf6, 0x0, 0x0, 0x1f,
    0xb5, 0xf7, 0x0, 0x0, 0x0, 0x0, 0x0, 0x0,
    0x0, 0x20, 0x0, 0x0, 0x1, 0x0, 0x20, 0x0,
    0x0, 0x0, 0x0, 0x0, 0x0, 0x0, 0x0, 0x0,
    0x0, 0x0, 0x0, 0x0, 0x0, 0x4, 0xbf, 0xfc,
    0x30, 0x0, 0x9d, 0xff, 0xc3, 0x0, 0x0, 0x4f,
    0xc0, 0x0, 0x3f, 0xfa, 0xaf, 0xf2, 0x0, 0xbc,
    0x8a, 0xff, 0x10, 0x0, 0x4f, 0xc0, 0x0, 0x8f,
    0x60, 0x8, 0xf9, 0x0, 0x0, 0x0, 0xaf, 0x70,
    0x0, 0x4f, 0xc0, 0x0, 0xaf, 0x40, 0x4, 0xfc,
    0x0, 0x0, 0x0, 0x5f, 0xb0, 0x0, 0x4f, 0xc0,
    0x0, 0xaf, 0x40, 0x5, 0xfc, 0x0, 0x0, 0x0,
    0x1f, 0xe0, 0x0, 0x4f, 0xc0, 0x0, 0x7f, 0x70,
    0xd, 0xfa, 0x0, 0x0, 0x0, 0xc, 0xf4, 0x0,
    0x4f, 0xc0, 0x1b, 0xcf, 0xeb, 0xef, 0xff, 0xcb,
    0xbb, 0xbb, 0xbd, 0xfe, 0xbb, 0xcf, 0xc0, 0x2f,
    0xff, 0xff, 0xe9, 0x2a, 0xef, 0xff, 0xff, 0xff,
    0xff, 0xff, 0xff, 0xc0,

    /* U+FD55 "ﵕ" */
    0x0, 0x0, 0x0, 0x0, 0x0, 0x0, 0x0, 0x0,
    0x0, 0x0, 0x1e, 0x94, 0xf5, 0x0, 0x0, 0x0,
    0x0, 0x0, 0x0, 0x0, 0x0, 0x0, 0x0, 0x1f,
    0xb5, 0xf7, 0x0, 0x0, 0x0, 0x0, 0x0, 0x0,
    0x0, 0x0, 0x0, 0x0, 0x1, 0x0, 0x20, 0x0,
    0x0, 0x0, 0x0, 0x0, 0x0, 0x0, 0x0, 0x0,
    0x0, 0x0, 0x0, 0x0, 0x1, 0xae, 0xff, 0xb2,
    0x0, 0x0, 0x7, 0xdf, 0xe8, 0x0, 0x0, 0x4f,
    0xc0, 0x0, 0xed, 0xce, 0xfd, 0x0, 0x0, 0xaf,
    0xfc, 0xff, 0xb0, 0x0, 0x4f, 0xc0, 0x0, 0x0,
    0x1, 0xef, 0x40, 0x0, 0xff, 0x10, 0x2f, 0xf2,
    0x0, 0x4f, 0xc0, 0x0, 0x0, 0x0, 0x8f, 0x80,
    0x2, 0xfd, 0x0, 0xc, 0xf5, 0x0, 0x4f, 0xc0,
    0x0, 0x0, 0x0, 0x5f, 0xb0, 0x1, 0xfd, 0x0,
    0xc, 0xf5, 0x0, 0x4f, 0xc0, 0x0, 0x0, 0x0,
    0xf, 0xf1, 0x0, 0xef, 0x0, 0x4f, 0xf2, 0x0,
    0x4f, 0xc0, 0x1b, 0xbb, 0xbb, 0xbe, 0xfd, 0xbb,
    0xef, 0xcc, 0xff, 0xfe, 0xcb, 0xcf, 0xc0, 0x2f,
    0xff, 0xff, 0xff, 0xff, 0xff, 0xff, 0xff, 0xd6,
    0x4d, 0xff, 0xff, 0xc0, 0x0, 0x0, 0x0, 0x0,
    0x0, 0x0, 0x0, 0x0, 0x0, 0x0, 0x0, 0x0,
    0x0, 0x0, 0x0, 0x11, 0x0, 0x0, 0x0, 0x0,
    0x0, 0x0, 0x0, 0x0, 0x0, 0x0, 0x0, 0x0,
    0xfd, 0x0, 0x0, 0x0, 0x0, 0x0, 0x0, 0x0,
    0x0, 0x0, 0x0, 0x0, 0x0, 0xdb, 0x0, 0x0,
    0x0, 0x0, 0x0, 0x0, 0x0, 0x0, 0x0, 0x0,

    /* U+FD56 "ﵖ" */
    0x0, 0x0, 0x0, 0x0, 0x0, 0x0, 0x0, 0x0,
    0x0, 0x0, 0x1e, 0x94, 0xf5, 0x0, 0x0, 0x0,
    0x0, 0x0, 0x0, 0x0, 0x0, 0x0, 0x0, 0x1f,
    0xb5, 0xf7, 0x0, 0x0, 0x0, 0x0, 0x0, 0x0,
    0x0, 0x0, 0x0, 0x0, 0x1, 0x0, 0x20, 0x0,
    0x0, 0x0, 0x0, 0x0, 0x0, 0x0, 0x0, 0x0,
    0x0, 0x0, 0x0, 0x0, 0x1, 0xae, 0xff, 0xb2,
    0x0, 0x0, 0x7, 0xdf, 0xe8, 0x0, 0x0, 0x4f,
    0xc0, 0x0, 0xed, 0xce, 0xfd, 0x0, 0x0, 0xaf,
    0xfc, 0xff, 0xb0, 0x0, 0x4f, 0xc0, 0x0, 0x0,
    0x1, 0xef, 0x40, 0x0, 0xff, 0x10, 0x2f, 0xf2,
    0x0, 0x4f, 0xc0, 0x0, 0x0, 0x0, 0x8f, 0x80,
    0x2, 0xfd, 0x0, 0xc, 0xf5, 0x0, 0x4f, 0xc0,
    0x0, 0x0, 0x0, 0x5f, 0xb0, 0x1, 0xfd, 0x0,
    0xc, 0xf5, 0x0, 0x4f, 0xc0, 0x0, 0x0, 0x0,
    0xf, 0xf1, 0x0, 0xef, 0x0, 0x4f, 0xf2, 0x0,
    0x4f, 0xc0, 0x1b, 0xbb, 0xbb, 0xbe, 0xfd, 0xbb,
    0xef, 0xcc, 0xff, 0xfe, 0xcb, 0xcf, 0xc0, 0x2f,
    0xff, 0xff, 0xff, 0xff, 0xff, 0xff, 0xff, 0xd6,
    0x4d, 0xff, 0xff, 0xc0,

    /* U+FD57 "ﵗ" */
    0x0, 0x7, 0xf2, 0x0, 0x0, 0x0, 0x0, 0x0,
    0x0, 0x0, 0x1e, 0x94, 0xf5, 0x0, 0x9, 0xf3,
    0x0, 0x0, 0x0, 0x0, 0x0, 0x0, 0x0, 0x1f,
    0xb5, 0xf7, 0x0, 0x0, 0x10, 0x0, 0x0, 0x0,
    0x0, 0x0, 0x0, 0x0, 0x1, 0x0, 0x20, 0x0,
    0x0, 0x0, 0x0, 0x0, 0x0, 0x0, 0x0, 0x0,
    0x0, 0x0, 0x0, 0x0, 0x1, 0xae, 0xff, 0xb2,
    0x0, 0x0, 0x7, 0xdf, 0xe8, 0x0, 0x0, 0x4f,
    0xc0, 0x0, 0xed, 0xce, 0xfd, 0x0, 0x0, 0xaf,
    0xfc, 0xff, 0xb0, 0x0, 0x4f, 0xc0, 0x0, 0x0,
    0x1, 0xef, 0x40, 0x0, 0xff, 0x10, 0x2f, 0xf2,
    0x0, 0x4f, 0xc0, 0x0, 0x0, 0x0, 0x8f, 0x80,
    0x2, 0xfd, 0x0, 0xc, 0xf5, 0x0, 0x4f, 0xc0,
    0x0, 0x0, 0x0, 0x5f, 0xb0, 0x1, 0xfd, 0x0,
    0xc, 0xf5, 0x0, 0x4f, 0xc0, 0x0, 0x0, 0x0,
    0xf, 0xf1, 0x0, 0xef, 0x0, 0x4f, 0xf2, 0x0,
    0x4f, 0xc0, 0x1b, 0xbb, 0xbb, 0xbe, 0xfd, 0xbb,
    0xef, 0xcc, 0xff, 0xfe, 0xcb, 0xcf, 0xc0, 0x2f,
    0xff, 0xff, 0xff, 0xff, 0xff, 0xff, 0xff, 0xd6,
    0x4d, 0xff, 0xff, 0xc0,

    /* U+FD58 "ﵘ" */
    0x6, 0xbf, 0xfd, 0x60, 0x0, 0x0, 0x3a, 0xef,
    0xc5, 0x0, 0x6, 0xcf, 0xfd, 0x50, 0x0, 0x0,
    0xef, 0xcc, 0xff, 0x60, 0x0, 0x1f, 0xfd, 0xbf,
    0xf4, 0x0, 0x9f, 0xbc, 0xff, 0x30, 0x0, 0x3,
    0x0, 0x5, 0xfe, 0x0, 0x5, 0xf9, 0x0, 0x7f,
    0xc0, 0x1, 0x0, 0x9, 0xfa, 0x0, 0x0, 0x0,
    0x0, 0xd, 0xf1, 0x0, 0x8f, 0x60, 0x2, 0xff,
    0x0, 0x0, 0x0, 0x3f, 0xd0, 0x0, 0x0, 0x0,
    0x0, 0x9f, 0x60, 0x7, 0xf7, 0x0, 0x3f, 0xe0,
    0x0, 0x0, 0x0, 0xff, 0x10, 0x0, 0x0, 0x3,
    0x9e, 0xfd, 0x0, 0x4f, 0x90, 0xa, 0xfc, 0x0,
    0x0, 0x0, 0xa, 0xf6, 0x0, 0x0, 0x3c, 0xff,
    0xcc, 0xfd, 0xbb, 0xff, 0xbd, 0xff, 0xfd, 0xbb,
    0xbb, 0xbb, 0xcf, 0xfb, 0x0, 0x4f, 0xf7, 0x10,
    0x1a, 0xff, 0xff, 0xff, 0xfa, 0x38, 0xef, 0xff,
    0xff, 0xff, 0xff, 0xf1, 0xe, 0xf3, 0x0, 0x0,
    0x0, 0x0, 0x0, 0x0, 0x0, 0x0, 0x0, 0x0,
    0x0, 0x0, 0x0, 0x4, 0xfc, 0x0, 0x0, 0x0,
    0x0, 0x0, 0x0, 0x0, 0x0, 0x0, 0x0, 0x1,
    0x0, 0x0, 0x0, 0x3f, 0xf1, 0x0, 0x0, 0x0,
    0x0, 0x0, 0x0, 0x0, 0x0, 0x0, 0xa, 0xf2,
    0x0, 0x0, 0x0, 0xdf, 0xfb, 0xcd, 0x30, 0x0,
    0x0, 0x0, 0x0, 0x0, 0x0, 0x0, 0x8e, 0x10,
    0x0, 0x0, 0x1, 0xae, 0xfe, 0xc3, 0x0, 0x0,
    0x0, 0x0, 0x0, 0x0, 0x0, 0x0, 0x0, 0x0,
    0x0, 0x0,

    /* U+FD59 "ﵙ" */
    0x1, 0x9d, 0xff, 0xb2, 0x0, 0x0, 0x7, 0xdf,
    0xe8, 0x0, 0x2, 0xae, 0xfe, 0x90, 0x0, 0x0,
    0xed, 0xbe, 0xfd, 0x0, 0x0, 0xaf, 0xeb, 0xef,
    0xa0, 0x3, 0xfc, 0xbf, 0xfa, 0x0, 0x0, 0x10,
    0x0, 0xef, 0x40, 0x0, 0xff, 0x0, 0x1f, 0xf2,
    0x0, 0x10, 0x3, 0xff, 0x0, 0x0, 0x0, 0x0,
    0x8f, 0x80, 0x2, 0xfd, 0x0, 0xc, 0xf5, 0x0,
    0x0, 0x0, 0xcf, 0x40, 0x0, 0x0, 0x0, 0x5f,
    0xb0, 0x1, 0xfd, 0x0, 0xd, 0xf5, 0x0, 0x0,
    0x0, 0x9f, 0x70, 0x0, 0x0, 0x0, 0xf, 0xf1,
    0x0, 0xef, 0x0, 0x4f, 0xf3, 0x0, 0x0, 0x0,
    0x3f, 0xd0, 0x1b, 0xbb, 0xbb, 0xbe, 0xfd, 0xbb,
    0xef, 0xcc, 0xff, 0xff, 0xcb, 0xbb, 0xbb, 0xbf,
    0xf4, 0x2f, 0xff, 0xff, 0xff, 0xff, 0xff, 0xff,
    0xff, 0xd6, 0x4d, 0xff, 0xff, 0xff, 0xff, 0xf5,
    0x0, 0x0, 0x0, 0x0, 0x0, 0x0, 0x0, 0x0,
    0x0, 0x0, 0x0, 0x0, 0x0, 0x0, 0x0, 0x0,
    0x0, 0x0, 0x0, 0x0, 0x0, 0x0, 0x0, 0x0,
    0x0, 0x0, 0x0, 0x20, 0x0, 0x0, 0x0, 0x0,
    0x0, 0x0, 0x0, 0x0, 0x0, 0x0, 0x0, 0x0,
    0x0, 0x4, 0xf8, 0x0, 0x0, 0x0, 0x0, 0x0,
    0x0, 0x0, 0x0, 0x0, 0x0, 0x0, 0x0, 0x0,
    0x3, 0xf7, 0x0, 0x0,

    /* U+FD5A "ﵚ" */
    0x0, 0x0, 0x0, 0x0, 0x0, 0x0, 0x0, 0x0,
    0x5, 0xcf, 0xfb, 0x20, 0x0, 0x8d, 0xff, 0xb2,
    0x0, 0x0, 0x0, 0x0, 0x0, 0x0, 0x0, 0x0,
    0x0, 0x5, 0xff, 0xcd, 0xfe, 0x10, 0xe, 0xdb,
    0xdf, 0xe0, 0x0, 0x0, 0x0, 0x0, 0x3, 0xcf,
    0xc2, 0x0, 0x0, 0xaf, 0x50, 0xb, 0xf7, 0x0,
    0x10, 0x0, 0xdf, 0x50, 0x0, 0x0, 0x0, 0x5,
    0xff, 0xff, 0xd0, 0x0, 0xd, 0xf2, 0x0, 0x7f,
    0xa0, 0x0, 0x0, 0x7, 0xf9, 0x0, 0x0, 0x0,
    0x1, 0xff, 0x40, 0x9f, 0x90, 0x0, 0xcf, 0x20,
    0x8, 0xf9, 0x0, 0x0, 0x0, 0x4f, 0xc0, 0x8,
    0xe4, 0x0, 0x5f, 0xa0, 0x0, 0xcf, 0x60, 0x9,
    0xf5, 0x1, 0xef, 0x70, 0x0, 0x0, 0x0, 0xef,
    0x20, 0xcf, 0x20, 0x3, 0xff, 0x93, 0x1, 0xef,
    0xcb, 0xdf, 0xdb, 0xff, 0xff, 0xcb, 0xbb, 0xbb,
    0xbd, 0xfd, 0x8e, 0xf1, 0x0, 0x7, 0xef, 0xfb,
    0x2, 0xbf, 0xff, 0xff, 0xfe, 0x82, 0xbf, 0xff,
    0xff, 0xff, 0xff, 0xfc, 0xef, 0x20, 0x0, 0x0,
    0x4e, 0xf4, 0x0, 0x0, 0x0, 0x0, 0x0, 0x0,
    0x0, 0x0, 0x0, 0x0, 0x0, 0xb, 0xfc, 0x10,
    0x0, 0x4, 0xef, 0x30, 0x0, 0x0, 0x0, 0x0,
    0x0, 0x0, 0x0, 0x0, 0x0, 0x0, 0x0, 0x3f,
    0xff, 0xff, 0xff, 0xff, 0xa0, 0x0, 0x0, 0x0,
    0x0, 0x0, 0x0, 0x0, 0x0, 0x0, 0x0, 0x0,
    0x0, 0x39, 0xbb, 0xbb, 0xa9, 0x40, 0x0, 0x0,
    0x0, 0x0, 0x0, 0x0, 0x0, 0x0, 0x0, 0x0,
    0x0, 0x0, 0x0, 0x0, 0x0, 0x0, 0x0, 0x0,
    0x0, 0x0, 0x0, 0x0, 0x0, 0x0, 0x0, 0x0,
    0x0, 0x0, 0x0, 0x0, 0x0, 0xdb, 0x3f, 0x70,
    0x0, 0x0, 0x0, 0x0, 0x0, 0x0, 0x0, 0x0,
    0x0, 0x0, 0x0, 0x0, 0x0, 0x0, 0xf, 0xd4,
    0xf8, 0x0, 0x0, 0x0, 0x0, 0x0, 0x0, 0x0,
    0x0, 0x0, 0x0, 0x0, 0x0, 0x0, 0x0, 0x0,
    0x10, 0x2, 0x0, 0x0, 0x0, 0x0, 0x0, 0x0,
    0x0, 0x0, 0x0, 0x0, 0x0, 0x0, 0x0, 0x0,

    /* U+FD5B "ﵛ" */
    0x0, 0x0, 0x0, 0x0, 0x0, 0x0, 0x0, 0x0,
    0x5, 0xcf, 0xfb, 0x20, 0x0, 0x8d, 0xff, 0xb2,
    0x0, 0x0, 0x0, 0x0, 0x0, 0x0, 0x0, 0x0,
    0x0, 0x5, 0xff, 0xcd, 0xfe, 0x10, 0xe, 0xdb,
    0xdf, 0xe0, 0x0, 0x0, 0x0, 0x0, 0x3, 0xcf,
    0xc2, 0x0, 0x0, 0xaf, 0x50, 0xb, 0xf7, 0x0,
    0x10, 0x0, 0xdf, 0x50, 0x0, 0x0, 0x0, 0x5,
    0xff, 0xff, 0xd0, 0x0, 0xd, 0xf2, 0x0, 0x7f,
    0xa0, 0x0, 0x0, 0x7, 0xf9, 0x0, 0x0, 0x0,
    0x1, 0xff, 0x40, 0x9f, 0x90, 0x0, 0xcf, 0x20,
    0x8, 0xf9, 0x0, 0x0, 0x0, 0x4f, 0xc0, 0x8,
    0xe4, 0x0, 0x5f, 0xa0, 0x0, 0xcf, 0x60, 0x9,
    0xf5, 0x1, 0xef, 0x70, 0x0, 0x0, 0x0, 0xef,
    0x20, 0xcf, 0x20, 0x3, 0xff, 0x93, 0x1, 0xef,
    0xcb, 0xdf, 0xdb, 0xff, 0xff, 0xcb, 0xbb, 0xbb,
    0xbd, 0xfd, 0x8e, 0xf1, 0x0, 0x7, 0xef, 0xfb,
    0x2, 0xbf, 0xff, 0xff, 0xfe, 0x82, 0xbf, 0xff,
    0xff, 0xff, 0xff, 0xfc, 0xef, 0x20, 0x0, 0x0,
    0x4e, 0xf4, 0x0, 0x0, 0x0, 0x0, 0x0, 0x0,
    0x0, 0x0, 0x0, 0x0, 0x0, 0xb, 0xfc, 0x10,
    0x0, 0x4, 0xef, 0x30, 0x0, 0x0, 0x0, 0x0,
    0x0, 0x0, 0x0, 0x0, 0x0, 0x0, 0x0, 0x3f,
    0xff, 0xff, 0xff, 0xff, 0xa0, 0x0, 0x0, 0x0,
    0x0, 0x0, 0x0, 0x0, 0x0, 0x0, 0x0, 0x0,
    0x0, 0x39, 0xbb, 0xbb, 0xa9, 0x40, 0x0, 0x0,
    0x0, 0x0, 0x0, 0x0, 0x0, 0x0, 0x0, 0x0,
    0x0, 0x0,

    /* U+FD5C "ﵜ" */
    0x1, 0xae, 0xff, 0xb2, 0x0, 0x5, 0xcf, 0xfe,
    0x70, 0x0, 0x0, 0x0, 0x0, 0x0, 0x0, 0x0,
    0xef, 0x20, 0xd, 0xb8, 0xcf, 0xd0, 0x0, 0x5e,
    0x99, 0xff, 0x60, 0x0, 0xa, 0xc1, 0x0, 0x9c,
    0x20, 0xe, 0xf2, 0x0, 0x0, 0x0, 0xdf, 0x40,
    0x0, 0x0, 0x5, 0xfd, 0x0, 0x0, 0xef, 0x20,
    0xd, 0xf3, 0x0, 0xef, 0x20, 0x0, 0x0, 0x8,
    0xf8, 0x0, 0x0, 0x0, 0xf, 0xf0, 0x0, 0xe,
    0xf2, 0x0, 0xdf, 0x30, 0xe, 0xf2, 0x0, 0x0,
    0x0, 0x4f, 0xb0, 0x0, 0x0, 0x0, 0xbf, 0x40,
    0x0, 0xef, 0x20, 0xd, 0xf3, 0x0, 0xef, 0x20,
    0x0, 0x0, 0x0, 0xff, 0x10, 0x0, 0x0, 0x6,
    0xfa, 0x0, 0xe, 0xf2, 0x1, 0xff, 0x70, 0xe,
    0xf2, 0x1b, 0xbb, 0xbb, 0xbe, 0xfd, 0xbb, 0xbb,
    0xbb, 0xbf, 0xfb, 0xbb, 0xff, 0xcb, 0xef, 0xff,
    0xcb, 0xff, 0x22, 0xff, 0xff, 0xff, 0xff, 0xff,
    0xff, 0xff, 0xff, 0xff, 0xff, 0xff, 0xff, 0xff,
    0xb2, 0x8e, 0xff, 0xf2, 0x0, 0x0, 0x0, 0x0,
    0x0, 0x0, 0x0, 0x0, 0x0, 0x0, 0x0, 0x0,
    0x0, 0x0, 0x0, 0x0, 0x0, 0x0, 0x0, 0x1,
    0x10, 0x0, 0x0, 0x0, 0x0, 0x0, 0x0, 0x0,
    0x0, 0x0, 0x0, 0x0, 0x0, 0x0, 0x0, 0x0,
    0x0, 0xfd, 0x0, 0x0, 0x0, 0x0, 0x0, 0x0,
    0x0, 0x0, 0x0, 0x0, 0x0, 0x0, 0x0, 0x0,
    0x0, 0x0, 0xd, 0xb0, 0x0, 0x0, 0x0, 0x0,
    0x0, 0x0, 0x0, 0x0, 0x0, 0x0, 0x0, 0x0,
    0x0, 0x0,

    /* U+FD5D "ﵝ" */
    0x1, 0xae, 0xff, 0xb2, 0x0, 0x5, 0xcf, 0xfe,
    0x70, 0x0, 0x0, 0x0, 0x0, 0x0, 0x0, 0x0,
    0xef, 0x20, 0xd, 0xb8, 0xcf, 0xd0, 0x0, 0x5e,
    0x99, 0xff, 0x60, 0x0, 0xa, 0xc1, 0x0, 0x9c,
    0x20, 0xe, 0xf2, 0x0, 0x0, 0x0, 0xdf, 0x40,
    0x0, 0x0, 0x5, 0xfd, 0x0, 0x0, 0xef, 0x20,
    0xd, 0xf3, 0x0, 0xef, 0x20, 0x0, 0x0, 0x8,
    0xf8, 0x0, 0x0, 0x0, 0xf, 0xf0, 0x0, 0xe,
    0xf2, 0x0, 0xdf, 0x30, 0xe, 0xf2, 0x0, 0x0,
    0x0, 0x4f, 0xb0, 0x0, 0x0, 0x0, 0xbf, 0x40,
    0x0, 0xef, 0x20, 0xd, 0xf3, 0x0, 0xef, 0x20,
    0x0, 0x0, 0x0, 0xff, 0x10, 0x0, 0x0, 0x6,
    0xfa, 0x0, 0xe, 0xf2, 0x1, 0xff, 0x70, 0xe,
    0xf2, 0x1b, 0xbb, 0xbb, 0xbe, 0xfd, 0xbb, 0xbb,
    0xbb, 0xbf, 0xfb, 0xbb, 0xff, 0xcb, 0xef, 0xff,
    0xcb, 0xff, 0x22, 0xff, 0xff, 0xff, 0xff, 0xff,
    0xff, 0xff, 0xff, 0xff, 0xff, 0xff, 0xff, 0xff,
    0xb2, 0x8e, 0xff, 0xf2, 0x0, 0x0, 0x0, 0x0,
    0x0, 0x0, 0x0, 0x0, 0x0, 0x0, 0x0, 0x0,
    0x0, 0x0, 0x0, 0x0, 0x0, 0x0, 0x0, 0x0,
    0x0, 0x0, 0x0, 0x0, 0x2, 0x0, 0x0, 0x0,
    0x0, 0x0, 0x0, 0x0, 0x0, 0x0, 0x0, 0x0,
    0x0, 0x0, 0x0, 0x0, 0x0, 0x7, 0xf5, 0x0,
    0x0, 0x0, 0x0, 0x0, 0x0, 0x0, 0x0, 0x0,
    0x0, 0x0, 0x0, 0x0, 0x0, 0x0, 0x0, 0x5f,
    0x40, 0x0, 0x0, 0x0, 0x0, 0x0, 0x0, 0x0,
    0x0, 0x0,

    /* U+FD5E "ﵞ" */
    0x0, 0x0, 0x0, 0x0, 0x0, 0x0, 0x0, 0x2,
    0xbe, 0xff, 0xa1, 0x0, 0x0, 0x0, 0x0, 0x0,
    0x0, 0x0, 0x9f, 0x70, 0x0, 0x0, 0x0, 0x0,
    0x0, 0x0, 0x0, 0x0, 0x1f, 0xa8, 0xdf, 0xb0,
    0x0, 0x6, 0xc5, 0x0, 0x5c, 0x60, 0x9, 0xf7,
    0x0, 0x0, 0x0, 0x0, 0x3, 0xcf, 0xc2, 0x0,
    0x0, 0x10, 0x1, 0xff, 0x20, 0x0, 0x9f, 0x70,
    0x7, 0xf9, 0x0, 0x9f, 0x70, 0x0, 0x0, 0x0,
    0x5, 0xff, 0xff, 0xd0, 0x0, 0x0, 0x0, 0xa,
    0xf5, 0x0, 0x9, 0xf7, 0x0, 0x7f, 0x90, 0x9,
    0xf7, 0x0, 0x0, 0x0, 0x1, 0xff, 0x40, 0x9f,
    0x90, 0x0, 0x0, 0x0, 0x7f, 0x90, 0x0, 0x9f,
    0x70, 0x7, 0xf9, 0x0, 0x9f, 0x70, 0x8, 0xe4,
    0x0, 0x5f, 0xa0, 0x0, 0xcf, 0x60, 0x0, 0x0,
    0x2, 0xfe, 0x0, 0x9, 0xf7, 0x0, 0xbf, 0xb0,
    0x9, 0xf7, 0x0, 0xcf, 0x20, 0x3, 0xff, 0x94,
    0x1, 0xef, 0xcb, 0xbb, 0xbb, 0xbe, 0xfc, 0xbb,
    0xef, 0xdb, 0xdf, 0xff, 0xdb, 0xef, 0xdb, 0x6e,
    0xf1, 0x0, 0x7, 0xef, 0xfb, 0x2, 0xbf, 0xff,
    0xff, 0xff, 0xff, 0xff, 0xff, 0xff, 0xff, 0xd4,
    0x5d, 0xff, 0xff, 0xf9, 0xef, 0x20, 0x0, 0x0,
    0x4e, 0xf4, 0x0, 0x0, 0x0, 0x0, 0x0, 0x0,
    0x0, 0x0, 0x0, 0x0, 0x0, 0x0, 0x0, 0x0,
    0xb, 0xfc, 0x10, 0x0, 0x4, 0xef, 0x30, 0x0,
    0x0, 0x6, 0x30, 0x0, 0x0, 0x0, 0x0, 0x0,
    0x0, 0x0, 0x0, 0x0, 0x0, 0x3f, 0xff, 0xff,
    0xff, 0xff, 0xa0, 0x0, 0x0, 0x3, 0xfb, 0x0,
    0x0, 0x0, 0x0, 0x0, 0x0, 0x0, 0x0, 0x0,
    0x0, 0x0, 0x29, 0xbb, 0xbb, 0xa8, 0x40, 0x0,
    0x0, 0x0, 0x9, 0x50, 0x0, 0x0, 0x0, 0x0,
    0x0, 0x0, 0x0, 0x0, 0x0, 0x0,

    /* U+FD5F "ﵟ" */
    0x8, 0xcf, 0xfd, 0x60, 0x0, 0x0, 0x3a, 0xef,
    0xc5, 0x0, 0x0, 0x0, 0x0, 0x0, 0x0, 0x0,
    0xaf, 0x60, 0x0, 0xdf, 0xcd, 0xff, 0x60, 0x0,
    0x1f, 0xfe, 0xcf, 0xf4, 0x0, 0x7, 0xc5, 0x0,
    0x6c, 0x60, 0xa, 0xf6, 0x0, 0x2, 0x0, 0x5,
    0xfe, 0x0, 0x5, 0xfa, 0x0, 0x7f, 0xc0, 0x0,
    0xaf, 0x60, 0x8, 0xf8, 0x0, 0xaf, 0x60, 0x0,
    0x0, 0x0, 0xd, 0xf1, 0x0, 0x8f, 0x60, 0x2,
    0xff, 0x0, 0xa, 0xf6, 0x0, 0x8f, 0x80, 0xa,
    0xf6, 0x0, 0x0, 0x0, 0x0, 0x8f, 0x60, 0x7,
    0xf7, 0x0, 0x3f, 0xe0, 0x0, 0xaf, 0x60, 0x8,
    0xf7, 0x0, 0xaf, 0x60, 0x0, 0x0, 0x4, 0x9e,
    0xfd, 0x0, 0x4f, 0x90, 0xa, 0xfc, 0x0, 0xa,
    0xf6, 0x0, 0xcf, 0xb0, 0xa, 0xf6, 0x0, 0x0,
    0x3d, 0xff, 0xcc, 0xfd, 0xbb, 0xff, 0xbd, 0xff,
    0xfd, 0xbb, 0xef, 0xdb, 0xdf, 0xff, 0xdb, 0xef,
    0xdb, 0x60, 0x5f, 0xf7, 0x10, 0x1a, 0xff, 0xff,
    0xff, 0xfa, 0x38, 0xef, 0xff, 0xff, 0xff, 0xc3,
    0x5d, 0xff, 0xff, 0xf9, 0xf, 0xf3, 0x0, 0x0,
    0x0, 0x0, 0x0, 0x0, 0x0, 0x0, 0x0, 0x0,
    0x0, 0x0, 0x0, 0x0, 0x0, 0x0, 0x4, 0xfc,
    0x0, 0x0, 0x0, 0x0, 0x0, 0x0, 0x0, 0x0,
    0x0, 0x0, 0x0, 0x0, 0x0, 0x0, 0x0, 0x0,
    0x0, 0x3f, 0xf1, 0x0, 0x0, 0x0, 0x0, 0x0,
    0x0, 0x0, 0x0, 0x0, 0x0, 0x0, 0x0, 0x0,
    0x0, 0x0, 0x0, 0x0, 0xdf, 0xfb, 0xce, 0x30,
    0x0, 0x0, 0x0, 0x0, 0x0, 0x0, 0x0, 0x0,
    0x0, 0x0, 0x0, 0x0, 0x0, 0x0, 0x1, 0xae,
    0xfe, 0xb2, 0x0, 0x0, 0x0, 0x0, 0x0, 0x0,
    0x0, 0x0, 0x0, 0x0, 0x0, 0x0, 0x0, 0x0,
    0x0,

    /* U+FD60 "ﵠ" */
    0x1, 0xae, 0xff, 0xb2, 0x0, 0x0, 0x7, 0xdf,
    0xe8, 0x0, 0x0, 0x0, 0x0, 0x0, 0x0, 0x0,
    0x4f, 0xc0, 0xe, 0xdc, 0xef, 0xd0, 0x0, 0xa,
    0xff, 0xcf, 0xfb, 0x0, 0x2, 0xc9, 0x0, 0x1c,
    0xa0, 0x4, 0xfc, 0x0, 0x0, 0x1, 0xef, 0x40,
    0x0, 0xff, 0x10, 0x2f, 0xf2, 0x0, 0x3f, 0xd0,
    0x2, 0xfe, 0x0, 0x4f, 0xc0, 0x0, 0x0, 0x8,
    0xf8, 0x0, 0x2f, 0xd0, 0x0, 0xcf, 0x50, 0x3,
    0xfd, 0x0, 0x2f, 0xe0, 0x4, 0xfc, 0x0, 0x0,
    0x0, 0x5f, 0xb0, 0x1, 0xfd, 0x0, 0xc, 0xf5,
    0x0, 0x3f, 0xd0, 0x2, 0xfe, 0x0, 0x4f, 0xc0,
    0x0, 0x0, 0x0, 0xff, 0x10, 0xe, 0xf0, 0x4,
    0xff, 0x20, 0x3, 0xfd, 0x0, 0x6f, 0xf2, 0x4,
    0xfc, 0x1b, 0xbb, 0xbb, 0xbe, 0xfd, 0xbb, 0xef,
    0xcc, 0xff, 0xfe, 0xcb, 0xcf, 0xfb, 0xbf, 0xff,
    0xfb, 0xcf, 0xc2, 0xff, 0xff, 0xff, 0xff, 0xff,
    0xff, 0xff, 0xfd, 0x64, 0xdf, 0xff, 0xff, 0xff,
    0xe7, 0x2b, 0xff, 0xfc,

    /* U+FD61 "ﵡ" */
    0x1, 0xae, 0xff, 0xb2, 0x0, 0x0, 0x7, 0xdf,
    0xe8, 0x0, 0x0, 0x0, 0x0, 0x0, 0x0, 0x0,
    0x4f, 0xc0, 0xe, 0xdc, 0xef, 0xd0, 0x0, 0xa,
    0xff, 0xcf, 0xfb, 0x0, 0x2, 0xc9, 0x0, 0x1c,
    0xa0, 0x4, 0xfc, 0x0, 0x0, 0x1, 0xef, 0x40,
    0x0, 0xff, 0x10, 0x2f, 0xf2, 0x0, 0x3f, 0xd0,
    0x2, 0xfe, 0x0, 0x4f, 0xc0, 0x0, 0x0, 0x8,
    0xf8, 0x0, 0x2f, 0xd0, 0x0, 0xcf, 0x50, 0x3,
    0xfd, 0x0, 0x2f, 0xe0, 0x4, 0xfc, 0x0, 0x0,
    0x0, 0x5f, 0xb0, 0x1, 0xfd, 0x0, 0xc, 0xf5,
    0x0, 0x3f, 0xd0, 0x2, 0xfe, 0x0, 0x4f, 0xc0,
    0x0, 0x0, 0x0, 0xff, 0x10, 0xe, 0xf0, 0x4,
    0xff, 0x20, 0x3, 0xfd, 0x0, 0x6f, 0xf2, 0x4,
    0xfc, 0x1b, 0xbb, 0xbb, 0xbe, 0xfd, 0xbb, 0xef,
    0xcc, 0xff, 0xfe, 0xcb, 0xcf, 0xfb, 0xbf, 0xff,
    0xfb, 0xcf, 0xc2, 0xff, 0xff, 0xff, 0xff, 0xff,
    0xff, 0xff, 0xfd, 0x64, 0xdf, 0xff, 0xff, 0xff,
    0xe7, 0x2b, 0xff, 0xfc, 0x0, 0x0, 0x0, 0x0,
    0x0, 0x0, 0x0, 0x0, 0x0, 0x0, 0x0, 0x0,
    0x0, 0x0, 0x0, 0x0, 0x0, 0x0, 0x0, 0x1,
    0x10, 0x0, 0x0, 0x0, 0x0, 0x0, 0x0, 0x0,
    0x0, 0x0, 0x0, 0x0, 0x0, 0x0, 0x0, 0x0,
    0x0, 0xfd, 0x0, 0x0, 0x0, 0x0, 0x0, 0x0,
    0x0, 0x0, 0x0, 0x0, 0x0, 0x0, 0x0, 0x0,
    0x0, 0x0, 0xd, 0xb0, 0x0, 0x0, 0x0, 0x0,
    0x0, 0x0, 0x0, 0x0, 0x0, 0x0, 0x0, 0x0,
    0x0, 0x0,

    /* U+FD62 "ﵢ" */
    0x0, 0x19, 0xef, 0xd6, 0x0, 0x0, 0x7, 0xdf,
    0xe8, 0x0, 0x0, 0x0, 0x0, 0x0, 0x0, 0x0,
    0x4f, 0xc0, 0x0, 0xd, 0xfe, 0xcf, 0xf7, 0x0,
    0xa, 0xff, 0xcf, 0xfb, 0x0, 0x2, 0xc9, 0x0,
    0x1c, 0xa0, 0x4, 0xfc, 0x0, 0x2, 0xfc, 0x0,
    0x4f, 0xe0, 0x0, 0xff, 0x10, 0x2f, 0xf2, 0x0,
    0x3f, 0xd0, 0x2, 0xfe, 0x0, 0x4f, 0xc0, 0x0,
    0x5f, 0x90, 0x0, 0xff, 0x20, 0x2f, 0xd0, 0x0,
    0xcf, 0x50, 0x3, 0xfd, 0x0, 0x2f, 0xe0, 0x4,
    0xfc, 0x0, 0x5, 0xfa, 0x0, 0xf, 0xf1, 0x1,
    0xfd, 0x0, 0xc, 0xf5, 0x0, 0x3f, 0xd0, 0x2,
    0xfe, 0x0, 0x4f, 0xc0, 0x0, 0x2f, 0xc0, 0x8,
    0xff, 0x0, 0xe, 0xf0, 0x4, 0xff, 0x20, 0x3,
    0xfd, 0x0, 0x6f, 0xf2, 0x4, 0xfc, 0x0, 0x19,
    0xff, 0xbd, 0xff, 0xfe, 0xbb, 0xef, 0xcc, 0xff,
    0xfe, 0xcb, 0xcf, 0xfb, 0xbf, 0xff, 0xfb, 0xcf,
    0xeb, 0xab, 0xff, 0xff, 0xfc, 0x46, 0xdf, 0xff,
    0xff, 0xfd, 0x64, 0xdf, 0xff, 0xff, 0xff, 0xe7,
    0x2b, 0xff, 0xff, 0xff, 0xff, 0x40, 0x0, 0x0,
    0x0, 0x0, 0x0, 0x0, 0x0, 0x0, 0x0, 0x0,
    0x0, 0x0, 0x0, 0x0, 0x0, 0x0, 0xf, 0xf1,
    0x0, 0x0, 0x0, 0x0, 0x0, 0x0, 0x0, 0x0,
    0x0, 0x0, 0x0, 0x0, 0x0, 0x0, 0x0, 0x0,
    0x0, 0xff, 0x10, 0x0, 0x0, 0x0, 0x0, 0x0,
    0x0, 0x0, 0x0, 0x0, 0x0, 0x0, 0x0, 0x0,
    0x0, 0x0, 0x0, 0xf, 0xf1, 0x0, 0x0, 0x0,
    0x0, 0x0, 0x0, 0x0, 0x0, 0x0, 0x0, 0x0,
    0x0, 0x0, 0x0, 0x0, 0x0, 0x0, 0xff, 0x10,
    0x0, 0x0, 0x0, 0x0, 0x0, 0x0, 0x0, 0x0,
    0x0, 0x0, 0x0, 0x0, 0x0, 0x0, 0x0, 0x0,
    0x1, 0x20, 0x0, 0x0, 0x0, 0x0, 0x0, 0x0,
    0x0, 0x0, 0x0, 0x0, 0x0, 0x0, 0x0, 0x0,
    0x0, 0x0, 0x0,

    /* U+FD63 "ﵣ" */
    0x0, 0x4, 0xbf, 0xfc, 0x30, 0x0, 0x2, 0xae,
    0xfd, 0x50, 0x0, 0x0, 0x0, 0x0, 0x0, 0x0,
    0x9, 0xf7, 0x0, 0x3f, 0xfd, 0xdf, 0xf2, 0x0,
    0xf, 0xfe, 0xcf, 0xf5, 0x0, 0x6, 0xc5, 0x0,
    0x6c, 0x60, 0x9, 0xf7, 0x0, 0x8f, 0x70, 0xa,
    0xf9, 0x0, 0x5f, 0xa0, 0x7, 0xfd, 0x0, 0x9,
    0xf7, 0x0, 0x8f, 0x80, 0x9, 0xf7, 0x0, 0xaf,
    0x40, 0x4, 0xfc, 0x0, 0x7f, 0x70, 0x1, 0xff,
    0x0, 0x9, 0xf7, 0x0, 0x8f, 0x80, 0x9, 0xf7,
    0x0, 0xaf, 0x40, 0x5, 0xfc, 0x0, 0x7f, 0x70,
    0x2, 0xff, 0x0, 0x9, 0xf7, 0x0, 0x8f, 0x80,
    0x9, 0xf7, 0x0, 0x7f, 0x70, 0xc, 0xfa, 0x0,
    0x4f, 0xa0, 0xa, 0xfd, 0x0, 0x9, 0xf7, 0x0,
    0xbf, 0xb0, 0x9, 0xf7, 0x1b, 0xcf, 0xeb, 0xef,
    0xff, 0xcb, 0xbf, 0xfb, 0xdf, 0xff, 0xdb, 0xbe,
    0xfd, 0xbd, 0xff, 0xfd, 0xbe, 0xf7, 0x2f, 0xff,
    0xff, 0xe9, 0x2a, 0xef, 0xff, 0xff, 0xfb, 0x38,
    0xef, 0xff, 0xff, 0xff, 0xd4, 0x5d, 0xff, 0xf7,

    /* U+FD64 "ﵤ" */
    0x6, 0xbf, 0xfd, 0x60, 0x0, 0x8, 0xdf, 0xfc,
    0x30, 0x0, 0x5, 0xb6, 0x4, 0xcf, 0xfc, 0x40,
    0x0, 0xe, 0xfc, 0xcf, 0xf6, 0x0, 0xd, 0xeb,
    0xdf, 0xf1, 0x0, 0x7, 0xf9, 0x5f, 0xeb, 0xef,
    0xf3, 0x0, 0x3, 0x10, 0x5, 0xfe, 0x0, 0x2,
    0x0, 0xc, 0xf7, 0x0, 0x7, 0xfa, 0xf7, 0x0,
    0xb, 0xf9, 0x0, 0x0, 0x0, 0x0, 0xdf, 0x10,
    0x0, 0x0, 0x6, 0xfa, 0x0, 0x7, 0xff, 0x70,
    0x0, 0x4, 0xfc, 0x0, 0x0, 0x0, 0x0, 0x9f,
    0x60, 0x0, 0x0, 0x2, 0xfe, 0x0, 0x7, 0xfd,
    0x0, 0x0, 0x3, 0xfd, 0x0, 0x0, 0x0, 0x39,
    0xef, 0xd0, 0x0, 0x0, 0x0, 0xdf, 0x30, 0x7,
    0xf9, 0x0, 0x0, 0x3, 0xfd, 0x0, 0x0, 0x3c,
    0xff, 0xcc, 0xfd, 0xbb, 0xbb, 0xbb, 0xdf, 0xeb,
    0xbd, 0xfd, 0xbb, 0xbb, 0xbc, 0xff, 0xba, 0x4,
    0xff, 0x71, 0x1, 0xaf, 0xff, 0xff, 0xff, 0xff,
    0xff, 0xff, 0xff, 0xff, 0xff, 0xff, 0xff, 0xff,
    0xe, 0xf3, 0x0, 0x0, 0x0, 0x0, 0x0, 0x0,
    0x0, 0x0, 0x0, 0x0, 0x0, 0x0, 0x0, 0x0,
    0x0, 0x4f, 0xc0, 0x0, 0x0, 0x0, 0x0, 0x0,
    0x0, 0x0, 0x0, 0x0, 0x0, 0x0, 0x0, 0x0,
    0x0, 0x0, 0x3f, 0xf1, 0x0, 0x0, 0x0, 0x0,
    0x0, 0x0, 0x0, 0x0, 0x0, 0x0, 0x0, 0x0,
    0x0, 0x0, 0x0, 0xd, 0xff, 0xbc, 0xe3, 0x0,
    0x0, 0x0, 0x0, 0x0, 0x0, 0x0, 0x0, 0x0,
    0x0, 0x0, 0x0, 0x0, 0x1, 0xae, 0xfe, 0xb2,
    0x0, 0x0, 0x0, 0x0, 0x0, 0x0, 0x0, 0x0,
    0x0, 0x0, 0x0, 0x0, 0x0,

    /* U+FD65 "ﵥ" */
    0x1, 0x9d, 0xff, 0xb2, 0x0, 0x4, 0xbe, 0xfe,
    0x70, 0x0, 0x1, 0xba, 0x1, 0x9e, 0xfe, 0x80,
    0x0, 0xe, 0xeb, 0xef, 0xd0, 0x0, 0x6f, 0xcc,
    0xff, 0x60, 0x0, 0x1f, 0xf1, 0xdf, 0xcc, 0xff,
    0x90, 0x0, 0x20, 0x1, 0xef, 0x40, 0x0, 0x10,
    0x6, 0xfd, 0x0, 0x1, 0xff, 0xab, 0x10, 0x5,
    0xff, 0x0, 0x0, 0x0, 0x8, 0xf8, 0x0, 0x0,
    0x0, 0xf, 0xf0, 0x0, 0x1f, 0xfd, 0x0, 0x0,
    0xe, 0xf2, 0x0, 0x0, 0x0, 0x5f, 0xb0, 0x0,
    0x0, 0x0, 0xcf, 0x40, 0x1, 0xff, 0x30, 0x0,
    0x0, 0xdf, 0x30, 0x0, 0x0, 0x0, 0xff, 0x10,
    0x0, 0x0, 0x7, 0xfa, 0x0, 0x1f, 0xf0, 0x0,
    0x0, 0xd, 0xf3, 0x1b, 0xbb, 0xbb, 0xbe, 0xfd,
    0xbb, 0xbb, 0xbb, 0xbf, 0xfb, 0xbb, 0xff, 0xbb,
    0xbb, 0xbb, 0xff, 0x32, 0xff, 0xff, 0xff, 0xff,
    0xff, 0xff, 0xff, 0xff, 0xff, 0xff, 0xff, 0xff,
    0xff, 0xff, 0xff, 0xf3,

    /* U+FD66 "ﵦ" */
    0x0, 0x0, 0x1, 0x0, 0x0, 0x0, 0x0, 0x1,
    0x0, 0x0, 0x0, 0x1, 0x10, 0x2, 0x66, 0x30,
    0x0, 0x0, 0x0, 0x2a, 0xff, 0xf8, 0x0, 0x0,
    0x19, 0xef, 0xfa, 0x10, 0x0, 0x7f, 0x90, 0x9f,
    0xff, 0xfa, 0x0, 0x0, 0x0, 0xef, 0x85, 0xcf,
    0x80, 0x0, 0xaf, 0x95, 0xaf, 0xb0, 0x0, 0x7f,
    0x99, 0xf8, 0x57, 0xff, 0x60, 0x0, 0x3, 0xfb,
    0x0, 0x1f, 0xf0, 0x0, 0xfe, 0x0, 0xe, 0xf3,
    0x0, 0x7f, 0xce, 0x20, 0x0, 0x7f, 0xb0, 0x0,
    0x5, 0xf9, 0x0, 0xf, 0xf2, 0x2, 0xfc, 0x0,
    0xb, 0xf5, 0x0, 0x7f, 0xf5, 0x0, 0x0, 0x3f,
    0xd0, 0x0, 0x4, 0xfa, 0x0, 0x1f, 0xf1, 0x1,
    0xfd, 0x0, 0xd, 0xf5, 0x0, 0x7f, 0xd0, 0x0,
    0x0, 0x3f, 0xd0, 0x0, 0x2, 0xfd, 0x0, 0x8f,
    0xf0, 0x0, 0xef, 0x0, 0x5f, 0xf3, 0x0, 0x7f,
    0x90, 0x0, 0x0, 0x3f, 0xd0, 0x0, 0x19, 0xff,
    0xbd, 0xff, 0xfe, 0xbb, 0xef, 0xcc, 0xff, 0xff,
    0xcb, 0xdf, 0xeb, 0xbb, 0xbb, 0xcf, 0xfb, 0xb0,
    0xbf, 0xff, 0xff, 0xc4, 0x6d, 0xff, 0xff, 0xff,
    0xd6, 0x4d, 0xff, 0xff, 0xff, 0xff, 0xff, 0xff,
    0xff, 0xf0, 0xff, 0x40, 0x0, 0x0, 0x0, 0x0,
    0x0, 0x0, 0x0, 0x0, 0x0, 0x0, 0x0, 0x0,
    0x0, 0x0, 0x0, 0x0, 0xff, 0x10, 0x0, 0x0,
    0x0, 0x0, 0x0, 0x0, 0x0, 0x0, 0x0, 0x0,
    0x0, 0x0, 0x0, 0x0, 0x0, 0x0, 0xff, 0x10,
    0x0, 0x0, 0x0, 0x0, 0x0, 0x0, 0x0, 0x0,
    0x0, 0x0, 0x0, 0x0, 0x0, 0x0, 0x0, 0x0,
    0xff, 0x10, 0x0, 0x0, 0x0, 0x0, 0x0, 0x0,
    0x0, 0x0, 0x0, 0x0, 0x0, 0x0, 0x0, 0x0,
    0x0, 0x0, 0xff, 0x10, 0x0, 0x0, 0x0, 0x0,
    0x0, 0x0, 0x0, 0x0, 0x0, 0x0, 0x0, 0x0,
    0x0, 0x0, 0x0, 0x0, 0x12, 0x0, 0x0, 0x0,
    0x0, 0x0, 0x0, 0x0, 0x0, 0x0, 0x0, 0x0,
    0x0, 0x0, 0x0, 0x0, 0x0, 0x0,

    /* U+FD67 "ﵧ" */
    0x0, 0x0, 0x0, 0x0, 0x0, 0x0, 0x0, 0x0,
    0x0, 0x0, 0x0, 0x0, 0x0, 0x8, 0xe0, 0x0,
    0x0, 0x0, 0x0, 0x0, 0x0, 0x0, 0x0, 0x0,
    0x0, 0x0, 0x0, 0x0, 0x0, 0x0, 0x0, 0x1,
    0x7c, 0x20, 0x0, 0x0, 0x0, 0x0, 0x0, 0x0,
    0x0, 0x0, 0x0, 0x0, 0x0, 0x0, 0x0, 0x0,
    0x0, 0x1, 0xfc, 0x5f, 0x70, 0x0, 0x0, 0x0,
    0x0, 0x0, 0x0, 0x0, 0x0, 0x0, 0x0, 0x0,
    0x0, 0x0, 0x0, 0x0, 0xe, 0xa3, 0xf6, 0x0,
    0x0, 0x0, 0x0, 0x19, 0xef, 0xd6, 0x0, 0x5,
    0xcf, 0xfe, 0x70, 0x0, 0x0, 0x0, 0x0, 0x0,
    0x0, 0x0, 0xef, 0x20, 0x0, 0xd, 0xfb, 0x8e,
    0xf7, 0x0, 0x5e, 0x99, 0xff, 0x60, 0x0, 0xa,
    0xc1, 0x0, 0x9c, 0x20, 0xe, 0xf2, 0x0, 0x2,
    0xfb, 0x0, 0x2f, 0xe0, 0x0, 0x0, 0x5, 0xfd,
    0x0, 0x0, 0xef, 0x20, 0xd, 0xf3, 0x0, 0xef,
    0x20, 0x0, 0x5f, 0x90, 0x0, 0xff, 0x20, 0x0,
    0x0, 0xf, 0xf0, 0x0, 0xe, 0xf2, 0x0, 0xdf,
    0x30, 0xe, 0xf2, 0x0, 0x5, 0xfa, 0x0, 0xf,
    0xf1, 0x0, 0x0, 0x0, 0xbf, 0x40, 0x0, 0xef,
    0x20, 0xd, 0xf3, 0x0, 0xef, 0x20, 0x0, 0x2f,
    0xc0, 0x8, 0xff, 0x0, 0x0, 0x0, 0x6, 0xfa,
    0x0, 0xe, 0xf2, 0x1, 0xff, 0x70, 0xe, 0xf2,
    0x0, 0x19, 0xff, 0xbd, 0xff, 0xfe, 0xbb, 0xbb,
    0xbb, 0xbf, 0xfb, 0xbb, 0xff, 0xcb, 0xef, 0xff,
    0xcb, 0xff, 0xbb, 0x3b, 0xff, 0xff, 0xfc, 0x46,
    0xdf, 0xff, 0xff, 0xff, 0xff, 0xff, 0xff, 0xff,
    0xff, 0xb2, 0x8e, 0xff, 0xff, 0xf4, 0xff, 0x40,
    0x0, 0x0, 0x0, 0x0, 0x0, 0x0, 0x0, 0x0,
    0x0, 0x0, 0x0, 0x0, 0x0, 0x0, 0x0, 0x0,
    0xf, 0xf1, 0x0, 0x0, 0x0, 0x0, 0x0, 0x0,
    0x0, 0x0, 0x0, 0x0, 0x0, 0x0, 0x0, 0x0,
    0x0, 0x0, 0x0, 0xff, 0x10, 0x0, 0x0, 0x0,
    0x0, 0x0, 0x0, 0x0, 0x0, 0x0, 0x0, 0x0,
    0x0, 0x0, 0x0, 0x0, 0x0, 0xf, 0xf1, 0x0,
    0x0, 0x0, 0x0, 0x0, 0x0, 0x0, 0x0, 0x0,
    0x0, 0x0, 0x0, 0x0, 0x0, 0x0, 0x0, 0x0,
    0xff, 0x10, 0x0, 0x0, 0x0, 0x0, 0x0, 0x0,
    0x0, 0x0, 0x0, 0x0, 0x0, 0x0, 0x0, 0x0,
    0x0, 0x0, 0x1, 0x20, 0x0, 0x0, 0x0, 0x0,
    0x0, 0x0, 0x0, 0x0, 0x0, 0x0, 0x0, 0x0,
    0x0, 0x0, 0x0, 0x0, 0x0,

    /* U+FD68 "ﵨ" */
    0x0, 0x0, 0x0, 0x0, 0x0, 0x0, 0x0, 0x0,
    0x0, 0x0, 0x0, 0x0, 0x0, 0x0, 0xca, 0x0,
    0x0, 0x0, 0x0, 0x0, 0x0, 0x0, 0x0, 0x0,
    0x0, 0x0, 0x0, 0x0, 0x0, 0x0, 0x0, 0xa,
    0x80, 0x0, 0x0, 0x0, 0x0, 0x0, 0x0, 0x0,
    0x0, 0x0, 0x0, 0x0, 0x0, 0x0, 0x0, 0x0,
    0x4f, 0x68, 0xf2, 0x0, 0x0, 0x0, 0x0, 0x0,
    0x0, 0x0, 0x0, 0x0, 0x0, 0x0, 0x0, 0x0,
    0x0, 0x4, 0xf6, 0x8f, 0x20, 0x0, 0x0, 0x4,
    0xbf, 0xfc, 0x30, 0x0, 0x9d, 0xff, 0xc3, 0x0,
    0x0, 0x0, 0x0, 0x0, 0x0, 0x0, 0x4f, 0xc0,
    0x3, 0xff, 0xaa, 0xff, 0x20, 0xb, 0xc8, 0xaf,
    0xf1, 0x0, 0x2, 0xc9, 0x0, 0x1c, 0xa0, 0x4,
    0xfc, 0x0, 0x8f, 0x60, 0x8, 0xf9, 0x0, 0x0,
    0x0, 0xaf, 0x70, 0x0, 0x3f, 0xd0, 0x2, 0xfe,
    0x0, 0x4f, 0xc0, 0xa, 0xf4, 0x0, 0x4f, 0xc0,
    0x0, 0x0, 0x5, 0xfb, 0x0, 0x3, 0xfd, 0x0,
    0x2f, 0xe0, 0x4, 0xfc, 0x0, 0xaf, 0x40, 0x5,
    0xfc, 0x0, 0x0, 0x0, 0x1f, 0xe0, 0x0, 0x3f,
    0xd0, 0x2, 0xfe, 0x0, 0x4f, 0xc0, 0x7, 0xf7,
    0x0, 0xdf, 0xa0, 0x0, 0x0, 0x0, 0xcf, 0x40,
    0x3, 0xfd, 0x0, 0x6f, 0xf2, 0x4, 0xfc, 0x1b,
    0xcf, 0xeb, 0xef, 0xff, 0xcb, 0xbb, 0xbb, 0xbd,
    0xfe, 0xbb, 0xcf, 0xfb, 0xbf, 0xff, 0xfb, 0xcf,
    0xc2, 0xff, 0xff, 0xfe, 0x92, 0xae, 0xff, 0xff,
    0xff, 0xff, 0xff, 0xff, 0xff, 0xff, 0xe7, 0x2b,
    0xff, 0xfc,

    /* U+FD69 "ﵩ" */
    0x0, 0x0, 0x0, 0x0, 0x0, 0x0, 0x0, 0x0,
    0x0, 0x0, 0x0, 0x0, 0x0, 0x0, 0x0, 0x3,
    0xf4, 0x0, 0x0, 0x0, 0x0, 0x0, 0x0, 0x0,
    0x0, 0x0, 0x0, 0x0, 0x0, 0x0, 0x0, 0x0,
    0x0, 0x0, 0x0, 0x0, 0x4d, 0x50, 0x0, 0x0,
    0x0, 0x0, 0x0, 0x0, 0x0, 0x0, 0x0, 0x0,
    0x0, 0x0, 0x0, 0x0, 0x0, 0x0, 0x0, 0x0,
    0xbf, 0x2f, 0xd0, 0x0, 0x0, 0x0, 0x0, 0x0,
    0x0, 0x0, 0x0, 0x0, 0x0, 0x0, 0x0, 0x0,
    0x0, 0x0, 0x0, 0x0, 0x9, 0xe1, 0xdb, 0x0,
    0x0, 0x0, 0x0, 0x0, 0x0, 0x0, 0x0, 0x0,
    0x0, 0x2, 0xbe, 0xff, 0xa1, 0x0, 0x0, 0x0,
    0x0, 0x0, 0x0, 0x0, 0x9f, 0x70, 0x0, 0x0,
    0x0, 0x0, 0x0, 0x0, 0x0, 0x0, 0x1f, 0xa8,
    0xdf, 0xb0, 0x0, 0x6, 0xc5, 0x0, 0x5c, 0x60,
    0x9, 0xf7, 0x0, 0x0, 0x0, 0x0, 0x3, 0xcf,
    0xc2, 0x0, 0x0, 0x10, 0x1, 0xff, 0x20, 0x0,
    0x9f, 0x70, 0x7, 0xf9, 0x0, 0x9f, 0x70, 0x0,
    0x0, 0x0, 0x5, 0xff, 0xff, 0xd0, 0x0, 0x0,
    0x0, 0xa, 0xf5, 0x0, 0x9, 0xf7, 0x0, 0x7f,
    0x90, 0x9, 0xf7, 0x0, 0x0, 0x0, 0x1, 0xff,
    0x40, 0x9f, 0x90, 0x0, 0x0, 0x0, 0x7f, 0x90,
    0x0, 0x9f, 0x70, 0x7, 0xf9, 0x0, 0x9f, 0x70,
    0x8, 0xe4, 0x0, 0x5f, 0xa0, 0x0, 0xcf, 0x60,
    0x0, 0x0, 0x2, 0xfe, 0x0, 0x9, 0xf7, 0x0,
    0xbf, 0xb0, 0x9, 0xf7, 0x0, 0xcf, 0x20, 0x3,
    0xff, 0x94, 0x1, 0xef, 0xcb, 0xbb, 0xbb, 0xbe,
    0xfc, 0xbb, 0xef, 0xdb, 0xdf, 0xff, 0xdb, 0xef,
    0xdb, 0x6e, 0xf1, 0x0, 0x7, 0xef, 0xfb, 0x2,
    0xbf, 0xff, 0xff, 0xff, 0xff, 0xff, 0xff, 0xff,
    0xff, 0xd4, 0x5d, 0xff, 0xff, 0xf9, 0xef, 0x20,
    0x0, 0x0, 0x4e, 0xf4, 0x0, 0x0, 0x0, 0x0,
    0x0, 0x0, 0x0, 0x0, 0x0, 0x0, 0x0, 0x0,
    0x0, 0x0, 0xb, 0xfc, 0x10, 0x0, 0x4, 0xef,
    0x30, 0x0, 0x0, 0x6, 0x30, 0x0, 0x0, 0x0,
    0x0, 0x0, 0x0, 0x0, 0x0, 0x0, 0x0, 0x3f,
    0xff, 0xff, 0xff, 0xff, 0xa0, 0x0, 0x0, 0x3,
    0xfb, 0x0, 0x0, 0x0, 0x0, 0x0, 0x0, 0x0,
    0x0, 0x0, 0x0, 0x0, 0x29, 0xbb, 0xbb, 0xa8,
    0x40, 0x0, 0x0, 0x0, 0x9, 0x50, 0x0, 0x0,
    0x0, 0x0, 0x0, 0x0, 0x0, 0x0, 0x0, 0x0,
    0x0, 0x0, 0x0, 0x0, 0x0, 0x0, 0x0, 0x0,
    0x0, 0x0, 0x0, 0x0, 0x0, 0x0, 0x0, 0x0,
    0x0, 0x0, 0x0, 0x0, 0x0, 0x0, 0xdb, 0x3f,
    0x70, 0x0, 0x0, 0x0, 0x0, 0x0, 0x0, 0x0,
    0x0, 0x0, 0x0, 0x0, 0x0, 0x0, 0x0, 0x0,
    0x0, 0x0, 0xf, 0xd4, 0xf8, 0x0, 0x0, 0x0,
    0x0, 0x0, 0x0, 0x0, 0x0, 0x0, 0x0, 0x0,
    0x0, 0x0, 0x0, 0x0, 0x0, 0x0, 0x0, 0x10,
    0x2, 0x0, 0x0, 0x0, 0x0, 0x0, 0x0, 0x0,
    0x0, 0x0, 0x0, 0x0, 0x0, 0x0, 0x0, 0x0,
    0x0, 0x0,

    /* U+FD6A "ﵪ" */
    0x0, 0x9, 0xe1, 0x0, 0x0, 0x0, 0x0, 0x0,
    0x0, 0x0, 0x0, 0x0, 0x0, 0x4, 0xf3, 0x0,
    0x0, 0x0, 0x0, 0x0, 0xbf, 0x20, 0x0, 0x0,
    0x0, 0x0, 0x0, 0x0, 0x0, 0x0, 0x0, 0x0,
    0x4d, 0x40, 0x0, 0x0, 0x0, 0x0, 0x2, 0x50,
    0x0, 0x0, 0x0, 0x0, 0x0, 0x0, 0x0, 0x0,
    0x0, 0x0, 0xcf, 0x2f, 0xc0, 0x0, 0x0, 0x0,
    0x0, 0x0, 0x0, 0x0, 0x0, 0x0, 0x0, 0x0,
    0x0, 0x0, 0x0, 0x0, 0xa, 0xe1, 0xea, 0x0,
    0x0, 0x0, 0x8, 0xcf, 0xfd, 0x60, 0x0, 0x0,
    0x3a, 0xef, 0xc5, 0x0, 0x0, 0x0, 0x0, 0x0,
    0x0, 0x0, 0xaf, 0x60, 0x0, 0xdf, 0xcd, 0xff,
    0x60, 0x0, 0x1f, 0xfe, 0xcf, 0xf4, 0x0, 0x7,
    0xc5, 0x0, 0x6c, 0x60, 0xa, 0xf6, 0x0, 0x2,
    0x0, 0x5, 0xfe, 0x0, 0x5, 0xfa, 0x0, 0x7f,
    0xc0, 0x0, 0xaf, 0x60, 0x8, 0xf8, 0x0, 0xaf,
    0x60, 0x0, 0x0, 0x0, 0xd, 0xf1, 0x0, 0x8f,
    0x60, 0x2, 0xff, 0x0, 0xa, 0xf6, 0x0, 0x8f,
    0x80, 0xa, 0xf6, 0x0, 0x0, 0x0, 0x0, 0x8f,
    0x60, 0x7, 0xf7, 0x0, 0x3f, 0xe0, 0x0, 0xaf,
    0x60, 0x8, 0xf7, 0x0, 0xaf, 0x60, 0x0, 0x0,
    0x4, 0x9e, 0xfd, 0x0, 0x4f, 0x90, 0xa, 0xfc,
    0x0, 0xa, 0xf6, 0x0, 0xcf, 0xb0, 0xa, 0xf6,
    0x0, 0x0, 0x3d, 0xff, 0xcc, 0xfd, 0xbb, 0xff,
    0xbd, 0xff, 0xfd, 0xbb, 0xef, 0xdb, 0xdf, 0xff,
    0xdb, 0xef, 0xdb, 0x60, 0x5f, 0xf7, 0x10, 0x1a,
    0xff, 0xff, 0xff, 0xfa, 0x38, 0xef, 0xff, 0xff,
    0xff, 0xc3, 0x5d, 0xff, 0xff, 0xf9, 0xf, 0xf3,
    0x0, 0x0, 0x0, 0x0, 0x0, 0x0, 0x0, 0x0,
    0x0, 0x0, 0x0, 0x0, 0x0, 0x0, 0x0, 0x0,
    0x4, 0xfc, 0x0, 0x0, 0x0, 0x0, 0x0, 0x0,
    0x0, 0x0, 0x0, 0x0, 0x0, 0x0, 0x0, 0x0,
    0x0, 0x0, 0x0, 0x3f, 0xf1, 0x0, 0x0, 0x0,
    0x0, 0x0, 0x0, 0x0, 0x0, 0x0, 0x0, 0x0,
    0x0, 0x0, 0x0, 0x0, 0x0, 0x0, 0xdf, 0xfb,
    0xce, 0x30, 0x0, 0x0, 0x0, 0x0, 0x0, 0x0,
    0x0, 0x0, 0x0, 0x0, 0x0, 0x0, 0x0, 0x0,
    0x1, 0xae, 0xfe, 0xb2, 0x0, 0x0, 0x0, 0x0,
    0x0, 0x0, 0x0, 0x0, 0x0, 0x0, 0x0, 0x0,
    0x0, 0x0, 0x0,

    /* U+FD6B "ﵫ" */
    0x0, 0x7, 0xf2, 0x0, 0x0, 0x0, 0x0, 0x0,
    0x0, 0x0, 0x0, 0x0, 0x0, 0x0, 0xca, 0x0,
    0x0, 0x0, 0x0, 0xaf, 0x30, 0x0, 0x0, 0x0,
    0x0, 0x0, 0x0, 0x0, 0x0, 0x0, 0x0, 0xa,
    0x80, 0x0, 0x0, 0x0, 0x1, 0x40, 0x0, 0x0,
    0x0, 0x0, 0x0, 0x0, 0x0, 0x0, 0x0, 0x0,
    0x4f, 0x68, 0xf2, 0x0, 0x0, 0x0, 0x0, 0x0,
    0x0, 0x0, 0x0, 0x0, 0x0, 0x0, 0x0, 0x0,
    0x0, 0x4, 0xf6, 0x8f, 0x20, 0x0, 0x1, 0xae,
    0xff, 0xb2, 0x0, 0x0, 0x7, 0xdf, 0xe8, 0x0,
    0x0, 0x0, 0x0, 0x0, 0x0, 0x0, 0x4f, 0xc0,
    0xe, 0xdc, 0xef, 0xd0, 0x0, 0xa, 0xff, 0xcf,
    0xfb, 0x0, 0x2, 0xc9, 0x0, 0x1c, 0xa0, 0x4,
    0xfc, 0x0, 0x0, 0x1, 0xef, 0x40, 0x0, 0xff,
    0x10, 0x2f, 0xf2, 0x0, 0x3f, 0xd0, 0x2, 0xfe,
    0x0, 0x4f, 0xc0, 0x0, 0x0, 0x8, 0xf8, 0x0,
    0x2f, 0xd0, 0x0, 0xcf, 0x50, 0x3, 0xfd, 0x0,
    0x2f, 0xe0, 0x4, 0xfc, 0x0, 0x0, 0x0, 0x5f,
    0xb0, 0x1, 0xfd, 0x0, 0xc, 0xf5, 0x0, 0x3f,
    0xd0, 0x2, 0xfe, 0x0, 0x4f, 0xc0, 0x0, 0x0,
    0x0, 0xff, 0x10, 0xe, 0xf0, 0x4, 0xff, 0x20,
    0x3, 0xfd, 0x0, 0x6f, 0xf2, 0x4, 0xfc, 0x1b,
    0xbb, 0xbb, 0xbe, 0xfd, 0xbb, 0xef, 0xcc, 0xff,
    0xfe, 0xcb, 0xcf, 0xfb, 0xbf, 0xff, 0xfb, 0xcf,
    0xc2, 0xff, 0xff, 0xff, 0xff, 0xff, 0xff, 0xff,
    0xfd, 0x64, 0xdf, 0xff, 0xff, 0xff, 0xe7, 0x2b,
    0xff, 0xfc,

    /* U+FD6C "ﵬ" */
    0x0, 0x0, 0x0, 0x0, 0x0, 0x0, 0x0, 0x0,
    0x0, 0x0, 0x0, 0x0, 0x0, 0x0, 0xd9, 0x0,
    0x0, 0x0, 0x0, 0x0, 0x0, 0x0, 0x0, 0x0,
    0x0, 0x0, 0x0, 0x0, 0x0, 0x0, 0x0, 0x0,
    0x2b, 0x81, 0x0, 0x0, 0x0, 0x0, 0x0, 0x0,
    0x0, 0x0, 0x0, 0x0, 0x0, 0x0, 0x0, 0x0,
    0x0, 0x0, 0x6f, 0x6a, 0xf2, 0x0, 0x0, 0x0,
    0x0, 0x0, 0x0, 0x0, 0x0, 0x0, 0x0, 0x0,
    0x0, 0x0, 0x0, 0x0, 0x4, 0xf5, 0x9e, 0x10,
    0x0, 0x0, 0x0, 0x19, 0xef, 0xd6, 0x0, 0x0,
    0x7, 0xdf, 0xe8, 0x0, 0x0, 0x0, 0x0, 0x0,
    0x0, 0x0, 0x4f, 0xc0, 0x0, 0xd, 0xfe, 0xcf,
    0xf7, 0x0, 0xa, 0xff, 0xcf, 0xfb, 0x0, 0x2,
    0xc9, 0x0, 0x1c, 0xa0, 0x4, 0xfc, 0x0, 0x2,
    0xfc, 0x0, 0x4f, 0xe0, 0x0, 0xff, 0x10, 0x2f,
    0xf2, 0x0, 0x3f, 0xd0, 0x2, 0xfe, 0x0, 0x4f,
    0xc0, 0x0, 0x5f, 0x90, 0x0, 0xff, 0x20, 0x2f,
    0xd0, 0x0, 0xcf, 0x50, 0x3, 0xfd, 0x0, 0x2f,
    0xe0, 0x4, 0xfc, 0x0, 0x5, 0xfa, 0x0, 0xf,
    0xf1, 0x1, 0xfd, 0x0, 0xc, 0xf5, 0x0, 0x3f,
    0xd0, 0x2, 0xfe, 0x0, 0x4f, 0xc0, 0x0, 0x2f,
    0xc0, 0x8, 0xff, 0x0, 0xe, 0xf0, 0x4, 0xff,
    0x20, 0x3, 0xfd, 0x0, 0x6f, 0xf2, 0x4, 0xfc,
    0x0, 0x19, 0xff, 0xbd, 0xff, 0xfe, 0xbb, 0xef,
    0xcc, 0xff, 0xfe, 0xcb, 0xcf, 0xfb, 0xbf, 0xff,
    0xfb, 0xcf, 0xeb, 0xab, 0xff, 0xff, 0xfc, 0x46,
    0xdf, 0xff, 0xff, 0xfd, 0x64, 0xdf, 0xff, 0xff,
    0xff, 0xe7, 0x2b, 0xff, 0xff, 0xff, 0xff, 0x40,
    0x0, 0x0, 0x0, 0x0, 0x0, 0x0, 0x0, 0x0,
    0x0, 0x0, 0x0, 0x0, 0x0, 0x0, 0x0, 0x0,
    0xf, 0xf1, 0x0, 0x0, 0x0, 0x0, 0x0, 0x0,
    0x0, 0x0, 0x0, 0x0, 0x0, 0x0, 0x0, 0x0,
    0x0, 0x0, 0x0, 0xff, 0x10, 0x0, 0x0, 0x0,
    0x0, 0x0, 0x0, 0x0, 0x0, 0x0, 0x0, 0x0,
    0x0, 0x0, 0x0, 0x0, 0x0, 0xf, 0xf1, 0x0,
    0x0, 0x0, 0x0, 0x0, 0x0, 0x0, 0x0, 0x0,
    0x0, 0x0, 0x0, 0x0, 0x0, 0x0, 0x0, 0x0,
    0xff, 0x10, 0x0, 0x0, 0x0, 0x0, 0x0, 0x0,
    0x0, 0x0, 0x0, 0x0, 0x0, 0x0, 0x0, 0x0,
    0x0, 0x0, 0x1, 0x20, 0x0, 0x0, 0x0, 0x0,
    0x0, 0x0, 0x0, 0x0, 0x0, 0x0, 0x0, 0x0,
    0x0, 0x0, 0x0, 0x0, 0x0,

    /* U+FD6D "ﵭ" */
    0x0, 0x0, 0x0, 0x0, 0x0, 0x0, 0x0, 0x0,
    0x0, 0x0, 0x0, 0x0, 0x0, 0x0, 0x2f, 0x50,
    0x0, 0x0, 0x0, 0x0, 0x0, 0x0, 0x0, 0x0,
    0x0, 0x0, 0x0, 0x0, 0x0, 0x0, 0x0, 0x0,
    0x2d, 0x40, 0x0, 0x0, 0x0, 0x0, 0x0, 0x0,
    0x0, 0x0, 0x0, 0x0, 0x0, 0x0, 0x0, 0x0,
    0x0, 0x9, 0xe1, 0xdc, 0x0, 0x0, 0x0, 0x0,
    0x0, 0x0, 0x0, 0x0, 0x0, 0x0, 0x0, 0x0,
    0x0, 0x0, 0x0, 0x9, 0xe1, 0xdc, 0x0, 0x0,
    0x0, 0x4, 0xbf, 0xfc, 0x30, 0x0, 0x2, 0xae,
    0xfd, 0x50, 0x0, 0x0, 0x0, 0x0, 0x0, 0x0,
    0x9, 0xf7, 0x0, 0x3f, 0xfd, 0xdf, 0xf2, 0x0,
    0xf, 0xfe, 0xcf, 0xf5, 0x0, 0x6, 0xc5, 0x0,
    0x6c, 0x60, 0x9, 0xf7, 0x0, 0x8f, 0x70, 0xa,
    0xf9, 0x0, 0x5f, 0xa0, 0x7, 0xfd, 0x0, 0x9,
    0xf7, 0x0, 0x8f, 0x80, 0x9, 0xf7, 0x0, 0xaf,
    0x40, 0x4, 0xfc, 0x0, 0x7f, 0x70, 0x1, 0xff,
    0x0, 0x9, 0xf7, 0x0, 0x8f, 0x80, 0x9, 0xf7,
    0x0, 0xaf, 0x40, 0x5, 0xfc, 0x0, 0x7f, 0x70,
    0x2, 0xff, 0x0, 0x9, 0xf7, 0x0, 0x8f, 0x80,
    0x9, 0xf7, 0x0, 0x7f, 0x70, 0xc, 0xfa, 0x0,
    0x4f, 0xa0, 0xa, 0xfd, 0x0, 0x9, 0xf7, 0x0,
    0xbf, 0xb0, 0x9, 0xf7, 0x1b, 0xcf, 0xeb, 0xef,
    0xff, 0xcb, 0xbf, 0xfb, 0xdf, 0xff, 0xdb, 0xbe,
    0xfd, 0xbd, 0xff, 0xfd, 0xbe, 0xf7, 0x2f, 0xff,
    0xff, 0xe9, 0x2a, 0xef, 0xff, 0xff, 0xfb, 0x38,
    0xef, 0xff, 0xff, 0xff, 0xd4, 0x5d, 0xff, 0xf7,

    /* U+FD6E "ﵮ" */
    0x0, 0x0, 0x0, 0x0, 0x0, 0x0, 0x0, 0x0,
    0x0, 0x0, 0x0, 0x0, 0x0, 0x0, 0x0, 0xae,
    0x10, 0x0, 0x0, 0x0, 0x0, 0x0, 0x0, 0x0,
    0x0, 0x0, 0x0, 0x0, 0x0, 0x0, 0x0, 0x0,
    0x0, 0x0, 0xb, 0xf1, 0x0, 0x0, 0x0, 0x0,
    0x0, 0x0, 0x0, 0x0, 0x0, 0x0, 0x0, 0x0,
    0x0, 0x0, 0x0, 0x0, 0x0, 0x0, 0x1, 0x0,
    0x0, 0x0, 0x0, 0x0, 0x0, 0x0, 0x0, 0x0,
    0x0, 0x0, 0x0, 0x0, 0x0, 0x0, 0x0, 0x0,
    0x0, 0x0, 0x0, 0x0, 0x0, 0x0, 0x0, 0x0,
    0x0, 0x0, 0x0, 0x0, 0x0, 0x2, 0xae, 0xff,
    0xa1, 0x0, 0x0, 0x8b, 0x30, 0x7d, 0xfe, 0xa1,
    0x0, 0x0, 0x0, 0x0, 0x0, 0x0, 0x0, 0x0,
    0x0, 0x1f, 0xdb, 0xef, 0xb0, 0x0, 0xc, 0xf4,
    0xaf, 0xcc, 0xff, 0xd0, 0x0, 0x0, 0x0, 0x0,
    0x3, 0xcf, 0xc2, 0x0, 0x0, 0x10, 0x2, 0xff,
    0x20, 0x0, 0xcf, 0xae, 0x30, 0x1, 0xef, 0x50,
    0x0, 0x0, 0x0, 0x5, 0xff, 0xff, 0xd0, 0x0,
    0x0, 0x0, 0xb, 0xf5, 0x0, 0xc, 0xff, 0x30,
    0x0, 0x9, 0xf7, 0x0, 0x0, 0x0, 0x1, 0xff,
    0x40, 0x9f, 0x90, 0x0, 0x0, 0x0, 0x7f, 0x90,
    0x0, 0xcf, 0x90, 0x0, 0x0, 0x8f, 0x80, 0x8,
    0xe4, 0x0, 0x5f, 0xa0, 0x0, 0xcf, 0x60, 0x0,
    0x0, 0x2, 0xfe, 0x0, 0xc, 0xf4, 0x0, 0x0,
    0x8, 0xf8, 0x0, 0xcf, 0x20, 0x3, 0xff, 0x93,
    0x1, 0xef, 0xcb, 0xbb, 0xbb, 0xbe, 0xfc, 0xbb,
    0xef, 0xcb, 0xbb, 0xbb, 0xdf, 0xdb, 0x7e, 0xf1,
    0x0, 0x7, 0xef, 0xfb, 0x2, 0xbf, 0xff, 0xff,
    0xff, 0xff, 0xff, 0xff, 0xff, 0xff, 0xff, 0xff,
    0xff, 0xfb, 0xef, 0x20, 0x0, 0x0, 0x4e, 0xf4,
    0x0, 0x0, 0x0, 0x0, 0x0, 0x0, 0x0, 0x0,
    0x0, 0x0, 0x0, 0x0, 0x0, 0xb, 0xfc, 0x10,
    0x0, 0x4, 0xef, 0x30, 0x0, 0x0, 0x0, 0x0,
    0x0, 0x0, 0x0, 0x0, 0x0, 0x0, 0x0, 0x0,
    0x0, 0x3f, 0xff, 0xff, 0xff, 0xff, 0xa0, 0x0,
    0x0, 0x0, 0x0, 0x0, 0x0, 0x0, 0x0, 0x0,
    0x0, 0x0, 0x0, 0x0, 0x0, 0x39, 0xbb, 0xbb,
    0xa9, 0x40, 0x0, 0x0, 0x0, 0x0, 0x0, 0x0,
    0x0, 0x0, 0x0, 0x0, 0x0, 0x0, 0x0, 0x0,

    /* U+FD6F "ﵯ" */
    0x0, 0x0, 0x0, 0x0, 0x0, 0x0, 0xe, 0xa0,
    0x0, 0x0, 0x0, 0x0, 0x1, 0xea, 0x0, 0x0,
    0x0, 0x0, 0x0, 0x0, 0x0, 0x0, 0x0, 0x1,
    0xfc, 0x0, 0x0, 0x0, 0x0, 0x0, 0x1f, 0xb0,
    0x0, 0x0, 0x0, 0x0, 0x0, 0x0, 0x0, 0x0,
    0x0, 0x1, 0x0, 0x0, 0x0, 0x0, 0x0, 0x0,
    0x10, 0x0, 0x0, 0x0, 0x0, 0x0, 0x0, 0x10,
    0x0, 0x0, 0x2, 0x56, 0x40, 0x0, 0x0, 0x1,
    0x10, 0x1, 0x56, 0x40, 0x0, 0x0, 0x0, 0x2a,
    0xff, 0xf8, 0x0, 0x8, 0xff, 0xff, 0xd1, 0x0,
    0x1, 0xff, 0x5, 0xff, 0xff, 0xd2, 0x0, 0x0,
    0xe, 0xf8, 0x5c, 0xf8, 0x0, 0x4b, 0x55, 0xdf,
    0x90, 0x0, 0x1f, 0xf4, 0xfa, 0x56, 0xdf, 0xb0,
    0x0, 0x3, 0xfb, 0x0, 0x1f, 0xf0, 0x0, 0x0,
    0x3, 0xfe, 0x0, 0x1, 0xff, 0xd7, 0x0, 0x1,
    0xff, 0x10, 0x0, 0x5f, 0x90, 0x0, 0xff, 0x20,
    0x0, 0x0, 0xe, 0xf1, 0x0, 0x1f, 0xfb, 0x0,
    0x0, 0xe, 0xf2, 0x0, 0x4, 0xfa, 0x0, 0x1f,
    0xf1, 0x0, 0x0, 0x0, 0xbf, 0x50, 0x1, 0xff,
    0x20, 0x0, 0x0, 0xdf, 0x30, 0x0, 0x2f, 0xd0,
    0x8, 0xff, 0x0, 0x0, 0x0, 0x6, 0xfa, 0x0,
    0x1f, 0xf0, 0x0, 0x0, 0xd, 0xf3, 0x0, 0x19,
    0xff, 0xbd, 0xff, 0xfe, 0xbb, 0xbb, 0xbb, 0xbf,
    0xfb, 0xbb, 0xff, 0xbb, 0xbb, 0xbb, 0xff, 0xcb,
    0x4b, 0xff, 0xff, 0xfc, 0x46, 0xdf, 0xff, 0xff,
    0xff, 0xff, 0xff, 0xff, 0xff, 0xff, 0xff, 0xff,
    0xff, 0xf5, 0xff, 0x40, 0x0, 0x0, 0x0, 0x0,
    0x0, 0x0, 0x0, 0x0, 0x0, 0x0, 0x0, 0x0,
    0x0, 0x0, 0x0, 0xf, 0xf1, 0x0, 0x0, 0x0,
    0x0, 0x0, 0x0, 0x0, 0x0, 0x0, 0x0, 0x0,
    0x0, 0x0, 0x0, 0x0, 0x0, 0xff, 0x10, 0x0,
    0x0, 0x0, 0x0, 0x0, 0x0, 0x0, 0x0, 0x0,
    0x0, 0x0, 0x0, 0x0, 0x0, 0x0, 0xf, 0xf1,
    0x0, 0x0, 0x0, 0x0, 0x0, 0x0, 0x0, 0x0,
    0x0, 0x0, 0x0, 0x0, 0x0, 0x0, 0x0, 0x0,
    0xff, 0x10, 0x0, 0x0, 0x0, 0x0, 0x0, 0x0,
    0x0, 0x0, 0x0, 0x0, 0x0, 0x0, 0x0, 0x0,
    0x0, 0x1, 0x20, 0x0, 0x0, 0x0, 0x0, 0x0,
    0x0, 0x0, 0x0, 0x0, 0x0, 0x0, 0x0, 0x0,
    0x0, 0x0, 0x0,

    /* U+FD70 "ﵰ" */
    0x0, 0x0, 0x0, 0x0, 0x0, 0x0, 0x4, 0xf5,
    0x0, 0x0, 0x0, 0x0, 0x0, 0x5f, 0x40, 0x0,
    0x0, 0x0, 0x0, 0x0, 0x0, 0x0, 0x0, 0x6f,
    0x60, 0x0, 0x0, 0x0, 0x0, 0x6, 0xf6, 0x0,
    0x0, 0x0, 0x0, 0x0, 0x0, 0x0, 0x0, 0x0,
    0x20, 0x0, 0x0, 0x0, 0x0, 0x0, 0x2, 0x0,
    0x0, 0x0, 0x0, 0x0, 0x1, 0x0, 0x0, 0x0,
    0x36, 0x63, 0x0, 0x0, 0x0, 0x11, 0x0, 0x26,
    0x63, 0x0, 0x0, 0x5, 0xcf, 0xfd, 0x40, 0x0,
    0xdf, 0xff, 0xf8, 0x0, 0x0, 0x7f, 0x90, 0x9f,
    0xff, 0xfa, 0x0, 0x3, 0xfd, 0x66, 0xef, 0x30,
    0x8, 0x85, 0x7f, 0xf3, 0x0, 0x7, 0xf9, 0x9f,
    0x85, 0x7f, 0xf6, 0x0, 0x8f, 0x50, 0x7, 0xfa,
    0x0, 0x0, 0x0, 0x9f, 0x80, 0x0, 0x7f, 0xce,
    0x20, 0x0, 0x7f, 0xb0, 0xa, 0xf4, 0x0, 0x4f,
    0xc0, 0x0, 0x0, 0x4, 0xfb, 0x0, 0x7, 0xff,
    0x50, 0x0, 0x3, 0xfd, 0x0, 0xaf, 0x40, 0x6,
    0xfc, 0x0, 0x0, 0x0, 0x1f, 0xf0, 0x0, 0x7f,
    0xd0, 0x0, 0x0, 0x3f, 0xd0, 0x7, 0xf7, 0x1,
    0xdf, 0xa0, 0x0, 0x0, 0x0, 0xcf, 0x40, 0x7,
    0xf9, 0x0, 0x0, 0x3, 0xfd, 0x1b, 0xcf, 0xeb,
    0xef, 0xff, 0xcb, 0xbb, 0xbb, 0xbd, 0xfe, 0xbb,
    0xdf, 0xeb, 0xbb, 0xbb, 0xcf, 0xd2, 0xff, 0xff,
    0xfe, 0x92, 0xae, 0xff, 0xff, 0xff, 0xff, 0xff,
    0xff, 0xff, 0xff, 0xff, 0xff, 0xfd,

    /* U+FD71 "ﵱ" */
    0x0, 0x0, 0x0, 0x0, 0x0, 0x0, 0x0, 0x0,
    0x0, 0x0, 0x0, 0xdf, 0x30, 0x0, 0x0, 0x0,
    0x0, 0x0, 0x0, 0x0, 0x0, 0x0, 0x0, 0x0,
    0x0, 0x0, 0x0, 0x0, 0xd, 0xf3, 0x0, 0x0,
    0x0, 0x0, 0x0, 0x0, 0x0, 0x0, 0x0, 0x0,
    0x0, 0x0, 0x0, 0x0, 0x0, 0x0, 0xdf, 0x30,
    0x0, 0x0, 0x0, 0x0, 0x0, 0x0, 0x0, 0x0,
    0x0, 0x0, 0x0, 0x0, 0x0, 0x0, 0x0, 0xd,
    0xf3, 0x0, 0x0, 0x0, 0x0, 0x0, 0x6, 0xbe,
    0xfd, 0x60, 0x0, 0x0, 0x3a, 0xef, 0xc5, 0x0,
    0x0, 0xdf, 0x30, 0x7d, 0xfe, 0xa1, 0x0, 0x0,
    0xef, 0xcc, 0xff, 0x60, 0x0, 0x1f, 0xfd, 0xcf,
    0xf4, 0x0, 0xd, 0xf3, 0xaf, 0xcc, 0xff, 0xd0,
    0x0, 0x3, 0x10, 0x5, 0xfe, 0x0, 0x5, 0xfa,
    0x0, 0x7f, 0xc0, 0x0, 0xdf, 0xae, 0x30, 0x2,
    0xef, 0x40, 0x0, 0x0, 0x0, 0xd, 0xf1, 0x0,
    0x8f, 0x60, 0x2, 0xff, 0x0, 0xd, 0xff, 0x20,
    0x0, 0xa, 0xf6, 0x0, 0x0, 0x0, 0x0, 0x9f,
    0x60, 0x7, 0xf7, 0x0, 0x3f, 0xe0, 0x0, 0xdf,
    0x80, 0x0, 0x0, 0x9f, 0x70, 0x0, 0x0, 0x3,
    0x9e, 0xfd, 0x0, 0x4f, 0x90, 0xa, 0xfc, 0x0,
    0xd, 0xf3, 0x0, 0x0, 0x9, 0xf7, 0x0, 0x0,
    0x3c, 0xff, 0xcc, 0xfd, 0xbb, 0xff, 0xbd, 0xff,
    0xfd, 0xbb, 0xff, 0xcb, 0xbb, 0xbb, 0xef, 0xdb,
    0x70, 0x4f, 0xf7, 0x10, 0x1a, 0xff, 0xff, 0xff,
    0xfa, 0x38, 0xef, 0xff, 0xff, 0xff, 0xff, 0xff,
    0xff, 0xfa, 0xe, 0xf3, 0x0, 0x0, 0x0, 0x0,
    0x0, 0x0, 0x0, 0x0, 0x0, 0x0, 0x0, 0x0,
    0x0, 0x0, 0x0, 0x4, 0xfc, 0x0, 0x0, 0x0,
    0x0, 0x0, 0x0, 0x0, 0x0, 0x0, 0x0, 0x0,
    0x0, 0x0, 0x0, 0x0, 0x0, 0x3f, 0xf1, 0x0,
    0x0, 0x0, 0x0, 0x0, 0x0, 0x0, 0x0, 0x0,
    0x0, 0x0, 0x0, 0x0, 0x0, 0x0, 0x0, 0xdf,
    0xfb, 0xce, 0x30, 0x0, 0x0, 0x0, 0x0, 0x0,
    0x0, 0x0, 0x0, 0x0, 0x0, 0x0, 0x0, 0x0,
    0x1, 0xae, 0xfe, 0xb2, 0x0, 0x0, 0x0, 0x0,
    0x0, 0x0, 0x0, 0x0, 0x0, 0x0, 0x0, 0x0,
    0x0, 0x0,

    /* U+FD72 "ﵲ" */
    0x0, 0x0, 0x0, 0x0, 0x0, 0x0, 0x0, 0x0,
    0x0, 0x0, 0x0, 0x1f, 0xf0, 0x0, 0x0, 0x0,
    0x0, 0x0, 0x0, 0x0, 0x0, 0x0, 0x0, 0x0,
    0x0, 0x0, 0x0, 0x0, 0x1f, 0xf0, 0x0, 0x0,
    0x0, 0x0, 0x0, 0x0, 0x0, 0x0, 0x0, 0x0,
    0x0, 0x0, 0x0, 0x0, 0x0, 0x1f, 0xf0, 0x0,
    0x0, 0x0, 0x0, 0x0, 0x0, 0x0, 0x0, 0x0,
    0x0, 0x0, 0x0, 0x0, 0x0, 0x0, 0x1f, 0xf0,
    0x0, 0x0, 0x0, 0x0, 0x1, 0x9d, 0xff, 0xb2,
    0x0, 0x0, 0x7, 0xdf, 0xe8, 0x0, 0x0, 0x1f,
    0xf0, 0x19, 0xef, 0xd7, 0x0, 0x0, 0xee, 0xbe,
    0xfd, 0x0, 0x0, 0xaf, 0xfb, 0xef, 0xa0, 0x0,
    0x1f, 0xf1, 0xef, 0xcc, 0xff, 0x80, 0x0, 0x20,
    0x1, 0xef, 0x40, 0x0, 0xff, 0x10, 0x1f, 0xf2,
    0x0, 0x1f, 0xfb, 0xb1, 0x0, 0x5f, 0xf0, 0x0,
    0x0, 0x0, 0x8f, 0x80, 0x2, 0xfd, 0x0, 0xc,
    0xf5, 0x0, 0x1f, 0xfd, 0x0, 0x0, 0xf, 0xf2,
    0x0, 0x0, 0x0, 0x5f, 0xb0, 0x1, 0xfd, 0x0,
    0xc, 0xf5, 0x0, 0x1f, 0xf3, 0x0, 0x0, 0xe,
    0xf2, 0x0, 0x0, 0x0, 0xf, 0xf1, 0x0, 0xef,
    0x0, 0x4f, 0xf3, 0x0, 0x1f, 0xf0, 0x0, 0x0,
    0xe, 0xf2, 0x1b, 0xbb, 0xbb, 0xbe, 0xfd, 0xbb,
    0xef, 0xcc, 0xff, 0xfe, 0xcb, 0xbf, 0xfb, 0xbb,
    0xbb, 0xbf, 0xf2, 0x2f, 0xff, 0xff, 0xff, 0xff,
    0xff, 0xff, 0xff, 0xd6, 0x4d, 0xff, 0xff, 0xff,
    0xff, 0xff, 0xff, 0xf2,

    /* U+FD73 "ﵳ" */
    0x0, 0x0, 0x0, 0x0, 0x0, 0x0, 0x0, 0x0,
    0x0, 0x0, 0x0, 0x7, 0xf9, 0x0, 0x0, 0x0,
    0x0, 0x0, 0x0, 0x0, 0x0, 0x0, 0x0, 0x0,
    0x0, 0x0, 0x0, 0x0, 0x7, 0xf9, 0x0, 0x0,
    0x0, 0x0, 0x0, 0x0, 0x0, 0x0, 0x0, 0x0,
    0x0, 0x0, 0x0, 0x0, 0x0, 0x7, 0xf9, 0x0,
    0x0, 0x0, 0x0, 0x0, 0x0, 0x0, 0x0, 0x0,
    0x0, 0x0, 0x0, 0x0, 0x0, 0x0, 0x7, 0xf9,
    0x0, 0x0, 0x0, 0x0, 0x0, 0x4, 0xbf, 0xfc,
    0x30, 0x0, 0x2, 0xae, 0xfc, 0x50, 0x0, 0x7,
    0xf9, 0x3, 0xbf, 0xfc, 0x40, 0x0, 0x3f, 0xfd,
    0xcf, 0xf2, 0x0, 0xf, 0xfd, 0xcf, 0xf5, 0x0,
    0x7, 0xf9, 0x5f, 0xeb, 0xef, 0xf3, 0x0, 0x8f,
    0x70, 0x9, 0xf9, 0x0, 0x5f, 0xa0, 0x6, 0xfd,
    0x0, 0x7, 0xfb, 0xf7, 0x0, 0xa, 0xfa, 0x0,
    0xaf, 0x40, 0x4, 0xfc, 0x0, 0x7f, 0x70, 0x1,
    0xff, 0x0, 0x7, 0xff, 0x80, 0x0, 0x4, 0xfc,
    0x0, 0xaf, 0x40, 0x5, 0xfc, 0x0, 0x7f, 0x70,
    0x2, 0xff, 0x0, 0x7, 0xfd, 0x0, 0x0, 0x3,
    0xfd, 0x0, 0x7f, 0x70, 0xc, 0xfa, 0x0, 0x4f,
    0xa0, 0xa, 0xfd, 0x0, 0x7, 0xf9, 0x0, 0x0,
    0x3, 0xfd, 0x1b, 0xcf, 0xeb, 0xef, 0xff, 0xcb,
    0xbf, 0xfb, 0xdf, 0xff, 0xdb, 0xbd, 0xfe, 0xbb,
    0xbb, 0xbc, 0xfd, 0x2f, 0xff, 0xff, 0xe9, 0x2a,
    0xef, 0xff, 0xff, 0xfb, 0x38, 0xef, 0xff, 0xff,
    0xff, 0xff, 0xff, 0xfd,

    /* U+FD74 "ﵴ" */
    0x0, 0x0, 0x0, 0x0, 0x0, 0x0, 0x0, 0x0,
    0x0, 0x0, 0x0, 0x0, 0x0, 0x1f, 0xf0, 0x0,
    0x0, 0x0, 0x0, 0x0, 0x0, 0x0, 0x0, 0x0,
    0x0, 0x0, 0x0, 0x0, 0x0, 0x0, 0x0, 0x0,
    0x0, 0x1f, 0xf0, 0x0, 0x0, 0x0, 0x0, 0x0,
    0x0, 0x0, 0x0, 0x0, 0x0, 0x0, 0x0, 0x0,
    0x0, 0x0, 0x0, 0x0, 0x0, 0x1f, 0xf0, 0x0,
    0x0, 0x0, 0x0, 0x0, 0x0, 0x0, 0x0, 0x0,
    0x0, 0x0, 0x0, 0x0, 0x0, 0x0, 0x0, 0x0,
    0x0, 0x1f, 0xf0, 0x0, 0x0, 0x0, 0x0, 0x0,
    0x0, 0x0, 0x0, 0x0, 0x0, 0x0, 0x0, 0x0,
    0x5, 0xcf, 0xfb, 0x20, 0x0, 0x1f, 0xf0, 0x19,
    0xef, 0xd7, 0x0, 0x0, 0x0, 0x0, 0x0, 0x0,
    0x0, 0x0, 0x0, 0x0, 0x5f, 0xfc, 0xdf, 0xe1,
    0x0, 0x1f, 0xf1, 0xef, 0xcc, 0xff, 0x80, 0x0,
    0x0, 0x0, 0x0, 0x3, 0xcf, 0xc2, 0x0, 0x0,
    0xaf, 0x50, 0xc, 0xf7, 0x0, 0x1f, 0xfb, 0xb1,
    0x0, 0x5f, 0xf0, 0x0, 0x0, 0x0, 0x0, 0x5f,
    0xff, 0xfd, 0x0, 0x0, 0xdf, 0x20, 0x7, 0xfa,
    0x0, 0x1f, 0xfd, 0x0, 0x0, 0xf, 0xf2, 0x0,
    0x0, 0x0, 0x1, 0xff, 0x40, 0x9f, 0x90, 0x0,
    0xcf, 0x20, 0x7, 0xf9, 0x0, 0x1f, 0xf3, 0x0,
    0x0, 0xe, 0xf2, 0x0, 0x8e, 0x40, 0x5, 0xfa,
    0x0, 0xc, 0xf6, 0x0, 0x9f, 0x50, 0x1e, 0xf7,
    0x0, 0x1f, 0xf0, 0x0, 0x0, 0xe, 0xf2, 0x0,
    0xcf, 0x20, 0x3, 0xff, 0x93, 0x1, 0xef, 0xcb,
    0xdf, 0xdb, 0xff, 0xff, 0xcb, 0xbf, 0xfb, 0xbb,
    0xbb, 0xbf, 0xfc, 0xb3, 0xef, 0x10, 0x0, 0x7e,
    0xff, 0xb0, 0x2b, 0xff, 0xff, 0xff, 0xe8, 0x2b,
    0xff, 0xff, 0xff, 0xff, 0xff, 0xff, 0xff, 0xf5,
    0xef, 0x20, 0x0, 0x0, 0x4e, 0xf4, 0x0, 0x0,
    0x0, 0x0, 0x0, 0x0, 0x0, 0x0, 0x0, 0x0,
    0x0, 0x0, 0x0, 0x0, 0xbf, 0xc1, 0x0, 0x0,
    0x4e, 0xf3, 0x0, 0x0, 0x0, 0x0, 0x0, 0x0,
    0x0, 0x0, 0x0, 0x0, 0x0, 0x0, 0x0, 0x0,
    0x3f, 0xff, 0xff, 0xff, 0xff, 0xa0, 0x0, 0x0,
    0x0, 0x0, 0x0, 0x0, 0x0, 0x0, 0x0, 0x0,
    0x0, 0x0, 0x0, 0x0, 0x3, 0x9b, 0xbb, 0xba,
    0x94, 0x0, 0x0, 0x0, 0x0, 0x0, 0x0, 0x0,
    0x0, 0x0, 0x0, 0x0, 0x0, 0x0, 0x0, 0x0,
    0x0, 0x0, 0x0, 0x0, 0x0, 0x0, 0x0, 0x0,
    0x0, 0x0, 0x0, 0x0, 0x0, 0x0, 0x0, 0x0,
    0x0, 0x0, 0x0, 0x0, 0x0, 0xd, 0xb3, 0xf7,
    0x0, 0x0, 0x0, 0x0, 0x0, 0x0, 0x0, 0x0,
    0x0, 0x0, 0x0, 0x0, 0x0, 0x0, 0x0, 0x0,
    0x0, 0xf, 0xd4, 0xf8, 0x0, 0x0, 0x0, 0x0,
    0x0, 0x0, 0x0, 0x0, 0x0, 0x0, 0x0, 0x0,
    0x0, 0x0, 0x0, 0x0, 0x0, 0x1, 0x0, 0x20,
    0x0, 0x0, 0x0, 0x0, 0x0, 0x0, 0x0, 0x0,
    0x0, 0x0, 0x0, 0x0, 0x0, 0x0, 0x0, 0x0,

    /* U+FD75 "ﵵ" */
    0x0, 0x0, 0x0, 0x0, 0x0, 0x0, 0x0, 0x0,
    0x0, 0x0, 0x0, 0x27, 0xaa, 0x94, 0x0, 0x0,
    0x19, 0xef, 0xd6, 0x0, 0x5, 0xcf, 0xfe, 0x70,
    0x0, 0x9, 0xff, 0xff, 0xff, 0xd0, 0x0, 0xdf,
    0xeb, 0xff, 0x70, 0x6, 0xfc, 0xbf, 0xf6, 0x0,
    0x3f, 0xf7, 0x10, 0x5f, 0xf0, 0x2, 0xfc, 0x0,
    0x4f, 0xe0, 0x0, 0x10, 0x6, 0xfd, 0x0, 0xe,
    0xf0, 0x0, 0x1f, 0xc0, 0x5, 0xf9, 0x0, 0xf,
    0xf2, 0x0, 0x0, 0x0, 0xff, 0x0, 0x7, 0xf7,
    0x0, 0x8f, 0x60, 0x5, 0xfa, 0x0, 0xf, 0xf1,
    0x0, 0x0, 0x0, 0xcf, 0x40, 0x0, 0xdf, 0x35,
    0xfc, 0x0, 0x2, 0xfc, 0x0, 0x8f, 0xf0, 0x0,
    0x0, 0x0, 0x6f, 0xa0, 0x0, 0x3f, 0xff, 0xd1,
    0x0, 0x19, 0xff, 0xbd, 0xff, 0xfe, 0xbb, 0xbb,
    0xbb, 0xbf, 0xfb, 0xbb, 0xcf, 0xff, 0xfb, 0xb9,
    0xbf, 0xff, 0xff, 0xc4, 0x6d, 0xff, 0xff, 0xff,
    0xff, 0xff, 0xff, 0xfb, 0x57, 0xcf, 0xfd, 0xff,
    0x40, 0x0, 0x0, 0x0, 0x0, 0x0, 0x0, 0x0,
    0x0, 0x0, 0x0, 0x0, 0x0, 0x0, 0xff, 0x10,
    0x0, 0x0, 0x0, 0x0, 0x0, 0x20, 0x0, 0x0,
    0x0, 0x0, 0x0, 0x0, 0x0, 0xff, 0x10, 0x0,
    0x0, 0x0, 0x0, 0x7, 0xf5, 0x0, 0x0, 0x0,
    0x0, 0x0, 0x0, 0x0, 0xff, 0x10, 0x0, 0x0,
    0x0, 0x0, 0x5, 0xf4, 0x0, 0x0, 0x0, 0x0,
    0x0, 0x0, 0x0, 0xff, 0x10, 0x0, 0x0, 0x0,
    0x0, 0x0, 0x0, 0x0, 0x0, 0x0, 0x0, 0x0,
    0x0, 0x0, 0x12, 0x0, 0x0, 0x0, 0x0, 0x0,
    0x0, 0x0, 0x0, 0x0, 0x0, 0x0, 0x0, 0x0,
    0x0,

    /* U+FD76 "ﵶ" */
    0x0, 0x0, 0x0, 0x0, 0x0, 0x0, 0x0, 0x0,
    0x0, 0x0, 0x0, 0x4, 0x8a, 0xa7, 0x20, 0x0,
    0x0, 0x49, 0xa8, 0x20, 0x0, 0x0, 0x38, 0xa9,
    0x40, 0x0, 0x2c, 0xff, 0xff, 0xff, 0x70, 0x0,
    0xbf, 0xff, 0xff, 0x40, 0x0, 0x7f, 0xff, 0xff,
    0x70, 0x8, 0xfe, 0x50, 0x19, 0xfa, 0x0, 0x2f,
    0xd3, 0x7, 0xfe, 0x0, 0xe, 0xf4, 0x4, 0xff,
    0x10, 0x3f, 0x90, 0x0, 0x7f, 0x60, 0x5, 0xfa,
    0x0, 0xf, 0xf1, 0x1, 0xfd, 0x0, 0xc, 0xf5,
    0x0, 0xcf, 0x10, 0xc, 0xf1, 0x0, 0x5f, 0x90,
    0x0, 0xff, 0x10, 0x1f, 0xd0, 0x0, 0xcf, 0x50,
    0x3, 0xfb, 0x9, 0xf7, 0x0, 0x2, 0xfc, 0x0,
    0x7f, 0xf0, 0x0, 0xef, 0x0, 0x4f, 0xf3, 0x0,
    0x8, 0xfe, 0xf9, 0x0, 0x1, 0x9f, 0xfb, 0xdf,
    0xff, 0xeb, 0xbe, 0xfc, 0xcf, 0xff, 0xec, 0xbb,
    0xdf, 0xff, 0xdb, 0xb5, 0xbf, 0xff, 0xff, 0xc4,
    0x6d, 0xff, 0xff, 0xff, 0xd6, 0x4d, 0xff, 0xfe,
    0x94, 0x9e, 0xff, 0x8f, 0xf4, 0x0, 0x0, 0x0,
    0x0, 0x0, 0x0, 0x0, 0x0, 0x0, 0x0, 0x0,
    0x0, 0x0, 0x0, 0xff, 0x10, 0x0, 0x0, 0x0,
    0x0, 0x0, 0x0, 0x0, 0x0, 0x0, 0x0, 0x0,
    0x0, 0x0, 0xf, 0xf1, 0x0, 0x0, 0x0, 0x0,
    0x0, 0x0, 0x0, 0x0, 0x0, 0x0, 0x0, 0x0,
    0x0, 0x0, 0xff, 0x10, 0x0, 0x0, 0x0, 0x0,
    0x0, 0x0, 0x0, 0x0, 0x0, 0x0, 0x0, 0x0,
    0x0, 0xf, 0xf1, 0x0, 0x0, 0x0, 0x0, 0x0,
    0x0, 0x0, 0x0, 0x0, 0x0, 0x0, 0x0, 0x0,
    0x0, 0x12, 0x0, 0x0, 0x0, 0x0, 0x0, 0x0,
    0x0, 0x0, 0x0, 0x0, 0x0, 0x0, 0x0, 0x0,
    0x0,

    /* U+FD77 "ﵷ" */
    0x0, 0x4, 0xbf, 0xfc, 0x30, 0x0, 0x2, 0xae,
    0xfc, 0x50, 0x0, 0x0, 0x8d, 0xff, 0xc1, 0x0,
    0x3f, 0xfc, 0xcf, 0xf2, 0x0, 0xf, 0xfd, 0xbf,
    0xf5, 0x0, 0xb, 0xfe, 0xbc, 0xe0, 0x0, 0x8f,
    0x70, 0x9, 0xf9, 0x0, 0x5f, 0xa0, 0x6, 0xfd,
    0x0, 0x4f, 0xe1, 0x0, 0x0, 0x0, 0xaf, 0x40,
    0x4, 0xfc, 0x0, 0x7f, 0x70, 0x1, 0xff, 0x0,
    0x7f, 0x90, 0x0, 0x0, 0x0, 0xaf, 0x40, 0x5,
    0xfc, 0x0, 0x7f, 0x70, 0x2, 0xff, 0x0, 0x6f,
    0x90, 0x0, 0x0, 0x0, 0x7f, 0x70, 0xc, 0xfa,
    0x0, 0x4f, 0xa0, 0xa, 0xfd, 0x0, 0x1e, 0xe1,
    0x0, 0x0, 0x1b, 0xcf, 0xeb, 0xef, 0xff, 0xcb,
    0xbf, 0xfb, 0xdf, 0xff, 0xdb, 0xbd, 0xff, 0xbb,
    0xb5, 0x2f, 0xff, 0xff, 0xe9, 0x2a, 0xef, 0xff,
    0xff, 0xfb, 0x38, 0xef, 0xff, 0xff, 0xff, 0xf7,

    /* U+FD78 "ﵸ" */
    0x0, 0x0, 0x0, 0x0, 0x0, 0x0, 0x0, 0x0,
    0x0, 0x0, 0x0, 0x0, 0x0, 0x2, 0x7a, 0xa8,
    0x40, 0x0, 0x0, 0x0, 0x0, 0x0, 0x0, 0x0,
    0x0, 0x0, 0x17, 0xaa, 0x60, 0x0, 0x9, 0xff,
    0xff, 0xff, 0xc0, 0x0, 0x0, 0x0, 0x0, 0x0,
    0x0, 0x0, 0x0, 0x3f, 0xff, 0xff, 0xc0, 0x3,
    0xff, 0x71, 0x4, 0xff, 0x0, 0x0, 0x0, 0x0,
    0x3c, 0xfc, 0x20, 0x0, 0x9, 0xf8, 0x12, 0xdf,
    0x60, 0xe, 0xe0, 0x0, 0x1f, 0xc0, 0x0, 0x0,
    0x0, 0x5f, 0xff, 0xfd, 0x0, 0x0, 0xcf, 0x20,
    0x7, 0xfa, 0x0, 0x7f, 0x60, 0x8, 0xf6, 0x0,
    0x0, 0x0, 0x1f, 0xf4, 0x9, 0xf9, 0x0, 0xc,
    0xf2, 0x0, 0x7f, 0xa0, 0x0, 0xef, 0x25, 0xfc,
    0x0, 0x8e, 0x40, 0x5, 0xfa, 0x0, 0xc, 0xf6,
    0x0, 0x9f, 0x40, 0x1d, 0xf8, 0x0, 0x3, 0xff,
    0xfd, 0x10, 0xc, 0xf2, 0x0, 0x3f, 0xf9, 0x30,
    0x1e, 0xfc, 0xbd, 0xfd, 0xbf, 0xff, 0xfc, 0xbb,
    0xcf, 0xff, 0xeb, 0xb9, 0xef, 0x10, 0x0, 0x7e,
    0xff, 0xb0, 0x2b, 0xff, 0xff, 0xff, 0xe8, 0x2b,
    0xff, 0xff, 0xb4, 0x7c, 0xff, 0xde, 0xf2, 0x0,
    0x0, 0x4, 0xef, 0x40, 0x0, 0x0, 0x0, 0x0,
    0x0, 0x0, 0x0, 0x0, 0x0, 0x0, 0x0, 0xbf,
    0xc1, 0x0, 0x0, 0x4e, 0xf3, 0x0, 0x0, 0x0,
    0x0, 0x0, 0x0, 0x0, 0x0, 0x0, 0x0, 0x0,
    0x3, 0xff, 0xff, 0xff, 0xff, 0xfa, 0x0, 0x0,
    0x0, 0x0, 0x0, 0x0, 0x0, 0x0, 0x0, 0x0,
    0x0, 0x0, 0x3, 0x9b, 0xbb, 0xba, 0x94, 0x0,
    0x0, 0x0, 0x0, 0x0, 0x0, 0x0, 0x0, 0x0,
    0x0, 0x0, 0x0, 0x0,

    /* U+FD79 "ﵹ" */
    0x0, 0x0, 0x0, 0x0, 0x0, 0x0, 0x0, 0x0,
    0x0, 0x0, 0x0, 0x0, 0x1e, 0x90, 0x0, 0x0,
    0x0, 0x0, 0x0, 0x0, 0x0, 0x0, 0x0, 0x0,
    0x0, 0x0, 0x0, 0x2, 0xfb, 0x0, 0x0, 0x0,
    0x0, 0x0, 0x0, 0x0, 0x0, 0x0, 0x0, 0x0,
    0x0, 0x0, 0x0, 0x1, 0x0, 0x0, 0x0, 0x0,
    0x0, 0x0, 0x0, 0x0, 0x0, 0x0, 0x0, 0x0,
    0x0, 0x0, 0x48, 0xaa, 0x72, 0x0, 0x0, 0x4,
    0x9a, 0x82, 0x0, 0x0, 0x3, 0x8a, 0x94, 0x0,
    0x2, 0xcf, 0xff, 0xff, 0xf7, 0x0, 0xb, 0xff,
    0xff, 0xf4, 0x0, 0x7, 0xff, 0xff, 0xf7, 0x0,
    0x8f, 0xe5, 0x1, 0x9f, 0xa0, 0x2, 0xfd, 0x30,
    0x7f, 0xe0, 0x0, 0xef, 0x40, 0x4f, 0xf1, 0x3,
    0xf9, 0x0, 0x7, 0xf6, 0x0, 0x5f, 0xa0, 0x0,
    0xff, 0x10, 0x1f, 0xd0, 0x0, 0xcf, 0x50, 0xc,
    0xf1, 0x0, 0xcf, 0x10, 0x5, 0xf9, 0x0, 0xf,
    0xf1, 0x1, 0xfd, 0x0, 0xc, 0xf5, 0x0, 0x3f,
    0xb0, 0x9f, 0x70, 0x0, 0x2f, 0xc0, 0x7, 0xff,
    0x0, 0xe, 0xf0, 0x4, 0xff, 0x30, 0x0, 0x8f,
    0xef, 0x90, 0x0, 0x19, 0xff, 0xbd, 0xff, 0xfe,
    0xbb, 0xef, 0xcc, 0xff, 0xfe, 0xcb, 0xbd, 0xff,
    0xfd, 0xbb, 0x5b, 0xff, 0xff, 0xfc, 0x46, 0xdf,
    0xff, 0xff, 0xfd, 0x64, 0xdf, 0xff, 0xe9, 0x49,
    0xef, 0xf8, 0xff, 0x40, 0x0, 0x0, 0x0, 0x0,
    0x0, 0x0, 0x0, 0x0, 0x0, 0x0, 0x0, 0x0,
    0x0, 0xf, 0xf1, 0x0, 0x0, 0x0, 0x0, 0x0,
    0x0, 0x0, 0x0, 0x0, 0x0, 0x0, 0x0, 0x0,
    0x0, 0xff, 0x10, 0x0, 0x0, 0x0, 0x0, 0x0,
    0x0, 0x0, 0x0, 0x0, 0x0, 0x0, 0x0, 0x0,
    0xf, 0xf1, 0x0, 0x0, 0x0, 0x0, 0x0, 0x0,
    0x0, 0x0, 0x0, 0x0, 0x0, 0x0, 0x0, 0x0,
    0xff, 0x10, 0x0, 0x0, 0x0, 0x0, 0x0, 0x0,
    0x0, 0x0, 0x0, 0x0, 0x0, 0x0, 0x0, 0x1,
    0x20, 0x0, 0x0, 0x0, 0x0, 0x0, 0x0, 0x0,
    0x0, 0x0, 0x0, 0x0, 0x0, 0x0, 0x0,

    /* U+FD7A "ﵺ" */
    0x0, 0x0, 0x0, 0x0, 0x0, 0x0, 0x0, 0x0,
    0x0, 0x0, 0x0, 0x0, 0x0, 0x0, 0xb, 0xd0,
    0x0, 0x0, 0x0, 0x0, 0x0, 0x0, 0x0, 0x0,
    0x0, 0x0, 0x0, 0x0, 0x0, 0x0, 0x0, 0x0,
    0xcf, 0x0, 0x0, 0x0, 0x0, 0x0, 0x0, 0x0,
    0x0, 0x0, 0x0, 0x0, 0x0, 0x0, 0x0, 0x0,
    0x0, 0x0, 0x10, 0x0, 0x0, 0x0, 0x0, 0x0,
    0x0, 0x0, 0x0, 0x0, 0x0, 0x0, 0x0, 0x0,
    0x0, 0x0, 0x27, 0xaa, 0x84, 0x0, 0x0, 0x0,
    0x0, 0x0, 0x0, 0x0, 0x0, 0x0, 0x1, 0x7a,
    0xa6, 0x0, 0x0, 0x9f, 0xff, 0xff, 0xfc, 0x0,
    0x0, 0x0, 0x0, 0x0, 0x0, 0x0, 0x0, 0x3,
    0xff, 0xff, 0xfc, 0x0, 0x3f, 0xf7, 0x10, 0x4f,
    0xf0, 0x0, 0x0, 0x0, 0x3, 0xcf, 0xc2, 0x0,
    0x0, 0x9f, 0x81, 0x2d, 0xf6, 0x0, 0xee, 0x0,
    0x1, 0xfc, 0x0, 0x0, 0x0, 0x5, 0xff, 0xff,
    0xd0, 0x0, 0xc, 0xf2, 0x0, 0x7f, 0xa0, 0x7,
    0xf6, 0x0, 0x8f, 0x60, 0x0, 0x0, 0x1, 0xff,
    0x40, 0x9f, 0x90, 0x0, 0xcf, 0x20, 0x7, 0xfa,
    0x0, 0xe, 0xf2, 0x5f, 0xc0, 0x8, 0xe4, 0x0,
    0x5f, 0xa0, 0x0, 0xcf, 0x60, 0x9, 0xf4, 0x1,
    0xdf, 0x80, 0x0, 0x3f, 0xff, 0xd1, 0x0, 0xcf,
    0x20, 0x3, 0xff, 0x93, 0x1, 0xef, 0xcb, 0xdf,
    0xdb, 0xff, 0xff, 0xcb, 0xbc, 0xff, 0xfe, 0xbb,
    0x9e, 0xf1, 0x0, 0x7, 0xef, 0xfb, 0x2, 0xbf,
    0xff, 0xff, 0xfe, 0x82, 0xbf, 0xff, 0xfb, 0x47,
    0xcf, 0xfd, 0xef, 0x20, 0x0, 0x0, 0x4e, 0xf4,
    0x0, 0x0, 0x0, 0x0, 0x0, 0x0, 0x0, 0x0,
    0x0, 0x0, 0x0, 0xb, 0xfc, 0x10, 0x0, 0x4,
    0xef, 0x30, 0x0, 0x0, 0x0, 0x0, 0x0, 0x0,
    0x0, 0x0, 0x0, 0x0, 0x0, 0x3f, 0xff, 0xff,
    0xff, 0xff, 0xa0, 0x0, 0x0, 0x0, 0x0, 0x0,
    0x0, 0x0, 0x0, 0x0, 0x0, 0x0, 0x0, 0x39,
    0xbb, 0xbb, 0xa9, 0x40, 0x0, 0x0, 0x0, 0x0,
    0x0, 0x0, 0x0, 0x0, 0x0, 0x0, 0x0, 0x0,
    0x0, 0x0, 0x0, 0x0, 0x0, 0x0, 0x0, 0x0,
    0x0, 0x0, 0x0, 0x0, 0x0, 0x0, 0x0, 0x0,
    0x0, 0x0, 0x0, 0xdb, 0x3f, 0x70, 0x0, 0x0,
    0x0, 0x0, 0x0, 0x0, 0x0, 0x0, 0x0, 0x0,
    0x0, 0x0, 0x0, 0x0, 0xf, 0xd4, 0xf8, 0x0,
    0x0, 0x0, 0x0, 0x0, 0x0, 0x0, 0x0, 0x0,
    0x0, 0x0, 0x0, 0x0, 0x0, 0x0, 0x10, 0x2,
    0x0, 0x0, 0x0, 0x0, 0x0, 0x0, 0x0, 0x0,
    0x0, 0x0, 0x0, 0x0, 0x0, 0x0,

    /* U+FD7B "ﵻ" */
    0x0, 0x0, 0x0, 0x0, 0x0, 0x0, 0x0, 0x0,
    0x0, 0x0, 0x0, 0x0, 0x0, 0x0, 0xb, 0xd0,
    0x0, 0x0, 0x0, 0x0, 0x0, 0x0, 0x0, 0x0,
    0x0, 0x0, 0x0, 0x0, 0x0, 0x0, 0x0, 0x0,
    0xcf, 0x0, 0x0, 0x0, 0x0, 0x0, 0x0, 0x0,
    0x0, 0x0, 0x0, 0x0, 0x0, 0x0, 0x0, 0x0,
    0x0, 0x0, 0x10, 0x0, 0x0, 0x0, 0x0, 0x0,
    0x0, 0x0, 0x0, 0x0, 0x0, 0x0, 0x0, 0x0,
    0x0, 0x0, 0x27, 0xaa, 0x84, 0x0, 0x0, 0x0,
    0x0, 0x0, 0x0, 0x0, 0x0, 0x0, 0x1, 0x7a,
    0xa6, 0x0, 0x0, 0x9f, 0xff, 0xff, 0xfc, 0x0,
    0x0, 0x0, 0x0, 0x0, 0x0, 0x0, 0x0, 0x3,
    0xff, 0xff, 0xfc, 0x0, 0x3f, 0xf7, 0x10, 0x4f,
    0xf0, 0x0, 0x0, 0x0, 0x3, 0xcf, 0xc2, 0x0,
    0x0, 0x9f, 0x81, 0x2d, 0xf6, 0x0, 0xee, 0x0,
    0x1, 0xfc, 0x0, 0x0, 0x0, 0x5, 0xff, 0xff,
    0xd0, 0x0, 0xc, 0xf2, 0x0, 0x7f, 0xa0, 0x7,
    0xf6, 0x0, 0x8f, 0x60, 0x0, 0x0, 0x1, 0xff,
    0x40, 0x9f, 0x90, 0x0, 0xcf, 0x20, 0x7, 0xfa,
    0x0, 0xe, 0xf2, 0x5f, 0xc0, 0x8, 0xe4, 0x0,
    0x5f, 0xa0, 0x0, 0xcf, 0x60, 0x9, 0xf4, 0x1,
    0xdf, 0x80, 0x0, 0x3f, 0xff, 0xd1, 0x0, 0xcf,
    0x20, 0x3, 0xff, 0x93, 0x1, 0xef, 0xcb, 0xdf,
    0xdb, 0xff, 0xff, 0xcb, 0xbc, 0xff, 0xfe, 0xbb,
    0x9e, 0xf1, 0x0, 0x7, 0xef, 0xfb, 0x2, 0xbf,
    0xff, 0xff, 0xfe, 0x82, 0xbf, 0xff, 0xfb, 0x47,
    0xcf, 0xfd, 0xef, 0x20, 0x0, 0x0, 0x4e, 0xf4,
    0x0, 0x0, 0x0, 0x0, 0x0, 0x0, 0x0, 0x0,
    0x0, 0x0, 0x0, 0xb, 0xfc, 0x10, 0x0, 0x4,
    0xef, 0x30, 0x0, 0x0, 0x0, 0x0, 0x0, 0x0,
    0x0, 0x0, 0x0, 0x0, 0x0, 0x3f, 0xff, 0xff,
    0xff, 0xff, 0xa0, 0x0, 0x0, 0x0, 0x0, 0x0,
    0x0, 0x0, 0x0, 0x0, 0x0, 0x0, 0x0, 0x39,
    0xbb, 0xbb, 0xa9, 0x40, 0x0, 0x0, 0x0, 0x0,
    0x0, 0x0, 0x0, 0x0, 0x0, 0x0, 0x0, 0x0,

    /* U+FD7C "ﵼ" */
    0x0, 0x0, 0x0, 0x0, 0x0, 0x0, 0xe, 0xa0,
    0x0, 0x0, 0x0, 0x0, 0xdb, 0x0, 0x0, 0x0,
    0x0, 0x0, 0x0, 0x0, 0x0, 0x1, 0xfc, 0x0,
    0x0, 0x0, 0x0, 0xf, 0xd0, 0x0, 0x0, 0x0,
    0x0, 0x0, 0x0, 0x0, 0x0, 0x1, 0x0, 0x0,
    0x0, 0x0, 0x0, 0x11, 0x0, 0x0, 0x0, 0x0,
    0x0, 0x0, 0x0, 0x0, 0x0, 0x0, 0x0, 0x0,
    0x0, 0x0, 0x0, 0x0, 0x0, 0x0, 0x0, 0x19,
    0xef, 0xd6, 0x0, 0x5, 0xcf, 0xfe, 0x70, 0x0,
    0x0, 0x6, 0xcf, 0xff, 0xb0, 0x0, 0xd, 0xfe,
    0xbf, 0xf7, 0x0, 0x5f, 0xcc, 0xff, 0x60, 0x0,
    0x9, 0xff, 0xcc, 0xfb, 0x0, 0x2, 0xfc, 0x0,
    0x4f, 0xe0, 0x0, 0x0, 0x6, 0xfd, 0x0, 0x2,
    0xff, 0x30, 0x5f, 0xb0, 0x0, 0x5f, 0x90, 0x0,
    0xff, 0x20, 0x0, 0x0, 0xf, 0xf0, 0x0, 0x6f,
    0xb0, 0x5, 0xfb, 0x0, 0x5, 0xfa, 0x0, 0xf,
    0xf1, 0x0, 0x0, 0x0, 0xcf, 0x40, 0x6, 0xfb,
    0x0, 0x5f, 0xb0, 0x0, 0x2f, 0xc0, 0x8, 0xff,
    0x0, 0x0, 0x0, 0x7, 0xfa, 0x0, 0x2f, 0xf2,
    0x5, 0xfb, 0x0, 0x19, 0xff, 0xbd, 0xff, 0xfe,
    0xbb, 0xbb, 0xbb, 0xbf, 0xfb, 0xbb, 0xef, 0xfb,
    0xcf, 0xeb, 0x8b, 0xff, 0xff, 0xfc, 0x46, 0xdf,
    0xff, 0xff, 0xff, 0xff, 0xff, 0xff, 0xff, 0xff,
    0xff, 0xfb, 0xff, 0x40, 0x0, 0x0, 0x0, 0x0,
    0x0, 0x0, 0x0, 0x0, 0x0, 0x0, 0x0, 0x0,
    0x0, 0xf, 0xf1, 0x0, 0x0, 0x0, 0x0, 0x0,
    0x0, 0x0, 0x0, 0x0, 0x0, 0x0, 0x0, 0x0,
    0x0, 0xff, 0x10, 0x0, 0x0, 0x0, 0x0, 0x0,
    0x0, 0x0, 0x0, 0x0, 0x0, 0x0, 0x0, 0x0,
    0xf, 0xf1, 0x0, 0x0, 0x0, 0x0, 0x0, 0x0,
    0x0, 0x0, 0x0, 0x0, 0x0, 0x0, 0x0, 0x0,
    0xff, 0x10, 0x0, 0x0, 0x0, 0x0, 0x0, 0x0,
    0x0, 0x0, 0x0, 0x0, 0x0, 0x0, 0x0, 0x1,
    0x20, 0x0, 0x0, 0x0, 0x0, 0x0, 0x0, 0x0,
    0x0, 0x0, 0x0, 0x0, 0x0, 0x0, 0x0,

    /* U+FD7D "ﵽ" */
    0x0, 0x0, 0x0, 0x0, 0x0, 0x0, 0x4, 0xf5,
    0x0, 0x0, 0x0, 0x0, 0x4f, 0x50, 0x0, 0x0,
    0x0, 0x0, 0x0, 0x0, 0x0, 0x6, 0xf6, 0x0,
    0x0, 0x0, 0x0, 0x5f, 0x70, 0x0, 0x0, 0x0,
    0x0, 0x0, 0x0, 0x0, 0x0, 0x20, 0x0, 0x0,
    0x0, 0x0, 0x2, 0x0, 0x0, 0x0, 0x0, 0x0,
    0x0, 0x0, 0x0, 0x0, 0x0, 0x0, 0x0, 0x0,
    0x0, 0x0, 0x0, 0x0, 0x0, 0x4, 0xbf, 0xfc,
    0x30, 0x0, 0x9d, 0xff, 0xc3, 0x0, 0x0, 0x1,
    0x9d, 0xff, 0xf6, 0x0, 0x3f, 0xfc, 0xcf, 0xf2,
    0x0, 0xbe, 0xbd, 0xff, 0x10, 0x0, 0x1d, 0xff,
    0xbe, 0xf6, 0x0, 0x8f, 0x70, 0x9, 0xf9, 0x0,
    0x0, 0x0, 0xcf, 0x70, 0x0, 0x8f, 0xc1, 0xa,
    0xf6, 0x0, 0xaf, 0x40, 0x4, 0xfc, 0x0, 0x0,
    0x0, 0x5f, 0xb0, 0x0, 0xbf, 0x60, 0xa, 0xf6,
    0x0, 0xaf, 0x40, 0x5, 0xfc, 0x0, 0x0, 0x0,
    0x1f, 0xe0, 0x0, 0xbf, 0x50, 0xa, 0xf6, 0x0,
    0x7f, 0x70, 0xc, 0xfa, 0x0, 0x0, 0x0, 0xc,
    0xf4, 0x0, 0x7f, 0xb0, 0xa, 0xf6, 0x1b, 0xcf,
    0xeb, 0xef, 0xff, 0xcb, 0xbb, 0xbb, 0xbd, 0xfe,
    0xbb, 0xbf, 0xfe, 0xbe, 0xf6, 0x2f, 0xff, 0xff,
    0xe9, 0x2a, 0xef, 0xff, 0xff, 0xff, 0xff, 0xff,
    0xff, 0xff, 0xff, 0xf6,

    /* U+FD7E "ﵾ" */
    0x0, 0x0, 0x0, 0x0, 0x0, 0x0, 0x0, 0x0,
    0x0, 0x0, 0x0, 0xe, 0xa3, 0xf6, 0x0, 0x0,
    0x0, 0x0, 0x0, 0x0, 0x0, 0x0, 0x0, 0x0,
    0x0, 0x0, 0x1, 0xfc, 0x4f, 0x80, 0x0, 0x0,
    0x0, 0x0, 0x0, 0x0, 0x0, 0x0, 0x0, 0x0,
    0x0, 0x0, 0x1, 0x0, 0x20, 0x0, 0x0, 0x0,
    0x0, 0x0, 0x0, 0x0, 0x0, 0x0, 0x0, 0x0,
    0x0, 0x0, 0x0, 0x0, 0x0, 0x0, 0x8, 0xcf,
    0xfd, 0x60, 0x0, 0x0, 0x3a, 0xef, 0xc5, 0x0,
    0x0, 0x3, 0xbe, 0xff, 0xf0, 0x0, 0xdf, 0xcc,
    0xff, 0x60, 0x0, 0x1f, 0xfd, 0xcf, 0xf4, 0x0,
    0x5, 0xff, 0xdb, 0xff, 0x0, 0x2, 0x0, 0x5,
    0xfe, 0x0, 0x5, 0xf9, 0x0, 0x7f, 0xc0, 0x0,
    0xef, 0x70, 0x1f, 0xf0, 0x0, 0x0, 0x0, 0xd,
    0xf1, 0x0, 0x8f, 0x60, 0x2, 0xff, 0x0, 0x2f,
    0xf0, 0x1, 0xff, 0x0, 0x0, 0x0, 0x0, 0x8f,
    0x60, 0x7, 0xf7, 0x0, 0x3f, 0xe0, 0x2, 0xff,
    0x0, 0x1f, 0xf0, 0x0, 0x0, 0x4, 0x9e, 0xfd,
    0x0, 0x4f, 0x90, 0xa, 0xfc, 0x0, 0xd, 0xf5,
    0x1, 0xff, 0x0, 0x0, 0x3d, 0xff, 0xcc, 0xfd,
    0xbb, 0xff, 0xbd, 0xff, 0xfd, 0xbb, 0xdf, 0xfc,
    0xbf, 0xfb, 0xa0, 0x5f, 0xf7, 0x10, 0x1a, 0xff,
    0xff, 0xff, 0xfa, 0x38, 0xef, 0xff, 0xff, 0xff,
    0xff, 0xff, 0xf, 0xf3, 0x0, 0x0, 0x0, 0x0,
    0x0, 0x0, 0x0, 0x0, 0x0, 0x0, 0x0, 0x0,
    0x0, 0x4, 0xfc, 0x0, 0x0, 0x0, 0x0, 0x0,
    0x0, 0x0, 0x0, 0x0, 0x0, 0x0, 0x0, 0x0,
    0x0, 0x3f, 0xf1, 0x0, 0x0, 0x0, 0x0, 0x0,
    0x0, 0x0, 0x0, 0x0, 0x0, 0x0, 0x0, 0x0,
    0x0, 0xdf, 0xfb, 0xce, 0x30, 0x0, 0x0, 0x0,
    0x0, 0x0, 0x0, 0x0, 0x0, 0x0, 0x0, 0x0,
    0x1, 0xae, 0xfe, 0xb2, 0x0, 0x0, 0x0, 0x0,
    0x0, 0x0, 0x0, 0x0, 0x0, 0x0, 0x0, 0x0,

    /* U+FD7F "ﵿ" */
    0x0, 0x0, 0x0, 0x0, 0x0, 0x0, 0x0, 0x0,
    0x0, 0x0, 0x0, 0x8, 0xe2, 0xcc, 0x0, 0x0,
    0x0, 0x0, 0x0, 0x0, 0x0, 0x0, 0x0, 0x0,
    0x0, 0x0, 0x0, 0xa, 0xf2, 0xee, 0x0, 0x0,
    0x0, 0x0, 0x0, 0x0, 0x0, 0x0, 0x0, 0x0,
    0x0, 0x0, 0x0, 0x0, 0x10, 0x11, 0x0, 0x0,
    0x0, 0x0, 0x0, 0x0, 0x0, 0x0, 0x0, 0x0,
    0x0, 0x0, 0x0, 0x0, 0x0, 0x0, 0x0, 0x0,
    0x0, 0x19, 0xef, 0xd6, 0x0, 0x0, 0x7, 0xdf,
    0xe8, 0x0, 0x0, 0x1, 0x9d, 0xff, 0xf6, 0x0,
    0x0, 0xdf, 0xeb, 0xff, 0x70, 0x0, 0xaf, 0xfb,
    0xef, 0xb0, 0x0, 0x1d, 0xff, 0xbe, 0xf6, 0x0,
    0x2, 0xfc, 0x0, 0x4f, 0xe0, 0x0, 0xff, 0x0,
    0x1f, 0xf2, 0x0, 0x8f, 0xc1, 0xa, 0xf6, 0x0,
    0x5, 0xf9, 0x0, 0xf, 0xf2, 0x2, 0xfd, 0x0,
    0xc, 0xf5, 0x0, 0xbf, 0x60, 0xa, 0xf6, 0x0,
    0x5, 0xfa, 0x0, 0xf, 0xf1, 0x1, 0xfd, 0x0,
    0xc, 0xf5, 0x0, 0xbf, 0x50, 0xa, 0xf6, 0x0,
    0x2, 0xfc, 0x0, 0x8f, 0xf0, 0x0, 0xef, 0x0,
    0x4f, 0xf2, 0x0, 0x7f, 0xb0, 0xa, 0xf6, 0x0,
    0x19, 0xff, 0xbd, 0xff, 0xfe, 0xbb, 0xef, 0xcc,
    0xff, 0xfe, 0xcb, 0xbf, 0xfe, 0xbe, 0xfd, 0xb4,
    0xbf, 0xff, 0xff, 0xc4, 0x6d, 0xff, 0xff, 0xff,
    0xd6, 0x4d, 0xff, 0xff, 0xff, 0xff, 0xff, 0xf6,
    0xff, 0x40, 0x0, 0x0, 0x0, 0x0, 0x0, 0x0,
    0x0, 0x0, 0x0, 0x0, 0x0, 0x0, 0x0, 0x0,
    0xff, 0x10, 0x0, 0x0, 0x0, 0x0, 0x0, 0x0,
    0x0, 0x0, 0x0, 0x0, 0x0, 0x0, 0x0, 0x0,
    0xff, 0x10, 0x0, 0x0, 0x0, 0x0, 0x0, 0x0,
    0x0, 0x0, 0x0, 0x0, 0x0, 0x0, 0x0, 0x0,
    0xff, 0x10, 0x0, 0x0, 0x0, 0x0, 0x0, 0x0,
    0x0, 0x0, 0x0, 0x0, 0x0, 0x0, 0x0, 0x0,
    0xff, 0x10, 0x0, 0x0, 0x0, 0x0, 0x0, 0x0,
    0x0, 0x0, 0x0, 0x0, 0x0, 0x0, 0x0, 0x0,
    0x12, 0x0, 0x0, 0x0, 0x0, 0x0, 0x0, 0x0,
    0x0, 0x0, 0x0, 0x0, 0x0, 0x0, 0x0, 0x0,

    /* U+FD80 "ﶀ" */
    0x0, 0x0, 0x0, 0x0, 0x0, 0x0, 0x0, 0x0,
    0x0, 0x0, 0x0, 0xff, 0x10, 0x0, 0x0, 0x0,
    0x0, 0x0, 0x0, 0x0, 0x0, 0x0, 0x0, 0x0,
    0xf, 0xf1, 0x0, 0x0, 0x0, 0x0, 0x0, 0x0,
    0x0, 0x0, 0x0, 0x0, 0x0, 0x0, 0xff, 0x10,
    0x0, 0x0, 0x0, 0x0, 0x0, 0x0, 0x0, 0x0,
    0x0, 0x0, 0x0, 0xf, 0xf1, 0x0, 0x0, 0x19,
    0xef, 0xd6, 0x0, 0x4, 0xbe, 0xfe, 0x70, 0x0,
    0x0, 0xff, 0x10, 0x0, 0xd, 0xfe, 0xbf, 0xf7,
    0x0, 0x6f, 0xcb, 0xff, 0x60, 0x0, 0xf, 0xf1,
    0x0, 0x2, 0xfc, 0x0, 0x4f, 0xe0, 0x0, 0x10,
    0x6, 0xfd, 0x0, 0x0, 0xff, 0x10, 0x0, 0x5f,
    0x90, 0x0, 0xff, 0x20, 0x0, 0x0, 0xf, 0xf0,
    0x0, 0xf, 0xf1, 0x0, 0x5, 0xfa, 0x0, 0xf,
    0xf1, 0x0, 0x0, 0x0, 0xcf, 0x40, 0x0, 0xff,
    0x10, 0x0, 0x2f, 0xc0, 0x8, 0xff, 0x0, 0x0,
    0x0, 0x6, 0xfa, 0x0, 0xf, 0xf1, 0x0, 0x19,
    0xff, 0xbd, 0xff, 0xfe, 0xbb, 0xbb, 0xbb, 0xbf,
    0xfb, 0xbb, 0xff, 0xbb, 0x3b, 0xff, 0xff, 0xfc,
    0x46, 0xdf, 0xff, 0xff, 0xff, 0xff, 0xff, 0xff,
    0xff, 0xf4, 0xff, 0x40, 0x0, 0x0, 0x0, 0x0,
    0x0, 0x0, 0x0, 0x0, 0x0, 0x0, 0x0, 0xf,
    0xf1, 0x0, 0x0, 0x0, 0x0, 0x0, 0x0, 0x0,
    0x0, 0x0, 0x0, 0x0, 0x0, 0xff, 0x10, 0x0,
    0x0, 0x0, 0x0, 0x0, 0x0, 0x0, 0x0, 0x0,
    0x0, 0x0, 0xf, 0xf1, 0x0, 0x0, 0x0, 0x0,
    0x0, 0x0, 0x0, 0x0, 0x0, 0x0, 0x0, 0x0,
    0xff, 0x10, 0x0, 0x0, 0x0, 0x0, 0x0, 0x0,
    0x0, 0x0, 0x0, 0x0, 0x0, 0x1, 0x20, 0x0,
    0x0, 0x0, 0x0, 0x0, 0x0, 0x0, 0x0, 0x0,
    0x0, 0x0, 0x0,

    /* U+FD81 "ﶁ" */
    0x0, 0x0, 0x0, 0x0, 0x0, 0x0, 0x0, 0x0,
    0x0, 0x0, 0x0, 0x0, 0x0, 0xaf, 0x60, 0x0,
    0x0, 0x0, 0x0, 0x0, 0x0, 0x0, 0x0, 0x0,
    0x0, 0x0, 0x0, 0x0, 0xa, 0xf6, 0x0, 0x0,
    0x0, 0x0, 0x0, 0x0, 0x0, 0x0, 0x0, 0x0,
    0x0, 0x0, 0x0, 0x0, 0xaf, 0x60, 0x0, 0x0,
    0x0, 0x0, 0x0, 0x0, 0x0, 0x0, 0x0, 0x0,
    0x0, 0x0, 0x0, 0xa, 0xf6, 0x0, 0x0, 0x0,
    0x0, 0x0, 0x0, 0x0, 0x0, 0x2, 0xae, 0xff,
    0xa1, 0x0, 0x0, 0xaf, 0x60, 0x0, 0x0, 0x0,
    0x0, 0x0, 0x0, 0x0, 0x0, 0x1f, 0xdb, 0xef,
    0xb0, 0x0, 0xa, 0xf6, 0x0, 0x0, 0x0, 0x0,
    0x3, 0xcf, 0xc2, 0x0, 0x0, 0x10, 0x2, 0xff,
    0x20, 0x0, 0xaf, 0x60, 0x0, 0x0, 0x0, 0x5,
    0xff, 0xff, 0xd0, 0x0, 0x0, 0x0, 0xb, 0xf5,
    0x0, 0xa, 0xf6, 0x0, 0x0, 0x0, 0x1, 0xff,
    0x40, 0x9f, 0x90, 0x0, 0x0, 0x0, 0x7f, 0x90,
    0x0, 0xaf, 0x60, 0x8, 0xe4, 0x0, 0x5f, 0xa0,
    0x0, 0xcf, 0x60, 0x0, 0x0, 0x2, 0xfe, 0x0,
    0xa, 0xf6, 0x0, 0xcf, 0x20, 0x3, 0xff, 0x93,
    0x1, 0xef, 0xcb, 0xbb, 0xbb, 0xbe, 0xfc, 0xbb,
    0xef, 0xdb, 0x6e, 0xf1, 0x0, 0x7, 0xef, 0xfb,
    0x2, 0xbf, 0xff, 0xff, 0xff, 0xff, 0xff, 0xff,
    0xff, 0xf9, 0xef, 0x20, 0x0, 0x0, 0x4e, 0xf4,
    0x0, 0x0, 0x0, 0x0, 0x0, 0x0, 0x0, 0x0,
    0x0, 0xb, 0xfc, 0x10, 0x0, 0x4, 0xef, 0x30,
    0x0, 0x0, 0x0, 0x0, 0x0, 0x0, 0x0, 0x0,
    0x0, 0x3f, 0xff, 0xff, 0xff, 0xff, 0xa0, 0x0,
    0x0, 0x0, 0x0, 0x0, 0x0, 0x0, 0x0, 0x0,
    0x0, 0x39, 0xbb, 0xbb, 0xa9, 0x40, 0x0, 0x0,
    0x0, 0x0, 0x0, 0x0, 0x0, 0x0, 0x0, 0x0,
    0x0, 0x0, 0x0, 0x0, 0x0, 0x0, 0x0, 0x0,
    0x0, 0x0, 0x0, 0x0, 0x0, 0x0, 0x0, 0x0,
    0x0, 0xdb, 0x3f, 0x70, 0x0, 0x0, 0x0, 0x0,
    0x0, 0x0, 0x0, 0x0, 0x0, 0x0, 0x0, 0x0,
    0xf, 0xd4, 0xf8, 0x0, 0x0, 0x0, 0x0, 0x0,
    0x0, 0x0, 0x0, 0x0, 0x0, 0x0, 0x0, 0x0,
    0x10, 0x2, 0x0, 0x0, 0x0, 0x0, 0x0, 0x0,
    0x0, 0x0, 0x0, 0x0, 0x0, 0x0,

    /* U+FD82 "ﶂ" */
    0x0, 0x0, 0x0, 0x0, 0x0, 0x0, 0x0, 0x0,
    0x0, 0x0, 0x0, 0x0, 0x0, 0xaf, 0x60, 0x0,
    0x0, 0x0, 0x0, 0x0, 0x0, 0x0, 0x0, 0x0,
    0x0, 0x0, 0x0, 0x0, 0xa, 0xf6, 0x0, 0x0,
    0x0, 0x0, 0x0, 0x0, 0x0, 0x0, 0x0, 0x0,
    0x0, 0x0, 0x0, 0x0, 0xaf, 0x60, 0x0, 0x0,
    0x0, 0x0, 0x0, 0x0, 0x0, 0x0, 0x0, 0x0,
    0x0, 0x0, 0x0, 0xa, 0xf6, 0x0, 0x0, 0x0,
    0x0, 0x0, 0x0, 0x0, 0x0, 0x2, 0xae, 0xff,
    0xa1, 0x0, 0x0, 0xaf, 0x60, 0x0, 0x0, 0x0,
    0x0, 0x0, 0x0, 0x0, 0x0, 0x1f, 0xdb, 0xef,
    0xb0, 0x0, 0xa, 0xf6, 0x0, 0x0, 0x0, 0x0,
    0x3, 0xcf, 0xc2, 0x0, 0x0, 0x10, 0x2, 0xff,
    0x20, 0x0, 0xaf, 0x60, 0x0, 0x0, 0x0, 0x5,
    0xff, 0xff, 0xd0, 0x0, 0x0, 0x0, 0xb, 0xf5,
    0x0, 0xa, 0xf6, 0x0, 0x0, 0x0, 0x1, 0xff,
    0x40, 0x9f, 0x90, 0x0, 0x0, 0x0, 0x7f, 0x90,
    0x0, 0xaf, 0x60, 0x8, 0xe4, 0x0, 0x5f, 0xa0,
    0x0, 0xcf, 0x60, 0x0, 0x0, 0x2, 0xfe, 0x0,
    0xa, 0xf6, 0x0, 0xcf, 0x20, 0x3, 0xff, 0x93,
    0x1, 0xef, 0xcb, 0xbb, 0xbb, 0xbe, 0xfc, 0xbb,
    0xef, 0xdb, 0x6e, 0xf1, 0x0, 0x7, 0xef, 0xfb,
    0x2, 0xbf, 0xff, 0xff, 0xff, 0xff, 0xff, 0xff,
    0xff, 0xf9, 0xef, 0x20, 0x0, 0x0, 0x4e, 0xf4,
    0x0, 0x0, 0x0, 0x0, 0x0, 0x0, 0x0, 0x0,
    0x0, 0xb, 0xfc, 0x10, 0x0, 0x4, 0xef, 0x30,
    0x0, 0x0, 0x0, 0x0, 0x0, 0x0, 0x0, 0x0,
    0x0, 0x3f, 0xff, 0xff, 0xff, 0xff, 0xa0, 0x0,
    0x0, 0x0, 0x0, 0x0, 0x0, 0x0, 0x0, 0x0,
    0x0, 0x39, 0xbb, 0xbb, 0xa9, 0x40, 0x0, 0x0,
    0x0, 0x0, 0x0, 0x0, 0x0, 0x0, 0x0, 0x0,

    /* U+FD83 "ﶃ" */
    0x0, 0x0, 0x0, 0x0, 0x0, 0x0, 0x0, 0x0,
    0x0, 0x0, 0x0, 0xff, 0x10, 0x0, 0x0, 0x0,
    0x0, 0x0, 0x0, 0x0, 0x0, 0x0, 0x0, 0xf,
    0xf1, 0x0, 0x0, 0x0, 0x0, 0x0, 0x0, 0x0,
    0x0, 0x0, 0x0, 0x0, 0xff, 0x10, 0x0, 0x0,
    0x0, 0x0, 0x0, 0x0, 0x0, 0x0, 0x0, 0x0,
    0xf, 0xf1, 0x1, 0x9d, 0xff, 0xb2, 0x0, 0x4,
    0xbe, 0xfe, 0x70, 0x0, 0x0, 0xff, 0x10, 0xe,
    0xdb, 0xef, 0xd0, 0x0, 0x6f, 0xcb, 0xff, 0x60,
    0x0, 0xf, 0xf1, 0x0, 0x10, 0x0, 0xef, 0x40,
    0x0, 0x10, 0x6, 0xfd, 0x0, 0x0, 0xff, 0x10,
    0x0, 0x0, 0x8, 0xf8, 0x0, 0x0, 0x0, 0xf,
    0xf0, 0x0, 0xf, 0xf1, 0x0, 0x0, 0x0, 0x5f,
    0xb0, 0x0, 0x0, 0x0, 0xcf, 0x40, 0x0, 0xff,
    0x10, 0x0, 0x0, 0x0, 0xff, 0x10, 0x0, 0x0,
    0x6, 0xfa, 0x0, 0xf, 0xf1, 0x1b, 0xbb, 0xbb,
    0xbe, 0xfd, 0xbb, 0xbb, 0xbb, 0xbf, 0xfb, 0xbb,
    0xff, 0x12, 0xff, 0xff, 0xff, 0xff, 0xff, 0xff,
    0xff, 0xff, 0xff, 0xff, 0xff, 0xf1, 0x0, 0x0,
    0x0, 0x0, 0x0, 0x0, 0x0, 0x0, 0x0, 0x0,
    0x0, 0x0, 0x0, 0x0, 0x1, 0x10, 0x0, 0x0,
    0x0, 0x2, 0x0, 0x0, 0x0, 0x0, 0x0, 0x0,
    0x0, 0xfd, 0x0, 0x0, 0x0, 0x7, 0xf5, 0x0,
    0x0, 0x0, 0x0, 0x0, 0x0, 0xd, 0xb0, 0x0,
    0x0, 0x0, 0x5f, 0x40, 0x0, 0x0, 0x0, 0x0,

    /* U+FD84 "ﶄ" */
    0x0, 0x0, 0x0, 0x0, 0x0, 0x0, 0x0, 0x0,
    0x0, 0x0, 0x5, 0xfb, 0x0, 0x0, 0x0, 0x0,
    0x0, 0x0, 0x0, 0x0, 0x0, 0x0, 0x0, 0x5,
    0xfb, 0x0, 0x0, 0x0, 0x0, 0x0, 0x0, 0x0,
    0x0, 0x0, 0x0, 0x0, 0x5, 0xfb, 0x0, 0x0,
    0x0, 0x0, 0x0, 0x0, 0x0, 0x0, 0x0, 0x0,
    0x0, 0x5, 0xfb, 0x0, 0x6, 0xcf, 0xfd, 0x70,
    0x0, 0x8, 0xdf, 0xfc, 0x30, 0x0, 0x5, 0xfb,
    0x0, 0xe, 0xfc, 0xcf, 0xf6, 0x0, 0xc, 0xeb,
    0xdf, 0xf1, 0x0, 0x5, 0xfb, 0x0, 0x3, 0x0,
    0x5, 0xfe, 0x0, 0x1, 0x0, 0xc, 0xf7, 0x0,
    0x5, 0xfb, 0x0, 0x0, 0x0, 0x0, 0xdf, 0x10,
    0x0, 0x0, 0x6, 0xfa, 0x0, 0x5, 0xfb, 0x0,
    0x0, 0x0, 0x0, 0x9f, 0x60, 0x0, 0x0, 0x2,
    0xfe, 0x0, 0x5, 0xfb, 0x0, 0x0, 0x0, 0x39,
    0xef, 0xd0, 0x0, 0x0, 0x0, 0xdf, 0x30, 0x5,
    0xfb, 0x0, 0x0, 0x3c, 0xff, 0xcc, 0xfd, 0xbb,
    0xbb, 0xbb, 0xdf, 0xeb, 0xbc, 0xfe, 0xb9, 0x4,
    0xff, 0x71, 0x1, 0xaf, 0xff, 0xff, 0xff, 0xff,
    0xff, 0xff, 0xff, 0xfe, 0xe, 0xf3, 0x0, 0x0,
    0x0, 0x0, 0x0, 0x0, 0x0, 0x0, 0x0, 0x0,
    0x0, 0x4f, 0xc0, 0x0, 0x0, 0x0, 0x0, 0x1,
    0x10, 0x0, 0x0, 0x0, 0x0, 0x0, 0x3f, 0xe1,
    0x0, 0x4f, 0x50, 0x0, 0xd, 0xf0, 0x0, 0x0,
    0x0, 0x0, 0x0, 0xd, 0xff, 0x70, 0x6f, 0x60,
    0x0, 0xb, 0xd0, 0x0, 0x0, 0x0, 0x0, 0x0,
    0x1, 0xae, 0x60, 0x2, 0x0, 0x0, 0x0, 0x0,
    0x0, 0x0, 0x0, 0x0, 0x0,

    /* U+FD85 "ﶅ" */
    0x0, 0x0, 0x0, 0x0, 0x0, 0x0, 0xe, 0xa0,
    0x0, 0x0, 0x0, 0xff, 0x10, 0x0, 0x0, 0x0,
    0x0, 0x0, 0x0, 0x1, 0xfc, 0x0, 0x0, 0x0,
    0xf, 0xf1, 0x0, 0x0, 0x0, 0x0, 0x0, 0x0,
    0x0, 0x2, 0x10, 0x0, 0x0, 0x0, 0xff, 0x10,
    0x0, 0x0, 0x0, 0x0, 0x0, 0x0, 0x0, 0x0,
    0x0, 0x0, 0x0, 0xf, 0xf1, 0x0, 0x0, 0x19,
    0xef, 0xd6, 0x0, 0x4, 0xbe, 0xfe, 0x70, 0x0,
    0x0, 0xff, 0x10, 0x0, 0xd, 0xfe, 0xbf, 0xf7,
    0x0, 0x6f, 0xcb, 0xff, 0x60, 0x0, 0xf, 0xf1,
    0x0, 0x2, 0xfc, 0x0, 0x4f, 0xe0, 0x0, 0x10,
    0x6, 0xfd, 0x0, 0x0, 0xff, 0x10, 0x0, 0x5f,
    0x90, 0x0, 0xff, 0x20, 0x0, 0x0, 0xf, 0xf0,
    0x0, 0xf, 0xf1, 0x0, 0x5, 0xfa, 0x0, 0xf,
    0xf1, 0x0, 0x0, 0x0, 0xcf, 0x40, 0x0, 0xff,
    0x10, 0x0, 0x2f, 0xc0, 0x8, 0xff, 0x0, 0x0,
    0x0, 0x6, 0xfa, 0x0, 0xf, 0xf1, 0x0, 0x19,
    0xff, 0xbd, 0xff, 0xfe, 0xbb, 0xbb, 0xbb, 0xbf,
    0xfb, 0xbb, 0xff, 0xbb, 0x3b, 0xff, 0xff, 0xfc,
    0x46, 0xdf, 0xff, 0xff, 0xff, 0xff, 0xff, 0xff,
    0xff, 0xf4, 0xff, 0x40, 0x0, 0x0, 0x0, 0x0,
    0x0, 0x0, 0x0, 0x0, 0x0, 0x0, 0x0, 0xf,
    0xf1, 0x0, 0x0, 0x0, 0x0, 0x0, 0x0, 0x0,
    0x0, 0x0, 0x0, 0x0, 0x0, 0xff, 0x10, 0x0,
    0x0, 0x0, 0x0, 0x0, 0x0, 0x0, 0x0, 0x0,
    0x0, 0x0, 0xf, 0xf1, 0x0, 0x0, 0x0, 0x0,
    0x0, 0x0, 0x0, 0x0, 0x0, 0x0, 0x0, 0x0,
    0xff, 0x10, 0x0, 0x0, 0x0, 0x0, 0x0, 0x0,
    0x0, 0x0, 0x0, 0x0, 0x0, 0x1, 0x20, 0x0,
    0x0, 0x0, 0x0, 0x0, 0x0, 0x0, 0x0, 0x0,
    0x0, 0x0, 0x0,

    /* U+FD86 "ﶆ" */
    0x0, 0x0, 0x0, 0x0, 0x0, 0x0, 0x4, 0xf5,
    0x0, 0x0, 0x0, 0x4f, 0xc0, 0x0, 0x0, 0x0,
    0x0, 0x0, 0x0, 0x6f, 0x70, 0x0, 0x0, 0x4,
    0xfc, 0x0, 0x0, 0x0, 0x0, 0x0, 0x0, 0x0,
    0x30, 0x0, 0x0, 0x0, 0x4f, 0xc0, 0x0, 0x0,
    0x0, 0x0, 0x0, 0x0, 0x0, 0x0, 0x0, 0x0,
    0x4, 0xfc, 0x0, 0x4, 0xbf, 0xfc, 0x30, 0x0,
    0x7d, 0xff, 0xc3, 0x0, 0x0, 0x4f, 0xc0, 0x3,
    0xff, 0xcc, 0xff, 0x20, 0xc, 0xeb, 0xdf, 0xf1,
    0x0, 0x4, 0xfc, 0x0, 0x8f, 0x70, 0x9, 0xf9,
    0x0, 0x10, 0x0, 0xbf, 0x70, 0x0, 0x4f, 0xc0,
    0xa, 0xf4, 0x0, 0x4f, 0xc0, 0x0, 0x0, 0x5,
    0xfb, 0x0, 0x4, 0xfc, 0x0, 0xaf, 0x40, 0x5,
    0xfc, 0x0, 0x0, 0x0, 0x1f, 0xe0, 0x0, 0x4f,
    0xc0, 0x7, 0xf7, 0x0, 0xcf, 0xa0, 0x0, 0x0,
    0x0, 0xcf, 0x40, 0x4, 0xfc, 0x1b, 0xcf, 0xeb,
    0xef, 0xff, 0xcb, 0xbb, 0xbb, 0xbd, 0xfe, 0xbb,
    0xcf, 0xc2, 0xff, 0xff, 0xfe, 0x92, 0xae, 0xff,
    0xff, 0xff, 0xff, 0xff, 0xff, 0xfc,

    /* U+FD87 "ﶇ" */
    0x0, 0x0, 0x0, 0x0, 0x0, 0x0, 0x0, 0x0,
    0x0, 0x0, 0x0, 0xbf, 0x60, 0x0, 0x0, 0x0,
    0x0, 0x0, 0x0, 0x0, 0x0, 0x0, 0x0, 0x0,
    0xb, 0xf6, 0x0, 0x0, 0x0, 0x0, 0x0, 0x0,
    0x0, 0x0, 0x0, 0x0, 0x0, 0x0, 0xbf, 0x60,
    0x0, 0x0, 0x0, 0x0, 0x0, 0x0, 0x0, 0x0,
    0x0, 0x0, 0x0, 0xb, 0xf6, 0x0, 0x4, 0x7a,
    0xa8, 0x20, 0x0, 0x0, 0x5, 0x9a, 0x81, 0x0,
    0x0, 0xbf, 0x60, 0x0, 0xff, 0xff, 0xff, 0x40,
    0x0, 0xd, 0xff, 0xff, 0xe2, 0x0, 0xb, 0xf6,
    0x0, 0x4, 0x30, 0x18, 0xfc, 0x0, 0x4, 0xfc,
    0x20, 0xaf, 0xb0, 0x0, 0xbf, 0x60, 0x0, 0x0,
    0x0, 0xe, 0xf1, 0x0, 0x8f, 0x70, 0x2, 0xff,
    0x0, 0xb, 0xf6, 0x0, 0x0, 0x0, 0x0, 0x9f,
    0x50, 0x8, 0xf6, 0x0, 0x2f, 0xe0, 0x0, 0xbf,
    0x60, 0x0, 0x0, 0x3, 0x8d, 0xfc, 0x0, 0x5f,
    0x90, 0xa, 0xfc, 0x0, 0xb, 0xf6, 0x0, 0x0,
    0x3c, 0xff, 0xcc, 0xfd, 0xbb, 0xff, 0xbd, 0xff,
    0xfd, 0xbb, 0xef, 0xdb, 0x50, 0x4f, 0xf7, 0x10,
    0x1a, 0xff, 0xff, 0xff, 0xfa, 0x38, 0xef, 0xff,
    0xff, 0xf8, 0xe, 0xf3, 0x0, 0x0, 0x0, 0x0,
    0x0, 0x0, 0x0, 0x0, 0x0, 0x0, 0x0, 0x4,
    0xfc, 0x0, 0x0, 0x0, 0x0, 0x0, 0x0, 0x0,
    0x0, 0x0, 0x0, 0x0, 0x0, 0x3f, 0xf1, 0x0,
    0x0, 0x0, 0x0, 0x0, 0x0, 0x0, 0x0, 0x0,
    0x0, 0x0, 0x0, 0xdf, 0xfb, 0xce, 0x30, 0x0,
    0x0, 0x0, 0x0, 0x0, 0x0, 0x0, 0x0, 0x0,
    0x1, 0xae, 0xfe, 0xb2, 0x0, 0x0, 0x0, 0x0,
    0x0, 0x0, 0x0, 0x0, 0x0, 0x0,

    /* U+FD88 "ﶈ" */
    0x0, 0x0, 0x0, 0x0, 0x0, 0x0, 0x0, 0x0,
    0x0, 0x0, 0x0, 0x4f, 0xc0, 0x0, 0x0, 0x0,
    0x0, 0x0, 0x0, 0x0, 0x0, 0x0, 0x0, 0x4,
    0xfc, 0x0, 0x0, 0x0, 0x0, 0x0, 0x0, 0x0,
    0x0, 0x0, 0x0, 0x0, 0x4f, 0xc0, 0x0, 0x0,
    0x0, 0x0, 0x0, 0x0, 0x0, 0x0, 0x0, 0x0,
    0x4, 0xfc, 0x0, 0x69, 0xaa, 0x60, 0x0, 0x0,
    0x3, 0x8a, 0x94, 0x0, 0x0, 0x4f, 0xc0, 0xf,
    0xff, 0xff, 0xb0, 0x0, 0x7, 0xff, 0xff, 0xf7,
    0x0, 0x4, 0xfc, 0x0, 0x31, 0x3, 0xff, 0x30,
    0x0, 0xef, 0x40, 0x4f, 0xf1, 0x0, 0x4f, 0xc0,
    0x0, 0x0, 0x9, 0xf7, 0x0, 0x1f, 0xd0, 0x0,
    0xcf, 0x50, 0x4, 0xfc, 0x0, 0x0, 0x0, 0x5f,
    0xb0, 0x1, 0xfd, 0x0, 0xc, 0xf5, 0x0, 0x4f,
    0xc0, 0x0, 0x0, 0x1, 0xff, 0x10, 0xe, 0xf0,
    0x4, 0xff, 0x30, 0x4, 0xfc, 0x1b, 0xbb, 0xbb,
    0xbe, 0xfd, 0xbb, 0xef, 0xcc, 0xff, 0xfe, 0xcb,
    0xcf, 0xc2, 0xff, 0xff, 0xff, 0xff, 0xff, 0xff,
    0xff, 0xfd, 0x64, 0xdf, 0xff, 0xfc,

    /* U+FD89 "ﶉ" */
    0x0, 0x69, 0xaa, 0x60, 0x0, 0x2, 0x7a, 0xa9,
    0x30, 0x0, 0x0, 0x5, 0x9a, 0x71, 0x0, 0xf,
    0xff, 0xff, 0xb0, 0x0, 0x7f, 0xff, 0xff, 0x40,
    0x0, 0xe, 0xff, 0xff, 0xe1, 0x0, 0x31, 0x3,
    0xff, 0x30, 0x1, 0x30, 0x9, 0xfc, 0x0, 0x6,
    0xfb, 0x10, 0xbf, 0xa0, 0x0, 0x0, 0x9, 0xf7,
    0x0, 0x0, 0x0, 0x1f, 0xf0, 0x0, 0x9f, 0x60,
    0x3, 0xfd, 0x0, 0x0, 0x0, 0x5f, 0xb0, 0x0,
    0x0, 0x0, 0xcf, 0x40, 0x9, 0xf5, 0x0, 0x3f,
    0xd0, 0x0, 0x0, 0x1, 0xff, 0x10, 0x0, 0x0,
    0x7, 0xf9, 0x0, 0x6f, 0x80, 0xb, 0xfa, 0x1b,
    0xbb, 0xbb, 0xbe, 0xfd, 0xbb, 0xbb, 0xbb, 0xbf,
    0xfb, 0xbc, 0xfe, 0xbe, 0xfe, 0x22, 0xff, 0xff,
    0xff, 0xff, 0xff, 0xff, 0xff, 0xff, 0xff, 0xff,
    0xff, 0xff, 0xfa, 0x20, 0x0, 0x0, 0x0, 0x0,
    0x0, 0x0, 0x0, 0x0, 0x0, 0x0, 0x0, 0x0,
    0x0, 0x0, 0x0, 0x0, 0x1, 0x10, 0x0, 0x0,
    0x0, 0x0, 0x0, 0x0, 0x0, 0x0, 0x0, 0x0,
    0x0, 0x0, 0x0, 0xfd, 0x0, 0x0, 0x0, 0x0,
    0x0, 0x0, 0x0, 0x0, 0x0, 0x0, 0x0, 0x0,
    0x0, 0xd, 0xb0, 0x0, 0x0, 0x0, 0x0, 0x0,
    0x0, 0x0, 0x0, 0x0, 0x0, 0x0,

    /* U+FD8A "ﶊ" */
    0x0, 0x1, 0x6a, 0xa7, 0x10, 0x0, 0x58, 0xaa,
    0x71, 0x0, 0x0, 0x2, 0x7a, 0xa5, 0x0, 0x0,
    0x1e, 0xff, 0xff, 0xd1, 0x0, 0xdf, 0xff, 0xfd,
    0x0, 0x0, 0x4f, 0xff, 0xff, 0xa0, 0x0, 0x7f,
    0xa1, 0x1c, 0xf8, 0x0, 0x22, 0x2, 0xdf, 0x60,
    0x0, 0xbf, 0x60, 0x2e, 0xf4, 0x0, 0xaf, 0x40,
    0x5, 0xfc, 0x0, 0x0, 0x0, 0x6f, 0xa0, 0x0,
    0xef, 0x0, 0x9, 0xf8, 0x0, 0xaf, 0x40, 0x5,
    0xfc, 0x0, 0x0, 0x0, 0x2f, 0xe0, 0x0, 0xef,
    0x0, 0x9, 0xf8, 0x0, 0x7f, 0x70, 0xc, 0xfa,
    0x0, 0x0, 0x0, 0xd, 0xf4, 0x0, 0xbf, 0x30,
    0x2e, 0xf4, 0x1b, 0xcf, 0xeb, 0xef, 0xff, 0xcb,
    0xbb, 0xbb, 0xbd, 0xfe, 0xbb, 0xdf, 0xdb, 0xff,
    0xb0, 0x2f, 0xff, 0xff, 0xe9, 0x2a, 0xef, 0xff,
    0xff, 0xff, 0xff, 0xff, 0xff, 0xff, 0xd7, 0x0,

    /* U+FD8B "ﶋ" */
    0x0, 0x0, 0x0, 0x0, 0x0, 0x0, 0x0, 0x1,
    0x69, 0xaa, 0x50, 0x0, 0x0, 0x4, 0x8a, 0x93,
    0x0, 0x0, 0x0, 0x0, 0x0, 0x0, 0x0, 0x0,
    0x0, 0x2f, 0xff, 0xff, 0x90, 0x0, 0x9, 0xff,
    0xff, 0xf5, 0x0, 0x0, 0x0, 0x0, 0x3, 0xcf,
    0xc2, 0x0, 0x0, 0x20, 0x5, 0xff, 0x10, 0x1,
    0xfe, 0x30, 0x6f, 0xe0, 0x0, 0x0, 0x0, 0x5,
    0xff, 0xff, 0xd0, 0x0, 0x0, 0x0, 0xc, 0xf5,
    0x0, 0x4f, 0xb0, 0x0, 0xef, 0x30, 0x0, 0x0,
    0x1, 0xff, 0x40, 0x9f, 0x90, 0x0, 0x0, 0x0,
    0x7f, 0x90, 0x4, 0xfa, 0x0, 0xe, 0xf2, 0x8,
    0xe4, 0x0, 0x5f, 0xa0, 0x0, 0xcf, 0x60, 0x0,
    0x0, 0x2, 0xfe, 0x0, 0x1f, 0xd0, 0x6, 0xff,
    0x10, 0xcf, 0x20, 0x3, 0xff, 0x93, 0x1, 0xef,
    0xcb, 0xbb, 0xbb, 0xbe, 0xfc, 0xbb, 0xff, 0xbc,
    0xff, 0xfe, 0x8e, 0xf1, 0x0, 0x7, 0xef, 0xfb,
    0x2, 0xbf, 0xff, 0xff, 0xff, 0xff, 0xff, 0xff,
    0xff, 0xfc, 0x46, 0xdc, 0xef, 0x20, 0x0, 0x0,
    0x4e, 0xf4, 0x0, 0x0, 0x0, 0x0, 0x0, 0x0,
    0x0, 0x0, 0x0, 0x0, 0x0, 0xb, 0xfc, 0x10,
    0x0, 0x4, 0xef, 0x30, 0x0, 0x0, 0x0, 0x0,
    0x0, 0x0, 0x0, 0x0, 0x0, 0x0, 0x0, 0x3f,
    0xff, 0xff, 0xff, 0xff, 0xa0, 0x0, 0x0, 0x0,
    0x0, 0x0, 0x0, 0x0, 0x0, 0x0, 0x0, 0x0,
    0x0, 0x39, 0xbb, 0xbb, 0xa9, 0x40, 0x0, 0x0,
    0x0, 0x0, 0x0, 0x0, 0x0, 0x0, 0x0, 0x0,
    0x0, 0x0, 0x0, 0x0, 0x0, 0x0, 0x0, 0x0,
    0x0, 0x0, 0x0, 0x0, 0x0, 0x0, 0x0, 0x0,
    0x0, 0x0, 0x0, 0x0, 0x0, 0xdb, 0x3f, 0x70,
    0x0, 0x0, 0x0, 0x0, 0x0, 0x0, 0x0, 0x0,
    0x0, 0x0, 0x0, 0x0, 0x0, 0x0, 0xf, 0xd4,
    0xf8, 0x0, 0x0, 0x0, 0x0, 0x0, 0x0, 0x0,
    0x0, 0x0, 0x0, 0x0, 0x0, 0x0, 0x0, 0x0,
    0x10, 0x2, 0x0, 0x0, 0x0, 0x0, 0x0, 0x0,
    0x0, 0x0, 0x0, 0x0, 0x0, 0x0, 0x0, 0x0,

    /* U+FD8C "ﶌ" */
    0x0, 0x69, 0xaa, 0x60, 0x0, 0x2, 0x7a, 0xa9,
    0x30, 0x0, 0x0, 0x5, 0x9a, 0x71, 0x0, 0xf,
    0xff, 0xff, 0xb0, 0x0, 0x7f, 0xff, 0xff, 0x40,
    0x0, 0xe, 0xff, 0xff, 0xe1, 0x0, 0x31, 0x3,
    0xff, 0x30, 0x1, 0x30, 0x9, 0xfc, 0x0, 0x6,
    0xfb, 0x10, 0xbf, 0xa0, 0x0, 0x0, 0x9, 0xf7,
    0x0, 0x0, 0x0, 0x1f, 0xf0, 0x0, 0x9f, 0x60,
    0x3, 0xfd, 0x0, 0x0, 0x0, 0x5f, 0xb0, 0x0,
    0x0, 0x0, 0xcf, 0x40, 0x9, 0xf5, 0x0, 0x3f,
    0xd0, 0x0, 0x0, 0x1, 0xff, 0x10, 0x0, 0x0,
    0x7, 0xf9, 0x0, 0x6f, 0x80, 0xb, 0xfa, 0x1b,
    0xbb, 0xbb, 0xbe, 0xfd, 0xbb, 0xbb, 0xbb, 0xbf,
    0xfb, 0xbc, 0xfe, 0xbe, 0xfe, 0x22, 0xff, 0xff,
    0xff, 0xff, 0xff, 0xff, 0xff, 0xff, 0xff, 0xff,
    0xff, 0xff, 0xfa, 0x20, 0x0, 0x0, 0x0, 0x0,
    0x0, 0x0, 0x0, 0x0, 0x0, 0x0, 0x0, 0x0,
    0x0, 0x0, 0x0, 0x0, 0x0, 0x0, 0x0, 0x0,
    0x0, 0x2, 0x0, 0x0, 0x0, 0x0, 0x0, 0x0,
    0x0, 0x0, 0x0, 0x0, 0x0, 0x0, 0x0, 0x7,
    0xf5, 0x0, 0x0, 0x0, 0x0, 0x0, 0x0, 0x0,
    0x0, 0x0, 0x0, 0x0, 0x0, 0x0, 0x5f, 0x40,
    0x0, 0x0, 0x0, 0x0, 0x0, 0x0,

    /* U+FD8D "ﶍ" */
    0x0, 0x1, 0x6a, 0xa7, 0x10, 0x0, 0x58, 0xaa,
    0x71, 0x0, 0x0, 0x2, 0x7a, 0xa5, 0x0, 0x0,
    0x1e, 0xff, 0xff, 0xd1, 0x0, 0xdf, 0xff, 0xfd,
    0x0, 0x0, 0x4f, 0xff, 0xff, 0xa0, 0x0, 0x7f,
    0xa1, 0x1c, 0xf8, 0x0, 0x22, 0x2, 0xdf, 0x60,
    0x0, 0xbf, 0x60, 0x2e, 0xf4, 0x0, 0xaf, 0x40,
    0x5, 0xfc, 0x0, 0x0, 0x0, 0x6f, 0xa0, 0x0,
    0xef, 0x0, 0x9, 0xf8, 0x0, 0xaf, 0x40, 0x5,
    0xfc, 0x0, 0x0, 0x0, 0x2f, 0xe0, 0x0, 0xef,
    0x0, 0x9, 0xf8, 0x0, 0x7f, 0x70, 0xc, 0xfa,
    0x0, 0x0, 0x0, 0xd, 0xf4, 0x0, 0xbf, 0x30,
    0x2e, 0xf4, 0x1b, 0xcf, 0xeb, 0xef, 0xff, 0xcb,
    0xbb, 0xbb, 0xbd, 0xfe, 0xbb, 0xdf, 0xdb, 0xff,
    0xb0, 0x2f, 0xff, 0xff, 0xe9, 0x2a, 0xef, 0xff,
    0xff, 0xff, 0xff, 0xff, 0xff, 0xff, 0xd7, 0x0,
    0x0, 0x0, 0x0, 0x0, 0x0, 0x0, 0x0, 0x0,
    0x0, 0x0, 0x0, 0x0, 0x0, 0x0, 0x0, 0x0,
    0x0, 0x0, 0x0, 0x0, 0x0, 0x0, 0x11, 0x0,
    0x0, 0x0, 0x0, 0x0, 0x0, 0x0, 0x0, 0x0,
    0x0, 0x0, 0x0, 0x0, 0x0, 0xdf, 0x0, 0x0,
    0x0, 0x0, 0x0, 0x0, 0x0, 0x0, 0x0, 0x0,
    0x0, 0x0, 0x0, 0x0, 0xbd, 0x0, 0x0, 0x0,
    0x0, 0x0, 0x0, 0x0,

    /* U+FD8E "ﶎ" */
    0x0, 0x0, 0x0, 0x0, 0x0, 0x0, 0xe, 0xa0,
    0x0, 0x0, 0x0, 0x0, 0x0, 0x0, 0x0, 0x0,
    0x0, 0x0, 0x0, 0x0, 0x1, 0xfc, 0x0, 0x0,
    0x0, 0x0, 0x0, 0x0, 0x0, 0x0, 0x0, 0x0,
    0x0, 0x0, 0x0, 0x1, 0x0, 0x0, 0x0, 0x0,
    0x0, 0x0, 0x0, 0x0, 0x0, 0x0, 0x0, 0x0,
    0x0, 0x0, 0x0, 0x0, 0x0, 0x0, 0x0, 0x0,
    0x0, 0x0, 0x0, 0x69, 0xaa, 0x60, 0x0, 0x2,
    0x7a, 0xa9, 0x30, 0x0, 0x0, 0x5, 0x9a, 0x71,
    0x0, 0xf, 0xff, 0xff, 0xb0, 0x0, 0x7f, 0xff,
    0xff, 0x40, 0x0, 0xe, 0xff, 0xff, 0xe1, 0x0,
    0x31, 0x3, 0xff, 0x30, 0x1, 0x30, 0x9, 0xfc,
    0x0, 0x6, 0xfb, 0x10, 0xbf, 0xa0, 0x0, 0x0,
    0x9, 0xf7, 0x0, 0x0, 0x0, 0x1f, 0xf0, 0x0,
    0x9f, 0x60, 0x3, 0xfd, 0x0, 0x0, 0x0, 0x5f,
    0xb0, 0x0, 0x0, 0x0, 0xcf, 0x40, 0x9, 0xf5,
    0x0, 0x3f, 0xd0, 0x0, 0x0, 0x1, 0xff, 0x10,
    0x0, 0x0, 0x7, 0xf9, 0x0, 0x6f, 0x80, 0xb,
    0xfa, 0x1b, 0xbb, 0xbb, 0xbe, 0xfd, 0xbb, 0xbb,
    0xbb, 0xbf, 0xfb, 0xbc, 0xfe, 0xbe, 0xfe, 0x22,
    0xff, 0xff, 0xff, 0xff, 0xff, 0xff, 0xff, 0xff,
    0xff, 0xff, 0xff, 0xff, 0xfa, 0x20, 0x0, 0x0,
    0x0, 0x0, 0x0, 0x0, 0x0, 0x0, 0x0, 0x0,
    0x0, 0x0, 0x0, 0x0, 0x0, 0x0, 0x1, 0x10,
    0x0, 0x0, 0x0, 0x0, 0x0, 0x0, 0x0, 0x0,
    0x0, 0x0, 0x0, 0x0, 0x0, 0xfd, 0x0, 0x0,
    0x0, 0x0, 0x0, 0x0, 0x0, 0x0, 0x0, 0x0,
    0x0, 0x0, 0x0, 0xd, 0xb0, 0x0, 0x0, 0x0,
    0x0, 0x0, 0x0, 0x0, 0x0, 0x0, 0x0, 0x0,

    /* U+FD8F "ﶏ" */
    0x0, 0x0, 0x0, 0x0, 0x0, 0x0, 0x4, 0xf5,
    0x0, 0x0, 0x0, 0x0, 0x0, 0x0, 0x0, 0x0,
    0x0, 0x0, 0x0, 0x0, 0x0, 0x6, 0xf6, 0x0,
    0x0, 0x0, 0x0, 0x0, 0x0, 0x0, 0x0, 0x0,
    0x0, 0x0, 0x0, 0x0, 0x0, 0x20, 0x0, 0x0,
    0x0, 0x0, 0x0, 0x0, 0x0, 0x0, 0x0, 0x0,
    0x0, 0x0, 0x0, 0x0, 0x0, 0x0, 0x0, 0x0,
    0x0, 0x0, 0x0, 0x0, 0x0, 0x1, 0x6a, 0xa7,
    0x10, 0x0, 0x58, 0xaa, 0x71, 0x0, 0x0, 0x2,
    0x7a, 0xa5, 0x0, 0x0, 0x1e, 0xff, 0xff, 0xd1,
    0x0, 0xdf, 0xff, 0xfd, 0x0, 0x0, 0x4f, 0xff,
    0xff, 0xa0, 0x0, 0x7f, 0xa1, 0x1c, 0xf8, 0x0,
    0x22, 0x2, 0xdf, 0x60, 0x0, 0xbf, 0x60, 0x2e,
    0xf4, 0x0, 0xaf, 0x40, 0x5, 0xfc, 0x0, 0x0,
    0x0, 0x6f, 0xa0, 0x0, 0xef, 0x0, 0x9, 0xf8,
    0x0, 0xaf, 0x40, 0x5, 0xfc, 0x0, 0x0, 0x0,
    0x2f, 0xe0, 0x0, 0xef, 0x0, 0x9, 0xf8, 0x0,
    0x7f, 0x70, 0xc, 0xfa, 0x0, 0x0, 0x0, 0xd,
    0xf4, 0x0, 0xbf, 0x30, 0x2e, 0xf4, 0x1b, 0xcf,
    0xeb, 0xef, 0xff, 0xcb, 0xbb, 0xbb, 0xbd, 0xfe,
    0xbb, 0xdf, 0xdb, 0xff, 0xb0, 0x2f, 0xff, 0xff,
    0xe9, 0x2a, 0xef, 0xff, 0xff, 0xff, 0xff, 0xff,
    0xff, 0xff, 0xd7, 0x0,

    /* U+FD92 "ﶒ" */
    0x0, 0x7, 0xf2, 0x0, 0x0, 0x0, 0x0, 0x0,
    0x0, 0x0, 0x0, 0x0, 0x0, 0x0, 0x0, 0x0,
    0x9f, 0x30, 0x0, 0x0, 0x0, 0x0, 0x0, 0x0,
    0x0, 0x0, 0x0, 0x0, 0x0, 0x0, 0x0, 0x10,
    0x0, 0x0, 0x0, 0x0, 0x0, 0x0, 0x0, 0x0,
    0x0, 0x0, 0x0, 0x0, 0x0, 0x0, 0x0, 0x0,
    0x0, 0x0, 0x0, 0x0, 0x0, 0x0, 0x0, 0x0,
    0x0, 0x0, 0x0, 0x69, 0xaa, 0x60, 0x0, 0x2,
    0x7a, 0xa9, 0x30, 0x0, 0x0, 0x5, 0x9a, 0x71,
    0x0, 0xf, 0xff, 0xff, 0xb0, 0x0, 0x7f, 0xff,
    0xff, 0x40, 0x0, 0xe, 0xff, 0xff, 0xe1, 0x0,
    0x31, 0x3, 0xff, 0x30, 0x1, 0x30, 0x9, 0xfc,
    0x0, 0x6, 0xfb, 0x10, 0xbf, 0xa0, 0x0, 0x0,
    0x9, 0xf7, 0x0, 0x0, 0x0, 0x1f, 0xf0, 0x0,
    0x9f, 0x60, 0x3, 0xfd, 0x0, 0x0, 0x0, 0x5f,
    0xb0, 0x0, 0x0, 0x0, 0xcf, 0x40, 0x9, 0xf5,
    0x0, 0x3f, 0xd0, 0x0, 0x0, 0x1, 0xff, 0x10,
    0x0, 0x0, 0x7, 0xf9, 0x0, 0x6f, 0x80, 0xb,
    0xfa, 0x1b, 0xbb, 0xbb, 0xbe, 0xfd, 0xbb, 0xbb,
    0xbb, 0xbf, 0xfb, 0xbc, 0xfe, 0xbe, 0xfe, 0x22,
    0xff, 0xff, 0xff, 0xff, 0xff, 0xff, 0xff, 0xff,
    0xff, 0xff, 0xff, 0xff, 0xfa, 0x20, 0x0, 0x0,
    0x0, 0x0, 0x0, 0x0, 0x0, 0x0, 0x0, 0x0,
    0x0, 0x0, 0x0, 0x0, 0x0, 0x0, 0x0, 0x0,
    0x0, 0x0, 0x0, 0x2, 0x0, 0x0, 0x0, 0x0,
    0x0, 0x0, 0x0, 0x0, 0x0, 0x0, 0x0, 0x0,
    0x0, 0x7, 0xf5, 0x0, 0x0, 0x0, 0x0, 0x0,
    0x0, 0x0, 0x0, 0x0, 0x0, 0x0, 0x0, 0x0,
    0x5f, 0x40, 0x0, 0x0, 0x0, 0x0, 0x0, 0x0,

    /* U+FD93 "ﶓ" */
    0x0, 0x0, 0x0, 0x0, 0x0, 0x0, 0x0, 0x0,
    0x0, 0x0, 0x0, 0x3, 0x7a, 0xbb, 0x96, 0x0,
    0x0, 0x0, 0x0, 0x0, 0x0, 0x0, 0x0, 0x0,
    0x0, 0x0, 0x0, 0x0, 0xd, 0xff, 0xff, 0xff,
    0xe4, 0x0, 0x0, 0x0, 0x0, 0x0, 0x0, 0x0,
    0x0, 0x0, 0x0, 0x0, 0x0, 0x5, 0x51, 0x0,
    0x3a, 0xff, 0x20, 0x0, 0x48, 0xaa, 0x60, 0x0,
    0x0, 0x3, 0x8a, 0x94, 0x0, 0x0, 0x0, 0x0,
    0x0, 0x0, 0xaf, 0xa0, 0x1, 0xff, 0xff, 0xfb,
    0x0, 0x0, 0x7f, 0xff, 0xff, 0x70, 0x0, 0x6,
    0xdf, 0xe8, 0x0, 0x2f, 0xf0, 0x0, 0x62, 0x3,
    0xff, 0x30, 0x0, 0xef, 0x40, 0x4f, 0xf1, 0x0,
    0x8f, 0xfd, 0xff, 0x70, 0xf, 0xf1, 0x0, 0x0,
    0x0, 0x9f, 0x70, 0x1, 0xfd, 0x0, 0xc, 0xf5,
    0x0, 0xff, 0x40, 0x5f, 0xc0, 0xf, 0xf1, 0x0,
    0x0, 0x0, 0x5f, 0xb0, 0x1, 0xfd, 0x0, 0xc,
    0xf5, 0x1, 0xff, 0x0, 0x2f, 0xe0, 0xf, 0xf1,
    0x0, 0x0, 0x0, 0x1f, 0xf1, 0x0, 0xef, 0x0,
    0x4f, 0xf2, 0x0, 0xcf, 0x60, 0x2f, 0xe0, 0xf,
    0xf1, 0x1b, 0xbb, 0xbb, 0xbe, 0xfd, 0xbb, 0xef,
    0xcc, 0xff, 0xfe, 0xbb, 0xcf, 0xfc, 0xcf, 0xfb,
    0xbf, 0xf1, 0x2f, 0xff, 0xff, 0xff, 0xff, 0xff,
    0xff, 0xff, 0xd6, 0x4d, 0xff, 0xff, 0xff, 0xff,
    0xff, 0xff, 0xf1, 0x0, 0x0, 0x0, 0x0, 0x0,
    0x0, 0x0, 0x0, 0x0, 0x0, 0x0, 0x0, 0x0,
    0x0, 0x0, 0x0, 0x0, 0x0, 0x0, 0x11, 0x0,
    0x0, 0x0, 0x0, 0x0, 0x0, 0x0, 0x0, 0x0,
    0x0, 0x0, 0x0, 0x0, 0x0, 0x0, 0x0, 0xfd,
    0x0, 0x0, 0x0, 0x0, 0x0, 0x0, 0x0, 0x0,
    0x0, 0x0, 0x0, 0x0, 0x0, 0x0, 0x0, 0x0,
    0xdb, 0x0, 0x0, 0x0, 0x0, 0x0, 0x0, 0x0,
    0x0, 0x0, 0x0, 0x0, 0x0, 0x0, 0x0,

    /* U+FD94 "ﶔ" */
    0x0, 0x0, 0x0, 0x0, 0x0, 0x0, 0x0, 0x0,
    0x0, 0x0, 0x0, 0x0, 0x58, 0xab, 0xa8, 0x40,
    0x0, 0x0, 0x0, 0x0, 0x0, 0x0, 0x0, 0x0,
    0x0, 0x0, 0x0, 0x0, 0x2, 0xff, 0xff, 0xff,
    0xfc, 0x10, 0x0, 0x0, 0x0, 0x0, 0x0, 0x0,
    0x0, 0x0, 0x0, 0x0, 0x0, 0x0, 0x73, 0x10,
    0x4, 0xdf, 0xc0, 0x0, 0x1, 0x6a, 0xa7, 0x0,
    0x0, 0x0, 0x59, 0xa8, 0x10, 0x0, 0x0, 0x0,
    0x0, 0x0, 0x1e, 0xf5, 0x0, 0x1e, 0xff, 0xff,
    0xd1, 0x0, 0xd, 0xff, 0xff, 0xf2, 0x0, 0x1,
    0x9e, 0xfd, 0x40, 0x8, 0xf9, 0x0, 0x7f, 0xa1,
    0x1c, 0xf8, 0x0, 0x4f, 0xc2, 0x9, 0xfb, 0x0,
    0xd, 0xfe, 0xef, 0xf2, 0x5, 0xfb, 0x0, 0xaf,
    0x40, 0x5, 0xfc, 0x0, 0x7f, 0x70, 0x2, 0xff,
    0x0, 0x5f, 0xe0, 0xb, 0xf7, 0x4, 0xfc, 0x0,
    0xaf, 0x40, 0x5, 0xfc, 0x0, 0x7f, 0x70, 0x2,
    0xff, 0x0, 0x6f, 0xb0, 0x8, 0xf8, 0x4, 0xfc,
    0x0, 0x7f, 0x70, 0xc, 0xfa, 0x0, 0x4f, 0xa0,
    0x9, 0xfd, 0x0, 0x2f, 0xe1, 0x8, 0xf8, 0x4,
    0xfc, 0x1b, 0xcf, 0xeb, 0xef, 0xff, 0xcb, 0xbf,
    0xfb, 0xdf, 0xff, 0xdb, 0xbe, 0xff, 0xbd, 0xfd,
    0xbc, 0xfc, 0x2f, 0xff, 0xff, 0xe9, 0x2a, 0xef,
    0xff, 0xff, 0xfb, 0x38, 0xef, 0xff, 0xff, 0xff,
    0xff, 0xff, 0xfc,

    /* U+FD95 "ﶕ" */
    0x0, 0x0, 0x0, 0x0, 0x0, 0x0, 0x0, 0x0,
    0x0, 0x0, 0x0, 0xbe, 0x0, 0x0, 0x0, 0x0,
    0x0, 0x0, 0x0, 0x0, 0x0, 0x0, 0x0, 0xc,
    0xf1, 0x0, 0x0, 0x0, 0x0, 0x0, 0x0, 0x0,
    0x0, 0x0, 0x0, 0x0, 0x1, 0x0, 0x0, 0x0,
    0x0, 0x0, 0x0, 0x0, 0x0, 0x0, 0x0, 0x0,
    0x0, 0x0, 0x0, 0x4, 0xbf, 0xfc, 0x30, 0x0,
    0x9d, 0xff, 0xc3, 0x0, 0x0, 0x4f, 0xc0, 0x3,
    0xff, 0xaa, 0xff, 0x20, 0xb, 0xc8, 0xaf, 0xf1,
    0x0, 0x4, 0xfc, 0x0, 0x8f, 0x60, 0x8, 0xf9,
    0x0, 0x0, 0x0, 0xaf, 0x70, 0x0, 0x4f, 0xc0,
    0xa, 0xf4, 0x0, 0x4f, 0xc0, 0x0, 0x0, 0x5,
    0xfb, 0x0, 0x4, 0xfc, 0x0, 0xaf, 0x40, 0x5,
    0xfc, 0x0, 0x0, 0x0, 0x1f, 0xe0, 0x0, 0x4f,
    0xc0, 0x7, 0xf7, 0x0, 0xdf, 0xa0, 0x0, 0x0,
    0x0, 0xcf, 0x40, 0x4, 0xfc, 0x1b, 0xcf, 0xeb,
    0xef, 0xff, 0xcb, 0xbb, 0xbb, 0xbd, 0xfe, 0xbb,
    0xcf, 0xc2, 0xff, 0xff, 0xfe, 0x92, 0xae, 0xff,
    0xff, 0xff, 0xff, 0xff, 0xff, 0xfc,

    /* U+FD96 "ﶖ" */
    0x0, 0x0, 0x0, 0x0, 0x0, 0x0, 0x0, 0x0,
    0x0, 0x0, 0x0, 0x0, 0x1, 0xe9, 0x0, 0x0,
    0x0, 0x0, 0x0, 0x0, 0x0, 0x0, 0x0, 0x0,
    0x0, 0x0, 0x0, 0x0, 0x2f, 0xa0, 0x0, 0x0,
    0x0, 0x0, 0x0, 0x0, 0x0, 0x0, 0x0, 0x0,
    0x0, 0x0, 0x0, 0x0, 0x10, 0x0, 0x0, 0x0,
    0x0, 0x0, 0x0, 0x0, 0x0, 0x0, 0x0, 0x0,
    0x0, 0x0, 0x0, 0x0, 0x0, 0x0, 0x0, 0x0,
    0x0, 0x0, 0x0, 0x0, 0x0, 0x2, 0xbe, 0xff,
    0xa1, 0x0, 0x0, 0xaf, 0x60, 0x0, 0x0, 0x0,
    0x0, 0x0, 0x0, 0x0, 0x0, 0x1f, 0xa8, 0xdf,
    0xb0, 0x0, 0xa, 0xf6, 0x0, 0x0, 0x0, 0x0,
    0x3, 0xcf, 0xc2, 0x0, 0x0, 0x10, 0x1, 0xff,
    0x20, 0x0, 0xaf, 0x60, 0x0, 0x0, 0x0, 0x5,
    0xff, 0xff, 0xd0, 0x0, 0x0, 0x0, 0xa, 0xf5,
    0x0, 0xa, 0xf6, 0x0, 0x0, 0x0, 0x1, 0xff,
    0x40, 0x9f, 0x90, 0x0, 0x0, 0x0, 0x7f, 0x90,
    0x0, 0xaf, 0x60, 0x8, 0xe4, 0x0, 0x5f, 0xa0,
    0x0, 0xcf, 0x60, 0x0, 0x0, 0x2, 0xfe, 0x0,
    0xa, 0xf6, 0x0, 0xcf, 0x20, 0x3, 0xff, 0x93,
    0x1, 0xef, 0xcb, 0xbb, 0xbb, 0xbe, 0xfc, 0xbb,
    0xef, 0xdb, 0x6e, 0xf1, 0x0, 0x7, 0xef, 0xfb,
    0x2, 0xbf, 0xff, 0xff, 0xff, 0xff, 0xff, 0xff,
    0xff, 0xf9, 0xef, 0x20, 0x0, 0x0, 0x4e, 0xf4,
    0x0, 0x0, 0x0, 0x0, 0x0, 0x0, 0x0, 0x0,
    0x0, 0xb, 0xfc, 0x10, 0x0, 0x4, 0xef, 0x30,
    0x0, 0x0, 0x0, 0x0, 0x0, 0x0, 0x0, 0x0,
    0x0, 0x3f, 0xff, 0xff, 0xff, 0xff, 0xa0, 0x0,
    0x0, 0x0, 0x0, 0x0, 0x0, 0x0, 0x0, 0x0,
    0x0, 0x39, 0xbb, 0xbb, 0xa9, 0x40, 0x0, 0x0,
    0x0, 0x0, 0x0, 0x0, 0x0, 0x0, 0x0, 0x0,

    /* U+FD97 "ﶗ" */
    0x0, 0x0, 0x0, 0x0, 0x0, 0x0, 0x0, 0x0,
    0x0, 0x0, 0x5, 0xf4, 0x0, 0x0, 0x0, 0x0,
    0x0, 0x0, 0x0, 0x0, 0x0, 0x0, 0x0, 0x0,
    0x7f, 0x50, 0x0, 0x0, 0x0, 0x0, 0x0, 0x0,
    0x0, 0x0, 0x0, 0x0, 0x0, 0x0, 0x20, 0x0,
    0x0, 0x0, 0x0, 0x0, 0x0, 0x0, 0x0, 0x0,
    0x0, 0x0, 0x0, 0x0, 0x0, 0x0, 0x0, 0x19,
    0xef, 0xd6, 0x0, 0x5, 0xcf, 0xfe, 0x70, 0x0,
    0x0, 0xff, 0x10, 0x0, 0xd, 0xfb, 0x8e, 0xf7,
    0x0, 0x5e, 0x99, 0xff, 0x60, 0x0, 0xf, 0xf1,
    0x0, 0x2, 0xfb, 0x0, 0x2f, 0xe0, 0x0, 0x0,
    0x5, 0xfd, 0x0, 0x0, 0xff, 0x10, 0x0, 0x5f,
    0x90, 0x0, 0xff, 0x20, 0x0, 0x0, 0xf, 0xf0,
    0x0, 0xf, 0xf1, 0x0, 0x5, 0xfa, 0x0, 0xf,
    0xf1, 0x0, 0x0, 0x0, 0xbf, 0x40, 0x0, 0xff,
    0x10, 0x0, 0x2f, 0xc0, 0x8, 0xff, 0x0, 0x0,
    0x0, 0x6, 0xfa, 0x0, 0xf, 0xf1, 0x0, 0x19,
    0xff, 0xbd, 0xff, 0xfe, 0xbb, 0xbb, 0xbb, 0xbf,
    0xfb, 0xbb, 0xff, 0xbb, 0x3b, 0xff, 0xff, 0xfc,
    0x46, 0xdf, 0xff, 0xff, 0xff, 0xff, 0xff, 0xff,
    0xff, 0xf4, 0xff, 0x40, 0x0, 0x0, 0x0, 0x0,
    0x0, 0x0, 0x0, 0x0, 0x0, 0x0, 0x0, 0xf,
    0xf1, 0x0, 0x0, 0x0, 0x0, 0x0, 0x2, 0x0,
    0x0, 0x0, 0x0, 0x0, 0x0, 0xff, 0x10, 0x0,
    0x0, 0x0, 0x0, 0x7, 0xf5, 0x0, 0x0, 0x0,
    0x0, 0x0, 0xf, 0xf1, 0x0, 0x0, 0x0, 0x0,
    0x0, 0x5f, 0x40, 0x0, 0x0, 0x0, 0x0, 0x0,
    0xff, 0x10, 0x0, 0x0, 0x0, 0x0, 0x0, 0x0,
    0x0, 0x0, 0x0, 0x0, 0x0, 0x1, 0x20, 0x0,
    0x0, 0x0, 0x0, 0x0, 0x0, 0x0, 0x0, 0x0,
    0x0, 0x0, 0x0,

    /* U+FD98 "ﶘ" */
    0x0, 0x0, 0x0, 0x0, 0x0, 0x0, 0x0, 0x0,
    0x0, 0x0, 0x0, 0xbe, 0x0, 0x0, 0x0, 0x0,
    0x0, 0x0, 0x0, 0x0, 0x0, 0x0, 0x0, 0xc,
    0xf1, 0x0, 0x0, 0x0, 0x0, 0x0, 0x0, 0x0,
    0x0, 0x0, 0x0, 0x0, 0x1, 0x0, 0x0, 0x0,
    0x0, 0x0, 0x0, 0x0, 0x0, 0x0, 0x0, 0x0,
    0x0, 0x0, 0x0, 0x4, 0xbf, 0xfc, 0x30, 0x0,
    0x9d, 0xff, 0xc3, 0x0, 0x0, 0x4f, 0xc0, 0x3,
    0xff, 0xaa, 0xff, 0x20, 0xb, 0xc8, 0xaf, 0xf1,
    0x0, 0x4, 0xfc, 0x0, 0x8f, 0x60, 0x8, 0xf9,
    0x0, 0x0, 0x0, 0xaf, 0x70, 0x0, 0x4f, 0xc0,
    0xa, 0xf4, 0x0, 0x4f, 0xc0, 0x0, 0x0, 0x5,
    0xfb, 0x0, 0x4, 0xfc, 0x0, 0xaf, 0x40, 0x5,
    0xfc, 0x0, 0x0, 0x0, 0x1f, 0xe0, 0x0, 0x4f,
    0xc0, 0x7, 0xf7, 0x0, 0xdf, 0xa0, 0x0, 0x0,
    0x0, 0xcf, 0x40, 0x4, 0xfc, 0x1b, 0xcf, 0xeb,
    0xef, 0xff, 0xcb, 0xbb, 0xbb, 0xbd, 0xfe, 0xbb,
    0xcf, 0xc2, 0xff, 0xff, 0xfe, 0x92, 0xae, 0xff,
    0xff, 0xff, 0xff, 0xff, 0xff, 0xfc, 0x0, 0x0,
    0x0, 0x0, 0x0, 0x0, 0x0, 0x0, 0x0, 0x0,
    0x0, 0x0, 0x0, 0x0, 0x0, 0x0, 0x0, 0x0,
    0x0, 0x1, 0x10, 0x0, 0x0, 0x0, 0x0, 0x0,
    0x0, 0x0, 0x0, 0x0, 0x0, 0x0, 0xdf, 0x0,
    0x0, 0x0, 0x0, 0x0, 0x0, 0x0, 0x0, 0x0,
    0x0, 0x0, 0xb, 0xd0, 0x0, 0x0, 0x0, 0x0,

    /* U+FD99 "ﶙ" */
    0x0, 0x0, 0x0, 0x0, 0x0, 0x0, 0x0, 0x0,
    0x0, 0x0, 0x0, 0x0, 0x1, 0xe9, 0x0, 0x0,
    0x0, 0x0, 0x0, 0x0, 0x0, 0x0, 0x0, 0x0,
    0x0, 0x0, 0x0, 0x0, 0x2f, 0xa0, 0x0, 0x0,
    0x0, 0x0, 0x0, 0x0, 0x0, 0x0, 0x0, 0x0,
    0x0, 0x0, 0x0, 0x0, 0x10, 0x0, 0x0, 0x0,
    0x0, 0x0, 0x0, 0x0, 0x0, 0x0, 0x0, 0x0,
    0x0, 0x0, 0x0, 0x0, 0x0, 0x0, 0x0, 0x0,
    0x0, 0x0, 0x0, 0x0, 0x0, 0x2, 0xbe, 0xff,
    0xa1, 0x0, 0x0, 0xaf, 0x60, 0x0, 0x0, 0x0,
    0x0, 0x0, 0x0, 0x0, 0x0, 0x1f, 0xa8, 0xdf,
    0xb0, 0x0, 0xa, 0xf6, 0x0, 0x0, 0x0, 0x0,
    0x3, 0xcf, 0xc2, 0x0, 0x0, 0x10, 0x1, 0xff,
    0x20, 0x0, 0xaf, 0x60, 0x0, 0x0, 0x0, 0x5,
    0xff, 0xff, 0xd0, 0x0, 0x0, 0x0, 0xa, 0xf5,
    0x0, 0xa, 0xf6, 0x0, 0x0, 0x0, 0x1, 0xff,
    0x40, 0x9f, 0x90, 0x0, 0x0, 0x0, 0x7f, 0x90,
    0x0, 0xaf, 0x60, 0x8, 0xe4, 0x0, 0x5f, 0xa0,
    0x0, 0xcf, 0x60, 0x0, 0x0, 0x2, 0xfe, 0x0,
    0xa, 0xf6, 0x0, 0xcf, 0x20, 0x3, 0xff, 0x94,
    0x1, 0xef, 0xcb, 0xbb, 0xbb, 0xbe, 0xfc, 0xbb,
    0xef, 0xdb, 0x6e, 0xf1, 0x0, 0x7, 0xef, 0xfb,
    0x2, 0xbf, 0xff, 0xff, 0xff, 0xff, 0xff, 0xff,
    0xff, 0xf9, 0xef, 0x20, 0x0, 0x0, 0x4e, 0xf4,
    0x0, 0x0, 0x0, 0x0, 0x0, 0x0, 0x0, 0x0,
    0x0, 0xb, 0xfc, 0x10, 0x0, 0x4, 0xef, 0x30,
    0x0, 0x0, 0x6, 0x30, 0x0, 0x0, 0x0, 0x0,
    0x0, 0x3f, 0xff, 0xff, 0xff, 0xff, 0xa0, 0x0,
    0x0, 0x3, 0xfb, 0x0, 0x0, 0x0, 0x0, 0x0,
    0x0, 0x29, 0xbb, 0xbb, 0xa8, 0x40, 0x0, 0x0,
    0x0, 0x9, 0x50, 0x0, 0x0, 0x0, 0x0, 0x0,

    /* U+FD9A "ﶚ" */
    0x0, 0x0, 0x0, 0x0, 0x0, 0x0, 0x0, 0x0,
    0x0, 0x0, 0x0, 0x0, 0x0, 0x6f, 0x30, 0x0,
    0x0, 0x0, 0x0, 0x0, 0x0, 0x0, 0x0, 0x0,
    0x0, 0x0, 0x0, 0x0, 0x0, 0x7f, 0x50, 0x0,
    0x0, 0x0, 0x0, 0x0, 0x0, 0x0, 0x0, 0x0,
    0x0, 0x0, 0x0, 0x0, 0x0, 0x2, 0x0, 0x0,
    0x0, 0x0, 0x0, 0x0, 0x0, 0x0, 0x0, 0x0,
    0x0, 0x0, 0x0, 0x0, 0x0, 0x0, 0x0, 0x0,
    0x0, 0x0, 0x0, 0x0, 0x0, 0x0, 0x0, 0x0,
    0x5, 0xcf, 0xfb, 0x20, 0x0, 0xf, 0xf1, 0x0,
    0x0, 0x0, 0x0, 0x0, 0x0, 0x0, 0x0, 0x0,
    0x5f, 0xfd, 0xef, 0xe1, 0x0, 0xf, 0xf1, 0x0,
    0x0, 0x0, 0x0, 0x3, 0xcf, 0xc2, 0x0, 0x0,
    0xaf, 0x50, 0xc, 0xf7, 0x0, 0xf, 0xf1, 0x0,
    0x0, 0x0, 0x0, 0x5f, 0xff, 0xfd, 0x0, 0x0,
    0xdf, 0x20, 0x7, 0xfa, 0x0, 0xf, 0xf1, 0x0,
    0x0, 0x0, 0x1, 0xff, 0x40, 0x9f, 0x90, 0x0,
    0xcf, 0x20, 0x7, 0xf9, 0x0, 0xf, 0xf1, 0x0,
    0x8e, 0x40, 0x5, 0xfa, 0x0, 0xc, 0xf6, 0x0,
    0x9f, 0x50, 0x1e, 0xf7, 0x0, 0xf, 0xf1, 0x0,
    0xcf, 0x20, 0x3, 0xff, 0x93, 0x1, 0xef, 0xcb,
    0xdf, 0xdb, 0xff, 0xff, 0xcb, 0xbf, 0xfb, 0xb2,
    0xef, 0x10, 0x0, 0x7e, 0xff, 0xb0, 0x2b, 0xff,
    0xff, 0xff, 0xe8, 0x2b, 0xff, 0xff, 0xff, 0xf3,
    0xef, 0x20, 0x0, 0x0, 0x4e, 0xf4, 0x0, 0x0,
    0x0, 0x0, 0x0, 0x0, 0x0, 0x0, 0x0, 0x0,
    0xbf, 0xc1, 0x0, 0x0, 0x4e, 0xf3, 0x0, 0x0,
    0x0, 0x0, 0x0, 0x0, 0x0, 0x0, 0x0, 0x0,
    0x3f, 0xff, 0xff, 0xff, 0xff, 0xa0, 0x0, 0x0,
    0x0, 0x0, 0x0, 0x0, 0x0, 0x0, 0x0, 0x0,
    0x3, 0x9b, 0xbb, 0xba, 0x94, 0x0, 0x0, 0x0,
    0x0, 0x0, 0x0, 0x0, 0x0, 0x0, 0x0, 0x0,
    0x0, 0x0, 0x0, 0x0, 0x0, 0x0, 0x0, 0x0,
    0x0, 0x0, 0x0, 0x0, 0x0, 0x0, 0x0, 0x0,
    0x0, 0xd, 0xb3, 0xf7, 0x0, 0x0, 0x0, 0x0,
    0x0, 0x0, 0x0, 0x0, 0x0, 0x0, 0x0, 0x0,
    0x0, 0xf, 0xd4, 0xf8, 0x0, 0x0, 0x0, 0x0,
    0x0, 0x0, 0x0, 0x0, 0x0, 0x0, 0x0, 0x0,
    0x0, 0x1, 0x0, 0x20, 0x0, 0x0, 0x0, 0x0,
    0x0, 0x0, 0x0, 0x0, 0x0, 0x0, 0x0, 0x0,

    /* U+FD9B "ﶛ" */
    0x0, 0x0, 0x0, 0x0, 0x0, 0x0, 0x0, 0x0,
    0x0, 0x0, 0x0, 0x0, 0x0, 0x6f, 0x30, 0x0,
    0x0, 0x0, 0x0, 0x0, 0x0, 0x0, 0x0, 0x0,
    0x0, 0x0, 0x0, 0x0, 0x0, 0x7f, 0x50, 0x0,
    0x0, 0x0, 0x0, 0x0, 0x0, 0x0, 0x0, 0x0,
    0x0, 0x0, 0x0, 0x0, 0x0, 0x2, 0x0, 0x0,
    0x0, 0x0, 0x0, 0x0, 0x0, 0x0, 0x0, 0x0,
    0x0, 0x0, 0x0, 0x0, 0x0, 0x0, 0x0, 0x0,
    0x0, 0x0, 0x0, 0x0, 0x0, 0x0, 0x0, 0x0,
    0x5, 0xcf, 0xfb, 0x20, 0x0, 0xf, 0xf1, 0x0,
    0x0, 0x0, 0x0, 0x0, 0x0, 0x0, 0x0, 0x0,
    0x5f, 0xfd, 0xef, 0xe1, 0x0, 0xf, 0xf1, 0x0,
    0x0, 0x0, 0x0, 0x3, 0xcf, 0xc2, 0x0, 0x0,
    0xaf, 0x50, 0xc, 0xf7, 0x0, 0xf, 0xf1, 0x0,
    0x0, 0x0, 0x0, 0x5f, 0xff, 0xfd, 0x0, 0x0,
    0xdf, 0x20, 0x7, 0xfa, 0x0, 0xf, 0xf1, 0x0,
    0x0, 0x0, 0x1, 0xff, 0x40, 0x9f, 0x90, 0x0,
    0xcf, 0x20, 0x7, 0xf9, 0x0, 0xf, 0xf1, 0x0,
    0x8e, 0x40, 0x5, 0xfa, 0x0, 0xc, 0xf6, 0x0,
    0x9f, 0x50, 0x1e, 0xf7, 0x0, 0xf, 0xf1, 0x0,
    0xcf, 0x20, 0x3, 0xff, 0x93, 0x1, 0xef, 0xcb,
    0xdf, 0xdb, 0xff, 0xff, 0xcb, 0xbf, 0xfb, 0xb2,
    0xef, 0x10, 0x0, 0x7e, 0xff, 0xb0, 0x2b, 0xff,
    0xff, 0xff, 0xe8, 0x2b, 0xff, 0xff, 0xff, 0xf3,
    0xef, 0x20, 0x0, 0x0, 0x4e, 0xf4, 0x0, 0x0,
    0x0, 0x0, 0x0, 0x0, 0x0, 0x0, 0x0, 0x0,
    0xbf, 0xc1, 0x0, 0x0, 0x4e, 0xf3, 0x0, 0x0,
    0x0, 0x0, 0x0, 0x0, 0x0, 0x0, 0x0, 0x0,
    0x3f, 0xff, 0xff, 0xff, 0xff, 0xa0, 0x0, 0x0,
    0x0, 0x0, 0x0, 0x0, 0x0, 0x0, 0x0, 0x0,
    0x3, 0x9b, 0xbb, 0xba, 0x94, 0x0, 0x0, 0x0,
    0x0, 0x0, 0x0, 0x0, 0x0, 0x0, 0x0, 0x0,

    /* U+FD9C "ﶜ" */
    0x0, 0x19, 0xef, 0xd6, 0x0, 0x0, 0x7, 0xdf,
    0xe8, 0x0, 0x0, 0xd, 0xf3, 0x0, 0x0, 0xdf,
    0xec, 0xff, 0x70, 0x0, 0xaf, 0xfc, 0xff, 0xb0,
    0x0, 0xd, 0xf3, 0x0, 0x2, 0xfc, 0x0, 0x4f,
    0xe0, 0x0, 0xff, 0x10, 0x2f, 0xf2, 0x0, 0xd,
    0xf3, 0x0, 0x5, 0xf9, 0x0, 0xf, 0xf2, 0x2,
    0xfd, 0x0, 0xc, 0xf5, 0x0, 0xd, 0xf3, 0x0,
    0x5, 0xfa, 0x0, 0xf, 0xf1, 0x1, 0xfd, 0x0,
    0xc, 0xf5, 0x0, 0xd, 0xf3, 0x0, 0x2, 0xfc,
    0x0, 0x8f, 0xf0, 0x0, 0xef, 0x0, 0x4f, 0xf2,
    0x0, 0xd, 0xf3, 0x0, 0x19, 0xff, 0xbd, 0xff,
    0xfe, 0xbb, 0xef, 0xcc, 0xff, 0xfe, 0xcb, 0xbf,
    0xfc, 0xb8, 0xbf, 0xff, 0xff, 0xc4, 0x6d, 0xff,
    0xff, 0xff, 0xd6, 0x4d, 0xff, 0xff, 0xff, 0xfb,
    0xff, 0x40, 0x0, 0x0, 0x0, 0x0, 0x0, 0x0,
    0x0, 0x0, 0x0, 0x0, 0x0, 0x0, 0xff, 0x10,
    0x0, 0x0, 0x0, 0x0, 0x0, 0x0, 0x0, 0x0,
    0x4, 0xf5, 0x8e, 0x20, 0xff, 0x10, 0x0, 0x0,
    0x0, 0x0, 0x0, 0x0, 0x0, 0x0, 0x6, 0xf6,
    0xaf, 0x20, 0xff, 0x10, 0x0, 0x0, 0x0, 0x0,
    0x0, 0x0, 0x0, 0x0, 0x0, 0x20, 0x1, 0x0,
    0xff, 0x10, 0x0, 0x0, 0x0, 0x0, 0x0, 0x0,
    0x0, 0x0, 0x0, 0x0, 0x0, 0x0, 0x12, 0x0,
    0x0, 0x0, 0x0, 0x0, 0x0, 0x0, 0x0, 0x0,
    0x0, 0x0, 0x0, 0x0,

    /* U+FD9D "ﶝ" */
    0x0, 0x4, 0xbf, 0xfc, 0x30, 0x0, 0x2, 0xae,
    0xfd, 0x50, 0x0, 0x0, 0xcf, 0x40, 0x3, 0xff,
    0xdd, 0xff, 0x20, 0x0, 0xff, 0xec, 0xff, 0x50,
    0x0, 0xc, 0xf4, 0x0, 0x8f, 0x70, 0xa, 0xf9,
    0x0, 0x5f, 0xa0, 0x7, 0xfd, 0x0, 0x0, 0xcf,
    0x40, 0xa, 0xf4, 0x0, 0x4f, 0xc0, 0x7, 0xf7,
    0x0, 0x1f, 0xf0, 0x0, 0xc, 0xf4, 0x0, 0xaf,
    0x40, 0x5, 0xfc, 0x0, 0x7f, 0x70, 0x2, 0xff,
    0x0, 0x0, 0xcf, 0x40, 0x7, 0xf7, 0x0, 0xcf,
    0xa0, 0x4, 0xfa, 0x0, 0xaf, 0xd0, 0x0, 0xc,
    0xf4, 0x1b, 0xcf, 0xeb, 0xef, 0xff, 0xcb, 0xbf,
    0xfb, 0xdf, 0xff, 0xdb, 0xbb, 0xef, 0x42, 0xff,
    0xff, 0xfe, 0x92, 0xae, 0xff, 0xff, 0xff, 0xb3,
    0x8e, 0xff, 0xff, 0xf4, 0x0, 0x0, 0x0, 0x0,
    0x0, 0x0, 0x0, 0x0, 0x0, 0x0, 0x0, 0x0,
    0x0, 0x0, 0x0, 0x0, 0x0, 0x0, 0x0, 0x0,
    0x0, 0x0, 0x0, 0x0, 0xd, 0xb2, 0xf7, 0x0,
    0x0, 0x0, 0x0, 0x0, 0x0, 0x0, 0x0, 0x0,
    0x0, 0x0, 0xfd, 0x3f, 0x90, 0x0, 0x0, 0x0,
    0x0, 0x0, 0x0, 0x0, 0x0, 0x0, 0x0, 0x1,
    0x10, 0x10,

    /* U+FD9E "ﶞ" */
    0x0, 0x0, 0x0, 0x0, 0x0, 0x0, 0x0, 0x0,
    0xa, 0xe1, 0x0, 0x0, 0x0, 0x0, 0x0, 0x0,
    0x0, 0x0, 0x0, 0x0, 0x0, 0x0, 0x0, 0x0,
    0xbf, 0x10, 0x0, 0x0, 0x0, 0x0, 0x0, 0x0,
    0x0, 0x0, 0x0, 0x0, 0x0, 0x0, 0x0, 0x0,
    0x10, 0x0, 0x0, 0x0, 0x0, 0x0, 0x0, 0x0,
    0x0, 0x0, 0x0, 0x0, 0x0, 0x0, 0x0, 0x0,
    0x0, 0x0, 0x0, 0x0, 0x0, 0x0, 0x0, 0x0,
    0x0, 0x0, 0x0, 0x0, 0x0, 0x2, 0xbe, 0xff,
    0xa1, 0x0, 0x0, 0xaf, 0x60, 0x0, 0x0, 0x0,
    0x0, 0x0, 0x0, 0x0, 0x0, 0x1f, 0xa8, 0xdf,
    0xb0, 0x0, 0xa, 0xf6, 0x0, 0x0, 0x0, 0x0,
    0x3, 0xcf, 0xc2, 0x0, 0x0, 0x10, 0x1, 0xff,
    0x20, 0x0, 0xaf, 0x60, 0x0, 0x0, 0x0, 0x5,
    0xff, 0xff, 0xd0, 0x0, 0x0, 0x0, 0xa, 0xf5,
    0x0, 0xa, 0xf6, 0x0, 0x0, 0x0, 0x1, 0xff,
    0x40, 0x9f, 0x90, 0x0, 0x0, 0x0, 0x7f, 0x90,
    0x0, 0xaf, 0x60, 0x8, 0xe4, 0x0, 0x5f, 0xa0,
    0x0, 0xcf, 0x60, 0x0, 0x0, 0x2, 0xfe, 0x0,
    0xa, 0xf6, 0x0, 0xcf, 0x20, 0x3, 0xff, 0x94,
    0x1, 0xef, 0xcb, 0xbb, 0xbb, 0xbe, 0xfc, 0xbb,
    0xef, 0xdb, 0x6e, 0xf1, 0x0, 0x7, 0xef, 0xfb,
    0x2, 0xbf, 0xff, 0xff, 0xff, 0xff, 0xff, 0xff,
    0xff, 0xf9, 0xef, 0x20, 0x0, 0x0, 0x4e, 0xf4,
    0x0, 0x0, 0x0, 0x0, 0x0, 0x0, 0x0, 0x0,
    0x0, 0xb, 0xfc, 0x10, 0x0, 0x4, 0xef, 0x30,
    0x0, 0x0, 0x0, 0x0, 0x0, 0x0, 0x4, 0x50,
    0x0, 0x3f, 0xff, 0xff, 0xff, 0xff, 0xa0, 0x0,
    0x0, 0x0, 0x0, 0x0, 0x0, 0x0, 0xef, 0x0,
    0x0, 0x29, 0xbb, 0xbb, 0xa8, 0x40, 0x0, 0x0,
    0x0, 0x0, 0x0, 0x0, 0x0, 0x7, 0x80, 0x0,
    0x0, 0x0, 0x0, 0x0, 0x0, 0x0, 0x0, 0x0,
    0x0, 0x0, 0x0, 0x0, 0x0, 0x0, 0x0, 0x0,
    0x0, 0xdb, 0x3f, 0x70, 0x0, 0x0, 0x0, 0x0,
    0x0, 0x0, 0x0, 0x0, 0x0, 0x0, 0x0, 0x0,
    0xf, 0xd4, 0xf8, 0x0, 0x0, 0x0, 0x0, 0x0,
    0x0, 0x0, 0x0, 0x0, 0x0, 0x0, 0x0, 0x0,
    0x10, 0x2, 0x0, 0x0, 0x0, 0x0, 0x0, 0x0,
    0x0, 0x0, 0x0, 0x0, 0x0, 0x0,

    /* U+FD9F "ﶟ" */
    0x0, 0x0, 0x0, 0x0, 0x0, 0x0, 0x0, 0x0,
    0x0, 0x0, 0x0, 0x0, 0xd, 0xb2, 0xf7, 0x0,
    0x0, 0x0, 0x0, 0x0, 0x0, 0x0, 0x0, 0x0,
    0x0, 0x0, 0x0, 0x0, 0xf, 0xd3, 0xf9, 0x0,
    0x0, 0x0, 0x0, 0x0, 0x0, 0x0, 0x0, 0x0,
    0x0, 0x0, 0x0, 0x0, 0x1, 0x10, 0x20, 0x0,
    0x0, 0x0, 0x0, 0x0, 0x0, 0x0, 0x0, 0x0,
    0x0, 0x0, 0x0, 0x0, 0x0, 0x0, 0x0, 0x0,
    0x0, 0x0, 0x0, 0x0, 0x0, 0x0, 0x0, 0x2,
    0xbe, 0xff, 0xa1, 0x0, 0x0, 0x2f, 0xe0, 0x0,
    0x0, 0x0, 0x0, 0x0, 0x0, 0x0, 0x0, 0x1,
    0xfa, 0x8d, 0xfb, 0x0, 0x0, 0x2f, 0xe0, 0x0,
    0x0, 0x0, 0x0, 0x3, 0xcf, 0xc2, 0x0, 0x0,
    0x10, 0x1, 0xff, 0x20, 0x0, 0x2f, 0xe0, 0x0,
    0x0, 0x0, 0x0, 0x5f, 0xff, 0xfd, 0x0, 0x0,
    0x0, 0x0, 0xaf, 0x50, 0x0, 0x2f, 0xe0, 0x0,
    0x0, 0x0, 0x1, 0xff, 0x40, 0x9f, 0x90, 0x0,
    0x0, 0x0, 0x7f, 0x90, 0x0, 0x2f, 0xe0, 0x0,
    0x8e, 0x40, 0x5, 0xfa, 0x0, 0xc, 0xf6, 0x0,
    0x0, 0x0, 0x2f, 0xe0, 0x0, 0x2f, 0xe0, 0x0,
    0xcf, 0x20, 0x3, 0xff, 0x94, 0x1, 0xef, 0xcb,
    0xbb, 0xbb, 0xbe, 0xfc, 0xbb, 0xcf, 0xfb, 0xb4,
    0xef, 0x10, 0x0, 0x7e, 0xff, 0xb0, 0x2b, 0xff,
    0xff, 0xff, 0xff, 0xff, 0xff, 0xff, 0xff, 0xf6,
    0xef, 0x20, 0x0, 0x0, 0x4e, 0xf4, 0x0, 0x0,
    0x0, 0x0, 0x0, 0x0, 0x0, 0x0, 0x0, 0x0,
    0xbf, 0xc1, 0x0, 0x0, 0x4e, 0xf3, 0x0, 0x0,
    0x0, 0x63, 0x0, 0x0, 0x0, 0x0, 0x0, 0x0,
    0x3f, 0xff, 0xff, 0xff, 0xff, 0xa0, 0x0, 0x0,
    0x3, 0xfb, 0x0, 0x0, 0x0, 0x0, 0x0, 0x0,
    0x2, 0x9b, 0xbb, 0xba, 0x84, 0x0, 0x0, 0x0,
    0x0, 0x95, 0x0, 0x0, 0x0, 0x0, 0x0, 0x0,
    0x0, 0x0, 0x0, 0x0, 0x0, 0x0, 0x0, 0x0,
    0x0, 0x0, 0x0, 0x0, 0x0, 0x0, 0x0, 0x0,
    0x0, 0xd, 0xb3, 0xf7, 0x0, 0x0, 0x0, 0x0,
    0x0, 0x0, 0x0, 0x0, 0x0, 0x0, 0x0, 0x0,
    0x0, 0xf, 0xd4, 0xf8, 0x0, 0x0, 0x0, 0x0,
    0x0, 0x0, 0x0, 0x0, 0x0, 0x0, 0x0, 0x0,
    0x0, 0x1, 0x0, 0x20, 0x0, 0x0, 0x0, 0x0,
    0x0, 0x0, 0x0, 0x0, 0x0, 0x0, 0x0, 0x0,

    /* U+FDA0 "ﶠ" */
    0x0, 0x0, 0x0, 0x0, 0x0, 0x0, 0x0, 0x0,
    0x0, 0x0, 0x0, 0x0, 0xd, 0xb2, 0xf7, 0x0,
    0x0, 0x0, 0x0, 0x0, 0x0, 0x0, 0x0, 0x0,
    0x0, 0x0, 0x0, 0x0, 0xf, 0xd3, 0xf9, 0x0,
    0x0, 0x0, 0x0, 0x0, 0x0, 0x0, 0x0, 0x0,
    0x0, 0x0, 0x0, 0x0, 0x1, 0x10, 0x20, 0x0,
    0x0, 0x0, 0x0, 0x0, 0x0, 0x0, 0x0, 0x0,
    0x0, 0x0, 0x0, 0x0, 0x0, 0x0, 0x0, 0x0,
    0x0, 0x0, 0x0, 0x0, 0x0, 0x0, 0x0, 0x2,
    0xbe, 0xff, 0xa1, 0x0, 0x0, 0x2f, 0xe0, 0x0,
    0x0, 0x0, 0x0, 0x0, 0x0, 0x0, 0x0, 0x1,
    0xfa, 0x8d, 0xfb, 0x0, 0x0, 0x2f, 0xe0, 0x0,
    0x0, 0x0, 0x0, 0x3, 0xcf, 0xc2, 0x0, 0x0,
    0x10, 0x1, 0xff, 0x20, 0x0, 0x2f, 0xe0, 0x0,
    0x0, 0x0, 0x0, 0x5f, 0xff, 0xfd, 0x0, 0x0,
    0x0, 0x0, 0xaf, 0x50, 0x0, 0x2f, 0xe0, 0x0,
    0x0, 0x0, 0x1, 0xff, 0x40, 0x9f, 0x90, 0x0,
    0x0, 0x0, 0x7f, 0x90, 0x0, 0x2f, 0xe0, 0x0,
    0x8e, 0x40, 0x5, 0xfa, 0x0, 0xc, 0xf6, 0x0,
    0x0, 0x0, 0x2f, 0xe0, 0x0, 0x2f, 0xe0, 0x0,
    0xcf, 0x20, 0x3, 0xff, 0x94, 0x1, 0xef, 0xcb,
    0xbb, 0xbb, 0xbe, 0xfc, 0xbb, 0xcf, 0xfb, 0xb4,
    0xef, 0x10, 0x0, 0x7e, 0xff, 0xb0, 0x2b, 0xff,
    0xff, 0xff, 0xff, 0xff, 0xff, 0xff, 0xff, 0xf6,
    0xef, 0x20, 0x0, 0x0, 0x4e, 0xf4, 0x0, 0x0,
    0x0, 0x0, 0x0, 0x0, 0x0, 0x0, 0x0, 0x0,
    0xbf, 0xc1, 0x0, 0x0, 0x4e, 0xf3, 0x0, 0x0,
    0x0, 0x63, 0x0, 0x0, 0x0, 0x0, 0x0, 0x0,
    0x3f, 0xff, 0xff, 0xff, 0xff, 0xa0, 0x0, 0x0,
    0x3, 0xfb, 0x0, 0x0, 0x0, 0x0, 0x0, 0x0,
    0x2, 0x9b, 0xbb, 0xba, 0x84, 0x0, 0x0, 0x0,
    0x0, 0x95, 0x0, 0x0, 0x0, 0x0, 0x0, 0x0,

    /* U+FDA1 "ﶡ" */
    0x0, 0x0, 0x0, 0x0, 0x0, 0x0, 0x0, 0x0,
    0xa, 0xe1, 0x0, 0x0, 0xd, 0xb2, 0xf7, 0x0,
    0x0, 0x0, 0x0, 0x0, 0x0, 0x0, 0x0, 0x0,
    0xb, 0xf1, 0x0, 0x0, 0xf, 0xd3, 0xf9, 0x0,
    0x0, 0x0, 0x0, 0x0, 0x0, 0x0, 0x0, 0x0,
    0x0, 0x10, 0x0, 0x0, 0x1, 0x10, 0x20, 0x0,
    0x0, 0x0, 0x0, 0x0, 0x0, 0x0, 0x0, 0x0,
    0x0, 0x0, 0x0, 0x0, 0x0, 0x0, 0x0, 0x0,
    0x0, 0x0, 0x0, 0x0, 0x0, 0x0, 0x0, 0x2,
    0xbe, 0xff, 0xa1, 0x0, 0x0, 0x2f, 0xe0, 0x0,
    0x0, 0x0, 0x0, 0x0, 0x0, 0x0, 0x0, 0x1,
    0xfa, 0x8d, 0xfb, 0x0, 0x0, 0x2f, 0xe0, 0x0,
    0x0, 0x0, 0x0, 0x3, 0xcf, 0xc2, 0x0, 0x0,
    0x10, 0x1, 0xff, 0x20, 0x0, 0x2f, 0xe0, 0x0,
    0x0, 0x0, 0x0, 0x5f, 0xff, 0xfd, 0x0, 0x0,
    0x0, 0x0, 0xaf, 0x50, 0x0, 0x2f, 0xe0, 0x0,
    0x0, 0x0, 0x1, 0xff, 0x40, 0x9f, 0x90, 0x0,
    0x0, 0x0, 0x7f, 0x90, 0x0, 0x2f, 0xe0, 0x0,
    0x8e, 0x40, 0x5, 0xfa, 0x0, 0xc, 0xf6, 0x0,
    0x0, 0x0, 0x2f, 0xe0, 0x0, 0x2f, 0xe0, 0x0,
    0xcf, 0x20, 0x3, 0xff, 0x93, 0x1, 0xef, 0xcb,
    0xbb, 0xbb, 0xbe, 0xfc, 0xbb, 0xcf, 0xfb, 0xb4,
    0xef, 0x10, 0x0, 0x7e, 0xff, 0xb0, 0x2b, 0xff,
    0xff, 0xff, 0xff, 0xff, 0xff, 0xff, 0xff, 0xf6,
    0xef, 0x20, 0x0, 0x0, 0x4e, 0xf4, 0x0, 0x0,
    0x0, 0x0, 0x0, 0x0, 0x0, 0x0, 0x0, 0x0,
    0xbf, 0xc1, 0x0, 0x0, 0x4e, 0xf3, 0x0, 0x0,
    0x0, 0x0, 0x0, 0x0, 0x0, 0x0, 0x0, 0x0,
    0x3f, 0xff, 0xff, 0xff, 0xff, 0xa0, 0x0, 0x0,
    0x0, 0x0, 0x0, 0x0, 0x0, 0x0, 0x0, 0x0,
    0x3, 0x9b, 0xbb, 0xba, 0x94, 0x0, 0x0, 0x0,
    0x0, 0x0, 0x0, 0x0, 0x0, 0x0, 0x0, 0x0,
    0x0, 0x0, 0x0, 0x0, 0x0, 0x0, 0x0, 0x0,
    0x0, 0x0, 0x0, 0x0, 0x0, 0x0, 0x0, 0x0,
    0x0, 0xd, 0xb3, 0xf7, 0x0, 0x0, 0x0, 0x0,
    0x0, 0x0, 0x0, 0x0, 0x0, 0x0, 0x0, 0x0,
    0x0, 0xf, 0xd4, 0xf8, 0x0, 0x0, 0x0, 0x0,
    0x0, 0x0, 0x0, 0x0, 0x0, 0x0, 0x0, 0x0,
    0x0, 0x1, 0x0, 0x20, 0x0, 0x0, 0x0, 0x0,
    0x0, 0x0, 0x0, 0x0, 0x0, 0x0, 0x0, 0x0,

    /* U+FDA2 "ﶢ" */
    0x0, 0x0, 0x0, 0x0, 0x0, 0x0, 0x0, 0x0,
    0xa, 0xe1, 0x0, 0x0, 0xd, 0xb2, 0xf7, 0x0,
    0x0, 0x0, 0x0, 0x0, 0x0, 0x0, 0x0, 0x0,
    0xb, 0xf1, 0x0, 0x0, 0xf, 0xd3, 0xf9, 0x0,
    0x0, 0x0, 0x0, 0x0, 0x0, 0x0, 0x0, 0x0,
    0x0, 0x10, 0x0, 0x0, 0x1, 0x10, 0x20, 0x0,
    0x0, 0x0, 0x0, 0x0, 0x0, 0x0, 0x0, 0x0,
    0x0, 0x0, 0x0, 0x0, 0x0, 0x0, 0x0, 0x0,
    0x0, 0x0, 0x0, 0x0, 0x0, 0x0, 0x0, 0x2,
    0xbe, 0xff, 0xa1, 0x0, 0x0, 0x2f, 0xe0, 0x0,
    0x0, 0x0, 0x0, 0x0, 0x0, 0x0, 0x0, 0x1,
    0xfa, 0x8d, 0xfb, 0x0, 0x0, 0x2f, 0xe0, 0x0,
    0x0, 0x0, 0x0, 0x3, 0xcf, 0xc2, 0x0, 0x0,
    0x10, 0x1, 0xff, 0x20, 0x0, 0x2f, 0xe0, 0x0,
    0x0, 0x0, 0x0, 0x5f, 0xff, 0xfd, 0x0, 0x0,
    0x0, 0x0, 0xaf, 0x50, 0x0, 0x2f, 0xe0, 0x0,
    0x0, 0x0, 0x1, 0xff, 0x40, 0x9f, 0x90, 0x0,
    0x0, 0x0, 0x7f, 0x90, 0x0, 0x2f, 0xe0, 0x0,
    0x8e, 0x40, 0x5, 0xfa, 0x0, 0xc, 0xf6, 0x0,
    0x0, 0x0, 0x2f, 0xe0, 0x0, 0x2f, 0xe0, 0x0,
    0xcf, 0x20, 0x3, 0xff, 0x93, 0x1, 0xef, 0xcb,
    0xbb, 0xbb, 0xbe, 0xfc, 0xbb, 0xcf, 0xfb, 0xb4,
    0xef, 0x10, 0x0, 0x7e, 0xff, 0xb0, 0x2b, 0xff,
    0xff, 0xff, 0xff, 0xff, 0xff, 0xff, 0xff, 0xf6,
    0xef, 0x20, 0x0, 0x0, 0x4e, 0xf4, 0x0, 0x0,
    0x0, 0x0, 0x0, 0x0, 0x0, 0x0, 0x0, 0x0,
    0xbf, 0xc1, 0x0, 0x0, 0x4e, 0xf3, 0x0, 0x0,
    0x0, 0x0, 0x0, 0x0, 0x0, 0x0, 0x0, 0x0,
    0x3f, 0xff, 0xff, 0xff, 0xff, 0xa0, 0x0, 0x0,
    0x0, 0x0, 0x0, 0x0, 0x0, 0x0, 0x0, 0x0,
    0x3, 0x9b, 0xbb, 0xba, 0x94, 0x0, 0x0, 0x0,
    0x0, 0x0, 0x0, 0x0, 0x0, 0x0, 0x0, 0x0,

    /* U+FDA3 "ﶣ" */
    0x0, 0x0, 0x0, 0x0, 0x0, 0x0, 0x0, 0x0,
    0x0, 0x0, 0x0, 0x0, 0x3, 0xf6, 0x7f, 0x20,
    0x0, 0x0, 0x0, 0x0, 0x0, 0x0, 0x0, 0x0,
    0x0, 0x0, 0x0, 0x0, 0x0, 0x5f, 0x89, 0xf3,
    0x0, 0x0, 0x0, 0x0, 0x0, 0x0, 0x0, 0x0,
    0x0, 0x0, 0x0, 0x0, 0x0, 0x0, 0x20, 0x2,
    0x0, 0x0, 0x0, 0x0, 0x0, 0x0, 0x0, 0x0,
    0x0, 0x0, 0x0, 0x0, 0x0, 0x0, 0x0, 0x0,
    0x0, 0x0, 0x0, 0x0, 0x0, 0x0, 0x0, 0x0,
    0x0, 0x0, 0x5, 0xcf, 0xfb, 0x20, 0x0, 0x8,
    0xf9, 0x0, 0x0, 0x0, 0x0, 0x0, 0x0, 0x0,
    0x0, 0x0, 0x5, 0xff, 0xde, 0xfe, 0x10, 0x0,
    0x8f, 0x90, 0x0, 0x0, 0x0, 0x0, 0x3, 0xcf,
    0xc2, 0x0, 0x0, 0xaf, 0x50, 0xc, 0xf7, 0x0,
    0x8, 0xf9, 0x0, 0x0, 0x0, 0x0, 0x5, 0xff,
    0xff, 0xd0, 0x0, 0xd, 0xf2, 0x0, 0x7f, 0xa0,
    0x0, 0x8f, 0x90, 0x0, 0x0, 0x0, 0x1, 0xff,
    0x40, 0x9f, 0x90, 0x0, 0xcf, 0x20, 0x7, 0xf9,
    0x0, 0x8, 0xf9, 0x0, 0x8, 0xe4, 0x0, 0x5f,
    0xa0, 0x0, 0xcf, 0x60, 0x9, 0xf5, 0x1, 0xef,
    0x70, 0x0, 0x8f, 0x90, 0x0, 0xcf, 0x20, 0x3,
    0xff, 0x93, 0x1, 0xef, 0xcb, 0xdf, 0xdb, 0xff,
    0xff, 0xcb, 0xbd, 0xfd, 0xbb, 0xe, 0xf1, 0x0,
    0x7, 0xef, 0xfb, 0x2, 0xbf, 0xff, 0xff, 0xfe,
    0x82, 0xbf, 0xff, 0xff, 0xff, 0xf0, 0xef, 0x20,
    0x0, 0x0, 0x4e, 0xf4, 0x0, 0x0, 0x0, 0x0,
    0x0, 0x0, 0x0, 0x0, 0x0, 0x0, 0xb, 0xfc,
    0x10, 0x0, 0x4, 0xef, 0x30, 0x0, 0x0, 0x0,
    0x0, 0x0, 0x0, 0x0, 0x0, 0x0, 0x0, 0x3f,
    0xff, 0xff, 0xff, 0xff, 0xa0, 0x0, 0x0, 0x0,
    0x0, 0x0, 0x0, 0x0, 0x0, 0x0, 0x0, 0x0,
    0x39, 0xbb, 0xbb, 0xa9, 0x40, 0x0, 0x0, 0x0,
    0x0, 0x0, 0x0, 0x0, 0x0, 0x0, 0x0, 0x0,
    0x0, 0x0, 0x0, 0x0, 0x0, 0x0, 0x0, 0x0,
    0x0, 0x0, 0x0, 0x0, 0x0, 0x0, 0x0, 0x0,
    0x0, 0x0, 0xdb, 0x3f, 0x70, 0x0, 0x0, 0x0,
    0x0, 0x0, 0x0, 0x0, 0x0, 0x0, 0x0, 0x0,
    0x0, 0x0, 0xf, 0xd4, 0xf8, 0x0, 0x0, 0x0,
    0x0, 0x0, 0x0, 0x0, 0x0, 0x0, 0x0, 0x0,
    0x0, 0x0, 0x0, 0x10, 0x2, 0x0, 0x0, 0x0,
    0x0, 0x0, 0x0, 0x0, 0x0, 0x0, 0x0, 0x0,
    0x0, 0x0,

    /* U+FDA4 "ﶤ" */
    0x0, 0x0, 0x0, 0x0, 0x0, 0x0, 0x0, 0x0,
    0x0, 0x0, 0x0, 0x0, 0x3, 0xf6, 0x7f, 0x20,
    0x0, 0x0, 0x0, 0x0, 0x0, 0x0, 0x0, 0x0,
    0x0, 0x0, 0x0, 0x0, 0x0, 0x5f, 0x89, 0xf3,
    0x0, 0x0, 0x0, 0x0, 0x0, 0x0, 0x0, 0x0,
    0x0, 0x0, 0x0, 0x0, 0x0, 0x0, 0x20, 0x2,
    0x0, 0x0, 0x0, 0x0, 0x0, 0x0, 0x0, 0x0,
    0x0, 0x0, 0x0, 0x0, 0x0, 0x0, 0x0, 0x0,
    0x0, 0x0, 0x0, 0x0, 0x0, 0x0, 0x0, 0x0,
    0x0, 0x0, 0x5, 0xcf, 0xfb, 0x20, 0x0, 0x8,
    0xf9, 0x0, 0x0, 0x0, 0x0, 0x0, 0x0, 0x0,
    0x0, 0x0, 0x5, 0xff, 0xde, 0xfe, 0x10, 0x0,
    0x8f, 0x90, 0x0, 0x0, 0x0, 0x0, 0x3, 0xcf,
    0xc2, 0x0, 0x0, 0xaf, 0x50, 0xc, 0xf7, 0x0,
    0x8, 0xf9, 0x0, 0x0, 0x0, 0x0, 0x5, 0xff,
    0xff, 0xd0, 0x0, 0xd, 0xf2, 0x0, 0x7f, 0xa0,
    0x0, 0x8f, 0x90, 0x0, 0x0, 0x0, 0x1, 0xff,
    0x40, 0x9f, 0x90, 0x0, 0xcf, 0x20, 0x7, 0xf9,
    0x0, 0x8, 0xf9, 0x0, 0x8, 0xe4, 0x0, 0x5f,
    0xa0, 0x0, 0xcf, 0x60, 0x9, 0xf5, 0x1, 0xef,
    0x70, 0x0, 0x8f, 0x90, 0x0, 0xcf, 0x20, 0x3,
    0xff, 0x93, 0x1, 0xef, 0xcb, 0xdf, 0xdb, 0xff,
    0xff, 0xcb, 0xbd, 0xfd, 0xbb, 0xe, 0xf1, 0x0,
    0x7, 0xef, 0xfb, 0x2, 0xbf, 0xff, 0xff, 0xfe,
    0x82, 0xbf, 0xff, 0xff, 0xff, 0xf0, 0xef, 0x20,
    0x0, 0x0, 0x4e, 0xf4, 0x0, 0x0, 0x0, 0x0,
    0x0, 0x0, 0x0, 0x0, 0x0, 0x0, 0xb, 0xfc,
    0x10, 0x0, 0x4, 0xef, 0x30, 0x0, 0x0, 0x0,
    0x0, 0x0, 0x0, 0x0, 0x0, 0x0, 0x0, 0x3f,
    0xff, 0xff, 0xff, 0xff, 0xa0, 0x0, 0x0, 0x0,
    0x0, 0x0, 0x0, 0x0, 0x0, 0x0, 0x0, 0x0,
    0x39, 0xbb, 0xbb, 0xa9, 0x40, 0x0, 0x0, 0x0,
    0x0, 0x0, 0x0, 0x0, 0x0, 0x0, 0x0, 0x0,

    /* U+FDA5 "ﶥ" */
    0x0, 0x0, 0x0, 0x0, 0x0, 0x0, 0x0, 0x0,
    0x5, 0xcf, 0xfb, 0x20, 0x0, 0x8d, 0xff, 0xb2,
    0x0, 0x0, 0x0, 0x0, 0x0, 0x0, 0x0, 0x0,
    0x0, 0x5, 0xff, 0xcd, 0xfe, 0x10, 0xe, 0xdb,
    0xdf, 0xe0, 0x0, 0x0, 0x0, 0x0, 0x3, 0xcf,
    0xc2, 0x0, 0x0, 0xaf, 0x50, 0xb, 0xf7, 0x0,
    0x10, 0x0, 0xdf, 0x50, 0x0, 0x0, 0x0, 0x5,
    0xff, 0xff, 0xd0, 0x0, 0xd, 0xf2, 0x0, 0x7f,
    0xa0, 0x0, 0x0, 0x7, 0xf9, 0x0, 0x0, 0x0,
    0x1, 0xff, 0x40, 0x9f, 0x90, 0x0, 0xcf, 0x20,
    0x8, 0xf9, 0x0, 0x0, 0x0, 0x4f, 0xc0, 0x8,
    0xe4, 0x0, 0x5f, 0xa0, 0x0, 0xcf, 0x60, 0x9,
    0xf5, 0x1, 0xef, 0x70, 0x0, 0x0, 0x0, 0xef,
    0x20, 0xcf, 0x20, 0x3, 0xff, 0x94, 0x1, 0xef,
    0xcb, 0xdf, 0xdb, 0xff, 0xff, 0xcb, 0xbb, 0xbb,
    0xbd, 0xfd, 0x8e, 0xf1, 0x0, 0x7, 0xef, 0xfb,
    0x2, 0xbf, 0xff, 0xff, 0xfe, 0x82, 0xbf, 0xff,
    0xff, 0xff, 0xff, 0xfc, 0xef, 0x20, 0x0, 0x0,
    0x4e, 0xf4, 0x0, 0x0, 0x0, 0x0, 0x0, 0x0,
    0x0, 0x0, 0x0, 0x0, 0x0, 0xb, 0xfc, 0x10,
    0x0, 0x4, 0xef, 0x30, 0x0, 0x0, 0x0, 0x0,
    0x0, 0x0, 0x0, 0x5, 0x40, 0x0, 0x0, 0x3f,
    0xff, 0xff, 0xff, 0xff, 0xa0, 0x0, 0x0, 0x0,
    0x0, 0x0, 0x0, 0x0, 0x0, 0xfe, 0x0, 0x0,
    0x0, 0x29, 0xbb, 0xbb, 0xa8, 0x40, 0x0, 0x0,
    0x0, 0x0, 0x0, 0x0, 0x0, 0x0, 0x8, 0x70,
    0x0, 0x0, 0x0, 0x0, 0x0, 0x0, 0x0, 0x0,
    0x0, 0x0, 0x0, 0x0, 0x0, 0x0, 0x0, 0x0,
    0x0, 0x0, 0x0, 0x0, 0x0, 0xdb, 0x3f, 0x70,
    0x0, 0x0, 0x0, 0x0, 0x0, 0x0, 0x0, 0x0,
    0x0, 0x0, 0x0, 0x0, 0x0, 0x0, 0xf, 0xd4,
    0xf8, 0x0, 0x0, 0x0, 0x0, 0x0, 0x0, 0x0,
    0x0, 0x0, 0x0, 0x0, 0x0, 0x0, 0x0, 0x0,
    0x10, 0x2, 0x0, 0x0, 0x0, 0x0, 0x0, 0x0,
    0x0, 0x0, 0x0, 0x0, 0x0, 0x0, 0x0, 0x0,

    /* U+FDA6 "ﶦ" */
    0x0, 0x0, 0x0, 0x0, 0x0, 0x0, 0x0, 0x2,
    0xae, 0xff, 0xa1, 0x0, 0x5, 0xcf, 0xfd, 0x60,
    0x0, 0x0, 0x0, 0x0, 0x0, 0x0, 0x0, 0x0,
    0x1f, 0xdb, 0xef, 0xb0, 0x0, 0x8f, 0xbc, 0xff,
    0x40, 0x0, 0x0, 0x0, 0x3, 0xcf, 0xc2, 0x0,
    0x0, 0x10, 0x2, 0xff, 0x20, 0x1, 0x0, 0x8,
    0xfb, 0x0, 0x0, 0x0, 0x5, 0xff, 0xff, 0xd0,
    0x0, 0x0, 0x0, 0xb, 0xf5, 0x0, 0x0, 0x0,
    0x2f, 0xe0, 0x0, 0x0, 0x1, 0xff, 0x40, 0x9f,
    0xa0, 0x0, 0x0, 0x0, 0x7f, 0x90, 0x0, 0x0,
    0x0, 0xef, 0x28, 0xe4, 0x0, 0x5f, 0xa0, 0x0,
    0xcf, 0x60, 0x0, 0x0, 0x2, 0xfe, 0x0, 0x0,
    0x0, 0x9, 0xf7, 0xcf, 0x20, 0x3, 0xff, 0x94,
    0x1, 0xef, 0xcb, 0xbb, 0xbb, 0xbe, 0xfc, 0xbb,
    0xbb, 0xbb, 0xcf, 0xfe, 0xf1, 0x0, 0x7, 0xef,
    0xfb, 0x2, 0xbf, 0xff, 0xff, 0xff, 0xff, 0xff,
    0xff, 0xff, 0xff, 0xff, 0xef, 0x20, 0x0, 0x0,
    0x4e, 0xf4, 0x0, 0x0, 0x0, 0x0, 0x0, 0x0,
    0x0, 0x0, 0x0, 0x0, 0xb, 0xfc, 0x10, 0x0,
    0x4, 0xef, 0x30, 0x0, 0x0, 0x0, 0x0, 0x0,
    0x0, 0x0, 0x27, 0x0, 0x0, 0x3f, 0xff, 0xff,
    0xff, 0xff, 0xa0, 0x0, 0x0, 0x0, 0x0, 0x0,
    0x0, 0x0, 0xa, 0xf4, 0x0, 0x0, 0x29, 0xbb,
    0xbb, 0xa8, 0x40, 0x0, 0x0, 0x0, 0x0, 0x0,
    0x0, 0x0, 0x0, 0x4a, 0x10, 0x0,

    /* U+FDA7 "ﶧ" */
    0x0, 0x0, 0x0, 0x0, 0x0, 0x0, 0x0, 0x0,
    0x5, 0xcf, 0xfb, 0x20, 0x0, 0x8d, 0xff, 0xb2,
    0x0, 0x0, 0x0, 0x0, 0x0, 0x0, 0x0, 0x0,
    0x0, 0x5, 0xff, 0xcd, 0xfe, 0x10, 0xe, 0xdb,
    0xdf, 0xe0, 0x0, 0x0, 0x0, 0x0, 0x3, 0xcf,
    0xc2, 0x0, 0x0, 0xaf, 0x50, 0xb, 0xf7, 0x0,
    0x10, 0x0, 0xdf, 0x50, 0x0, 0x0, 0x0, 0x5,
    0xff, 0xff, 0xd0, 0x0, 0xd, 0xf2, 0x0, 0x7f,
    0xa0, 0x0, 0x0, 0x7, 0xf9, 0x0, 0x0, 0x0,
    0x1, 0xff, 0x40, 0x9f, 0x90, 0x0, 0xcf, 0x20,
    0x8, 0xf9, 0x0, 0x0, 0x0, 0x4f, 0xc0, 0x8,
    0xe4, 0x0, 0x5f, 0xa0, 0x0, 0xcf, 0x60, 0x9,
    0xf5, 0x1, 0xef, 0x70, 0x0, 0x0, 0x0, 0xef,
    0x20, 0xcf, 0x20, 0x3, 0xff, 0x94, 0x1, 0xef,
    0xcb, 0xdf, 0xdb, 0xff, 0xff, 0xcb, 0xbb, 0xbb,
    0xbd, 0xfd, 0x8e, 0xf1, 0x0, 0x7, 0xef, 0xfb,
    0x2, 0xbf, 0xff, 0xff, 0xfe, 0x82, 0xbf, 0xff,
    0xff, 0xff, 0xff, 0xfc, 0xef, 0x20, 0x0, 0x0,
    0x4e, 0xf4, 0x0, 0x0, 0x0, 0x0, 0x0, 0x0,
    0x0, 0x0, 0x0, 0x0, 0x0, 0xb, 0xfc, 0x10,
    0x0, 0x4, 0xef, 0x30, 0x0, 0x0, 0x0, 0x0,
    0x0, 0x0, 0x0, 0x5, 0x40, 0x0, 0x0, 0x3f,
    0xff, 0xff, 0xff, 0xff, 0xa0, 0x0, 0x0, 0x0,
    0x0, 0x0, 0x0, 0x0, 0x0, 0xfe, 0x0, 0x0,
    0x0, 0x29, 0xbb, 0xbb, 0xa8, 0x40, 0x0, 0x0,
    0x0, 0x0, 0x0, 0x0, 0x0, 0x0, 0x8, 0x70,
    0x0, 0x0,

    /* U+FDA8 "ﶨ" */
    0x0, 0x0, 0x0, 0x0, 0x0, 0x0, 0x0, 0x0,
    0xa, 0xe1, 0x0, 0x0, 0x0, 0x0, 0x0, 0x0,
    0x0, 0x0, 0x0, 0x0, 0x0, 0x0, 0x0, 0x0,
    0x0, 0x0, 0x0, 0x0, 0x0, 0xbf, 0x10, 0x0,
    0x0, 0x0, 0x0, 0x0, 0x0, 0x0, 0x0, 0x0,
    0x0, 0x0, 0x0, 0x0, 0x0, 0x0, 0x0, 0x0,
    0x0, 0x0, 0x10, 0x0, 0x0, 0x0, 0x0, 0x0,
    0x0, 0x0, 0x0, 0x0, 0x0, 0x0, 0x0, 0x0,
    0x0, 0x0, 0x0, 0x0, 0x0, 0x0, 0x0, 0x0,
    0x0, 0x0, 0x0, 0x0, 0x0, 0x0, 0x0, 0x0,
    0x0, 0x0, 0x0, 0x0, 0x0, 0x0, 0x0, 0x0,
    0x0, 0x2, 0xbe, 0xff, 0xa1, 0x0, 0x0, 0x0,
    0x0, 0x0, 0x0, 0x0, 0x9f, 0x70, 0x0, 0x0,
    0x0, 0x0, 0x0, 0x0, 0x0, 0x0, 0x1f, 0xa8,
    0xdf, 0xb0, 0x0, 0x6, 0xc5, 0x0, 0x5c, 0x60,
    0x9, 0xf7, 0x0, 0x0, 0x0, 0x0, 0x3, 0xcf,
    0xc2, 0x0, 0x0, 0x10, 0x1, 0xff, 0x20, 0x0,
    0x9f, 0x70, 0x7, 0xf9, 0x0, 0x9f, 0x70, 0x0,
    0x0, 0x0, 0x5, 0xff, 0xff, 0xd0, 0x0, 0x0,
    0x0, 0xa, 0xf5, 0x0, 0x9, 0xf7, 0x0, 0x7f,
    0x90, 0x9, 0xf7, 0x0, 0x0, 0x0, 0x1, 0xff,
    0x40, 0x9f, 0x90, 0x0, 0x0, 0x0, 0x7f, 0x90,
    0x0, 0x9f, 0x70, 0x7, 0xf9, 0x0, 0x9f, 0x70,
    0x8, 0xe4, 0x0, 0x5f, 0xa0, 0x0, 0xcf, 0x60,
    0x0, 0x0, 0x2, 0xfe, 0x0, 0x9, 0xf7, 0x0,
    0xbf, 0xb0, 0x9, 0xf7, 0x0, 0xcf, 0x20, 0x3,
    0xff, 0x93, 0x1, 0xef, 0xcb, 0xbb, 0xbb, 0xbe,
    0xfc, 0xbb, 0xef, 0xdb, 0xdf, 0xff, 0xdb, 0xef,
    0xdb, 0x6e, 0xf1, 0x0, 0x7, 0xef, 0xfb, 0x2,
    0xbf, 0xff, 0xff, 0xff, 0xff, 0xff, 0xff, 0xff,
    0xff, 0xd4, 0x5d, 0xff, 0xff, 0xf9, 0xef, 0x20,
    0x0, 0x0, 0x4e, 0xf4, 0x0, 0x0, 0x0, 0x0,
    0x0, 0x0, 0x0, 0x0, 0x0, 0x0, 0x0, 0x0,
    0x0, 0x0, 0xb, 0xfc, 0x10, 0x0, 0x4, 0xef,
    0x30, 0x0, 0x0, 0x0, 0x0, 0x0, 0x0, 0x0,
    0x0, 0x0, 0x0, 0x0, 0x0, 0x0, 0x0, 0x3f,
    0xff, 0xff, 0xff, 0xff, 0xa0, 0x0, 0x0, 0x0,
    0x0, 0x0, 0x0, 0x0, 0x0, 0x0, 0x0, 0x0,
    0x0, 0x0, 0x0, 0x0, 0x39, 0xbb, 0xbb, 0xa9,
    0x40, 0x0, 0x0, 0x0, 0x0, 0x0, 0x0, 0x0,
    0x0, 0x0, 0x0, 0x0, 0x0, 0x0, 0x0, 0x0,

    /* U+FDA9 "ﶩ" */
    0x0, 0x0, 0x0, 0x0, 0x0, 0x0, 0x0, 0x2,
    0xae, 0xff, 0xa1, 0x0, 0x0, 0x8b, 0x30, 0x7d,
    0xfe, 0xa1, 0x0, 0x0, 0x0, 0x0, 0x0, 0x0,
    0x0, 0x0, 0x0, 0x1f, 0xdb, 0xef, 0xb0, 0x0,
    0xc, 0xf4, 0xaf, 0xcc, 0xff, 0xd0, 0x0, 0x0,
    0x0, 0x0, 0x3, 0xcf, 0xc2, 0x0, 0x0, 0x10,
    0x2, 0xff, 0x20, 0x0, 0xcf, 0xae, 0x30, 0x1,
    0xef, 0x50, 0x0, 0x0, 0x0, 0x5, 0xff, 0xff,
    0xd0, 0x0, 0x0, 0x0, 0xb, 0xf5, 0x0, 0xc,
    0xff, 0x30, 0x0, 0x9, 0xf7, 0x0, 0x0, 0x0,
    0x1, 0xff, 0x40, 0x9f, 0x90, 0x0, 0x0, 0x0,
    0x7f, 0x90, 0x0, 0xcf, 0x90, 0x0, 0x0, 0x8f,
    0x80, 0x8, 0xe4, 0x0, 0x5f, 0xa0, 0x0, 0xcf,
    0x60, 0x0, 0x0, 0x2, 0xfe, 0x0, 0xc, 0xf4,
    0x0, 0x0, 0x8, 0xf8, 0x0, 0xcf, 0x20, 0x3,
    0xff, 0x93, 0x1, 0xef, 0xcb, 0xbb, 0xbb, 0xbe,
    0xfc, 0xbb, 0xef, 0xcb, 0xbb, 0xbb, 0xdf, 0xdb,
    0x7e, 0xf1, 0x0, 0x7, 0xef, 0xfb, 0x2, 0xbf,
    0xff, 0xff, 0xff, 0xff, 0xff, 0xff, 0xff, 0xff,
    0xff, 0xff, 0xff, 0xfb, 0xef, 0x20, 0x0, 0x0,
    0x4e, 0xf4, 0x0, 0x0, 0x0, 0x0, 0x0, 0x0,
    0x0, 0x0, 0x0, 0x0, 0x0, 0x0, 0x0, 0xb,
    0xfc, 0x10, 0x0, 0x4, 0xef, 0x30, 0x0, 0x0,
    0x0, 0x0, 0x0, 0x0, 0x0, 0x0, 0x0, 0x0,
    0x0, 0x0, 0x0, 0x3f, 0xff, 0xff, 0xff, 0xff,
    0xa0, 0x0, 0x0, 0x0, 0x0, 0x0, 0x0, 0x0,
    0x0, 0x0, 0x0, 0x0, 0x0, 0x0, 0x0, 0x39,
    0xbb, 0xbb, 0xa9, 0x40, 0x0, 0x0, 0x0, 0x0,
    0x0, 0x0, 0x0, 0x0, 0x0, 0x0, 0x0, 0x0,
    0x0, 0x0, 0x0, 0x0, 0x0, 0x0, 0x0, 0x0,
    0x0, 0x0, 0x0, 0x0, 0x0, 0x0, 0x0, 0x0,
    0x0, 0x0, 0x0, 0x0, 0x0, 0x0, 0x0, 0xdb,
    0x3f, 0x70, 0x0, 0x0, 0x0, 0x0, 0x0, 0x0,
    0x0, 0x0, 0x0, 0x0, 0x0, 0x0, 0x0, 0x0,
    0x0, 0x0, 0xf, 0xd4, 0xf8, 0x0, 0x0, 0x0,
    0x0, 0x0, 0x0, 0x0, 0x0, 0x0, 0x0, 0x0,
    0x0, 0x0, 0x0, 0x0, 0x0, 0x0, 0x10, 0x2,
    0x0, 0x0, 0x0, 0x0, 0x0, 0x0, 0x0, 0x0,
    0x0, 0x0, 0x0, 0x0, 0x0, 0x0, 0x0, 0x0,

    /* U+FDAA "ﶪ" */
    0x0, 0x0, 0x0, 0x0, 0x0, 0x0, 0x0, 0x0,
    0x0, 0x0, 0x0, 0x0, 0x0, 0x0, 0x0, 0x3,
    0xf4, 0x0, 0x0, 0x0, 0x0, 0x0, 0x0, 0x0,
    0x0, 0x0, 0x0, 0x0, 0x0, 0x0, 0x0, 0x0,
    0x0, 0x0, 0x0, 0x0, 0x4d, 0x50, 0x0, 0x0,
    0x0, 0x0, 0x0, 0x0, 0x0, 0x0, 0x0, 0x0,
    0x0, 0x0, 0x0, 0x0, 0x0, 0x0, 0x0, 0x0,
    0xbf, 0x2f, 0xd0, 0x0, 0x0, 0x0, 0x0, 0x0,
    0x0, 0x0, 0x0, 0x0, 0x0, 0x0, 0x0, 0x0,
    0x0, 0x0, 0x0, 0x0, 0x9, 0xe1, 0xdb, 0x0,
    0x0, 0x0, 0x0, 0x0, 0x0, 0x0, 0x0, 0x0,
    0x0, 0x2, 0xbe, 0xff, 0xa1, 0x0, 0x0, 0x0,
    0x0, 0x0, 0x0, 0x0, 0x9f, 0x70, 0x0, 0x0,
    0x0, 0x0, 0x0, 0x0, 0x0, 0x0, 0x1f, 0xa8,
    0xdf, 0xb0, 0x0, 0x6, 0xc5, 0x0, 0x5c, 0x60,
    0x9, 0xf7, 0x0, 0x0, 0x0, 0x0, 0x3, 0xcf,
    0xc2, 0x0, 0x0, 0x10, 0x1, 0xff, 0x20, 0x0,
    0x9f, 0x70, 0x7, 0xf9, 0x0, 0x9f, 0x70, 0x0,
    0x0, 0x0, 0x5, 0xff, 0xff, 0xd0, 0x0, 0x0,
    0x0, 0xa, 0xf5, 0x0, 0x9, 0xf7, 0x0, 0x7f,
    0x90, 0x9, 0xf7, 0x0, 0x0, 0x0, 0x1, 0xff,
    0x40, 0x9f, 0x90, 0x0, 0x0, 0x0, 0x7f, 0x90,
    0x0, 0x9f, 0x70, 0x7, 0xf9, 0x0, 0x9f, 0x70,
    0x8, 0xe4, 0x0, 0x5f, 0xa0, 0x0, 0xcf, 0x60,
    0x0, 0x0, 0x2, 0xfe, 0x0, 0x9, 0xf7, 0x0,
    0xbf, 0xb0, 0x9, 0xf7, 0x0, 0xcf, 0x20, 0x3,
    0xff, 0x93, 0x1, 0xef, 0xcb, 0xbb, 0xbb, 0xbe,
    0xfc, 0xbb, 0xef, 0xdb, 0xdf, 0xff, 0xdb, 0xef,
    0xdb, 0x6e, 0xf1, 0x0, 0x7, 0xef, 0xfb, 0x2,
    0xbf, 0xff, 0xff, 0xff, 0xff, 0xff, 0xff, 0xff,
    0xff, 0xd4, 0x5d, 0xff, 0xff, 0xf9, 0xef, 0x20,
    0x0, 0x0, 0x4e, 0xf4, 0x0, 0x0, 0x0, 0x0,
    0x0, 0x0, 0x0, 0x0, 0x0, 0x0, 0x0, 0x0,
    0x0, 0x0, 0xb, 0xfc, 0x10, 0x0, 0x4, 0xef,
    0x30, 0x0, 0x0, 0x0, 0x0, 0x0, 0x0, 0x0,
    0x0, 0x0, 0x0, 0x0, 0x0, 0x0, 0x0, 0x3f,
    0xff, 0xff, 0xff, 0xff, 0xa0, 0x0, 0x0, 0x0,
    0x0, 0x0, 0x0, 0x0, 0x0, 0x0, 0x0, 0x0,
    0x0, 0x0, 0x0, 0x0, 0x39, 0xbb, 0xbb, 0xa9,
    0x40, 0x0, 0x0, 0x0, 0x0, 0x0, 0x0, 0x0,
    0x0, 0x0, 0x0, 0x0, 0x0, 0x0, 0x0, 0x0,
    0x0, 0x0, 0x0, 0x0, 0x0, 0x0, 0x0, 0x0,
    0x0, 0x0, 0x0, 0x0, 0x0, 0x0, 0x0, 0x0,
    0x0, 0x0, 0x0, 0x0, 0x0, 0x0, 0xdb, 0x3f,
    0x70, 0x0, 0x0, 0x0, 0x0, 0x0, 0x0, 0x0,
    0x0, 0x0, 0x0, 0x0, 0x0, 0x0, 0x0, 0x0,
    0x0, 0x0, 0xf, 0xd4, 0xf8, 0x0, 0x0, 0x0,
    0x0, 0x0, 0x0, 0x0, 0x0, 0x0, 0x0, 0x0,
    0x0, 0x0, 0x0, 0x0, 0x0, 0x0, 0x0, 0x10,
    0x2, 0x0, 0x0, 0x0, 0x0, 0x0, 0x0, 0x0,
    0x0, 0x0, 0x0, 0x0, 0x0, 0x0, 0x0, 0x0,
    0x0, 0x0,

    /* U+FDAB "ﶫ" */
    0x0, 0x0, 0x0, 0x0, 0x0, 0x0, 0x0, 0x0,
    0x0, 0x0, 0x0, 0x0, 0x0, 0x0, 0x0, 0xae,
    0x10, 0x0, 0x0, 0x0, 0x0, 0x0, 0x0, 0x0,
    0x0, 0x0, 0x0, 0x0, 0x0, 0x0, 0x0, 0x0,
    0x0, 0x0, 0xb, 0xf1, 0x0, 0x0, 0x0, 0x0,
    0x0, 0x0, 0x0, 0x0, 0x0, 0x0, 0x0, 0x0,
    0x0, 0x0, 0x0, 0x0, 0x0, 0x0, 0x1, 0x0,
    0x0, 0x0, 0x0, 0x0, 0x0, 0x0, 0x0, 0x0,
    0x0, 0x0, 0x0, 0x0, 0x0, 0x0, 0x0, 0x0,
    0x0, 0x0, 0x0, 0x0, 0x0, 0x0, 0x0, 0x0,
    0x0, 0x0, 0x0, 0x0, 0x0, 0x2, 0xae, 0xff,
    0xa1, 0x0, 0x0, 0x8b, 0x30, 0x7d, 0xfe, 0xa1,
    0x0, 0x0, 0x0, 0x0, 0x0, 0x0, 0x0, 0x0,
    0x0, 0x1f, 0xdb, 0xef, 0xb0, 0x0, 0xc, 0xf4,
    0xaf, 0xcc, 0xff, 0xd0, 0x0, 0x0, 0x0, 0x0,
    0x3, 0xcf, 0xc2, 0x0, 0x0, 0x10, 0x2, 0xff,
    0x20, 0x0, 0xcf, 0xae, 0x30, 0x1, 0xef, 0x50,
    0x0, 0x0, 0x0, 0x5, 0xff, 0xff, 0xd0, 0x0,
    0x0, 0x0, 0xb, 0xf5, 0x0, 0xc, 0xff, 0x30,
    0x0, 0x9, 0xf7, 0x0, 0x0, 0x0, 0x1, 0xff,
    0x40, 0x9f, 0x90, 0x0, 0x0, 0x0, 0x7f, 0x90,
    0x0, 0xcf, 0x90, 0x0, 0x0, 0x8f, 0x80, 0x8,
    0xe4, 0x0, 0x5f, 0xa0, 0x0, 0xcf, 0x60, 0x0,
    0x0, 0x2, 0xfe, 0x0, 0xc, 0xf4, 0x0, 0x0,
    0x8, 0xf8, 0x0, 0xcf, 0x20, 0x3, 0xff, 0x93,
    0x1, 0xef, 0xcb, 0xbb, 0xbb, 0xbe, 0xfc, 0xbb,
    0xef, 0xcb, 0xbb, 0xbb, 0xdf, 0xdb, 0x7e, 0xf1,
    0x0, 0x7, 0xef, 0xfb, 0x2, 0xbf, 0xff, 0xff,
    0xff, 0xff, 0xff, 0xff, 0xff, 0xff, 0xff, 0xff,
    0xff, 0xfb, 0xef, 0x20, 0x0, 0x0, 0x4e, 0xf4,
    0x0, 0x0, 0x0, 0x0, 0x0, 0x0, 0x0, 0x0,
    0x0, 0x0, 0x0, 0x0, 0x0, 0xb, 0xfc, 0x10,
    0x0, 0x4, 0xef, 0x30, 0x0, 0x0, 0x0, 0x0,
    0x0, 0x0, 0x0, 0x0, 0x0, 0x0, 0x0, 0x0,
    0x0, 0x3f, 0xff, 0xff, 0xff, 0xff, 0xa0, 0x0,
    0x0, 0x0, 0x0, 0x0, 0x0, 0x0, 0x0, 0x0,
    0x0, 0x0, 0x0, 0x0, 0x0, 0x39, 0xbb, 0xbb,
    0xa9, 0x40, 0x0, 0x0, 0x0, 0x0, 0x0, 0x0,
    0x0, 0x0, 0x0, 0x0, 0x0, 0x0, 0x0, 0x0,
    0x0, 0x0, 0x0, 0x0, 0x0, 0x0, 0x0, 0x0,
    0x0, 0x0, 0x0, 0x0, 0x0, 0x0, 0x0, 0x0,
    0x0, 0x0, 0x0, 0x0, 0x0, 0xdb, 0x3f, 0x70,
    0x0, 0x0, 0x0, 0x0, 0x0, 0x0, 0x0, 0x0,
    0x0, 0x0, 0x0, 0x0, 0x0, 0x0, 0x0, 0x0,
    0xf, 0xd4, 0xf8, 0x0, 0x0, 0x0, 0x0, 0x0,
    0x0, 0x0, 0x0, 0x0, 0x0, 0x0, 0x0, 0x0,
    0x0, 0x0, 0x0, 0x0, 0x10, 0x2, 0x0, 0x0,
    0x0, 0x0, 0x0, 0x0, 0x0, 0x0, 0x0, 0x0,
    0x0, 0x0, 0x0, 0x0, 0x0, 0x0,

    /* U+FDAC "ﶬ" */
    0x0, 0x0, 0x0, 0x0, 0x0, 0x0, 0x0, 0x0,
    0x0, 0x0, 0x0, 0x0, 0x0, 0xaf, 0x60, 0x0,
    0x0, 0x0, 0x0, 0x0, 0x0, 0x0, 0x0, 0x0,
    0x0, 0x0, 0x0, 0x0, 0xa, 0xf6, 0x0, 0x0,
    0x0, 0x0, 0x0, 0x0, 0x0, 0x0, 0x0, 0x0,
    0x0, 0x0, 0x0, 0x0, 0xaf, 0x60, 0x0, 0x0,
    0x0, 0x0, 0x0, 0x0, 0x0, 0x0, 0x0, 0x0,
    0x0, 0x0, 0x0, 0xa, 0xf6, 0x0, 0x0, 0x0,
    0x0, 0x0, 0x0, 0x0, 0x0, 0x2, 0xae, 0xff,
    0xa1, 0x0, 0x0, 0xaf, 0x60, 0x0, 0x0, 0x0,
    0x0, 0x0, 0x0, 0x0, 0x0, 0x1f, 0xdb, 0xef,
    0xb0, 0x0, 0xa, 0xf6, 0x0, 0x0, 0x0, 0x0,
    0x3, 0xcf, 0xc2, 0x0, 0x0, 0x10, 0x2, 0xff,
    0x20, 0x0, 0xaf, 0x60, 0x0, 0x0, 0x0, 0x5,
    0xff, 0xff, 0xd0, 0x0, 0x0, 0x0, 0xb, 0xf5,
    0x0, 0xa, 0xf6, 0x0, 0x0, 0x0, 0x1, 0xff,
    0x40, 0x9f, 0x90, 0x0, 0x0, 0x0, 0x7f, 0x90,
    0x0, 0xaf, 0x60, 0x8, 0xe4, 0x0, 0x5f, 0xa0,
    0x0, 0xcf, 0x60, 0x0, 0x0, 0x2, 0xfe, 0x0,
    0xa, 0xf6, 0x0, 0xcf, 0x20, 0x3, 0xff, 0x94,
    0x1, 0xef, 0xcb, 0xbb, 0xbb, 0xbe, 0xfc, 0xbb,
    0xef, 0xdb, 0x6e, 0xf1, 0x0, 0x7, 0xef, 0xfb,
    0x2, 0xbf, 0xff, 0xff, 0xff, 0xff, 0xff, 0xff,
    0xff, 0xf9, 0xef, 0x20, 0x0, 0x0, 0x4e, 0xf4,
    0x0, 0x0, 0x0, 0x0, 0x0, 0x0, 0x0, 0x0,
    0x0, 0xb, 0xfc, 0x10, 0x0, 0x4, 0xef, 0x30,
    0x0, 0x0, 0x6, 0x30, 0x0, 0x0, 0x0, 0x0,
    0x0, 0x3f, 0xff, 0xff, 0xff, 0xff, 0xa0, 0x0,
    0x0, 0x3, 0xfb, 0x0, 0x0, 0x0, 0x0, 0x0,
    0x0, 0x29, 0xbb, 0xbb, 0xa8, 0x40, 0x0, 0x0,
    0x0, 0x9, 0x50, 0x0, 0x0, 0x0, 0x0, 0x0,
    0x0, 0x0, 0x0, 0x0, 0x0, 0x0, 0x0, 0x0,
    0x0, 0x0, 0x0, 0x0, 0x0, 0x0, 0x0, 0x0,
    0x0, 0xdb, 0x3f, 0x70, 0x0, 0x0, 0x0, 0x0,
    0x0, 0x0, 0x0, 0x0, 0x0, 0x0, 0x0, 0x0,
    0xf, 0xd4, 0xf8, 0x0, 0x0, 0x0, 0x0, 0x0,
    0x0, 0x0, 0x0, 0x0, 0x0, 0x0, 0x0, 0x0,
    0x10, 0x2, 0x0, 0x0, 0x0, 0x0, 0x0, 0x0,
    0x0, 0x0, 0x0, 0x0, 0x0, 0x0,

    /* U+FDAD "ﶭ" */
    0x0, 0x0, 0x0, 0x0, 0x0, 0x0, 0x0, 0x0,
    0x0, 0x0, 0x0, 0x0, 0x0, 0xf, 0xf1, 0x0,
    0x0, 0x0, 0x0, 0x0, 0x0, 0x0, 0x0, 0x0,
    0x0, 0x0, 0x0, 0x0, 0x0, 0xf, 0xf1, 0x0,
    0x0, 0x0, 0x0, 0x0, 0x0, 0x0, 0x0, 0x0,
    0x0, 0x0, 0x0, 0x0, 0x0, 0xf, 0xf1, 0x0,
    0x0, 0x0, 0x0, 0x0, 0x0, 0x0, 0x0, 0x0,
    0x0, 0x0, 0x0, 0x0, 0x0, 0xf, 0xf1, 0x0,
    0x0, 0x0, 0x0, 0x0, 0x0, 0x0, 0x0, 0x0,
    0x1, 0x7a, 0xa6, 0x0, 0x0, 0xf, 0xf1, 0x0,
    0x0, 0x0, 0x0, 0x0, 0x0, 0x0, 0x0, 0x0,
    0x3f, 0xff, 0xff, 0xc0, 0x0, 0xf, 0xf1, 0x0,
    0x0, 0x0, 0x0, 0x3, 0xcf, 0xc2, 0x0, 0x0,
    0x9f, 0x81, 0x2d, 0xf6, 0x0, 0xf, 0xf1, 0x0,
    0x0, 0x0, 0x0, 0x5f, 0xff, 0xfd, 0x0, 0x0,
    0xcf, 0x20, 0x7, 0xfa, 0x0, 0xf, 0xf1, 0x0,
    0x0, 0x0, 0x1, 0xff, 0x40, 0x9f, 0x90, 0x0,
    0xcf, 0x20, 0x7, 0xfa, 0x0, 0xf, 0xf1, 0x0,
    0x8e, 0x40, 0x5, 0xfa, 0x0, 0xc, 0xf6, 0x0,
    0x9f, 0x40, 0x1d, 0xf8, 0x0, 0xf, 0xf1, 0x0,
    0xcf, 0x20, 0x3, 0xff, 0x93, 0x1, 0xef, 0xcb,
    0xdf, 0xdb, 0xff, 0xff, 0xcb, 0xbf, 0xfb, 0xb2,
    0xef, 0x10, 0x0, 0x7e, 0xff, 0xb0, 0x2b, 0xff,
    0xff, 0xff, 0xe8, 0x2b, 0xff, 0xff, 0xff, 0xf3,
    0xef, 0x20, 0x0, 0x0, 0x4e, 0xf4, 0x0, 0x0,
    0x0, 0x0, 0x0, 0x0, 0x0, 0x0, 0x0, 0x0,
    0xbf, 0xc1, 0x0, 0x0, 0x4e, 0xf3, 0x0, 0x0,
    0x0, 0x0, 0x0, 0x0, 0x0, 0x0, 0x0, 0x0,
    0x3f, 0xff, 0xff, 0xff, 0xff, 0xa0, 0x0, 0x0,
    0x0, 0x0, 0x0, 0x0, 0x0, 0x0, 0x0, 0x0,
    0x3, 0x9b, 0xbb, 0xba, 0x94, 0x0, 0x0, 0x0,
    0x0, 0x0, 0x0, 0x0, 0x0, 0x0, 0x0, 0x0,
    0x0, 0x0, 0x0, 0x0, 0x0, 0x0, 0x0, 0x0,
    0x0, 0x0, 0x0, 0x0, 0x0, 0x0, 0x0, 0x0,
    0x0, 0xd, 0xb3, 0xf7, 0x0, 0x0, 0x0, 0x0,
    0x0, 0x0, 0x0, 0x0, 0x0, 0x0, 0x0, 0x0,
    0x0, 0xf, 0xd4, 0xf8, 0x0, 0x0, 0x0, 0x0,
    0x0, 0x0, 0x0, 0x0, 0x0, 0x0, 0x0, 0x0,
    0x0, 0x1, 0x0, 0x20, 0x0, 0x0, 0x0, 0x0,
    0x0, 0x0, 0x0, 0x0, 0x0, 0x0, 0x0, 0x0,

    /* U+FDAE "ﶮ" */
    0x0, 0x0, 0x0, 0x0, 0x0, 0x0, 0x0, 0x2,
    0xbe, 0xff, 0xa1, 0x0, 0x0, 0x2f, 0xe0, 0x0,
    0x0, 0x0, 0x0, 0x0, 0x0, 0x0, 0x0, 0x1,
    0xfa, 0x8d, 0xfb, 0x0, 0x0, 0x2f, 0xe0, 0x0,
    0x0, 0x0, 0x0, 0x3, 0xcf, 0xc2, 0x0, 0x0,
    0x10, 0x1, 0xff, 0x20, 0x0, 0x2f, 0xe0, 0x0,
    0x0, 0x0, 0x0, 0x5f, 0xff, 0xfd, 0x0, 0x0,
    0x0, 0x0, 0xaf, 0x50, 0x0, 0x2f, 0xe0, 0x0,
    0x0, 0x0, 0x1, 0xff, 0x40, 0x9f, 0x90, 0x0,
    0x0, 0x0, 0x7f, 0x90, 0x0, 0x2f, 0xe0, 0x0,
    0x8e, 0x40, 0x5, 0xfa, 0x0, 0xc, 0xf6, 0x0,
    0x0, 0x0, 0x2f, 0xe0, 0x0, 0x2f, 0xe0, 0x0,
    0xcf, 0x20, 0x3, 0xff, 0x93, 0x1, 0xef, 0xcb,
    0xbb, 0xbb, 0xbe, 0xfc, 0xbb, 0xcf, 0xfb, 0xb4,
    0xef, 0x10, 0x0, 0x7e, 0xff, 0xb0, 0x2b, 0xff,
    0xff, 0xff, 0xff, 0xff, 0xff, 0xff, 0xff, 0xf6,
    0xef, 0x20, 0x0, 0x0, 0x4e, 0xf4, 0x0, 0x0,
    0x0, 0x0, 0x0, 0x0, 0x0, 0x0, 0x0, 0x0,
    0xbf, 0xc1, 0x0, 0x0, 0x4e, 0xf3, 0x0, 0x0,
    0x0, 0x0, 0x0, 0x0, 0x9, 0xe1, 0xdb, 0x0,
    0x3f, 0xff, 0xff, 0xff, 0xff, 0xa0, 0x0, 0x0,
    0x0, 0x0, 0x0, 0x0, 0xb, 0xf2, 0xfd, 0x0,
    0x3, 0x9b, 0xbb, 0xba, 0x94, 0x0, 0x0, 0x0,
    0x0, 0x0, 0x0, 0x0, 0x0, 0x10, 0x10, 0x0,
    0x0, 0x0, 0x0, 0x0, 0x0, 0x0, 0x0, 0x0,
    0x0, 0x0, 0x0, 0x0, 0x0, 0x0, 0x0, 0x0,
    0x0, 0xd, 0xb3, 0xf7, 0x0, 0x0, 0x0, 0x0,
    0x0, 0x0, 0x0, 0x0, 0x0, 0x0, 0x0, 0x0,
    0x0, 0xf, 0xd4, 0xf8, 0x0, 0x0, 0x0, 0x0,
    0x0, 0x0, 0x0, 0x0, 0x0, 0x0, 0x0, 0x0,
    0x0, 0x1, 0x0, 0x20, 0x0, 0x0, 0x0, 0x0,
    0x0, 0x0, 0x0, 0x0, 0x0, 0x0, 0x0, 0x0,

    /* U+FDAF "ﶯ" */
    0x0, 0x0, 0x0, 0x0, 0x0, 0x0, 0x0, 0x2,
    0xbe, 0xff, 0xa1, 0x0, 0x0, 0x2f, 0xe0, 0x0,
    0x0, 0x0, 0x0, 0x0, 0x0, 0x0, 0x0, 0x1,
    0xfa, 0x8d, 0xfb, 0x0, 0x0, 0x2f, 0xe0, 0x0,
    0x0, 0x0, 0x0, 0x3, 0xcf, 0xc2, 0x0, 0x0,
    0x10, 0x1, 0xff, 0x20, 0x0, 0x2f, 0xe0, 0x0,
    0x0, 0x0, 0x0, 0x5f, 0xff, 0xfd, 0x0, 0x0,
    0x0, 0x0, 0xaf, 0x50, 0x0, 0x2f, 0xe0, 0x0,
    0x0, 0x0, 0x1, 0xff, 0x40, 0x9f, 0x90, 0x0,
    0x0, 0x0, 0x7f, 0x90, 0x0, 0x2f, 0xe0, 0x0,
    0x8e, 0x40, 0x5, 0xfa, 0x0, 0xc, 0xf6, 0x0,
    0x0, 0x0, 0x2f, 0xe0, 0x0, 0x2f, 0xe0, 0x0,
    0xcf, 0x20, 0x3, 0xff, 0x94, 0x1, 0xef, 0xcb,
    0xbb, 0xbb, 0xbe, 0xfc, 0xbb, 0xcf, 0xfb, 0xb4,
    0xef, 0x10, 0x0, 0x7e, 0xff, 0xb0, 0x2b, 0xff,
    0xff, 0xff, 0xff, 0xff, 0xff, 0xff, 0xff, 0xf6,
    0xef, 0x20, 0x0, 0x0, 0x4e, 0xf4, 0x0, 0x0,
    0x0, 0x0, 0x0, 0x0, 0x0, 0x0, 0x0, 0x0,
    0xbf, 0xc1, 0x0, 0x0, 0x4e, 0xf3, 0x0, 0x0,
    0x0, 0x63, 0x0, 0x0, 0x9, 0xe1, 0xdb, 0x0,
    0x3f, 0xff, 0xff, 0xff, 0xff, 0xa0, 0x0, 0x0,
    0x3, 0xfb, 0x0, 0x0, 0xb, 0xf2, 0xfd, 0x0,
    0x2, 0x9b, 0xbb, 0xba, 0x84, 0x0, 0x0, 0x0,
    0x0, 0x95, 0x0, 0x0, 0x0, 0x10, 0x10, 0x0,
    0x0, 0x0, 0x0, 0x0, 0x0, 0x0, 0x0, 0x0,
    0x0, 0x0, 0x0, 0x0, 0x0, 0x0, 0x0, 0x0,
    0x0, 0xd, 0xb3, 0xf7, 0x0, 0x0, 0x0, 0x0,
    0x0, 0x0, 0x0, 0x0, 0x0, 0x0, 0x0, 0x0,
    0x0, 0xf, 0xd4, 0xf8, 0x0, 0x0, 0x0, 0x0,
    0x0, 0x0, 0x0, 0x0, 0x0, 0x0, 0x0, 0x0,
    0x0, 0x1, 0x0, 0x20, 0x0, 0x0, 0x0, 0x0,
    0x0, 0x0, 0x0, 0x0, 0x0, 0x0, 0x0, 0x0,

    /* U+FDB0 "ﶰ" */
    0x0, 0x0, 0x0, 0x0, 0x0, 0x0, 0x0, 0x0,
    0x5, 0xcf, 0xfb, 0x20, 0x0, 0x8, 0xf9, 0x0,
    0x0, 0x0, 0x0, 0x0, 0x0, 0x0, 0x0, 0x0,
    0x5, 0xff, 0xde, 0xfe, 0x10, 0x0, 0x8f, 0x90,
    0x0, 0x0, 0x0, 0x0, 0x3, 0xcf, 0xc2, 0x0,
    0x0, 0xaf, 0x50, 0xc, 0xf7, 0x0, 0x8, 0xf9,
    0x0, 0x0, 0x0, 0x0, 0x5, 0xff, 0xff, 0xd0,
    0x0, 0xd, 0xf2, 0x0, 0x7f, 0xa0, 0x0, 0x8f,
    0x90, 0x0, 0x0, 0x0, 0x1, 0xff, 0x40, 0x9f,
    0x90, 0x0, 0xcf, 0x20, 0x7, 0xf9, 0x0, 0x8,
    0xf9, 0x0, 0x8, 0xe4, 0x0, 0x5f, 0xa0, 0x0,
    0xcf, 0x60, 0x9, 0xf5, 0x1, 0xef, 0x70, 0x0,
    0x8f, 0x90, 0x0, 0xcf, 0x20, 0x3, 0xff, 0x93,
    0x1, 0xef, 0xcb, 0xdf, 0xdb, 0xff, 0xff, 0xcb,
    0xbd, 0xfd, 0xbb, 0xe, 0xf1, 0x0, 0x7, 0xef,
    0xfb, 0x2, 0xbf, 0xff, 0xff, 0xfe, 0x82, 0xbf,
    0xff, 0xff, 0xff, 0xf0, 0xef, 0x20, 0x0, 0x0,
    0x4e, 0xf4, 0x0, 0x0, 0x0, 0x0, 0x0, 0x0,
    0x0, 0x0, 0x0, 0x0, 0xb, 0xfc, 0x10, 0x0,
    0x4, 0xef, 0x30, 0x0, 0x0, 0x0, 0x0, 0x0,
    0x0, 0x1e, 0xa4, 0xf6, 0x0, 0x3f, 0xff, 0xff,
    0xff, 0xff, 0xa0, 0x0, 0x0, 0x0, 0x0, 0x0,
    0x0, 0x1, 0xfb, 0x5f, 0x70, 0x0, 0x39, 0xbb,
    0xbb, 0xa9, 0x40, 0x0, 0x0, 0x0, 0x0, 0x0,
    0x0, 0x0, 0x1, 0x0, 0x20, 0x0, 0x0, 0x0,
    0x0, 0x0, 0x0, 0x0, 0x0, 0x0, 0x0, 0x0,
    0x0, 0x0, 0x0, 0x0, 0x0, 0x0, 0x0, 0x0,
    0xdb, 0x3f, 0x70, 0x0, 0x0, 0x0, 0x0, 0x0,
    0x0, 0x0, 0x0, 0x0, 0x0, 0x0, 0x0, 0x0,
    0xf, 0xd4, 0xf8, 0x0, 0x0, 0x0, 0x0, 0x0,
    0x0, 0x0, 0x0, 0x0, 0x0, 0x0, 0x0, 0x0,
    0x0, 0x10, 0x2, 0x0, 0x0, 0x0, 0x0, 0x0,
    0x0, 0x0, 0x0, 0x0, 0x0, 0x0, 0x0, 0x0,

    /* U+FDB1 "ﶱ" */
    0x0, 0x0, 0x0, 0x0, 0x0, 0x0, 0x0, 0x0,
    0x1, 0x7a, 0xa6, 0x0, 0x0, 0x0, 0x69, 0xa7,
    0x10, 0x0, 0x0, 0x0, 0x0, 0x0, 0x0, 0x0,
    0x0, 0x0, 0x3f, 0xff, 0xff, 0xc0, 0x0, 0x1e,
    0xff, 0xff, 0xe1, 0x0, 0x0, 0x0, 0x0, 0x3,
    0xcf, 0xc2, 0x0, 0x0, 0x9f, 0x81, 0x2d, 0xf6,
    0x0, 0x6f, 0xb1, 0x1b, 0xf9, 0x0, 0x0, 0x0,
    0x0, 0x5f, 0xff, 0xfd, 0x0, 0x0, 0xcf, 0x20,
    0x7, 0xfa, 0x0, 0x9f, 0x50, 0x4, 0xfd, 0x0,
    0x0, 0x0, 0x1, 0xff, 0x40, 0x9f, 0x90, 0x0,
    0xcf, 0x20, 0x7, 0xfa, 0x0, 0x9f, 0x50, 0x4,
    0xfd, 0x0, 0x8e, 0x40, 0x5, 0xfa, 0x0, 0xc,
    0xf6, 0x0, 0x9f, 0x40, 0x1d, 0xf8, 0x0, 0x6f,
    0x80, 0xb, 0xfb, 0x0, 0xcf, 0x20, 0x3, 0xff,
    0x93, 0x1, 0xef, 0xcb, 0xdf, 0xdb, 0xff, 0xff,
    0xcb, 0xcf, 0xeb, 0xef, 0xff, 0xc4, 0xef, 0x10,
    0x0, 0x7e, 0xff, 0xb0, 0x2b, 0xff, 0xff, 0xff,
    0xe8, 0x2b, 0xff, 0xff, 0xff, 0xea, 0x29, 0xe6,
    0xef, 0x20, 0x0, 0x0, 0x4e, 0xf4, 0x0, 0x0,
    0x0, 0x0, 0x0, 0x0, 0x0, 0x0, 0x0, 0x0,
    0x0, 0x0, 0xbf, 0xc1, 0x0, 0x0, 0x4e, 0xf3,
    0x0, 0x0, 0x0, 0x0, 0x0, 0x0, 0x0, 0x0,
    0x0, 0x0, 0x0, 0x0, 0x3f, 0xff, 0xff, 0xff,
    0xff, 0xa0, 0x0, 0x0, 0x0, 0x0, 0x0, 0x0,
    0x0, 0x0, 0x0, 0x0, 0x0, 0x0, 0x3, 0x9b,
    0xbb, 0xba, 0x94, 0x0, 0x0, 0x0, 0x0, 0x0,
    0x0, 0x0, 0x0, 0x0, 0x0, 0x0, 0x0, 0x0,
    0x0, 0x0, 0x0, 0x0, 0x0, 0x0, 0x0, 0x0,
    0x0, 0x0, 0x0, 0x0, 0x0, 0x0, 0x0, 0x0,
    0x0, 0x0, 0x0, 0xd, 0xb3, 0xf7, 0x0, 0x0,
    0x0, 0x0, 0x0, 0x0, 0x0, 0x0, 0x0, 0x0,
    0x0, 0x0, 0x0, 0x0, 0x0, 0xf, 0xd4, 0xf8,
    0x0, 0x0, 0x0, 0x0, 0x0, 0x0, 0x0, 0x0,
    0x0, 0x0, 0x0, 0x0, 0x0, 0x0, 0x0, 0x1,
    0x0, 0x20, 0x0, 0x0, 0x0, 0x0, 0x0, 0x0,
    0x0, 0x0, 0x0, 0x0, 0x0, 0x0, 0x0, 0x0,

    /* U+FDB2 "ﶲ" */
    0x0, 0x0, 0x0, 0x0, 0x0, 0x0, 0x0, 0x0,
    0x0, 0x0, 0x0, 0x0, 0x0, 0x4, 0xf6, 0x7f,
    0x20, 0x0, 0x0, 0x0, 0x0, 0x0, 0x0, 0x0,
    0x0, 0x0, 0x0, 0x0, 0x0, 0x0, 0x0, 0x5,
    0xf7, 0x9f, 0x30, 0x0, 0x0, 0x0, 0x0, 0x0,
    0x0, 0x0, 0x0, 0x0, 0x0, 0x0, 0x0, 0x0,
    0x0, 0x0, 0x20, 0x1, 0x0, 0x0, 0x0, 0x0,
    0x0, 0x0, 0x0, 0x0, 0x0, 0x0, 0x0, 0x0,
    0x0, 0x0, 0x0, 0x0, 0x0, 0x0, 0x0, 0x0,
    0x0, 0x0, 0x0, 0x0, 0x0, 0x0, 0x0, 0x0,
    0x5, 0xcf, 0xfb, 0x20, 0x0, 0x0, 0x6c, 0xff,
    0xfb, 0x0, 0x0, 0x0, 0x0, 0x0, 0x0, 0x0,
    0x0, 0x0, 0x5f, 0xfc, 0xdf, 0xe1, 0x0, 0x9,
    0xff, 0xcc, 0xfb, 0x0, 0x0, 0x0, 0x0, 0x3,
    0xcf, 0xc2, 0x0, 0x0, 0xaf, 0x50, 0xc, 0xf7,
    0x0, 0x3f, 0xf3, 0x5, 0xfb, 0x0, 0x0, 0x0,
    0x0, 0x5f, 0xff, 0xfd, 0x0, 0x0, 0xdf, 0x20,
    0x7, 0xfa, 0x0, 0x6f, 0xb0, 0x5, 0xfb, 0x0,
    0x0, 0x0, 0x1, 0xff, 0x40, 0x9f, 0x90, 0x0,
    0xcf, 0x20, 0x7, 0xf9, 0x0, 0x6f, 0xa0, 0x5,
    0xfb, 0x0, 0x8e, 0x40, 0x5, 0xfa, 0x0, 0xc,
    0xf6, 0x0, 0x9f, 0x50, 0x1e, 0xf7, 0x0, 0x2f,
    0xe1, 0x5, 0xfb, 0x0, 0xcf, 0x20, 0x3, 0xff,
    0x93, 0x1, 0xef, 0xcb, 0xdf, 0xdb, 0xff, 0xff,
    0xcb, 0xbf, 0xff, 0xbc, 0xfe, 0xb7, 0xef, 0x10,
    0x0, 0x7e, 0xff, 0xb0, 0x2b, 0xff, 0xff, 0xff,
    0xe8, 0x2b, 0xff, 0xff, 0xff, 0xff, 0xff, 0xfb,
    0xef, 0x20, 0x0, 0x0, 0x4e, 0xf4, 0x0, 0x0,
    0x0, 0x0, 0x0, 0x0, 0x0, 0x0, 0x0, 0x0,
    0x0, 0x0, 0xbf, 0xc1, 0x0, 0x0, 0x4e, 0xf3,
    0x0, 0x0, 0x0, 0x0, 0x0, 0x0, 0x0, 0x0,
    0x0, 0x0, 0x0, 0x0, 0x3f, 0xff, 0xff, 0xff,
    0xff, 0xa0, 0x0, 0x0, 0x0, 0x0, 0x0, 0x0,
    0x0, 0x0, 0x0, 0x0, 0x0, 0x0, 0x3, 0x9b,
    0xbb, 0xba, 0x94, 0x0, 0x0, 0x0, 0x0, 0x0,
    0x0, 0x0, 0x0, 0x0, 0x0, 0x0, 0x0, 0x0,
    0x0, 0x0, 0x0, 0x0, 0x0, 0x0, 0x0, 0x0,
    0x0, 0x0, 0x0, 0x0, 0x0, 0x0, 0x0, 0x0,
    0x0, 0x0, 0x0, 0xd, 0xb3, 0xf7, 0x0, 0x0,
    0x0, 0x0, 0x0, 0x0, 0x0, 0x0, 0x0, 0x0,
    0x0, 0x0, 0x0, 0x0, 0x0, 0xf, 0xd4, 0xf8,
    0x0, 0x0, 0x0, 0x0, 0x0, 0x0, 0x0, 0x0,
    0x0, 0x0, 0x0, 0x0, 0x0, 0x0, 0x0, 0x1,
    0x0, 0x20, 0x0, 0x0, 0x0, 0x0, 0x0, 0x0,
    0x0, 0x0, 0x0, 0x0, 0x0, 0x0, 0x0, 0x0,

    /* U+FDB3 "ﶳ" */
    0x0, 0x0, 0x0, 0x0, 0x0, 0x0, 0x0, 0x0,
    0x0, 0x0, 0x0, 0x0, 0x1, 0xe9, 0x0, 0x0,
    0x0, 0x0, 0x0, 0x0, 0x0, 0x0, 0x0, 0x0,
    0x0, 0x0, 0x0, 0x0, 0x2f, 0xa0, 0x0, 0x0,
    0x0, 0x0, 0x0, 0x0, 0x0, 0x0, 0x0, 0x0,
    0x0, 0x0, 0x0, 0x0, 0x10, 0x0, 0x0, 0x0,
    0x0, 0x0, 0x0, 0x0, 0x0, 0x0, 0x0, 0x0,
    0x0, 0x0, 0x0, 0x0, 0x0, 0x0, 0x0, 0x0,
    0x0, 0x0, 0x0, 0x0, 0x0, 0x2, 0xbe, 0xff,
    0xa1, 0x0, 0x0, 0xaf, 0x60, 0x0, 0x0, 0x0,
    0x0, 0x0, 0x0, 0x0, 0x0, 0x1f, 0xa8, 0xdf,
    0xb0, 0x0, 0xa, 0xf6, 0x0, 0x0, 0x0, 0x0,
    0x3, 0xcf, 0xc2, 0x0, 0x0, 0x10, 0x1, 0xff,
    0x20, 0x0, 0xaf, 0x60, 0x0, 0x0, 0x0, 0x5,
    0xff, 0xff, 0xd0, 0x0, 0x0, 0x0, 0xa, 0xf5,
    0x0, 0xa, 0xf6, 0x0, 0x0, 0x0, 0x1, 0xff,
    0x40, 0x9f, 0x90, 0x0, 0x0, 0x0, 0x7f, 0x90,
    0x0, 0xaf, 0x60, 0x8, 0xe4, 0x0, 0x5f, 0xa0,
    0x0, 0xcf, 0x60, 0x0, 0x0, 0x2, 0xfe, 0x0,
    0xa, 0xf6, 0x0, 0xcf, 0x20, 0x3, 0xff, 0x93,
    0x1, 0xef, 0xcb, 0xbb, 0xbb, 0xbe, 0xfc, 0xbb,
    0xef, 0xdb, 0x6e, 0xf1, 0x0, 0x7, 0xef, 0xfb,
    0x2, 0xbf, 0xff, 0xff, 0xff, 0xff, 0xff, 0xff,
    0xff, 0xf9, 0xef, 0x20, 0x0, 0x0, 0x4e, 0xf4,
    0x0, 0x0, 0x0, 0x0, 0x0, 0x0, 0x0, 0x0,
    0x0, 0xb, 0xfc, 0x10, 0x0, 0x4, 0xef, 0x30,
    0x0, 0x0, 0x0, 0x0, 0x0, 0x0, 0x0, 0x0,
    0x0, 0x3f, 0xff, 0xff, 0xff, 0xff, 0xa0, 0x0,
    0x0, 0x0, 0x0, 0x0, 0x0, 0x0, 0x0, 0x0,
    0x0, 0x39, 0xbb, 0xbb, 0xa9, 0x40, 0x0, 0x0,
    0x0, 0x0, 0x0, 0x0, 0x0, 0x0, 0x0, 0x0,
    0x0, 0x0, 0x0, 0x0, 0x0, 0x0, 0x0, 0x0,
    0x0, 0x0, 0x0, 0x0, 0x0, 0x0, 0x0, 0x0,
    0x0, 0xdb, 0x3f, 0x70, 0x0, 0x0, 0x0, 0x0,
    0x0, 0x0, 0x0, 0x0, 0x0, 0x0, 0x0, 0x0,
    0xf, 0xd4, 0xf8, 0x0, 0x0, 0x0, 0x0, 0x0,
    0x0, 0x0, 0x0, 0x0, 0x0, 0x0, 0x0, 0x0,
    0x10, 0x2, 0x0, 0x0, 0x0, 0x0, 0x0, 0x0,
    0x0, 0x0, 0x0, 0x0, 0x0, 0x0,

    /* U+FDB4 "ﶴ" */
    0x0, 0x0, 0x0, 0x0, 0x0, 0x0, 0x0, 0x0,
    0x0, 0x0, 0x0, 0x8, 0xe2, 0xcc, 0x0, 0x0,
    0x0, 0x0, 0x0, 0x0, 0x0, 0x0, 0x0, 0x0,
    0x0, 0x0, 0xa, 0xf2, 0xee, 0x0, 0x0, 0x0,
    0x0, 0x0, 0x0, 0x0, 0x0, 0x0, 0x0, 0x0,
    0x0, 0x0, 0x10, 0x11, 0x0, 0x0, 0x0, 0x0,
    0x0, 0x0, 0x0, 0x0, 0x0, 0x0, 0x0, 0x0,
    0x0, 0x0, 0x0, 0x0, 0x1, 0xae, 0xff, 0xb2,
    0x0, 0x0, 0x7, 0xdf, 0xe8, 0x0, 0x0, 0x1,
    0x9d, 0xff, 0xf6, 0x0, 0xed, 0xbe, 0xfd, 0x0,
    0x0, 0xaf, 0xfb, 0xef, 0xb0, 0x0, 0x1d, 0xff,
    0xbe, 0xf6, 0x0, 0x0, 0x0, 0xef, 0x40, 0x0,
    0xff, 0x0, 0x1f, 0xf2, 0x0, 0x8f, 0xc1, 0xa,
    0xf6, 0x0, 0x0, 0x0, 0x8f, 0x80, 0x2, 0xfd,
    0x0, 0xc, 0xf5, 0x0, 0xbf, 0x60, 0xa, 0xf6,
    0x0, 0x0, 0x0, 0x5f, 0xb0, 0x1, 0xfd, 0x0,
    0xc, 0xf5, 0x0, 0xbf, 0x50, 0xa, 0xf6, 0x0,
    0x0, 0x0, 0xf, 0xf1, 0x0, 0xef, 0x0, 0x4f,
    0xf2, 0x0, 0x7f, 0xb0, 0xa, 0xf6, 0x1b, 0xbb,
    0xbb, 0xbe, 0xfd, 0xbb, 0xef, 0xcc, 0xff, 0xfe,
    0xcb, 0xbf, 0xfe, 0xbe, 0xf6, 0x2f, 0xff, 0xff,
    0xff, 0xff, 0xff, 0xff, 0xff, 0xd6, 0x4d, 0xff,
    0xff, 0xff, 0xff, 0xf6,

    /* U+FDB5 "ﶵ" */
    0x0, 0x0, 0x0, 0x0, 0x0, 0x0, 0x0, 0x0,
    0x0, 0x0, 0x0, 0x4f, 0xc0, 0x0, 0x0, 0x0,
    0x0, 0x0, 0x0, 0x0, 0x0, 0x0, 0x0, 0x4,
    0xfc, 0x0, 0x0, 0x0, 0x0, 0x0, 0x0, 0x0,
    0x0, 0x0, 0x0, 0x0, 0x4f, 0xc0, 0x0, 0x0,
    0x0, 0x0, 0x0, 0x0, 0x0, 0x0, 0x0, 0x0,
    0x4, 0xfc, 0x0, 0x4, 0xbf, 0xfc, 0x30, 0x0,
    0x7d, 0xff, 0xc3, 0x0, 0x0, 0x4f, 0xc0, 0x3,
    0xff, 0xcc, 0xff, 0x20, 0xc, 0xeb, 0xdf, 0xf1,
    0x0, 0x4, 0xfc, 0x0, 0x8f, 0x70, 0x9, 0xf9,
    0x0, 0x10, 0x0, 0xbf, 0x70, 0x0, 0x4f, 0xc0,
    0xa, 0xf4, 0x0, 0x4f, 0xc0, 0x0, 0x0, 0x5,
    0xfb, 0x0, 0x4, 0xfc, 0x0, 0xaf, 0x40, 0x5,
    0xfc, 0x0, 0x0, 0x0, 0x1f, 0xe0, 0x0, 0x4f,
    0xc0, 0x7, 0xf7, 0x0, 0xcf, 0xa0, 0x0, 0x0,
    0x0, 0xcf, 0x40, 0x4, 0xfc, 0x1b, 0xcf, 0xeb,
    0xef, 0xff, 0xcb, 0xbb, 0xbb, 0xbd, 0xfe, 0xbb,
    0xcf, 0xc2, 0xff, 0xff, 0xfe, 0x92, 0xae, 0xff,
    0xff, 0xff, 0xff, 0xff, 0xff, 0xfc,

    /* U+FDB6 "ﶶ" */
    0x0, 0x0, 0x0, 0x0, 0x0, 0x0, 0x0, 0x0,
    0x0, 0x0, 0x0, 0x0, 0x0, 0x2, 0x7a, 0xa8,
    0x40, 0x0, 0x0, 0x0, 0x0, 0x0, 0x0, 0x0,
    0x0, 0x0, 0x17, 0xaa, 0x60, 0x0, 0x9, 0xff,
    0xff, 0xff, 0xc0, 0x0, 0x0, 0x0, 0x0, 0x0,
    0x0, 0x0, 0x0, 0x3f, 0xff, 0xff, 0xc0, 0x3,
    0xff, 0x71, 0x4, 0xff, 0x0, 0x0, 0x0, 0x0,
    0x3c, 0xfc, 0x20, 0x0, 0x9, 0xf8, 0x12, 0xdf,
    0x60, 0xe, 0xe0, 0x0, 0x1f, 0xc0, 0x0, 0x0,
    0x0, 0x5f, 0xff, 0xfd, 0x0, 0x0, 0xcf, 0x20,
    0x7, 0xfa, 0x0, 0x7f, 0x60, 0x8, 0xf6, 0x0,
    0x0, 0x0, 0x1f, 0xf4, 0x9, 0xf9, 0x0, 0xc,
    0xf2, 0x0, 0x7f, 0xa0, 0x0, 0xef, 0x25, 0xfc,
    0x0, 0x8e, 0x40, 0x5, 0xfa, 0x0, 0xc, 0xf6,
    0x0, 0x9f, 0x40, 0x1d, 0xf8, 0x0, 0x3, 0xff,
    0xfd, 0x10, 0xc, 0xf2, 0x0, 0x3f, 0xf9, 0x30,
    0x1e, 0xfc, 0xbd, 0xfd, 0xbf, 0xff, 0xfc, 0xbb,
    0xcf, 0xff, 0xeb, 0xb9, 0xef, 0x10, 0x0, 0x7e,
    0xff, 0xb0, 0x2b, 0xff, 0xff, 0xff, 0xe8, 0x2b,
    0xff, 0xff, 0xb4, 0x7c, 0xff, 0xde, 0xf2, 0x0,
    0x0, 0x4, 0xef, 0x40, 0x0, 0x0, 0x0, 0x0,
    0x0, 0x0, 0x0, 0x0, 0x0, 0x0, 0x0, 0xbf,
    0xc1, 0x0, 0x0, 0x4e, 0xf3, 0x0, 0x0, 0x0,
    0x0, 0x0, 0x0, 0x0, 0x0, 0x0, 0x0, 0x0,
    0x3, 0xff, 0xff, 0xff, 0xff, 0xfa, 0x0, 0x0,
    0x0, 0x0, 0x0, 0x0, 0x0, 0x0, 0x0, 0x0,
    0x0, 0x0, 0x3, 0x9b, 0xbb, 0xba, 0x94, 0x0,
    0x0, 0x0, 0x0, 0x0, 0x0, 0x0, 0x0, 0x0,
    0x0, 0x0, 0x0, 0x0, 0x0, 0x0, 0x0, 0x0,
    0x0, 0x0, 0x0, 0x0, 0x0, 0x0, 0x0, 0x0,
    0x0, 0x0, 0x0, 0x0, 0x0, 0x0, 0xd, 0xb3,
    0xf7, 0x0, 0x0, 0x0, 0x0, 0x0, 0x0, 0x0,
    0x0, 0x0, 0x0, 0x0, 0x0, 0x0, 0x0, 0x0,
    0xfd, 0x4f, 0x80, 0x0, 0x0, 0x0, 0x0, 0x0,
    0x0, 0x0, 0x0, 0x0, 0x0, 0x0, 0x0, 0x0,
    0x0, 0x1, 0x0, 0x20, 0x0, 0x0, 0x0, 0x0,
    0x0, 0x0, 0x0, 0x0, 0x0, 0x0, 0x0, 0x0,
    0x0, 0x0,

    /* U+FDB7 "ﶷ" */
    0x0, 0x0, 0x0, 0x0, 0x0, 0x0, 0x0, 0x0,
    0x0, 0x0, 0x0, 0x0, 0x0, 0x0, 0x0, 0x0,
    0x0, 0x0, 0x0, 0x0, 0x0, 0x0, 0x0, 0x0,
    0x0, 0x0, 0x0, 0x0, 0x0, 0x0, 0x0, 0x0,
    0x0, 0x8e, 0x20, 0x0, 0x0, 0x0, 0x0, 0x0,
    0x0, 0x0, 0x0, 0x0, 0x0, 0x0, 0x0, 0x0,
    0x0, 0x0, 0x2d, 0xff, 0x60, 0x0, 0x0, 0x0,
    0x0, 0x0, 0x0, 0x0, 0x0, 0x0, 0x0, 0x0,
    0x0, 0x0, 0x0, 0x3, 0xff, 0xb2, 0x0, 0x0,
    0x0, 0x0, 0x0, 0x0, 0x0, 0x0, 0x0, 0x0,
    0x0, 0x0, 0x0, 0x0, 0x0, 0x1e, 0xf7, 0x0,
    0x0, 0x0, 0x0, 0x0, 0x0, 0x0, 0x0, 0x0,
    0x0, 0x0, 0x0, 0x0, 0x0, 0x0, 0x0, 0xbf,
    0x70, 0x0, 0x0, 0x0, 0x0, 0x0, 0x0, 0x0,
    0x0, 0x0, 0x0, 0x0, 0x1, 0x7a, 0xa6, 0x0,
    0x0, 0xff, 0xff, 0xd9, 0x10, 0x0, 0x0, 0x0,
    0x0, 0x0, 0x0, 0x0, 0x0, 0x0, 0x3f, 0xff,
    0xff, 0xc0, 0x0, 0xab, 0xbc, 0xff, 0xd0, 0x0,
    0x0, 0x0, 0x0, 0x3, 0xcf, 0xc2, 0x0, 0x0,
    0x9f, 0x81, 0x2d, 0xf6, 0x0, 0x0, 0x0, 0x2e,
    0xf5, 0x0, 0x0, 0x0, 0x0, 0x5f, 0xff, 0xfd,
    0x0, 0x0, 0xcf, 0x20, 0x7, 0xfa, 0x0, 0x0,
    0x0, 0xa, 0xf7, 0x0, 0x0, 0x0, 0x1, 0xff,
    0x40, 0x9f, 0x90, 0x0, 0xcf, 0x20, 0x7, 0xfa,
    0x0, 0x0, 0x0, 0x9, 0xf7, 0x0, 0x8e, 0x40,
    0x5, 0xfa, 0x0, 0xc, 0xf6, 0x0, 0x9f, 0x40,
    0x1d, 0xf8, 0x0, 0x0, 0x0, 0x9, 0xf7, 0x0,
    0xcf, 0x20, 0x3, 0xff, 0x93, 0x1, 0xef, 0xcb,
    0xdf, 0xdb, 0xff, 0xff, 0xcb, 0xbb, 0xbb, 0xbe,
    0xfd, 0xb6, 0xef, 0x10, 0x0, 0x7e, 0xff, 0xb0,
    0x2b, 0xff, 0xff, 0xff, 0xe8, 0x2b, 0xff, 0xff,
    0xff, 0xff, 0xff, 0xf9, 0xef, 0x20, 0x0, 0x0,
    0x4e, 0xf4, 0x0, 0x0, 0x0, 0x0, 0x0, 0x0,
    0x0, 0x0, 0x0, 0x0, 0x0, 0x0, 0xbf, 0xc1,
    0x0, 0x0, 0x4e, 0xf3, 0x0, 0x0, 0x0, 0x0,
    0x0, 0x0, 0x0, 0x0, 0x0, 0x0, 0x0, 0x0,
    0x3f, 0xff, 0xff, 0xff, 0xff, 0xa0, 0x0, 0x0,
    0x0, 0x0, 0x0, 0x0, 0x0, 0x0, 0x0, 0x0,
    0x0, 0x0, 0x3, 0x9b, 0xbb, 0xba, 0x94, 0x0,
    0x0, 0x0, 0x0, 0x0, 0x0, 0x0, 0x0, 0x0,
    0x0, 0x0, 0x0, 0x0, 0x0, 0x0, 0x0, 0x0,
    0x0, 0x0, 0x0, 0x0, 0x0, 0x0, 0x0, 0x0,
    0x0, 0x0, 0x0, 0x0, 0x0, 0x0, 0x0, 0xd,
    0xb3, 0xf7, 0x0, 0x0, 0x0, 0x0, 0x0, 0x0,
    0x0, 0x0, 0x0, 0x0, 0x0, 0x0, 0x0, 0x0,
    0x0, 0xf, 0xd4, 0xf8, 0x0, 0x0, 0x0, 0x0,
    0x0, 0x0, 0x0, 0x0, 0x0, 0x0, 0x0, 0x0,
    0x0, 0x0, 0x0, 0x1, 0x0, 0x20, 0x0, 0x0,
    0x0, 0x0, 0x0, 0x0, 0x0, 0x0, 0x0, 0x0,
    0x0, 0x0, 0x0, 0x0,

    /* U+FDB8 "ﶸ" */
    0x0, 0x0, 0x0, 0x0, 0x0, 0x0, 0x0, 0x0,
    0x0, 0x0, 0x5, 0xf4, 0x0, 0x0, 0x0, 0x0,
    0x0, 0x0, 0x0, 0x0, 0x0, 0x0, 0x0, 0x7f,
    0x50, 0x0, 0x0, 0x0, 0x0, 0x0, 0x0, 0x0,
    0x0, 0x0, 0x0, 0x0, 0x20, 0x0, 0x0, 0x0,
    0x0, 0x0, 0x0, 0x0, 0x0, 0x0, 0x0, 0x0,
    0x0, 0x0, 0x1, 0xae, 0xff, 0xb2, 0x0, 0x5,
    0xcf, 0xfe, 0x70, 0x0, 0x0, 0xff, 0x10, 0xd,
    0xb8, 0xcf, 0xd0, 0x0, 0x5e, 0x99, 0xff, 0x60,
    0x0, 0xf, 0xf1, 0x0, 0x0, 0x0, 0xdf, 0x40,
    0x0, 0x0, 0x5, 0xfd, 0x0, 0x0, 0xff, 0x10,
    0x0, 0x0, 0x8, 0xf8, 0x0, 0x0, 0x0, 0xf,
    0xf0, 0x0, 0xf, 0xf1, 0x0, 0x0, 0x0, 0x4f,
    0xb0, 0x0, 0x0, 0x0, 0xbf, 0x40, 0x0, 0xff,
    0x10, 0x0, 0x0, 0x0, 0xff, 0x10, 0x0, 0x0,
    0x6, 0xfa, 0x0, 0xf, 0xf1, 0x1b, 0xbb, 0xbb,
    0xbe, 0xfd, 0xbb, 0xbb, 0xbb, 0xbf, 0xfb, 0xbb,
    0xff, 0x12, 0xff, 0xff, 0xff, 0xff, 0xff, 0xff,
    0xff, 0xff, 0xff, 0xff, 0xff, 0xf1, 0x0, 0x0,
    0x0, 0x0, 0x0, 0x0, 0x0, 0x0, 0x0, 0x0,
    0x0, 0x0, 0x0, 0x0, 0x0, 0x0, 0x0, 0x0,
    0x0, 0x2, 0x0, 0x0, 0x0, 0x0, 0x0, 0x0,
    0x0, 0x0, 0x0, 0x0, 0x0, 0x7, 0xf5, 0x0,
    0x0, 0x0, 0x0, 0x0, 0x0, 0x0, 0x0, 0x0,
    0x0, 0x0, 0x5f, 0x40, 0x0, 0x0, 0x0, 0x0,

    /* U+FDB9 "ﶹ" */
    0x0, 0x0, 0x0, 0x0, 0x0, 0x0, 0x0, 0x0,
    0xa, 0xe1, 0x0, 0x0, 0x0, 0x0, 0x0, 0x0,
    0x0, 0x0, 0x0, 0x0, 0x0, 0x0, 0x0, 0x0,
    0x0, 0x0, 0xbf, 0x10, 0x0, 0x0, 0x0, 0x0,
    0x0, 0x0, 0x0, 0x0, 0x0, 0x0, 0x0, 0x0,
    0x0, 0x0, 0x0, 0x0, 0x10, 0x0, 0x0, 0x0,
    0x0, 0x0, 0x0, 0x0, 0x0, 0x0, 0x0, 0x0,
    0x0, 0x0, 0x0, 0x0, 0x0, 0x0, 0x0, 0x0,
    0x0, 0x0, 0x0, 0x0, 0x0, 0x0, 0x0, 0x0,
    0x0, 0x0, 0x0, 0x0, 0x0, 0x1, 0x69, 0xaa,
    0x50, 0x0, 0x0, 0x4, 0x8a, 0x93, 0x0, 0x0,
    0x0, 0x0, 0x0, 0x0, 0x0, 0x0, 0x0, 0x2f,
    0xff, 0xff, 0x90, 0x0, 0x9, 0xff, 0xff, 0xf5,
    0x0, 0x0, 0x0, 0x0, 0x3, 0xcf, 0xc2, 0x0,
    0x0, 0x20, 0x5, 0xff, 0x10, 0x1, 0xfe, 0x30,
    0x6f, 0xe0, 0x0, 0x0, 0x0, 0x5, 0xff, 0xff,
    0xd0, 0x0, 0x0, 0x0, 0xc, 0xf5, 0x0, 0x4f,
    0xb0, 0x0, 0xef, 0x30, 0x0, 0x0, 0x1, 0xff,
    0x40, 0x9f, 0x90, 0x0, 0x0, 0x0, 0x7f, 0x90,
    0x4, 0xfa, 0x0, 0xe, 0xf2, 0x8, 0xe4, 0x0,
    0x5f, 0xa0, 0x0, 0xcf, 0x60, 0x0, 0x0, 0x2,
    0xfe, 0x0, 0x1f, 0xd0, 0x6, 0xff, 0x10, 0xcf,
    0x20, 0x3, 0xff, 0x93, 0x1, 0xef, 0xcb, 0xbb,
    0xbb, 0xbe, 0xfc, 0xbb, 0xff, 0xbc, 0xff, 0xfe,
    0x8e, 0xf1, 0x0, 0x7, 0xef, 0xfb, 0x2, 0xbf,
    0xff, 0xff, 0xff, 0xff, 0xff, 0xff, 0xff, 0xfc,
    0x46, 0xdc, 0xef, 0x20, 0x0, 0x0, 0x4e, 0xf4,
    0x0, 0x0, 0x0, 0x0, 0x0, 0x0, 0x0, 0x0,
    0x0, 0x0, 0x0, 0xb, 0xfc, 0x10, 0x0, 0x4,
    0xef, 0x30, 0x0, 0x0, 0x0, 0x0, 0x0, 0x0,
    0x0, 0x0, 0x0, 0x0, 0x0, 0x3f, 0xff, 0xff,
    0xff, 0xff, 0xa0, 0x0, 0x0, 0x0, 0x0, 0x0,
    0x0, 0x0, 0x0, 0x0, 0x0, 0x0, 0x0, 0x39,
    0xbb, 0xbb, 0xa9, 0x40, 0x0, 0x0, 0x0, 0x0,
    0x0, 0x0, 0x0, 0x0, 0x0, 0x0, 0x0, 0x0,
    0x0, 0x0, 0x0, 0x0, 0x0, 0x0, 0x0, 0x0,
    0x0, 0x0, 0x0, 0x0, 0x0, 0x0, 0x0, 0x0,
    0x0, 0x0, 0x0, 0xdb, 0x3f, 0x70, 0x0, 0x0,
    0x0, 0x0, 0x0, 0x0, 0x0, 0x0, 0x0, 0x0,
    0x0, 0x0, 0x0, 0x0, 0xf, 0xd4, 0xf8, 0x0,
    0x0, 0x0, 0x0, 0x0, 0x0, 0x0, 0x0, 0x0,
    0x0, 0x0, 0x0, 0x0, 0x0, 0x0, 0x10, 0x2,
    0x0, 0x0, 0x0, 0x0, 0x0, 0x0, 0x0, 0x0,
    0x0, 0x0, 0x0, 0x0, 0x0, 0x0,

    /* U+FDBA "ﶺ" */
    0x0, 0x0, 0x0, 0x0, 0x0, 0x0, 0x0, 0x0,
    0x0, 0x0, 0x0, 0x4f, 0xc0, 0x0, 0x0, 0x0,
    0x0, 0x0, 0x0, 0x0, 0x0, 0x0, 0x0, 0x4,
    0xfc, 0x0, 0x0, 0x0, 0x0, 0x0, 0x0, 0x0,
    0x0, 0x0, 0x0, 0x0, 0x4f, 0xc0, 0x0, 0x0,
    0x0, 0x0, 0x0, 0x0, 0x0, 0x0, 0x0, 0x0,
    0x4, 0xfc, 0x0, 0x4, 0xbf, 0xfc, 0x30, 0x0,
    0x7d, 0xff, 0xc3, 0x0, 0x0, 0x4f, 0xc0, 0x3,
    0xff, 0xcc, 0xff, 0x20, 0xc, 0xeb, 0xdf, 0xf1,
    0x0, 0x4, 0xfc, 0x0, 0x8f, 0x70, 0x9, 0xf9,
    0x0, 0x10, 0x0, 0xbf, 0x70, 0x0, 0x4f, 0xc0,
    0xa, 0xf4, 0x0, 0x4f, 0xc0, 0x0, 0x0, 0x5,
    0xfb, 0x0, 0x4, 0xfc, 0x0, 0xaf, 0x40, 0x5,
    0xfc, 0x0, 0x0, 0x0, 0x1f, 0xe0, 0x0, 0x4f,
    0xc0, 0x7, 0xf7, 0x0, 0xcf, 0xa0, 0x0, 0x0,
    0x0, 0xcf, 0x40, 0x4, 0xfc, 0x1b, 0xcf, 0xeb,
    0xef, 0xff, 0xcb, 0xbb, 0xbb, 0xbd, 0xfe, 0xbb,
    0xcf, 0xc2, 0xff, 0xff, 0xfe, 0x92, 0xae, 0xff,
    0xff, 0xff, 0xff, 0xff, 0xff, 0xfc, 0x0, 0x0,
    0x0, 0x0, 0x0, 0x0, 0x0, 0x0, 0x0, 0x0,
    0x0, 0x0, 0x0, 0x0, 0x0, 0x0, 0x0, 0x0,
    0x0, 0x1, 0x10, 0x0, 0x0, 0x0, 0x0, 0x0,
    0x0, 0x0, 0x0, 0x0, 0x0, 0x0, 0xdf, 0x0,
    0x0, 0x0, 0x0, 0x0, 0x0, 0x0, 0x0, 0x0,
    0x0, 0x0, 0xb, 0xd0, 0x0, 0x0, 0x0, 0x0,

    /* U+FDBB "ﶻ" */
    0x0, 0x0, 0x0, 0x0, 0x0, 0x0, 0x0, 0x0,
    0x0, 0x0, 0x0, 0x0, 0x0, 0x0, 0x0, 0x0,
    0x0, 0x0, 0x0, 0x0, 0x0, 0x0, 0x0, 0x0,
    0x0, 0x0, 0x0, 0x0, 0x2, 0xac, 0x0, 0x0,
    0x0, 0x0, 0x0, 0x0, 0x0, 0x0, 0x0, 0x0,
    0x0, 0x0, 0x0, 0x0, 0x6f, 0xff, 0x10, 0x0,
    0x0, 0x0, 0x0, 0x0, 0x0, 0x0, 0x0, 0x0,
    0x0, 0x0, 0x0, 0x7, 0xff, 0x81, 0x0, 0x0,
    0x0, 0x0, 0x0, 0x0, 0x0, 0x0, 0x0, 0x0,
    0x0, 0x0, 0x0, 0x5f, 0xe3, 0x0, 0x0, 0x0,
    0x0, 0x0, 0x0, 0x0, 0x0, 0x0, 0x0, 0x0,
    0x0, 0x0, 0x1, 0xff, 0x30, 0x0, 0x0, 0x0,
    0x0, 0x4, 0x9a, 0x82, 0x0, 0x0, 0x3, 0x8a,
    0x94, 0x0, 0x5, 0xff, 0xff, 0xc6, 0x0, 0x0,
    0x0, 0xbf, 0xff, 0xff, 0x40, 0x0, 0x7f, 0xff,
    0xff, 0x70, 0x3, 0xbb, 0xbd, 0xff, 0x90, 0x0,
    0x2, 0xfd, 0x30, 0x7f, 0xe0, 0x0, 0xef, 0x40,
    0x4f, 0xf1, 0x0, 0x0, 0x0, 0x5f, 0xf0, 0x0,
    0x5, 0xfa, 0x0, 0xf, 0xf1, 0x1, 0xfd, 0x0,
    0xc, 0xf5, 0x0, 0x0, 0x0, 0xf, 0xf1, 0x0,
    0x5, 0xf9, 0x0, 0xf, 0xf1, 0x1, 0xfd, 0x0,
    0xc, 0xf5, 0x0, 0x0, 0x0, 0xe, 0xf2, 0x0,
    0x2, 0xfc, 0x0, 0x7f, 0xf0, 0x0, 0xef, 0x0,
    0x4f, 0xf3, 0x0, 0x0, 0x0, 0xe, 0xf2, 0x0,
    0x19, 0xff, 0xbd, 0xff, 0xfe, 0xbb, 0xef, 0xcc,
    0xff, 0xfe, 0xcb, 0xbb, 0xbb, 0xbf, 0xfb, 0xb3,
    0xbf, 0xff, 0xff, 0xc4, 0x6d, 0xff, 0xff, 0xff,
    0xd6, 0x4d, 0xff, 0xff, 0xff, 0xff, 0xff, 0xf4,
    0xff, 0x40, 0x0, 0x0, 0x0, 0x0, 0x0, 0x0,
    0x0, 0x0, 0x0, 0x0, 0x0, 0x0, 0x0, 0x0,
    0xff, 0x10, 0x0, 0x0, 0x0, 0x0, 0x0, 0x0,
    0x0, 0x0, 0x0, 0x0, 0x0, 0x0, 0x0, 0x0,
    0xff, 0x10, 0x0, 0x0, 0x0, 0x0, 0x0, 0x0,
    0x0, 0x0, 0x0, 0x0, 0x0, 0x0, 0x0, 0x0,
    0xff, 0x10, 0x0, 0x0, 0x0, 0x0, 0x0, 0x0,
    0x0, 0x0, 0x0, 0x0, 0x0, 0x0, 0x0, 0x0,
    0xff, 0x10, 0x0, 0x0, 0x0, 0x0, 0x0, 0x0,
    0x0, 0x0, 0x0, 0x0, 0x0, 0x0, 0x0, 0x0,
    0x12, 0x0, 0x0, 0x0, 0x0, 0x0, 0x0, 0x0,
    0x0, 0x0, 0x0, 0x0, 0x0, 0x0, 0x0, 0x0,

    /* U+FDBC "ﶼ" */
    0x0, 0x0, 0x0, 0x0, 0x0, 0x0, 0x0, 0x0,
    0x0, 0x0, 0x0, 0xff, 0x10, 0x0, 0x0, 0x0,
    0x0, 0x0, 0x0, 0x0, 0x0, 0x0, 0x0, 0x0,
    0xf, 0xf1, 0x0, 0x0, 0x0, 0x0, 0x0, 0x0,
    0x0, 0x0, 0x0, 0x0, 0x0, 0x0, 0xff, 0x10,
    0x0, 0x0, 0x0, 0x0, 0x0, 0x0, 0x0, 0x0,
    0x0, 0x0, 0x0, 0xf, 0xf1, 0x0, 0x0, 0x19,
    0xef, 0xd6, 0x0, 0x4, 0xbe, 0xfe, 0x70, 0x0,
    0x0, 0xff, 0x10, 0x0, 0xd, 0xfe, 0xbf, 0xf7,
    0x0, 0x6f, 0xcb, 0xff, 0x60, 0x0, 0xf, 0xf1,
    0x0, 0x2, 0xfc, 0x0, 0x4f, 0xe0, 0x0, 0x10,
    0x6, 0xfd, 0x0, 0x0, 0xff, 0x10, 0x0, 0x5f,
    0x90, 0x0, 0xff, 0x20, 0x0, 0x0, 0xf, 0xf0,
    0x0, 0xf, 0xf1, 0x0, 0x5, 0xfa, 0x0, 0xf,
    0xf1, 0x0, 0x0, 0x0, 0xcf, 0x40, 0x0, 0xff,
    0x10, 0x0, 0x2f, 0xc0, 0x8, 0xff, 0x0, 0x0,
    0x0, 0x6, 0xfa, 0x0, 0xf, 0xf1, 0x0, 0x19,
    0xff, 0xbd, 0xff, 0xfe, 0xbb, 0xbb, 0xbb, 0xbf,
    0xfb, 0xbb, 0xff, 0xbb, 0x3b, 0xff, 0xff, 0xfc,
    0x46, 0xdf, 0xff, 0xff, 0xff, 0xff, 0xff, 0xff,
    0xff, 0xf4, 0xff, 0x40, 0x0, 0x0, 0x0, 0x0,
    0x0, 0x0, 0x0, 0x0, 0x0, 0x0, 0x0, 0xf,
    0xf1, 0x0, 0x0, 0x0, 0x0, 0x0, 0x2, 0x0,
    0x0, 0x0, 0x0, 0x0, 0x0, 0xff, 0x10, 0x0,
    0x0, 0x0, 0x0, 0x7, 0xf5, 0x0, 0x0, 0x0,
    0x0, 0x0, 0xf, 0xf1, 0x0, 0x0, 0x0, 0x0,
    0x0, 0x5f, 0x40, 0x0, 0x0, 0x0, 0x0, 0x0,
    0xff, 0x10, 0x0, 0x0, 0x0, 0x0, 0x0, 0x0,
    0x0, 0x0, 0x0, 0x0, 0x0, 0x1, 0x20, 0x0,
    0x0, 0x0, 0x0, 0x0, 0x0, 0x0, 0x0, 0x0,
    0x0, 0x0, 0x0,

    /* U+FDBD "ﶽ" */
    0x0, 0x0, 0x0, 0x0, 0x0, 0x0, 0x0, 0x0,
    0x0, 0x0, 0xb, 0xd0, 0x0, 0x0, 0x0, 0x0,
    0x0, 0x0, 0x0, 0x0, 0x0, 0x0, 0x0, 0xd,
    0xf0, 0x0, 0x0, 0x0, 0x0, 0x0, 0x0, 0x0,
    0x0, 0x0, 0x0, 0x0, 0x0, 0x10, 0x0, 0x0,
    0x0, 0x0, 0x0, 0x0, 0x0, 0x0, 0x0, 0x0,
    0x0, 0x0, 0x0, 0x0, 0x8, 0xcf, 0xfd, 0x60,
    0x0, 0x9, 0xdf, 0xfc, 0x30, 0x0, 0x5, 0xfb,
    0x0, 0xd, 0xd9, 0x9f, 0xf6, 0x0, 0xb, 0xc9,
    0xbf, 0xf1, 0x0, 0x5, 0xfb, 0x0, 0x1, 0x0,
    0x3, 0xfe, 0x0, 0x0, 0x0, 0xb, 0xf7, 0x0,
    0x5, 0xfb, 0x0, 0x0, 0x0, 0x0, 0xdf, 0x10,
    0x0, 0x0, 0x5, 0xfa, 0x0, 0x5, 0xfb, 0x0,
    0x0, 0x0, 0x0, 0x8f, 0x60, 0x0, 0x0, 0x2,
    0xfe, 0x0, 0x5, 0xfb, 0x0, 0x0, 0x0, 0x49,
    0xef, 0xd0, 0x0, 0x0, 0x0, 0xdf, 0x30, 0x5,
    0xfb, 0x0, 0x0, 0x3d, 0xff, 0xcc, 0xfd, 0xbb,
    0xbb, 0xbb, 0xdf, 0xeb, 0xbc, 0xfe, 0xb9, 0x5,
    0xff, 0x71, 0x1, 0xaf, 0xff, 0xff, 0xff, 0xff,
    0xff, 0xff, 0xff, 0xfe, 0xf, 0xf3, 0x0, 0x0,
    0x0, 0x0, 0x0, 0x0, 0x0, 0x0, 0x0, 0x0,
    0x0, 0x4f, 0xc0, 0x0, 0x0, 0x0, 0x0, 0x1,
    0x10, 0x0, 0x0, 0x0, 0x0, 0x0, 0x3f, 0xf1,
    0x0, 0x0, 0x0, 0x0, 0xd, 0xf0, 0x0, 0x0,
    0x0, 0x0, 0x0, 0xd, 0xff, 0xbc, 0xd3, 0x0,
    0x0, 0xb, 0xd0, 0x0, 0x0, 0x0, 0x0, 0x0,
    0x1, 0xae, 0xfe, 0xc3, 0x0, 0x0, 0x0, 0x0,
    0x0, 0x0, 0x0, 0x0, 0x0,

    /* U+FDBE "ﶾ" */
    0x0, 0x0, 0x0, 0x0, 0x0, 0x0, 0x0, 0x2,
    0xae, 0xff, 0xa1, 0x0, 0x5, 0xcf, 0xfd, 0x50,
    0x0, 0x0, 0x0, 0x0, 0x0, 0x0, 0x0, 0x0,
    0x0, 0x1f, 0xdb, 0xef, 0xb0, 0x0, 0x8f, 0xbc,
    0xff, 0x40, 0x0, 0x0, 0x0, 0x0, 0x3, 0xcf,
    0xc2, 0x0, 0x0, 0x10, 0x2, 0xff, 0x20, 0x1,
    0x0, 0x8, 0xfb, 0x0, 0x0, 0x0, 0x0, 0x5,
    0xff, 0xff, 0xd0, 0x0, 0x0, 0x0, 0xb, 0xf5,
    0x0, 0x0, 0x0, 0x2f, 0xe0, 0x0, 0x0, 0x0,
    0x1, 0xff, 0x40, 0x9f, 0x90, 0x0, 0x0, 0x0,
    0x7f, 0x90, 0x0, 0x0, 0x0, 0xef, 0x20, 0x8,
    0xe4, 0x0, 0x5f, 0xa0, 0x0, 0xcf, 0x60, 0x0,
    0x0, 0x2, 0xfe, 0x0, 0x0, 0x0, 0x9, 0xf7,
    0x0, 0xcf, 0x20, 0x3, 0xff, 0x94, 0x1, 0xef,
    0xcb, 0xbb, 0xbb, 0xbe, 0xfc, 0xbb, 0xbb, 0xbb,
    0xcf, 0xfb, 0x1e, 0xf1, 0x0, 0x7, 0xef, 0xfb,
    0x2, 0xbf, 0xff, 0xff, 0xff, 0xff, 0xff, 0xff,
    0xff, 0xff, 0xff, 0xf2, 0xef, 0x20, 0x0, 0x0,
    0x4e, 0xf4, 0x0, 0x0, 0x0, 0x0, 0x0, 0x0,
    0x0, 0x0, 0x0, 0x0, 0x0, 0xb, 0xfc, 0x10,
    0x0, 0x4, 0xef, 0x30, 0x0, 0x0, 0x0, 0x0,
    0x0, 0x0, 0x0, 0x27, 0x0, 0x0, 0x0, 0x3f,
    0xff, 0xff, 0xff, 0xff, 0xa0, 0x0, 0x0, 0x0,
    0x0, 0x0, 0x0, 0x0, 0xa, 0xf4, 0x0, 0x0,
    0x0, 0x29, 0xbb, 0xbb, 0xa8, 0x40, 0x0, 0x0,
    0x0, 0x0, 0x0, 0x0, 0x0, 0x0, 0x4a, 0x10,
    0x0, 0x0, 0x0, 0x0, 0x0, 0x0, 0x0, 0x0,
    0x0, 0x0, 0x0, 0x0, 0x0, 0x0, 0x0, 0x0,
    0x0, 0x0, 0x0, 0x0, 0x0, 0xdb, 0x3f, 0x70,
    0x0, 0x0, 0x0, 0x0, 0x0, 0x0, 0x0, 0x0,
    0x0, 0x0, 0x0, 0x0, 0x0, 0x0, 0xf, 0xd4,
    0xf8, 0x0, 0x0, 0x0, 0x0, 0x0, 0x0, 0x0,
    0x0, 0x0, 0x0, 0x0, 0x0, 0x0, 0x0, 0x0,
    0x10, 0x2, 0x0, 0x0, 0x0, 0x0, 0x0, 0x0,
    0x0, 0x0, 0x0, 0x0, 0x0, 0x0, 0x0, 0x0,

    /* U+FDBF "ﶿ" */
    0x0, 0x0, 0x0, 0x0, 0x0, 0x0, 0x0, 0x2,
    0xae, 0xff, 0xa1, 0x0, 0x5, 0xcf, 0xfd, 0x50,
    0x0, 0x0, 0x0, 0x0, 0x0, 0x0, 0x0, 0x0,
    0x0, 0x1f, 0xdb, 0xef, 0xb0, 0x0, 0x8f, 0xbc,
    0xff, 0x40, 0x0, 0x0, 0x0, 0x0, 0x3, 0xcf,
    0xc2, 0x0, 0x0, 0x10, 0x2, 0xff, 0x20, 0x1,
    0x0, 0x8, 0xfb, 0x0, 0x0, 0x0, 0x0, 0x5,
    0xff, 0xff, 0xd0, 0x0, 0x0, 0x0, 0xb, 0xf5,
    0x0, 0x0, 0x0, 0x2f, 0xe0, 0x0, 0x0, 0x0,
    0x1, 0xff, 0x40, 0x9f, 0x90, 0x0, 0x0, 0x0,
    0x7f, 0x90, 0x0, 0x0, 0x0, 0xef, 0x20, 0x8,
    0xe4, 0x0, 0x5f, 0xa0, 0x0, 0xcf, 0x60, 0x0,
    0x0, 0x2, 0xfe, 0x0, 0x0, 0x0, 0x9, 0xf7,
    0x0, 0xcf, 0x20, 0x3, 0xff, 0x94, 0x1, 0xef,
    0xcb, 0xbb, 0xbb, 0xbe, 0xfc, 0xbb, 0xbb, 0xbb,
    0xcf, 0xfb, 0x1e, 0xf1, 0x0, 0x7, 0xef, 0xfb,
    0x2, 0xbf, 0xff, 0xff, 0xff, 0xff, 0xff, 0xff,
    0xff, 0xff, 0xff, 0xf2, 0xef, 0x20, 0x0, 0x0,
    0x4e, 0xf4, 0x0, 0x0, 0x0, 0x0, 0x0, 0x0,
    0x0, 0x0, 0x0, 0x0, 0x0, 0xb, 0xfc, 0x10,
    0x0, 0x4, 0xef, 0x30, 0x0, 0x0, 0x6, 0x30,
    0x0, 0x0, 0x0, 0x0, 0x0, 0x0, 0x0, 0x3f,
    0xff, 0xff, 0xff, 0xff, 0xa0, 0x0, 0x0, 0x3,
    0xfb, 0x0, 0x0, 0x0, 0x0, 0x0, 0x0, 0x0,
    0x0, 0x29, 0xbb, 0xbb, 0xa8, 0x40, 0x0, 0x0,
    0x0, 0x9, 0x50, 0x0, 0x0, 0x0, 0x0, 0x0,
    0x0, 0x0, 0x0, 0x0, 0x0, 0x0, 0x0, 0x0,
    0x0, 0x0, 0x0, 0x0, 0x0, 0x0, 0x0, 0x0,
    0x0, 0x0, 0x0, 0x0, 0x0, 0xdb, 0x3f, 0x70,
    0x0, 0x0, 0x0, 0x0, 0x0, 0x0, 0x0, 0x0,
    0x0, 0x0, 0x0, 0x0, 0x0, 0x0, 0xf, 0xd4,
    0xf8, 0x0, 0x0, 0x0, 0x0, 0x0, 0x0, 0x0,
    0x0, 0x0, 0x0, 0x0, 0x0, 0x0, 0x0, 0x0,
    0x10, 0x2, 0x0, 0x0, 0x0, 0x0, 0x0, 0x0,
    0x0, 0x0, 0x0, 0x0, 0x0, 0x0, 0x0, 0x0,

    /* U+FDC0 "ﷀ" */
    0x0, 0x0, 0x0, 0x0, 0x0, 0x0, 0x0, 0x1,
    0x69, 0xaa, 0x50, 0x0, 0x0, 0x4, 0x8a, 0x93,
    0x0, 0x0, 0x0, 0x0, 0x0, 0x0, 0x0, 0x0,
    0x0, 0x2f, 0xff, 0xff, 0x90, 0x0, 0x9, 0xff,
    0xff, 0xf5, 0x0, 0x0, 0x0, 0x0, 0x3, 0xcf,
    0xc2, 0x0, 0x0, 0x20, 0x5, 0xff, 0x10, 0x1,
    0xfe, 0x30, 0x6f, 0xe0, 0x0, 0x0, 0x0, 0x5,
    0xff, 0xff, 0xd0, 0x0, 0x0, 0x0, 0xc, 0xf5,
    0x0, 0x4f, 0xb0, 0x0, 0xef, 0x30, 0x0, 0x0,
    0x1, 0xff, 0x40, 0x9f, 0x90, 0x0, 0x0, 0x0,
    0x7f, 0x90, 0x4, 0xfa, 0x0, 0xe, 0xf2, 0x8,
    0xe4, 0x0, 0x5f, 0xa0, 0x0, 0xcf, 0x60, 0x0,
    0x0, 0x2, 0xfe, 0x0, 0x1f, 0xd0, 0x6, 0xff,
    0x10, 0xcf, 0x20, 0x3, 0xff, 0x94, 0x1, 0xef,
    0xcb, 0xbb, 0xbb, 0xbe, 0xfc, 0xbb, 0xff, 0xbc,
    0xff, 0xfe, 0x8e, 0xf1, 0x0, 0x7, 0xef, 0xfb,
    0x2, 0xbf, 0xff, 0xff, 0xff, 0xff, 0xff, 0xff,
    0xff, 0xfc, 0x46, 0xdc, 0xef, 0x20, 0x0, 0x0,
    0x4e, 0xf4, 0x0, 0x0, 0x0, 0x0, 0x0, 0x0,
    0x0, 0x0, 0x0, 0x0, 0x0, 0xb, 0xfc, 0x10,
    0x0, 0x4, 0xef, 0x30, 0x0, 0x0, 0x6, 0x30,
    0x0, 0x0, 0x0, 0x0, 0x0, 0x0, 0x0, 0x3f,
    0xff, 0xff, 0xff, 0xff, 0xa0, 0x0, 0x0, 0x3,
    0xfb, 0x0, 0x0, 0x0, 0x0, 0x0, 0x0, 0x0,
    0x0, 0x29, 0xbb, 0xbb, 0xa8, 0x40, 0x0, 0x0,
    0x0, 0x9, 0x50, 0x0, 0x0, 0x0, 0x0, 0x0,
    0x0, 0x0, 0x0, 0x0, 0x0, 0x0, 0x0, 0x0,
    0x0, 0x0, 0x0, 0x0, 0x0, 0x0, 0x0, 0x0,
    0x0, 0x0, 0x0, 0x0, 0x0, 0xdb, 0x3f, 0x70,
    0x0, 0x0, 0x0, 0x0, 0x0, 0x0, 0x0, 0x0,
    0x0, 0x0, 0x0, 0x0, 0x0, 0x0, 0xf, 0xd4,
    0xf8, 0x0, 0x0, 0x0, 0x0, 0x0, 0x0, 0x0,
    0x0, 0x0, 0x0, 0x0, 0x0, 0x0, 0x0, 0x0,
    0x10, 0x2, 0x0, 0x0, 0x0, 0x0, 0x0, 0x0,
    0x0, 0x0, 0x0, 0x0, 0x0, 0x0, 0x0, 0x0,

    /* U+FDC1 "ﷁ" */
    0x0, 0x0, 0x0, 0x0, 0x0, 0x0, 0x0, 0x0,
    0x0, 0x0, 0x0, 0x0, 0x0, 0x0, 0xe, 0xa0,
    0x0, 0x0, 0x0, 0x0, 0x0, 0x0, 0x0, 0x0,
    0x0, 0x0, 0x0, 0x0, 0x0, 0x0, 0x0, 0x0,
    0x1f, 0xc0, 0x0, 0x0, 0x0, 0x0, 0x0, 0x0,
    0x0, 0x0, 0x0, 0x0, 0x0, 0x0, 0x0, 0x0,
    0x0, 0x0, 0x1, 0x0, 0x0, 0x0, 0x0, 0x0,
    0x0, 0x0, 0x0, 0x0, 0x0, 0x0, 0x0, 0x0,
    0x0, 0x0, 0x0, 0x0, 0x0, 0x0, 0x0, 0x0,
    0x0, 0x0, 0x0, 0x0, 0x0, 0x0, 0x0, 0x0,
    0x5, 0xcf, 0xfb, 0x20, 0x0, 0x0, 0x6c, 0xff,
    0xfb, 0x0, 0x0, 0x0, 0x0, 0x0, 0x0, 0x0,
    0x0, 0x0, 0x5f, 0xfc, 0xdf, 0xe1, 0x0, 0x9,
    0xff, 0xcc, 0xfb, 0x0, 0x0, 0x0, 0x0, 0x3,
    0xcf, 0xc2, 0x0, 0x0, 0xaf, 0x50, 0xc, 0xf7,
    0x0, 0x3f, 0xf3, 0x5, 0xfb, 0x0, 0x0, 0x0,
    0x0, 0x5f, 0xff, 0xfd, 0x0, 0x0, 0xdf, 0x20,
    0x7, 0xfa, 0x0, 0x6f, 0xb0, 0x5, 0xfb, 0x0,
    0x0, 0x0, 0x1, 0xff, 0x40, 0x9f, 0x90, 0x0,
    0xcf, 0x20, 0x7, 0xf9, 0x0, 0x6f, 0xa0, 0x5,
    0xfb, 0x0, 0x8e, 0x40, 0x5, 0xfa, 0x0, 0xc,
    0xf6, 0x0, 0x9f, 0x50, 0x1e, 0xf7, 0x0, 0x2f,
    0xe1, 0x5, 0xfb, 0x0, 0xcf, 0x20, 0x3, 0xff,
    0x93, 0x1, 0xef, 0xcb, 0xdf, 0xdb, 0xff, 0xff,
    0xcb, 0xbf, 0xff, 0xbc, 0xfe, 0xb7, 0xef, 0x10,
    0x0, 0x7e, 0xff, 0xb0, 0x2b, 0xff, 0xff, 0xff,
    0xe8, 0x2b, 0xff, 0xff, 0xff, 0xff, 0xff, 0xfb,
    0xef, 0x20, 0x0, 0x0, 0x4e, 0xf4, 0x0, 0x0,
    0x0, 0x0, 0x0, 0x0, 0x0, 0x0, 0x0, 0x0,
    0x0, 0x0, 0xbf, 0xc1, 0x0, 0x0, 0x4e, 0xf3,
    0x0, 0x0, 0x0, 0x0, 0x0, 0x0, 0x0, 0x0,
    0x0, 0x0, 0x0, 0x0, 0x3f, 0xff, 0xff, 0xff,
    0xff, 0xa0, 0x0, 0x0, 0x0, 0x0, 0x0, 0x0,
    0x0, 0x0, 0x0, 0x0, 0x0, 0x0, 0x3, 0x9b,
    0xbb, 0xba, 0x94, 0x0, 0x0, 0x0, 0x0, 0x0,
    0x0, 0x0, 0x0, 0x0, 0x0, 0x0, 0x0, 0x0,
    0x0, 0x0, 0x0, 0x0, 0x0, 0x0, 0x0, 0x0,
    0x0, 0x0, 0x0, 0x0, 0x0, 0x0, 0x0, 0x0,
    0x0, 0x0, 0x0, 0xd, 0xb3, 0xf7, 0x0, 0x0,
    0x0, 0x0, 0x0, 0x0, 0x0, 0x0, 0x0, 0x0,
    0x0, 0x0, 0x0, 0x0, 0x0, 0xf, 0xd4, 0xf8,
    0x0, 0x0, 0x0, 0x0, 0x0, 0x0, 0x0, 0x0,
    0x0, 0x0, 0x0, 0x0, 0x0, 0x0, 0x0, 0x1,
    0x0, 0x20, 0x0, 0x0, 0x0, 0x0, 0x0, 0x0,
    0x0, 0x0, 0x0, 0x0, 0x0, 0x0, 0x0, 0x0,

    /* U+FDC2 "ﷂ" */
    0x0, 0x0, 0x0, 0x0, 0x0, 0x0, 0x0, 0x2,
    0xbe, 0xff, 0xa1, 0x0, 0x0, 0xaf, 0x60, 0x0,
    0x0, 0x0, 0x0, 0x0, 0x0, 0x0, 0x0, 0x1f,
    0xa8, 0xdf, 0xb0, 0x0, 0xa, 0xf6, 0x0, 0x0,
    0x0, 0x0, 0x3, 0xcf, 0xc2, 0x0, 0x0, 0x10,
    0x1, 0xff, 0x20, 0x0, 0xaf, 0x60, 0x0, 0x0,
    0x0, 0x5, 0xff, 0xff, 0xd0, 0x0, 0x0, 0x0,
    0xa, 0xf5, 0x0, 0xa, 0xf6, 0x0, 0x0, 0x0,
    0x1, 0xff, 0x40, 0x9f, 0x90, 0x0, 0x0, 0x0,
    0x7f, 0x90, 0x0, 0xaf, 0x60, 0x8, 0xe4, 0x0,
    0x5f, 0xa0, 0x0, 0xcf, 0x60, 0x0, 0x0, 0x2,
    0xfe, 0x0, 0xa, 0xf6, 0x0, 0xcf, 0x20, 0x3,
    0xff, 0x94, 0x1, 0xef, 0xcb, 0xbb, 0xbb, 0xbe,
    0xfc, 0xbb, 0xef, 0xdb, 0x6e, 0xf1, 0x0, 0x7,
    0xef, 0xfb, 0x2, 0xbf, 0xff, 0xff, 0xff, 0xff,
    0xff, 0xff, 0xff, 0xf9, 0xef, 0x20, 0x0, 0x0,
    0x4e, 0xf4, 0x0, 0x0, 0x0, 0x0, 0x0, 0x0,
    0x0, 0x0, 0x0, 0xb, 0xfc, 0x10, 0x0, 0x4,
    0xef, 0x30, 0x0, 0x0, 0x0, 0x0, 0x0, 0x0,
    0x4, 0x50, 0x0, 0x3f, 0xff, 0xff, 0xff, 0xff,
    0xa0, 0x0, 0x0, 0x0, 0x0, 0x0, 0x0, 0x0,
    0xef, 0x0, 0x0, 0x29, 0xbb, 0xbb, 0xa8, 0x40,
    0x0, 0x0, 0x0, 0x0, 0x0, 0x0, 0x0, 0x7,
    0x80, 0x0, 0x0, 0x0, 0x0, 0x0, 0x0, 0x0,
    0x0, 0x0, 0x0, 0x0, 0x0, 0x0, 0x0, 0x0,
    0x0, 0x0, 0x0, 0xdb, 0x3f, 0x70, 0x0, 0x0,
    0x0, 0x0, 0x0, 0x0, 0x0, 0x0, 0x0, 0x0,
    0x0, 0x0, 0xf, 0xd4, 0xf8, 0x0, 0x0, 0x0,
    0x0, 0x0, 0x0, 0x0, 0x0, 0x0, 0x0, 0x0,
    0x0, 0x0, 0x10, 0x2, 0x0, 0x0, 0x0, 0x0,
    0x0, 0x0, 0x0, 0x0, 0x0, 0x0, 0x0, 0x0,

    /* U+FDC3 "ﷃ" */
    0x0, 0x0, 0x0, 0x0, 0x0, 0x0, 0x0, 0x0,
    0x0, 0x0, 0x0, 0x0, 0x0, 0x0, 0x0, 0x0,
    0x0, 0x0, 0x0, 0x0, 0x0, 0x0, 0x0, 0x0,
    0x0, 0x0, 0x0, 0x0, 0x5d, 0x70, 0x0, 0x0,
    0x0, 0x0, 0x0, 0x0, 0x0, 0x0, 0x0, 0x0,
    0x0, 0x0, 0xa, 0xff, 0xb0, 0x0, 0x0, 0x0,
    0x0, 0x0, 0x0, 0x0, 0x0, 0x0, 0x0, 0x0,
    0x0, 0xcf, 0xe5, 0x0, 0x0, 0x0, 0x0, 0x0,
    0x0, 0x0, 0x0, 0x0, 0x0, 0x0, 0x0, 0xb,
    0xfb, 0x10, 0x0, 0x0, 0x0, 0x0, 0x0, 0x0,
    0x0, 0x0, 0x0, 0x0, 0x0, 0x0, 0x5f, 0xc0,
    0x0, 0x0, 0x0, 0x1, 0x6a, 0xa7, 0x10, 0x0,
    0x0, 0x59, 0xa8, 0x10, 0x0, 0xaf, 0xff, 0xeb,
    0x30, 0x0, 0x1e, 0xff, 0xff, 0xd1, 0x0, 0xd,
    0xff, 0xff, 0xf3, 0x0, 0x7b, 0xbb, 0xef, 0xf4,
    0x0, 0x7f, 0xa1, 0x1c, 0xf8, 0x0, 0x4f, 0xc2,
    0x9, 0xfb, 0x0, 0x0, 0x0, 0xa, 0xfa, 0x0,
    0xaf, 0x40, 0x5, 0xfc, 0x0, 0x7f, 0x70, 0x2,
    0xff, 0x0, 0x0, 0x0, 0x4, 0xfc, 0x0, 0xaf,
    0x40, 0x5, 0xfc, 0x0, 0x7f, 0x70, 0x2, 0xff,
    0x0, 0x0, 0x0, 0x4, 0xfc, 0x0, 0x7f, 0x70,
    0xc, 0xfa, 0x0, 0x4f, 0xa0, 0x9, 0xfd, 0x0,
    0x0, 0x0, 0x4, 0xfc, 0x1b, 0xcf, 0xeb, 0xef,
    0xff, 0xcb, 0xbf, 0xfb, 0xdf, 0xff, 0xdb, 0xbb,
    0xbb, 0xbc, 0xfc, 0x2f, 0xff, 0xff, 0xe9, 0x2a,
    0xef, 0xff, 0xff, 0xfb, 0x38, 0xef, 0xff, 0xff,
    0xff, 0xfc,

    /* U+FDC4 "ﷄ" */
    0x0, 0x4, 0xbf, 0xfc, 0x30, 0x0, 0x7d, 0xff,
    0xc3, 0x0, 0x0, 0x5, 0xcf, 0xfd, 0x50, 0x3,
    0xff, 0xcc, 0xff, 0x20, 0xc, 0xeb, 0xdf, 0xf1,
    0x0, 0x6, 0xff, 0xcb, 0xe4, 0x0, 0x8f, 0x70,
    0x9, 0xf9, 0x0, 0x10, 0x0, 0xbf, 0x70, 0x0,
    0xef, 0x50, 0x0, 0x0, 0xa, 0xf4, 0x0, 0x4f,
    0xc0, 0x0, 0x0, 0x5, 0xfb, 0x0, 0x1f, 0xe0,
    0x0, 0x0, 0x0, 0xaf, 0x40, 0x5, 0xfc, 0x0,
    0x0, 0x0, 0x1f, 0xe0, 0x0, 0xff, 0x0, 0x0,
    0x0, 0x7, 0xf7, 0x0, 0xcf, 0xa0, 0x0, 0x0,
    0x0, 0xcf, 0x40, 0xa, 0xf6, 0x0, 0x0, 0x1b,
    0xcf, 0xeb, 0xef, 0xff, 0xcb, 0xbb, 0xbb, 0xbd,
    0xfe, 0xbb, 0xbf, 0xfc, 0xbb, 0x92, 0xff, 0xff,
    0xfe, 0x92, 0xae, 0xff, 0xff, 0xff, 0xff, 0xff,
    0xff, 0xff, 0xff, 0xfd, 0x0, 0x0, 0x0, 0x0,
    0x0, 0x0, 0x0, 0x0, 0x0, 0x0, 0x0, 0x0,
    0x0, 0x0, 0x0, 0x0, 0x0, 0x0, 0x0, 0x0,
    0x0, 0x1, 0x10, 0x0, 0x0, 0x0, 0x0, 0x0,
    0x0, 0x0, 0x0, 0x0, 0x0, 0x0, 0x0, 0x0,
    0xdf, 0x0, 0x0, 0x0, 0x0, 0x0, 0x0, 0x0,
    0x0, 0x0, 0x0, 0x0, 0x0, 0x0, 0xb, 0xd0,
    0x0, 0x0, 0x0, 0x0, 0x0, 0x0,

    /* U+FDC5 "ﷅ" */
    0x0, 0x0, 0x0, 0x10, 0x0, 0x0, 0x0, 0x0,
    0x10, 0x0, 0x0, 0x1, 0x10, 0x0, 0x46, 0x51,
    0x0, 0x0, 0x5, 0xcf, 0xfd, 0x40, 0x0, 0x4,
    0xbf, 0xfe, 0x60, 0x0, 0xc, 0xf4, 0x2d, 0xff,
    0xff, 0x50, 0x0, 0x3f, 0xd6, 0x6e, 0xf3, 0x0,
    0x1f, 0xe7, 0x5d, 0xf6, 0x0, 0xc, 0xf5, 0xdd,
    0x65, 0xaf, 0xf1, 0x0, 0x8f, 0x50, 0x7, 0xfa,
    0x0, 0x5f, 0x80, 0x4, 0xfd, 0x0, 0xc, 0xfc,
    0xb0, 0x0, 0xc, 0xf6, 0x0, 0xaf, 0x40, 0x4,
    0xfc, 0x0, 0x7f, 0x70, 0x1, 0xff, 0x0, 0xc,
    0xfe, 0x10, 0x0, 0x9, 0xf7, 0x0, 0xaf, 0x40,
    0x6, 0xfc, 0x0, 0x7f, 0x70, 0x3, 0xff, 0x0,
    0xc, 0xf7, 0x0, 0x0, 0x8, 0xf8, 0x0, 0x7f,
    0x70, 0x1d, 0xfa, 0x0, 0x4f, 0xa0, 0xb, 0xfd,
    0x0, 0xc, 0xf4, 0x0, 0x0, 0x8, 0xf8, 0x1b,
    0xcf, 0xeb, 0xef, 0xff, 0xcb, 0xbf, 0xfb, 0xdf,
    0xff, 0xdb, 0xbe, 0xfc, 0xbb, 0xbb, 0xbd, 0xf8,
    0x2f, 0xff, 0xff, 0xe9, 0x2a, 0xef, 0xff, 0xff,
    0xfb, 0x38, 0xef, 0xff, 0xff, 0xff, 0xff, 0xff,
    0xf8,

    /* U+FDC6 "ﷆ" */
    0x0, 0x0, 0x0, 0x0, 0x0, 0x0, 0x0, 0x0,
    0xa, 0xe1, 0x0, 0x0, 0x0, 0x0, 0x0, 0x0,
    0x0, 0x0, 0x0, 0x0, 0x0, 0x0, 0x0, 0x0,
    0x0, 0x0, 0x0, 0x0, 0x0, 0xbf, 0x10, 0x0,
    0x0, 0x0, 0x0, 0x0, 0x0, 0x0, 0x0, 0x0,
    0x0, 0x0, 0x0, 0x0, 0x0, 0x0, 0x0, 0x0,
    0x0, 0x0, 0x10, 0x0, 0x0, 0x0, 0x0, 0x0,
    0x0, 0x0, 0x0, 0x0, 0x0, 0x0, 0x0, 0x0,
    0x0, 0x0, 0x0, 0x0, 0x0, 0x0, 0x0, 0x0,
    0x0, 0x0, 0x0, 0x0, 0x0, 0x0, 0x0, 0x0,
    0x0, 0x0, 0x0, 0x0, 0x0, 0x0, 0x0, 0x0,
    0x0, 0x2, 0xbe, 0xff, 0xa1, 0x0, 0x0, 0x0,
    0x0, 0x0, 0x0, 0x0, 0x9f, 0x70, 0x0, 0x0,
    0x0, 0x0, 0x0, 0x0, 0x0, 0x0, 0x1f, 0xa8,
    0xdf, 0xb0, 0x0, 0x6, 0xc5, 0x0, 0x5c, 0x60,
    0x9, 0xf7, 0x0, 0x0, 0x0, 0x0, 0x3, 0xcf,
    0xc2, 0x0, 0x0, 0x10, 0x1, 0xff, 0x20, 0x0,
    0x9f, 0x70, 0x7, 0xf9, 0x0, 0x9f, 0x70, 0x0,
    0x0, 0x0, 0x5, 0xff, 0xff, 0xd0, 0x0, 0x0,
    0x0, 0xa, 0xf5, 0x0, 0x9, 0xf7, 0x0, 0x7f,
    0x90, 0x9, 0xf7, 0x0, 0x0, 0x0, 0x1, 0xff,
    0x40, 0x9f, 0x90, 0x0, 0x0, 0x0, 0x7f, 0x90,
    0x0, 0x9f, 0x70, 0x7, 0xf9, 0x0, 0x9f, 0x70,
    0x8, 0xe4, 0x0, 0x5f, 0xa0, 0x0, 0xcf, 0x60,
    0x0, 0x0, 0x2, 0xfe, 0x0, 0x9, 0xf7, 0x0,
    0xbf, 0xb0, 0x9, 0xf7, 0x0, 0xcf, 0x20, 0x3,
    0xff, 0x93, 0x1, 0xef, 0xcb, 0xbb, 0xbb, 0xbe,
    0xfc, 0xbb, 0xef, 0xdb, 0xdf, 0xff, 0xdb, 0xef,
    0xdb, 0x6e, 0xf1, 0x0, 0x7, 0xef, 0xfb, 0x2,
    0xbf, 0xff, 0xff, 0xff, 0xff, 0xff, 0xff, 0xff,
    0xff, 0xd4, 0x5d, 0xff, 0xff, 0xf9, 0xef, 0x20,
    0x0, 0x0, 0x4e, 0xf4, 0x0, 0x0, 0x0, 0x0,
    0x0, 0x0, 0x0, 0x0, 0x0, 0x0, 0x0, 0x0,
    0x0, 0x0, 0xb, 0xfc, 0x10, 0x0, 0x4, 0xef,
    0x30, 0x0, 0x0, 0x0, 0x0, 0x0, 0x0, 0x0,
    0x0, 0x0, 0x0, 0x0, 0x0, 0x0, 0x0, 0x3f,
    0xff, 0xff, 0xff, 0xff, 0xa0, 0x0, 0x0, 0x0,
    0x0, 0x0, 0x0, 0x0, 0x0, 0x0, 0x0, 0x0,
    0x0, 0x0, 0x0, 0x0, 0x39, 0xbb, 0xbb, 0xa9,
    0x40, 0x0, 0x0, 0x0, 0x0, 0x0, 0x0, 0x0,
    0x0, 0x0, 0x0, 0x0, 0x0, 0x0, 0x0, 0x0,
    0x0, 0x0, 0x0, 0x0, 0x0, 0x0, 0x0, 0x0,
    0x0, 0x0, 0x0, 0x0, 0x0, 0x0, 0x0, 0x0,
    0x0, 0x0, 0x0, 0x0, 0x0, 0x0, 0xdb, 0x3f,
    0x70, 0x0, 0x0, 0x0, 0x0, 0x0, 0x0, 0x0,
    0x0, 0x0, 0x0, 0x0, 0x0, 0x0, 0x0, 0x0,
    0x0, 0x0, 0xf, 0xd4, 0xf8, 0x0, 0x0, 0x0,
    0x0, 0x0, 0x0, 0x0, 0x0, 0x0, 0x0, 0x0,
    0x0, 0x0, 0x0, 0x0, 0x0, 0x0, 0x0, 0x10,
    0x2, 0x0, 0x0, 0x0, 0x0, 0x0, 0x0, 0x0,
    0x0, 0x0, 0x0, 0x0, 0x0, 0x0, 0x0, 0x0,
    0x0, 0x0,

    /* U+FDC7 "ﷇ" */
    0x0, 0x0, 0x0, 0x0, 0x0, 0x0, 0x0, 0x0,
    0x0, 0x0, 0x0, 0x0, 0x1, 0xe9, 0x0, 0x0,
    0x0, 0x0, 0x0, 0x0, 0x0, 0x0, 0x0, 0x0,
    0x0, 0x0, 0x0, 0x0, 0x2f, 0xa0, 0x0, 0x0,
    0x0, 0x0, 0x0, 0x0, 0x0, 0x0, 0x0, 0x0,
    0x0, 0x0, 0x0, 0x0, 0x10, 0x0, 0x0, 0x0,
    0x0, 0x0, 0x0, 0x0, 0x0, 0x0, 0x0, 0x0,
    0x0, 0x0, 0x0, 0x0, 0x0, 0x0, 0x0, 0x0,
    0x0, 0x0, 0x0, 0x0, 0x0, 0x2, 0xbe, 0xff,
    0xa1, 0x0, 0x0, 0xaf, 0x60, 0x0, 0x0, 0x0,
    0x0, 0x0, 0x0, 0x0, 0x0, 0x1f, 0xa8, 0xdf,
    0xb0, 0x0, 0xa, 0xf6, 0x0, 0x0, 0x0, 0x0,
    0x3, 0xcf, 0xc2, 0x0, 0x0, 0x10, 0x1, 0xff,
    0x20, 0x0, 0xaf, 0x60, 0x0, 0x0, 0x0, 0x5,
    0xff, 0xff, 0xd0, 0x0, 0x0, 0x0, 0xa, 0xf5,
    0x0, 0xa, 0xf6, 0x0, 0x0, 0x0, 0x1, 0xff,
    0x40, 0x9f, 0x90, 0x0, 0x0, 0x0, 0x7f, 0x90,
    0x0, 0xaf, 0x60, 0x8, 0xe4, 0x0, 0x5f, 0xa0,
    0x0, 0xcf, 0x60, 0x0, 0x0, 0x2, 0xfe, 0x0,
    0xa, 0xf6, 0x0, 0xcf, 0x20, 0x3, 0xff, 0x94,
    0x1, 0xef, 0xcb, 0xbb, 0xbb, 0xbe, 0xfc, 0xbb,
    0xef, 0xdb, 0x6e, 0xf1, 0x0, 0x7, 0xef, 0xfb,
    0x2, 0xbf, 0xff, 0xff, 0xff, 0xff, 0xff, 0xff,
    0xff, 0xf9, 0xef, 0x20, 0x0, 0x0, 0x4e, 0xf4,
    0x0, 0x0, 0x0, 0x0, 0x0, 0x0, 0x0, 0x0,
    0x0, 0xb, 0xfc, 0x10, 0x0, 0x4, 0xef, 0x30,
    0x0, 0x0, 0x6, 0x30, 0x0, 0x0, 0x0, 0x0,
    0x0, 0x3f, 0xff, 0xff, 0xff, 0xff, 0xa0, 0x0,
    0x0, 0x3, 0xfb, 0x0, 0x0, 0x0, 0x0, 0x0,
    0x0, 0x29, 0xbb, 0xbb, 0xa8, 0x40, 0x0, 0x0,
    0x0, 0x9, 0x50, 0x0, 0x0, 0x0, 0x0, 0x0,
    0x0, 0x0, 0x0, 0x0, 0x0, 0x0, 0x0, 0x0,
    0x0, 0x0, 0x0, 0x0, 0x0, 0x0, 0x0, 0x0,
    0x0, 0xdb, 0x3f, 0x70, 0x0, 0x0, 0x0, 0x0,
    0x0, 0x0, 0x0, 0x0, 0x0, 0x0, 0x0, 0x0,
    0xf, 0xd4, 0xf8, 0x0, 0x0, 0x0, 0x0, 0x0,
    0x0, 0x0, 0x0, 0x0, 0x0, 0x0, 0x0, 0x0,
    0x10, 0x2, 0x0, 0x0, 0x0, 0x0, 0x0, 0x0,
    0x0, 0x0, 0x0, 0x0, 0x0, 0x0,

    /* U+FDCF "﷏" */
    0x0, 0x23, 0x0, 0x22, 0x0, 0x0, 0x51, 0x0,
    0x2, 0x60, 0x0, 0x54, 0x0, 0x62, 0x6, 0x0,
    0xc1, 0x26, 0x64, 0x0, 0x0, 0x3, 0x60, 0x0,
    0xc, 0x60, 0xd2, 0x20, 0x0, 0x0, 0x0, 0x5c,
    0x70, 0x3e, 0x40, 0xa2, 0xd2, 0x0, 0x2, 0x74,
    0x2a, 0xc5, 0x81, 0xb2, 0xb0, 0x1d, 0x98, 0x87,
    0x29, 0x47, 0x2b, 0x59, 0xae, 0xad, 0xa7, 0xcb,
    0x1e, 0xee, 0xeb, 0xe5, 0xb, 0x0, 0x0, 0x0,
    0x0, 0x0, 0x4, 0x60, 0x0, 0x0, 0xb, 0x0,
    0x4, 0x0, 0x0, 0x0, 0x2, 0x60, 0x8a, 0x30,
    0xa, 0x0, 0x6, 0x0, 0x63, 0x4, 0x61, 0x61,
    0x90, 0x22, 0x8, 0xff, 0xff, 0xef, 0xbe, 0xeb,
    0xcf, 0xdf, 0xfd, 0xa3, 0x0, 0x0, 0x0, 0x0,
    0x0, 0x1, 0x20, 0x0, 0x0, 0x0, 0x0, 0x0,
    0x0, 0x0, 0x0, 0x46, 0x50, 0x0, 0x0, 0x0,

    /* U+FDF0 "ﷰ" */
    0x0, 0x0, 0x0, 0x0, 0x6f, 0xa0, 0x0, 0x0,
    0x0, 0x0, 0x0, 0x0, 0x0, 0x0, 0x0, 0x0,
    0x6, 0xfa, 0x0, 0x0, 0x0, 0x0, 0x0, 0x0,
    0x0, 0x0, 0x0, 0x0, 0x0, 0x6f, 0xa0, 0x0,
    0x0, 0x0, 0x0, 0x0, 0x0, 0x0, 0x0, 0x0,
    0x0, 0x6, 0xfa, 0x0, 0x0, 0x0, 0x0, 0x0,
    0x0, 0x0, 0x0, 0x0, 0x0, 0x0, 0x6f, 0xa0,
    0x0, 0x5b, 0x50, 0x4c, 0xff, 0xc3, 0x0, 0x0,
    0x0, 0x0, 0x6, 0xfa, 0x0, 0x8, 0xf8, 0x6f,
    0xdb, 0xef, 0xf2, 0x0, 0x0, 0x0, 0x0, 0x6f,
    0xa0, 0x0, 0x8f, 0xaf, 0x60, 0x0, 0xbf, 0x90,
    0x0, 0x0, 0x0, 0x6, 0xfa, 0x0, 0x8, 0xff,
    0x70, 0x0, 0x5, 0xfb, 0x0, 0x0, 0x0, 0x0,
    0x6f, 0xa0, 0x0, 0x8f, 0xd0, 0x0, 0x0, 0x4f,
    0xc0, 0x0, 0x0, 0x0, 0x6, 0xfa, 0x0, 0x8,
    0xf8, 0x0, 0x0, 0x4, 0xfc, 0x0, 0x39, 0xbb,
    0xbb, 0xdf, 0xeb, 0xbb, 0xdf, 0xdb, 0xbb, 0xbb,
    0xcf, 0xc0, 0x8f, 0xff, 0xff, 0xff, 0xff, 0xff,
    0xff, 0xff, 0xff, 0xff, 0xff, 0xfc, 0x2f, 0xf3,
    0x0, 0x0, 0x0, 0x0, 0x0, 0x0, 0x0, 0x0,
    0x0, 0x0, 0x4, 0xfe, 0x10, 0x0, 0x0, 0x0,
    0x0, 0x0, 0x0, 0x0, 0x0, 0x0, 0x0, 0xe,
    0xff, 0xff, 0xff, 0xff, 0xf0, 0x0, 0x0, 0x0,
    0x0, 0x0, 0x0, 0x0, 0x18, 0xab, 0xbb, 0xbb,
    0xba, 0x0, 0x0, 0x0, 0x0, 0x0, 0x0, 0x0,

    /* U+FDF1 "ﷱ" */
    0x0, 0x0, 0x0, 0x0, 0x6f, 0xa0, 0x0, 0x9,
    0xe1, 0xdb, 0x0, 0x0, 0x0, 0x0, 0x0, 0x6f,
    0xa0, 0x0, 0xb, 0xf2, 0xfd, 0x0, 0x0, 0x0,
    0x0, 0x0, 0x6f, 0xa0, 0x0, 0x0, 0x10, 0x10,
    0x0, 0x0, 0x0, 0x0, 0x0, 0x6f, 0xa0, 0x0,
    0x0, 0x0, 0x0, 0x0, 0x0, 0x0, 0x0, 0x0,
    0x6f, 0xa0, 0x0, 0x1, 0x9e, 0xff, 0xf4, 0x0,
    0x0, 0x0, 0x0, 0x6f, 0xa0, 0x0, 0x1e, 0xfe,
    0xbe, 0xf4, 0x0, 0x0, 0x0, 0x0, 0x6f, 0xa0,
    0x0, 0x9f, 0xb0, 0xc, 0xf4, 0x0, 0x0, 0x0,
    0x0, 0x6f, 0xa0, 0x0, 0xdf, 0x40, 0xc, 0xf4,
    0x0, 0x0, 0x0, 0x0, 0x6f, 0xa0, 0x0, 0xdf,
    0x40, 0xc, 0xf4, 0x0, 0x0, 0x0, 0x0, 0x6f,
    0xa0, 0x0, 0x9f, 0xa0, 0xc, 0xf4, 0x0, 0x39,
    0xbb, 0xbb, 0xdf, 0xeb, 0xbb, 0xcf, 0xfd, 0xbe,
    0xf4, 0x8, 0xff, 0xff, 0xff, 0xff, 0xff, 0xff,
    0xff, 0xff, 0xff, 0xf4, 0x2f, 0xf3, 0x0, 0x0,
    0x0, 0x0, 0x0, 0x0, 0x0, 0x0, 0x0, 0x4f,
    0xe1, 0x0, 0x0, 0x0, 0x0, 0x0, 0x0, 0x0,
    0x0, 0x0, 0xe, 0xff, 0xff, 0xff, 0xff, 0xf0,
    0x0, 0x0, 0x0, 0x0, 0x0, 0x1, 0x8a, 0xbb,
    0xbb, 0xbb, 0xa0, 0x0, 0x0, 0x0, 0x0, 0x0,

    /* U+FDF2 "ﷲ" */
    0x0, 0x0, 0x0, 0x0, 0x0, 0x34, 0x0, 0x0,
    0x0, 0x0, 0x0, 0x0, 0x0, 0x0, 0x0, 0x0,
    0x6, 0x80, 0x0, 0x0, 0x0, 0x0, 0x0, 0x0,
    0x0, 0x0, 0x0, 0x0, 0x68, 0x0, 0x0, 0x0,
    0x0, 0x0, 0x0, 0x0, 0x0, 0x0, 0x0, 0x0,
    0x0, 0x0, 0x0, 0x0, 0x0, 0x0, 0x0, 0x0,
    0x0, 0x0, 0x32, 0x56, 0x38, 0x0, 0x0, 0x0,
    0x0, 0x0, 0x0, 0x0, 0x0, 0x8, 0x77, 0x95,
    0xa0, 0x0, 0x0, 0x0, 0x0, 0x0, 0x0, 0x0,
    0x0, 0x3d, 0xb9, 0xd4, 0x0, 0x0, 0x0, 0x8f,
    0x90, 0x0, 0x0, 0x0, 0x0, 0x3, 0x52, 0x0,
    0x5, 0x40, 0x8, 0xf9, 0x0, 0x0, 0x0, 0x0,
    0x0, 0xaf, 0x60, 0x2, 0xfe, 0x0, 0x8f, 0x90,
    0x0, 0x0, 0x9d, 0x40, 0xa, 0xf6, 0x0, 0x2f,
    0xe0, 0x8, 0xf9, 0x1, 0x9e, 0xff, 0xf5, 0x0,
    0xaf, 0x60, 0x2, 0xfe, 0x0, 0x8f, 0x92, 0xef,
    0xeb, 0xef, 0x50, 0xa, 0xf6, 0x0, 0x2f, 0xe0,
    0x8, 0xf9, 0xaf, 0xb0, 0xb, 0xf5, 0x0, 0xaf,
    0x60, 0x2, 0xfe, 0x0, 0x8f, 0x9e, 0xf3, 0x0,
    0xbf, 0x50, 0xa, 0xf6, 0x0, 0x2f, 0xe0, 0x8,
    0xf9, 0xef, 0x30, 0xb, 0xf5, 0x0, 0xaf, 0x60,
    0x2, 0xfe, 0x0, 0x8f, 0x9b, 0xf9, 0x0, 0xbf,
    0x50, 0xa, 0xf6, 0x0, 0x2f, 0xe0, 0x8, 0xf9,
    0x3f, 0xfd, 0xbe, 0xfc, 0xbb, 0xef, 0xdb, 0xbc,
    0xfe, 0x0, 0x8f, 0x90, 0x3a, 0xef, 0xff, 0xff,
    0xff, 0xff, 0xff, 0xff, 0xe0, 0x8, 0xf9,

    /* U+FDF3 "ﷳ" */
    0x0, 0x0, 0x0, 0x0, 0x0, 0x0, 0x0, 0x0,
    0x0, 0x0, 0x0, 0x0, 0x8, 0xd8, 0x0, 0x0,
    0x0, 0x0, 0x0, 0x0, 0x0, 0x0, 0x0, 0x0,
    0x0, 0x0, 0x1f, 0x0, 0x0, 0x0, 0x0, 0x0,
    0x0, 0x0, 0x0, 0x0, 0x0, 0x0, 0x0, 0x0,
    0x1e, 0x0, 0x0, 0x0, 0x0, 0x0, 0x0, 0x0,
    0x0, 0x0, 0x0, 0x5, 0xc1, 0x0, 0x2d, 0xdc,
    0x0, 0x0, 0x0, 0x0, 0x0, 0x0, 0x0, 0x0,
    0x1, 0xbf, 0xf5, 0x0, 0x14, 0x30, 0x0, 0x0,
    0x0, 0x0, 0x0, 0x0, 0x0, 0x0, 0x2e, 0xfa,
    0x10, 0x0, 0xc, 0xf4, 0x0, 0x0, 0x0, 0x0,
    0x0, 0x0, 0x0, 0x1, 0xef, 0x60, 0x0, 0x0,
    0xc, 0xf4, 0x0, 0x0, 0x0, 0x0, 0x0, 0x0,
    0x0, 0xb, 0xf6, 0x0, 0x0, 0x0, 0xc, 0xf4,
    0x0, 0x0, 0xab, 0x0, 0x0, 0xbb, 0x0, 0xf,
    0xff, 0xfd, 0x91, 0x0, 0xc, 0xf4, 0x0, 0x0,
    0xff, 0x0, 0x0, 0xff, 0x0, 0xb, 0xbb, 0xcf,
    0xfd, 0x0, 0xc, 0xf4, 0x0, 0x0, 0xff, 0x0,
    0x0, 0xff, 0x0, 0x0, 0x0, 0x2, 0xef, 0x40,
    0xc, 0xf4, 0x0, 0x0, 0xff, 0x0, 0x0, 0xff,
    0x0, 0x0, 0x0, 0x0, 0xaf, 0x60, 0xc, 0xf4,
    0x0, 0x0, 0xff, 0x0, 0x0, 0xff, 0x0, 0x0,
    0x0, 0x0, 0xaf, 0x60, 0xc, 0xf4, 0x0, 0x0,
    0xff, 0x0, 0x0, 0xff, 0x0, 0x0, 0x0, 0x0,
    0xaf, 0x60, 0xc, 0xf4, 0x0, 0x0, 0xff, 0xbb,
    0xbb, 0xff, 0xbb, 0xbb, 0xbb, 0xbb, 0xef, 0x60,
    0xc, 0xf4, 0x0, 0x0, 0xff, 0xff, 0xff, 0xff,
    0xff, 0xff, 0xff, 0xff, 0xff, 0x60, 0xc, 0xf4,
    0x0, 0x0, 0xff, 0x0, 0x0, 0x0, 0x0, 0x0,
    0x0, 0x0, 0x0, 0x0, 0x0, 0x0, 0x3, 0x7,
    0xfd, 0x0, 0x0, 0x62, 0x0, 0x0, 0x0, 0x0,
    0x0, 0x0, 0x0, 0x0, 0x5f, 0xff, 0xf6, 0x0,
    0x4, 0xfa, 0x0, 0x0, 0x0, 0x0, 0x0, 0x0,
    0x0, 0x0, 0x18, 0xba, 0x50, 0x0, 0x1, 0xa4,
    0x0, 0x0, 0x0, 0x0, 0x0, 0x0, 0x0, 0x0,

    /* U+FDF4 "ﷴ" */
    0x0, 0x0, 0x0, 0x0, 0x0, 0x0, 0x0, 0x0,
    0x0, 0x0, 0x0, 0x0, 0x0, 0x0, 0x0, 0x0,
    0x0, 0x0, 0x0, 0x0, 0x0, 0x0, 0x0, 0x0,
    0x0, 0x0, 0x16, 0xc7, 0x0, 0x0, 0x0, 0x0,
    0x0, 0x0, 0x0, 0x0, 0x0, 0x0, 0x0, 0x0,
    0x0, 0x0, 0x0, 0x0, 0x0, 0x2e, 0x93, 0x0,
    0x0, 0x0, 0x0, 0x0, 0x0, 0x0, 0x0, 0x0,
    0x0, 0x0, 0x0, 0x0, 0x0, 0x0, 0x0, 0x0,
    0x0, 0x0, 0x0, 0x0, 0x0, 0x0, 0x0, 0x0,
    0x0, 0x0, 0x0, 0x1c, 0xd3, 0x0, 0x0, 0x0,
    0x0, 0x0, 0x0, 0x0, 0xe1, 0xb2, 0xa5, 0x0,
    0x0, 0x0, 0x64, 0x0, 0x0, 0x0, 0x4, 0x97,
    0x80, 0x0, 0x0, 0x0, 0x0, 0x0, 0x0, 0xd,
    0x2c, 0xed, 0x20, 0x0, 0x7, 0xd7, 0x0, 0x0,
    0x0, 0x9, 0x1e, 0xe3, 0x0, 0x0, 0x0, 0x0,
    0x0, 0x0, 0x0, 0x7e, 0x60, 0x0, 0x0, 0x5,
    0x80, 0x0, 0x0, 0x0, 0x0, 0x9e, 0xc4, 0x0,
    0x0, 0x1, 0x81, 0x0, 0x0, 0x0, 0x0, 0x0,
    0x0, 0x0, 0x0, 0x0, 0x0, 0x0, 0x0, 0x0,
    0x0, 0x0, 0x0, 0x0, 0x0, 0x8f, 0xe3, 0x0,
    0x0, 0x0, 0x6, 0xaa, 0x71, 0x0, 0x5, 0x8a,
    0xa7, 0x10, 0x0, 0x0, 0x27, 0xaa, 0x50, 0x0,
    0x1, 0xbf, 0xf2, 0x0, 0x0, 0x1e, 0xff, 0xff,
    0xd1, 0x0, 0xcf, 0xff, 0xfd, 0x0, 0x0, 0x4f,
    0xff, 0xff, 0xa0, 0x0, 0x0, 0xaf, 0xc0, 0x0,
    0x7, 0xfa, 0x11, 0xcf, 0x90, 0x2, 0x20, 0x1d,
    0xf7, 0x0, 0xb, 0xf7, 0x2, 0xef, 0x40, 0x0,
    0x0, 0xef, 0x40, 0x0, 0xaf, 0x50, 0x4, 0xfc,
    0x0, 0x0, 0x0, 0x6f, 0xb0, 0x0, 0xef, 0x10,
    0x8, 0xf8, 0x0, 0x0, 0x7, 0xfa, 0x0, 0xa,
    0xf4, 0x0, 0x5f, 0xc0, 0x0, 0x0, 0x1, 0xfe,
    0x0, 0xe, 0xf0, 0x0, 0x9f, 0x80, 0x0, 0x0,
    0x2f, 0xe0, 0x0, 0x7f, 0x70, 0xc, 0xfa, 0x0,
    0x0, 0x0, 0xc, 0xf4, 0x0, 0xbf, 0x30, 0x2e,
    0xf4, 0x3b, 0xbb, 0xbb, 0xff, 0xbb, 0xbc, 0xfe,
    0xbe, 0xff, 0xfc, 0xbb, 0xbb, 0xbb, 0xdf, 0xeb,
    0xbd, 0xfd, 0xbf, 0xfb, 0x4, 0xff, 0xff, 0xff,
    0xff, 0xff, 0xff, 0xff, 0xea, 0x2a, 0xef, 0xff,
    0xff, 0xff, 0xff, 0xff, 0xff, 0xff, 0xd8, 0x0,

    /* U+FDF5 "ﷵ" */
    0x0, 0x0, 0x0, 0x0, 0x0, 0x0, 0x0, 0x0,
    0x0, 0x0, 0x0, 0xef, 0x20, 0x0, 0x0, 0x0,
    0x0, 0x0, 0x0, 0x0, 0x0, 0x0, 0x0, 0x0,
    0x0, 0x0, 0x0, 0x0, 0x0, 0x0, 0xe, 0xf2,
    0x0, 0x0, 0x0, 0x0, 0x0, 0x0, 0x0, 0x0,
    0x0, 0x0, 0x0, 0x0, 0x0, 0x0, 0x0, 0x0,
    0x0, 0x0, 0xef, 0x20, 0x0, 0x0, 0x0, 0x0,
    0x0, 0x0, 0x0, 0x0, 0x0, 0x10, 0x0, 0x0,
    0x0, 0x59, 0xba, 0x73, 0x0, 0xe, 0xf2, 0x0,
    0x1, 0x10, 0x0, 0x56, 0x40, 0x0, 0x0, 0x2a,
    0xff, 0xf8, 0x0, 0x4, 0xdf, 0xff, 0xff, 0xf7,
    0x0, 0xef, 0x20, 0x0, 0xff, 0x14, 0xef, 0xff,
    0xe3, 0x0, 0xe, 0xf8, 0x5c, 0xf8, 0x0, 0xbf,
    0x92, 0x0, 0x9f, 0x60, 0xe, 0xf2, 0x0, 0xf,
    0xf3, 0xfb, 0x55, 0xcf, 0xd0, 0x3, 0xfb, 0x0,
    0x1f, 0xf0, 0x6, 0xf9, 0x0, 0xc, 0xf2, 0x0,
    0xef, 0x20, 0x0, 0xff, 0xc8, 0x0, 0x0, 0xff,
    0x20, 0x5f, 0x90, 0x0, 0xff, 0x20, 0xe, 0xf2,
    0x4, 0xfc, 0x0, 0xe, 0xf2, 0x0, 0xf, 0xfc,
    0x0, 0x0, 0xc, 0xf4, 0x4, 0xfa, 0x0, 0x1f,
    0xf1, 0x0, 0x6f, 0xe7, 0xff, 0x30, 0x0, 0xef,
    0x20, 0x0, 0xff, 0x40, 0x0, 0x0, 0xcf, 0x40,
    0x2f, 0xd0, 0x8, 0xff, 0x0, 0x0, 0xaf, 0xff,
    0x60, 0x0, 0xe, 0xf2, 0x0, 0xf, 0xf1, 0x0,
    0x0, 0xc, 0xf4, 0x19, 0xff, 0xbd, 0xff, 0xfe,
    0xbb, 0xbe, 0xff, 0xfd, 0xbb, 0xbb, 0xff, 0xcb,
    0xbb, 0xff, 0xbb, 0xbb, 0xbb, 0xef, 0x4b, 0xff,
    0xff, 0xfc, 0x46, 0xdf, 0xff, 0xd8, 0x4a, 0xef,
    0xff, 0xff, 0xff, 0xff, 0xff, 0xff, 0xff, 0xff,
    0xff, 0xf4, 0xff, 0x40, 0x0, 0x0, 0x0, 0x0,
    0x0, 0x0, 0x0, 0x0, 0x0, 0x0, 0x0, 0x0,
    0x0, 0x0, 0x0, 0x0, 0x0, 0xf, 0xf1, 0x0,
    0x0, 0x0, 0x0, 0x0, 0x0, 0x0, 0x0, 0x0,
    0x0, 0x0, 0x0, 0x0, 0x0, 0x0, 0x0, 0x0,
    0x0, 0xff, 0x10, 0x0, 0x0, 0x0, 0x0, 0x0,
    0x0, 0x0, 0x0, 0x0, 0x0, 0x0, 0x0, 0x0,
    0x0, 0x0, 0x0, 0x0, 0xf, 0xf1, 0x0, 0x0,
    0x0, 0x0, 0x0, 0x0, 0x0, 0x0, 0x0, 0x0,
    0x0, 0x0, 0x0, 0x0, 0x0, 0x0, 0x0, 0x0,
    0xff, 0x10, 0x0, 0x0, 0x0, 0x0, 0x0, 0x0,
    0x0, 0x0, 0x0, 0x0, 0x0, 0x0, 0x0, 0x0,
    0x0, 0x0, 0x0, 0x1, 0x20, 0x0, 0x0, 0x0,
    0x0, 0x0, 0x0, 0x0, 0x0, 0x0, 0x0, 0x0,
    0x0, 0x0, 0x0, 0x0, 0x0, 0x0, 0x0,

    /* U+FDF6 "ﷶ" */
    0x0, 0x0, 0x0, 0xb, 0xf5, 0x0, 0x0, 0x0,
    0x0, 0x0, 0x0, 0x0, 0x0, 0x0, 0x0, 0x0,
    0x0, 0x0, 0x0, 0x0, 0x0, 0x0, 0x0, 0x0,
    0xb, 0xf5, 0x0, 0x0, 0x0, 0x0, 0x0, 0x0,
    0x0, 0x0, 0x0, 0x0, 0x0, 0x0, 0x0, 0x0,
    0x0, 0x0, 0x0, 0x0, 0x0, 0xb, 0xf5, 0x0,
    0x0, 0x0, 0x0, 0x0, 0x0, 0x0, 0x0, 0x0,
    0x0, 0x0, 0x0, 0x0, 0x0, 0x0, 0x0, 0x0,
    0x0, 0x0, 0xb, 0xf5, 0x0, 0x0, 0x0, 0x0,
    0x0, 0x0, 0x0, 0x0, 0x0, 0x0, 0x0, 0x0,
    0x0, 0x0, 0x0, 0x0, 0x0, 0x0, 0x0, 0xb,
    0xf5, 0x0, 0x0, 0x8d, 0xff, 0xf4, 0x0, 0x0,
    0x0, 0x0, 0x0, 0x0, 0x1f, 0xf0, 0x0, 0xa,
    0xf6, 0x0, 0x0, 0x0, 0xb, 0xf5, 0x0, 0x1d,
    0xfe, 0xbf, 0xf4, 0x0, 0xc, 0xc0, 0x0, 0xbc,
    0x10, 0x1f, 0xf0, 0x0, 0xa, 0xf6, 0x0, 0x0,
    0x0, 0xb, 0xf5, 0x0, 0x9f, 0xb0, 0xc, 0xf4,
    0x0, 0xf, 0xf0, 0x0, 0xff, 0x10, 0x1f, 0xf0,
    0x0, 0xa, 0xf6, 0x3, 0x10, 0x0, 0xb, 0xf5,
    0x0, 0xdf, 0x40, 0xc, 0xf4, 0x0, 0xf, 0xf0,
    0x0, 0xff, 0x10, 0x1f, 0xf0, 0x0, 0xa, 0xf6,
    0x7f, 0x70, 0x0, 0xb, 0xf5, 0x0, 0xef, 0x30,
    0xc, 0xf4, 0x0, 0xf, 0xf0, 0x0, 0xff, 0x10,
    0x1f, 0xf0, 0x0, 0xa, 0xf6, 0xbf, 0x40, 0x0,
    0xb, 0xf5, 0x0, 0xcf, 0x70, 0xc, 0xf4, 0x0,
    0xf, 0xf0, 0x2, 0xff, 0x50, 0x1f, 0xf0, 0x0,
    0xa, 0xf6, 0xef, 0x20, 0x0, 0xb, 0xf5, 0x0,
    0x5f, 0xfc, 0xbf, 0xfc, 0xbb, 0xbf, 0xfb, 0xbe,
    0xff, 0xfc, 0xbf, 0xf0, 0x0, 0xa, 0xf6, 0xff,
    0x20, 0x0, 0xb, 0xf5, 0x0, 0x6, 0xdf, 0xff,
    0xff, 0xff, 0xff, 0xff, 0xff, 0x91, 0x9f, 0xff,
    0xf0, 0x0, 0xa, 0xf6, 0xdf, 0x40, 0x0, 0xd,
    0xf4, 0x0, 0x0, 0x0, 0xd, 0xf3, 0x0, 0x0,
    0x0, 0x0, 0x0, 0x0, 0x0, 0x0, 0x0, 0xa,
    0xf5, 0x8f, 0xd2, 0x1, 0x8f, 0xf0, 0x0, 0x24,
    0x0, 0x6f, 0xf0, 0x0, 0x0, 0x0, 0x0, 0x0,
    0x0, 0x0, 0x0, 0x20, 0x3f, 0xf3, 0x1d, 0xff,
    0xff, 0xff, 0x60, 0x0, 0xcf, 0xff, 0xff, 0x70,
    0x0, 0x0, 0x0, 0x0, 0x0, 0x0, 0x0, 0x1,
    0xef, 0xff, 0xb0, 0x0, 0x7b, 0xcb, 0x93, 0x0,
    0x0, 0x38, 0xbb, 0x93, 0x0, 0x0, 0x0, 0x0,
    0x0, 0x0, 0x0, 0x0, 0x0, 0x6a, 0xb7, 0x0,

    /* U+FDF7 "ﷷ" */
    0x0, 0x0, 0x0, 0x0, 0x0, 0x0, 0x0, 0x0,
    0x0, 0xff, 0x0, 0x0, 0x0, 0x0, 0x0, 0x0,
    0x0, 0x0, 0x0, 0x0, 0x0, 0x0, 0x0, 0x0,
    0xf, 0xf0, 0x0, 0x0, 0x0, 0x0, 0x0, 0x0,
    0x0, 0x0, 0x0, 0x0, 0x0, 0x0, 0x0, 0x0,
    0xff, 0x0, 0x0, 0x0, 0x0, 0x0, 0x0, 0x0,
    0x0, 0x7a, 0x30, 0x0, 0x0, 0x0, 0x0, 0xf,
    0xf0, 0x0, 0x0, 0x0, 0x0, 0x0, 0x1, 0x9e,
    0xff, 0xf5, 0x0, 0x6, 0xfa, 0x0, 0x0, 0xff,
    0x0, 0x0, 0x2a, 0xef, 0xe8, 0x2, 0xef, 0xeb,
    0xef, 0x50, 0x0, 0x6f, 0xa0, 0x0, 0xf, 0xf0,
    0x0, 0x2f, 0xfd, 0xbd, 0x80, 0xaf, 0xa0, 0xb,
    0xf5, 0x0, 0x6, 0xfa, 0x0, 0x0, 0xff, 0x0,
    0xa, 0xf9, 0x0, 0x0, 0xe, 0xf3, 0x0, 0xbf,
    0x50, 0x0, 0x6f, 0xa0, 0x0, 0xf, 0xf0, 0x0,
    0xdf, 0x30, 0x0, 0x0, 0xef, 0x30, 0xb, 0xf5,
    0x0, 0x6, 0xfa, 0x0, 0x0, 0xff, 0x0, 0xc,
    0xf3, 0x0, 0x0, 0xb, 0xf9, 0x0, 0xbf, 0x50,
    0x0, 0x6f, 0xa0, 0x0, 0xf, 0xf0, 0x0, 0x5f,
    0xa0, 0x0, 0x0, 0x3f, 0xfd, 0xbe, 0xfc, 0xbb,
    0xbd, 0xfe, 0xbb, 0xbb, 0xff, 0xbb, 0xbb, 0xff,
    0xdb, 0xbb, 0x10, 0x3a, 0xef, 0xff, 0xff, 0xff,
    0xff, 0xff, 0xff, 0xff, 0xff, 0xff, 0xff, 0xff,
    0xff, 0xf1, 0x0, 0x0, 0x0, 0x0, 0x0, 0x0,
    0x0, 0x0, 0x0, 0x0, 0x0, 0x0, 0x0, 0x0,
    0x0, 0x0, 0x0, 0x0, 0x0, 0x0, 0xd, 0xc2,
    0xf8, 0x0, 0x0, 0x0, 0x0, 0x0, 0x0, 0x0,
    0x0, 0x0, 0x0, 0x0, 0x0, 0x0, 0xed, 0x3f,
    0x90, 0x0, 0x0, 0x0, 0x0, 0x0, 0x0, 0x0,
    0x0, 0x0, 0x0, 0x0, 0x0, 0x1, 0x10, 0x10,
    0x0, 0x0, 0x0, 0x0, 0x0, 0x0, 0x0, 0x0,

    /* U+FDF8 "ﷸ" */
    0x0, 0x0, 0x0, 0x0, 0x0, 0x0, 0x8f, 0x90,
    0x0, 0x0, 0x0, 0x0, 0x0, 0x0, 0x0, 0x0,
    0x0, 0x0, 0x0, 0x0, 0x0, 0x0, 0x0, 0x0,
    0x0, 0x0, 0x8, 0xf9, 0x0, 0x0, 0x0, 0x0,
    0x0, 0x0, 0x0, 0x0, 0x0, 0x0, 0x0, 0x0,
    0x0, 0x0, 0x0, 0x0, 0x0, 0x0, 0x0, 0x8f,
    0x90, 0x0, 0x0, 0x0, 0x0, 0x0, 0x0, 0x0,
    0x0, 0x0, 0x0, 0x0, 0x0, 0x0, 0x0, 0x0,
    0x0, 0x0, 0x0, 0x8, 0xf9, 0x0, 0x0, 0x0,
    0x0, 0x0, 0x0, 0x0, 0x0, 0x0, 0x0, 0x0,
    0x0, 0x0, 0x0, 0x19, 0xef, 0xd6, 0x0, 0x0,
    0x8f, 0x90, 0x0, 0x0, 0x0, 0x0, 0x0, 0x0,
    0x7f, 0x90, 0x0, 0x8, 0xdf, 0xff, 0x40, 0xd,
    0xfe, 0xbf, 0xf7, 0x0, 0x8, 0xf9, 0x0, 0x5,
    0xc7, 0x0, 0x3c, 0x80, 0x7, 0xf9, 0x0, 0x1d,
    0xfe, 0xbe, 0xf4, 0x2, 0xfc, 0x0, 0x4f, 0xe0,
    0x0, 0x8f, 0x90, 0x0, 0x6f, 0xa0, 0x5, 0xfb,
    0x0, 0x7f, 0x90, 0x8, 0xfb, 0x0, 0xcf, 0x40,
    0x5f, 0x90, 0x0, 0xff, 0x20, 0x8, 0xf9, 0x0,
    0x6, 0xfa, 0x0, 0x5f, 0xb0, 0x7, 0xf9, 0x0,
    0xdf, 0x40, 0xc, 0xf4, 0x5, 0xfa, 0x0, 0xf,
    0xf1, 0x0, 0x8f, 0x90, 0x0, 0x6f, 0xa0, 0x5,
    0xfb, 0x0, 0x7f, 0x90, 0xd, 0xf3, 0x0, 0xcf,
    0x40, 0x2f, 0xc0, 0x8, 0xff, 0x0, 0x8, 0xf9,
    0x0, 0x6, 0xfa, 0x0, 0x8f, 0xd1, 0x7, 0xf9,
    0x0, 0xbf, 0x80, 0xc, 0xf4, 0x19, 0xff, 0xbd,
    0xff, 0xfe, 0xbb, 0xdf, 0xdb, 0xbb, 0xdf, 0xeb,
    0xcf, 0xff, 0xeb, 0xdf, 0x90, 0x5, 0xff, 0xcb,
    0xef, 0x4b, 0xff, 0xff, 0xfc, 0x46, 0xdf, 0xff,
    0xff, 0xff, 0xff, 0xff, 0xff, 0xd5, 0x3c, 0xff,
    0xf9, 0x0, 0x6, 0xdf, 0xff, 0xf4, 0xff, 0x40,
    0x0, 0x0, 0x0, 0x0, 0x0, 0x0, 0x0, 0x0,
    0x0, 0x0, 0x0, 0x0, 0x0, 0x0, 0x0, 0x0,
    0x0, 0xcf, 0x3f, 0xf1, 0x0, 0x0, 0x0, 0x0,
    0x0, 0x0, 0x0, 0x0, 0x0, 0x0, 0x0, 0x0,
    0x0, 0x0, 0x0, 0x35, 0x10, 0x5f, 0xf1, 0xff,
    0x10, 0x0, 0x0, 0x0, 0x0, 0x0, 0x0, 0x0,
    0x0, 0x0, 0x0, 0x0, 0x0, 0x0, 0x0, 0xc,
    0xff, 0xff, 0xf6, 0xf, 0xf1, 0x0, 0x0, 0x0,
    0x0, 0x0, 0x0, 0x0, 0x0, 0x0, 0x0, 0x0,
    0x0, 0x0, 0x0, 0x0, 0x27, 0xaa, 0x83, 0x0,
    0xff, 0x10, 0x0, 0x0, 0x0, 0x0, 0x0, 0x0,
    0x0, 0x0, 0x0, 0x0, 0x0, 0x0, 0x0, 0x0,
    0x0, 0x0, 0x0, 0x0, 0x1, 0x20, 0x0, 0x0,
    0x0, 0x0, 0x0, 0x0, 0x0, 0x0, 0x0, 0x0,
    0x0, 0x0, 0x0, 0x0, 0x0, 0x0, 0x0, 0x0,
    0x0,

    /* U+FDF9 "ﷹ" */
    0x0, 0x0, 0x0, 0x0, 0x0, 0x0, 0x0, 0x0,
    0x3f, 0xe0, 0x0, 0x0, 0x0, 0x0, 0x0, 0x0,
    0x0, 0x0, 0x0, 0x0, 0x0, 0x0, 0x0, 0x0,
    0x3, 0xfe, 0x0, 0x0, 0x0, 0x0, 0x0, 0x0,
    0x0, 0x0, 0x0, 0x0, 0x0, 0x0, 0x0, 0x0,
    0x0, 0x3f, 0xe0, 0x0, 0x0, 0x0, 0x0, 0x0,
    0x0, 0x0, 0x0, 0x0, 0x0, 0x0, 0x0, 0x0,
    0x0, 0x3, 0xfe, 0x0, 0x0, 0x0, 0x0, 0x0,
    0x0, 0x0, 0x0, 0x0, 0x0, 0x0, 0x0, 0x0,
    0x0, 0x0, 0x3f, 0xe0, 0x0, 0x3b, 0x80, 0x2b,
    0xff, 0xd6, 0x0, 0x0, 0x0, 0x0, 0x0, 0x0,
    0x0, 0x0, 0x3, 0xfe, 0x0, 0x4, 0xfc, 0x3f,
    0xeb, 0xdf, 0xf5, 0x0, 0x0, 0x0, 0x3, 0xcf,
    0xc2, 0x0, 0x0, 0x3f, 0xe0, 0x0, 0x4f, 0xcd,
    0x90, 0x0, 0x8f, 0xc0, 0x0, 0x0, 0x5, 0xff,
    0xff, 0xd0, 0x0, 0x3, 0xfe, 0x0, 0x4, 0xff,
    0xa0, 0x0, 0x1, 0xff, 0x0, 0x0, 0x1, 0xff,
    0x40, 0x9f, 0x90, 0x0, 0x3f, 0xe0, 0x0, 0x4f,
    0xf1, 0x0, 0x0, 0xf, 0xf8, 0xe4, 0x0, 0x5f,
    0xa0, 0x0, 0xcf, 0x60, 0x3, 0xfe, 0x0, 0x4,
    0xfc, 0x0, 0x0, 0x0, 0xff, 0xcf, 0x20, 0x3,
    0xff, 0x93, 0x1, 0xef, 0xcb, 0xcf, 0xfb, 0xbb,
    0xcf, 0xeb, 0xbb, 0xbb, 0xbf, 0xfe, 0xf1, 0x0,
    0x7, 0xef, 0xfb, 0x2, 0xbf, 0xff, 0xff, 0xff,
    0xff, 0xff, 0xff, 0xff, 0xff, 0xff, 0xef, 0x20,
    0x0, 0x0, 0x4e, 0xf4, 0x0, 0x0, 0x0, 0x0,
    0x0, 0x0, 0x0, 0x0, 0x0, 0x0, 0xb, 0xfc,
    0x10, 0x0, 0x4, 0xef, 0x30, 0x0, 0x0, 0x0,
    0x0, 0x0, 0x0, 0x0, 0x0, 0x0, 0x0, 0x3f,
    0xff, 0xff, 0xff, 0xff, 0xa0, 0x0, 0x0, 0x0,
    0x0, 0x0, 0x0, 0x0, 0x0, 0x0, 0x0, 0x0,
    0x39, 0xbb, 0xbb, 0xa9, 0x40, 0x0, 0x0, 0x0,
    0x0, 0x0, 0x0, 0x0, 0x0, 0x0, 0x0, 0x0,

    /* U+FDFA "ﷺ" */
    0x0, 0x1, 0x24, 0x0, 0x0, 0x0, 0x0, 0x0,
    0x2, 0x20, 0x0, 0x39, 0x47, 0x1b, 0x0, 0x90,
    0x2, 0x66, 0x40, 0x0, 0x31, 0x91, 0x72, 0xb0,
    0xa, 0x2, 0x40, 0x0, 0x0, 0x5c, 0x38, 0x15,
    0x39, 0x0, 0x97, 0x0, 0x2b, 0xc3, 0x2a, 0x74,
    0x61, 0x34, 0x80, 0x7, 0x95, 0x58, 0x12, 0x90,
    0x35, 0xab, 0xbd, 0x47, 0x5d, 0xbd, 0xaa, 0xaa,
    0x91, 0x0, 0x4, 0x0, 0x80, 0x0, 0xa5, 0x72,
    0x0, 0x0, 0x0, 0x1a, 0x90, 0x67, 0x20, 0x18,
    0x26, 0x22, 0xc8, 0x0, 0xa, 0x68, 0xa, 0x1b,
    0xca, 0x29, 0x52, 0x84, 0x0, 0x0, 0x5b, 0xa0,
    0xa0, 0x0, 0x29, 0xc6, 0xa9, 0xb9, 0x70, 0x0,
    0x5, 0xbe, 0xcb, 0xba, 0x61, 0x0, 0x0, 0x0,
    0x0, 0x7, 0xa0, 0x81, 0x46, 0xa0, 0x0, 0x38,
    0x14, 0xa1, 0xc, 0xb8, 0x46, 0x10, 0x0, 0x17,
    0x8, 0x74, 0x71, 0x71, 0x8b, 0xce, 0xdc, 0xbc,
    0xee, 0xcc, 0xac, 0x2a, 0xb9, 0x8, 0x0, 0x0,
    0x0, 0x0, 0x0, 0x0, 0x0, 0x4, 0x60, 0xa0,
    0x0, 0x0, 0x0, 0x0, 0x0, 0x0, 0x5b, 0xa0,
    0xa, 0x0, 0x0, 0x0, 0x0, 0x0, 0x0, 0x0,
    0x0, 0x0, 0x0, 0x0, 0x0, 0x0, 0x0, 0x0,
    0x0, 0x0, 0x0,

    /* U+FDFB "ﷻ" */
    0x0, 0x0, 0x4, 0x40, 0x8, 0x0, 0x0, 0x0,
    0x0, 0x0, 0x0, 0x86, 0x1, 0xa1, 0x0, 0x0,
    0x0, 0x0, 0x0, 0x48, 0x0, 0x73, 0x0, 0x0,
    0x0, 0x0, 0x0, 0x0, 0x52, 0x0, 0x70, 0x89,
    0x0, 0x0, 0x0, 0x20, 0x8, 0x30, 0x1e, 0x13,
    0x72, 0x0, 0x0, 0x6, 0xd3, 0x65, 0x40, 0xc0,
    0x78, 0x13, 0x81, 0x5, 0x71, 0xba, 0x66, 0xc,
    0x6, 0xdc, 0xb1, 0x0, 0x88, 0x81, 0xa8, 0x0,
    0xd1, 0x5e, 0xbd, 0xfa, 0x0, 0x9e, 0x22, 0xf3,
    0xc, 0x44, 0x3e, 0xf3, 0x0, 0x75, 0x72, 0x19,
    0xa6, 0x7e, 0xcc, 0xae, 0xe6, 0x4, 0xde, 0x30,
    0x86, 0xd2, 0xfc, 0xc7, 0x40, 0x0, 0x3, 0x6c,
    0xd5, 0xc4, 0x26, 0x2, 0xc, 0x0, 0x0, 0x61,
    0x4, 0xc4, 0x7b, 0x5, 0xa0, 0x0, 0x0, 0x5,
    0x60, 0x67, 0xc7, 0x0, 0x0, 0x0, 0x0, 0x0,
    0xa, 0xdc, 0x71, 0x0, 0x0, 0x0, 0x0, 0x0,

    /* U+FDFC "﷼" */
    0x0, 0x0, 0x0, 0xb, 0xf5, 0x0, 0xef, 0x20,
    0x0, 0x0, 0x0, 0x0, 0x0, 0x0, 0x0, 0x0,
    0xb, 0xf5, 0x0, 0xef, 0x20, 0x0, 0x0, 0x0,
    0x0, 0x0, 0x0, 0x0, 0x0, 0xb, 0xf5, 0x0,
    0xef, 0x20, 0x0, 0x0, 0x0, 0x0, 0x0, 0x0,
    0x0, 0x0, 0xb, 0xf5, 0x0, 0xef, 0x20, 0x0,
    0x0, 0x0, 0x0, 0x0, 0x0, 0x0, 0x0, 0xb,
    0xf5, 0x0, 0xef, 0x20, 0x0, 0xac, 0x20, 0x2,
    0xca, 0x0, 0x0, 0x0, 0xb, 0xf5, 0x0, 0xef,
    0x20, 0x0, 0xdf, 0x30, 0x3, 0xfd, 0x0, 0x0,
    0x0, 0xb, 0xf5, 0x0, 0xef, 0x20, 0x0, 0xdf,
    0x30, 0x3, 0xfd, 0x1, 0x0, 0x0, 0xb, 0xf5,
    0x0, 0xef, 0x20, 0x0, 0xdf, 0x30, 0x3, 0xfd,
    0x6f, 0x70, 0x0, 0xb, 0xf5, 0x0, 0xef, 0x20,
    0x0, 0xdf, 0x30, 0x3, 0xfd, 0xbf, 0x40, 0x0,
    0xb, 0xf5, 0x0, 0xef, 0x20, 0x0, 0xdf, 0x30,
    0x3, 0xfd, 0xef, 0x20, 0x0, 0xb, 0xf5, 0x0,
    0xef, 0xcb, 0xbb, 0xff, 0x30, 0x3, 0xfd, 0xff,
    0x20, 0x0, 0xb, 0xf5, 0x0, 0xef, 0xff, 0xff,
    0xff, 0x30, 0x3, 0xfd, 0xdf, 0x40, 0x0, 0xd,
    0xf4, 0x0, 0x0, 0x0, 0x0, 0x0, 0x0, 0x4,
    0xfc, 0x8f, 0xd2, 0x1, 0x8f, 0xf0, 0x0, 0x0,
    0x28, 0x15, 0x70, 0x12, 0xa, 0xfa, 0xd, 0xff,
    0xff, 0xff, 0x50, 0x0, 0x0, 0x9f, 0x5d, 0xf1,
    0xaf, 0xff, 0xf2, 0x0, 0x7a, 0xba, 0x82, 0x0,
    0x0, 0x0, 0x3a, 0x16, 0x90, 0x28, 0xb9, 0x20,

    /* U+FDFD "﷽" */
    0x0, 0x0, 0x0, 0x0, 0x0, 0x0, 0x0, 0x0,
    0x0, 0x0, 0x0, 0x0, 0x0, 0x0, 0x0, 0x0,
    0x0, 0x0, 0x0, 0x0, 0x0, 0x0, 0x0, 0x0,
    0x0, 0x0, 0x0, 0x0, 0x0, 0x0, 0x0, 0x0,
    0x0, 0x0, 0x0, 0x0, 0x0, 0x0, 0x0, 0x0,
    0x0, 0x0, 0x0, 0x0, 0x0, 0x0, 0x0, 0x0,
    0x0, 0x0, 0x0, 0x0, 0x0, 0x0, 0x0, 0x0,
    0x0, 0x0, 0x0, 0x0, 0x0, 0x0, 0x0, 0x0,
    0x0, 0x0, 0x0, 0x0, 0x0, 0x0, 0x0, 0x0,
    0x0, 0x0, 0x0, 0x0, 0x0, 0x0, 0x0, 0x0,
    0x0, 0x0, 0x0, 0x0, 0x0, 0x0, 0x0, 0x0,
    0x0, 0x0, 0x0, 0x0, 0x0, 0x0, 0x0, 0x0,
    0x0, 0x0, 0x0, 0x0, 0x0, 0x0, 0x0, 0x0,
    0x0, 0x0, 0x0, 0x0, 0x0, 0x0, 0x0, 0x0,
    0x0, 0x0, 0x0, 0x0, 0x0, 0x0, 0x0, 0x0,
    0x0, 0x0, 0x0, 0x0, 0x0, 0x0, 0x0, 0x0,
    0x0, 0xb, 0x0, 0x0, 0x0, 0x0, 0x0, 0x0,
    0x0, 0x0, 0x0, 0x0, 0x0, 0x0, 0x0, 0x0,
    0x0, 0x0, 0x0, 0x0, 0x0, 0x0, 0x0, 0x0,
    0x0, 0x0, 0x0, 0x0, 0x0, 0x0, 0x0, 0x0,
    0x0, 0x0, 0x0, 0x0, 0x0, 0x0, 0x0, 0x0,
    0x0, 0x0, 0x0, 0x0, 0x0, 0x0, 0x0, 0x0,
    0x0, 0x0, 0x0, 0x0, 0x0, 0x0, 0x0, 0x0,
    0x0, 0x0, 0x0, 0x0, 0x0, 0x0, 0x0, 0x0,
    0x0, 0x0, 0x0, 0x0, 0x0, 0x0, 0x0, 0x0,
    0x0, 0x0, 0x0, 0x0, 0x0, 0x0, 0x0, 0x0,
    0x0, 0x0, 0x0, 0x0, 0x0, 0x0, 0x0, 0x0,
    0xb0, 0x0, 0x0, 0x0, 0x0, 0x0, 0x0, 0x0,
    0x0, 0x0, 0x0, 0x0, 0x0, 0x0, 0x0, 0x0,
    0x0, 0x0, 0x0, 0x0, 0x0, 0x0, 0x0, 0x0,
    0x0, 0x0, 0x0, 0x0, 0x0, 0x0, 0x0, 0x0,
    0x0, 0x0, 0x0, 0x0, 0x0, 0x0, 0x0, 0x0,
    0x0, 0x0, 0x0, 0x0, 0x0, 0x0, 0x0, 0x0,
    0x0, 0x0, 0x0, 0x0, 0x0, 0x0, 0x0, 0x0,
    0x0, 0x0, 0x0, 0x0, 0x2b, 0xb0, 0x0, 0x0,
    0x0, 0x0, 0x0, 0x0, 0x0, 0x0, 0x0, 0x0,
    0x0, 0x0, 0x0, 0x0, 0x0, 0x0, 0x0, 0x0,
    0x2b, 0xa0, 0x0, 0x0, 0x0, 0x0, 0x3, 0x11,
    0x0, 0x0, 0x0, 0x0, 0x0, 0x0, 0x0, 0x0,
    0x0, 0x0, 0x0, 0x0, 0x0, 0x0, 0x0, 0x0,
    0x0, 0x0, 0x0, 0x0, 0x0, 0x0, 0x0, 0x0,
    0x0, 0x0, 0x0, 0x0, 0x0, 0x0, 0x0, 0x0,
    0x0, 0x0, 0x0, 0x0, 0x0, 0x0, 0x0, 0x0,
    0x0, 0x0, 0x0, 0x0, 0x0, 0x0, 0x0, 0x0,
    0x0, 0x0, 0x0, 0x0, 0x0, 0x0, 0x0, 0x0,
    0x0, 0x0, 0xb, 0xbc, 0x0, 0x0, 0x0, 0x0,
    0x0, 0x0, 0x0, 0x0, 0x0, 0x0, 0x0, 0x0,
    0x0, 0x0, 0x0, 0x0, 0x0, 0x0, 0x1b, 0xbc,
    0x0, 0x0, 0x0, 0x0, 0xa1, 0xb6, 0x60, 0x0,
    0x0, 0x0, 0x0, 0x0, 0x0, 0x0, 0x0, 0x0,
    0x0, 0x0, 0x0, 0x0, 0x0, 0x0, 0x0, 0x0,
    0x0, 0x0, 0x0, 0x0, 0x0, 0x0, 0x0, 0x0,
    0x0, 0x0, 0x0, 0x0, 0x0, 0x0, 0x0, 0x0,
    0x0, 0x0, 0x0, 0x0, 0x0, 0x0, 0x0, 0x0,
    0x0, 0x0, 0x0, 0x0, 0x0, 0x0, 0x0, 0x0,
    0x0, 0x0, 0x0, 0x0, 0x0, 0x0, 0x0, 0x6f,
    0x30, 0x0, 0x0, 0x0, 0x0, 0x0, 0x0, 0x0,
    0x0, 0x0, 0x0, 0x0, 0x0, 0x0, 0x0, 0x0,
    0x0, 0x0, 0x0, 0x7f, 0x20, 0x0, 0x0, 0x0,
    0x0, 0x0, 0x8, 0xe9, 0xa2, 0x0, 0x0, 0x1f,
    0x80, 0x0, 0x0, 0x0, 0x0, 0x0, 0x0, 0x0,
    0x0, 0x0, 0x0, 0x0, 0x0, 0x0, 0x0, 0x0,
    0x0, 0x0, 0x0, 0x0, 0x0, 0x0, 0x0, 0x0,
    0x0, 0x0, 0x0, 0x0, 0x0, 0x0, 0x0, 0x0,
    0x0, 0x0, 0x0, 0x0, 0x0, 0x0, 0x0, 0x0,
    0x0, 0x0, 0x0, 0x0, 0x0, 0x0, 0x0, 0x0,
    0x0, 0x0, 0x0, 0x0, 0x0, 0x6, 0xf3, 0x3,
    0xf6, 0x0, 0x0, 0x0, 0x0, 0x0, 0x0, 0x0,
    0x0, 0x0, 0x0, 0x0, 0x0, 0x0, 0x0, 0x0,
    0x0, 0x7, 0xf3, 0x3, 0xf5, 0x0, 0x0, 0x0,
    0x0, 0x0, 0x0, 0x0, 0x0, 0x1, 0xf8, 0x0,
    0x0, 0x0, 0x0, 0x0, 0x0, 0x0, 0x0, 0x0,
    0x0, 0x0, 0x0, 0x0, 0x0, 0x0, 0x0, 0x0,
    0x0, 0x0, 0x0, 0x0, 0x0, 0x0, 0x0, 0x0,
    0x0, 0x0, 0x0, 0x0, 0x0, 0x0, 0x0, 0x0,
    0x0, 0x0, 0x0, 0x0, 0x0, 0x0, 0x0, 0x0,
    0x0, 0x0, 0x0, 0x0, 0x0, 0x0, 0x0, 0x0,
    0x0, 0x0, 0x0, 0x0, 0x6f, 0x30, 0x3f, 0x70,
    0x0, 0x9, 0xb0, 0x0, 0x0, 0x0, 0x0, 0x0,
    0x0, 0x0, 0x0, 0x0, 0x0, 0x0, 0x0, 0x0,
    0x7f, 0x30, 0x4f, 0x60, 0x0, 0x0, 0x0, 0x0,
    0x3f, 0x60, 0xd, 0xd0, 0x1f, 0x80, 0x0, 0x0,
    0x0, 0x0, 0x0, 0x0, 0x0, 0x0, 0x0, 0x0,
    0x0, 0x0, 0x0, 0x0, 0x0, 0x0, 0x0, 0x0,
    0x0, 0x0, 0x0, 0x0, 0x0, 0x0, 0x0, 0x0,
    0x0, 0x0, 0x0, 0x0, 0x0, 0x0, 0x0, 0x0,
    0x0, 0x0, 0x0, 0x0, 0x0, 0x0, 0x1, 0x0,
    0x0, 0x1, 0x10, 0x0, 0x1, 0x0, 0x0, 0x0,
    0x1, 0x0, 0x6, 0xf3, 0x3, 0xf7, 0x0, 0x0,
    0x68, 0x0, 0x10, 0x0, 0x0, 0x10, 0x0, 0x0,
    0x1, 0x0, 0x0, 0x0, 0x1, 0x0, 0x7, 0xf3,
    0x4, 0xf6, 0x0, 0x0, 0x5, 0xd4, 0x3, 0xf6,
    0x0, 0xdd, 0x1, 0xf8, 0x0, 0x0, 0x0, 0x0,
    0x0, 0x0, 0x0, 0x0, 0x0, 0x0, 0x0, 0x0,
    0x0, 0x0, 0x0, 0x0, 0x0, 0x0, 0x0, 0x0,
    0x0, 0x0, 0x0, 0x0, 0x0, 0x0, 0x0, 0x0,
    0x0, 0x0, 0x0, 0x0, 0x0, 0x0, 0x0, 0x11,
    0x0, 0x1, 0x10, 0x2, 0xbf, 0xfc, 0x20, 0x0,
    0xcd, 0x0, 0x7f, 0xff, 0xa0, 0x0, 0x3, 0xf7,
    0x0, 0x6f, 0x30, 0x3f, 0x70, 0x0, 0x0, 0x0,
    0xaf, 0x0, 0x8, 0xef, 0xf7, 0x0, 0x8f, 0xff,
    0xa0, 0x0, 0x3, 0xf6, 0x0, 0x7f, 0x30, 0x4f,
    0x60, 0x3, 0xcf, 0xff, 0x50, 0x3f, 0x60, 0xd,
    0xd0, 0x1f, 0x80, 0x0, 0x4c, 0xff, 0xb1, 0x0,
    0x0, 0x0, 0x0, 0x0, 0x0, 0x0, 0x0, 0x0,
    0x0, 0x0, 0x0, 0x0, 0x0, 0x0, 0x0, 0x0,
    0x0, 0x0, 0x0, 0x0, 0x0, 0x0, 0x0, 0x0,
    0x0, 0x1, 0x20, 0x1, 0x20, 0xb, 0xe0, 0x0,
    0xec, 0x0, 0xae, 0x65, 0xfd, 0x0, 0xc, 0xd0,
    0x2, 0x64, 0xaf, 0x70, 0x0, 0x3f, 0x70, 0x6,
    0xf3, 0x3, 0xf7, 0x0, 0x0, 0x0, 0xa, 0xf0,
    0x3, 0xf9, 0x4b, 0xf4, 0x3, 0x64, 0xaf, 0x60,
    0x0, 0x3f, 0x60, 0x7, 0xf3, 0x4, 0xf6, 0x2,
    0xfe, 0x67, 0xf5, 0x3, 0xf6, 0x0, 0xdd, 0x1,
    0xf8, 0x0, 0xd, 0xd5, 0x7f, 0xa0, 0x0, 0x0,
    0x0, 0x0, 0x0, 0x0, 0x0, 0x0, 0x0, 0x0,
    0x0, 0x0, 0x0, 0x0, 0x0, 0x0, 0x0, 0x0,
    0x0, 0x0, 0x0, 0x0, 0x0, 0x0, 0x0, 0x0,
    0xbf, 0x0, 0x9f, 0x0, 0xbe, 0x0, 0xe, 0xc0,
    0xd, 0xb0, 0x9, 0xf1, 0x0, 0xcd, 0x0, 0x0,
    0x0, 0xfb, 0x0, 0x3, 0xf7, 0x0, 0x6f, 0x30,
    0x3f, 0x70, 0x1, 0x0, 0x0, 0xaf, 0x0, 0x6f,
    0x20, 0x2f, 0x80, 0x0, 0x0, 0xfa, 0x0, 0x3,
    0xf6, 0x0, 0x7f, 0x30, 0x4f, 0x60, 0x6f, 0x40,
    0x4f, 0x50, 0x3f, 0x60, 0xd, 0xd0, 0x1f, 0x80,
    0x0, 0xf8, 0x0, 0xce, 0x0, 0x0, 0x0, 0x0,
    0x0, 0x0, 0x0, 0x0, 0x0, 0x0, 0x0, 0x0,
    0x0, 0x0, 0x0, 0x0, 0x0, 0x0, 0x0, 0x0,
    0x0, 0x0, 0x0, 0x0, 0x0, 0x0, 0xb, 0xf0,
    0x9, 0xf0, 0xb, 0xe0, 0x0, 0xec, 0x0, 0xdb,
    0x0, 0xaf, 0x0, 0xc, 0xd0, 0x0, 0x0, 0xb,
    0xe0, 0x0, 0x3f, 0x70, 0x6, 0xf3, 0x3, 0xf7,
    0x1, 0xf7, 0x0, 0xa, 0xf0, 0x6, 0xf2, 0x4,
    0xf7, 0x0, 0x0, 0xc, 0xe0, 0x0, 0x3f, 0x60,
    0x7, 0xf3, 0x4, 0xf6, 0x7, 0xf4, 0x4, 0xf5,
    0x3, 0xf6, 0x0, 0xdd, 0x1, 0xf8, 0x0, 0xf,
    0x80, 0xd, 0xd0, 0x0, 0x0, 0x0, 0x0, 0x0,
    0x0, 0x0, 0x0, 0x0, 0x0, 0x0, 0x0, 0x0,
    0x0, 0x0, 0x0, 0x0, 0x0, 0x0, 0x0, 0x0,
    0x0, 0x0, 0x0, 0x0, 0x0, 0xbf, 0x0, 0xaf,
    0x0, 0xbe, 0x0, 0xe, 0xc0, 0x1b, 0xf5, 0x8f,
    0xf7, 0x55, 0xde, 0x55, 0x55, 0x55, 0x8f, 0x60,
    0x3, 0xf9, 0x55, 0x9f, 0x30, 0x3f, 0x70, 0x5f,
    0x40, 0x0, 0xaf, 0x55, 0x7f, 0x96, 0xdf, 0xb5,
    0x55, 0x55, 0x9f, 0x50, 0x3, 0xf9, 0x55, 0xaf,
    0x30, 0x4f, 0x60, 0x2f, 0xd6, 0x8f, 0x85, 0x7f,
    0x95, 0x5e, 0xd0, 0x1f, 0x80, 0x2, 0xdd, 0x5a,
    0xfe, 0x65, 0x55, 0x55, 0x55, 0x55, 0x55, 0x55,
    0x55, 0x55, 0x55, 0x55, 0x55, 0x55, 0x55, 0x55,
    0x55, 0x55, 0x55, 0x55, 0x55, 0x55, 0x55, 0x55,
    0x55, 0x55, 0x55, 0x5c, 0xf5, 0x6f, 0xfa, 0x5d,
    0xf5, 0x55, 0xec, 0xe, 0xff, 0xfe, 0x97, 0xef,
    0xff, 0xff, 0xff, 0xff, 0xff, 0xf9, 0x0, 0x3f,
    0xff, 0xff, 0xf3, 0x3, 0xf7, 0x7, 0xf3, 0x0,
    0xa, 0xff, 0xff, 0xff, 0xfc, 0x5c, 0xff, 0xff,
    0xff, 0xf8, 0x0, 0x3f, 0xff, 0xff, 0xf3, 0x4,
    0xf6, 0x0, 0x3c, 0xff, 0xff, 0xff, 0xff, 0xff,
    0xfd, 0x1, 0xf8, 0x2, 0xff, 0xff, 0xe7, 0x9f,
    0xff, 0xff, 0xff, 0xff, 0xff, 0xff, 0xff, 0xff,
    0xff, 0xff, 0xff, 0xff, 0xff, 0xff, 0xff, 0xff,
    0xff, 0xff, 0xff, 0xff, 0xff, 0xff, 0xff, 0xff,
    0xff, 0xff, 0xff, 0xff, 0xc4, 0xcf, 0xff, 0xff,
    0xff, 0xc2, 0xf9, 0x0, 0x0, 0x0, 0x0, 0x0,
    0x0, 0x0, 0x0, 0x0, 0x0, 0x3, 0xf6, 0x0,
    0x0, 0x0, 0x0, 0x0, 0x6f, 0x40, 0x0, 0xbe,
    0x0, 0x0, 0x0, 0x0, 0x0, 0x0, 0x0, 0x0,
    0x0, 0x4, 0xf6, 0x0, 0x0, 0x0, 0x0, 0x0,
    0x0, 0x0, 0x0, 0x0, 0x0, 0x0, 0x0, 0x0,
    0x0, 0x0, 0x5f, 0x60, 0x0, 0x0, 0x0, 0x0,
    0x0, 0x0, 0x0, 0x0, 0x0, 0x0, 0x0, 0x0,
    0x0, 0x0, 0x0, 0x0, 0x0, 0x0, 0x0, 0x0,
    0x0, 0x0, 0x0, 0x0, 0x0, 0x0, 0x0, 0x0,
    0x0, 0x0, 0x0, 0x0, 0x0, 0x0, 0x0, 0x0,
    0x2f, 0x70, 0x0, 0x0, 0x1, 0xe5, 0xc8, 0x0,
    0x0, 0x0, 0x0, 0x31, 0x9f, 0x40, 0x0, 0x0,
    0x0, 0x0, 0x2, 0xfc, 0x21, 0x6f, 0xa0, 0x0,
    0x0, 0x0, 0x0, 0x0, 0x0, 0x0, 0x0, 0x32,
    0xaf, 0x30, 0x0, 0x0, 0x0, 0x0, 0x0, 0x0,
    0x0, 0x0, 0x0, 0x0, 0x0, 0x0, 0x0, 0x0,
    0x5, 0xf4, 0x0, 0x0, 0x0, 0x0, 0x0, 0x0,
    0x0, 0x0, 0x0, 0x0, 0x0, 0x0, 0x0, 0x0,
    0x0, 0x0, 0x0, 0x0, 0x0, 0x0, 0x0, 0x0,
    0x0, 0x0, 0x0, 0x0, 0x0, 0x0, 0x0, 0x0,
    0x0, 0x0, 0x0, 0x0, 0x0, 0x25, 0x2, 0xf7,
    0x0, 0x0, 0x0, 0xa, 0x38, 0x50, 0x0, 0x0,
    0x0, 0xd, 0xff, 0xa0, 0x0, 0x0, 0x0, 0x0,
    0x0, 0x6, 0xff, 0xff, 0xc1, 0x0, 0x0, 0x0,
    0x0, 0x0, 0x0, 0x0, 0x0, 0xd, 0xff, 0xa0,
    0x0, 0x0, 0x0, 0x0, 0x0, 0x0, 0x0, 0x0,
    0x0, 0x0, 0x0, 0x0, 0x0, 0x0, 0x0, 0x5f,
    0x40, 0x0, 0x0, 0x0, 0x0, 0x0, 0x0, 0x0,
    0x0, 0x0, 0x0, 0x0, 0x0, 0x0, 0x0, 0x0,
    0x0, 0x0, 0x0, 0x0, 0x0, 0x0, 0x0, 0x0,
    0x0, 0x0, 0x0, 0x0, 0x0, 0x0, 0x0, 0x0,
    0x0, 0x0, 0x0, 0x9, 0xe0, 0x2f, 0x70, 0x0,
    0x0, 0x0, 0x0, 0x0, 0x0, 0x0, 0x0, 0x0,
    0x3, 0x30, 0x0, 0x0, 0x0, 0x0, 0x0, 0x0,
    0x1, 0x44, 0x20, 0x0, 0x0, 0x0, 0x0, 0x0,
    0x0, 0x0, 0x0, 0x0, 0x3, 0x30, 0x0, 0x0,
    0x0, 0x0, 0x0, 0x0, 0x0, 0x0, 0x0, 0x0,
    0x0, 0x0, 0x0, 0x0, 0x0, 0x5, 0xf4, 0x0,
    0x0, 0x0, 0x0, 0x0, 0x0, 0x0, 0x0, 0x0,
    0x0, 0x0, 0x0, 0x0, 0x0, 0x0, 0x0, 0x0,
    0x0, 0x0, 0x0, 0x0, 0x0, 0x0, 0x0, 0x0,
    0x0, 0x0, 0x0, 0x0, 0x0, 0x0, 0x0, 0x0,
    0x0, 0x0, 0x12, 0x0, 0x10, 0x0, 0x0, 0x0,
    0x0, 0x0, 0x0, 0x0, 0x0, 0x0, 0x0, 0x0,
    0x0, 0x0, 0x0, 0x0, 0x0, 0x0, 0x0, 0x0,
    0x0, 0x0, 0x0, 0x0, 0x0, 0x0, 0x0, 0x0,
    0x0, 0x0, 0x0, 0x0, 0x0, 0x0, 0x0, 0x0,
    0x0, 0x0, 0x0, 0x0, 0x0, 0x0, 0x0, 0x0,
    0x0, 0x0, 0x0, 0x0, 0x1, 0x0, 0x0, 0x0,
    0x0, 0x0, 0x0, 0x0, 0x0, 0x0, 0x0, 0x0,
    0x0, 0x0, 0x0, 0x0, 0x0, 0x0, 0x0, 0x0,
    0x0, 0x0, 0x0, 0x0, 0x0, 0x0, 0x0, 0x0,
    0x0, 0x0, 0x0, 0x0, 0x0, 0x0, 0x0, 0x0,
    0x0, 0x0,

    /* U+FDFE "﷾" */
    0x0, 0x0, 0x0, 0x1, 0x10, 0x0, 0x2, 0x20,
    0x0, 0x0, 0x0, 0x0, 0x0, 0x0, 0x8, 0x6b,
    0x2, 0x66, 0x63, 0x40, 0x0, 0x0, 0x0, 0x0,
    0x0, 0x0, 0x76, 0xc2, 0x40, 0x3, 0x44, 0x0,
    0x0, 0x0, 0x0, 0x0, 0x0, 0x5, 0x5c, 0x9,
    0xe9, 0x4, 0x30, 0x14, 0x0, 0x0, 0x0, 0x0,
    0x0, 0x36, 0xb1, 0xd1, 0xc1, 0x76, 0x3, 0x0,
    0x0, 0x0, 0x0, 0x0, 0x1, 0x6a, 0x2, 0xbb,
    0x3, 0x70, 0x8e, 0x10, 0x0, 0x0, 0x0, 0x3,
    0x81, 0x6e, 0xc8, 0xcf, 0xb1, 0x8, 0x28, 0x0,
    0x0, 0x0, 0x3, 0x95, 0x60, 0x0, 0x0, 0x0,
    0x34, 0xbd, 0xa0, 0x0, 0x0, 0x0, 0x4d, 0xff,
    0xff, 0xff, 0xff, 0xfd, 0x40, 0x36, 0x0, 0x0,
    0x4, 0x5b, 0x34, 0x70, 0x0, 0x0, 0x0, 0x6,
    0xda, 0x0, 0x0, 0x7, 0xc6, 0x2c, 0x48, 0x1d,
    0xd5, 0x0, 0x0, 0x0, 0x0, 0x2a, 0x1, 0xb5,
    0x60, 0x74, 0x90, 0x15, 0xee, 0x50, 0x90, 0x44,
    0x74, 0x82, 0x6, 0x8b, 0xfb, 0xb, 0xff, 0xb2,
    0x9f, 0xe9, 0xed, 0xfd, 0xdf, 0x10, 0x0, 0x0,
    0x0, 0x0, 0x0, 0x0, 0x0, 0x20, 0x0, 0x0,
    0x0, 0x0, 0x0, 0x0, 0x0, 0x0, 0x0, 0x0,
    0xa, 0x0, 0x0, 0x0, 0x0,

    /* U+FDFF "﷿" */
    0x0, 0x0, 0x30, 0x3, 0x40, 0x0, 0x0, 0x0,
    0x0, 0x62, 0x1, 0x0, 0x0, 0x0, 0x0, 0x0,
    0x13, 0x5, 0xd7, 0x0, 0x0, 0x0, 0x1, 0x6c,
    0xa, 0x11, 0x30, 0x0, 0x0, 0x5, 0xa8, 0xee,
    0xdb, 0x70, 0x0, 0x0, 0x3, 0xba, 0x0, 0x0,
    0x26, 0x0, 0x0, 0x1c, 0xe2, 0xad, 0x40, 0x10,
    0x0, 0x0, 0x0, 0xb0, 0x41, 0xca, 0x45, 0xd3,
    0x2, 0x0, 0xaf, 0xfc, 0x60, 0x8, 0x19, 0x34,
    0x0, 0x70, 0x0, 0x20, 0x8, 0xca, 0x28, 0x3,
    0x90, 0x0, 0xc1, 0x0, 0x49, 0x9, 0xda, 0x10,
    0x0, 0x0, 0x4c, 0xb1,

    /* U+FE70 "ﹰ" */
    0x0, 0x25, 0x6c, 0xd6, 0x93, 0x57, 0x9e, 0xa3,
    0x60, 0x0,

    /* U+FE71 "ﹱ" */
    0x0, 0x0, 0x11, 0x0, 0x5, 0xbe, 0x30, 0x6,
    0xa4, 0x42, 0x0, 0x18, 0xeb, 0x20, 0x5, 0x71,
    0x0, 0x0, 0x0, 0x0, 0x0, 0x0, 0x0, 0x0,
    0x0, 0x0, 0x0, 0x0, 0x0, 0x0, 0x0, 0x1,
    0xbb, 0xbb, 0xb0, 0x2f, 0xff, 0xff, 0x0,

    /* U+FE72 "ﹲ" */
    0x0, 0x9, 0xd6, 0x1, 0xe, 0x2c, 0x7e, 0x2d,
    0xc8, 0x76, 0xdd, 0x80,

    /* U+FE73 "ﹳ" */
    0x6f, 0x80, 0xb, 0xf4, 0x0, 0xdf, 0x20, 0xf,
    0xf1, 0x0, 0xef, 0x30, 0xa, 0xfa, 0x0, 0x2f,
    0xfd, 0x90, 0x3b, 0xfd,

    /* U+FE74 "ﹴ" */
    0x1, 0x69, 0xbe, 0x92, 0x54, 0x9a, 0xdb, 0x50,
    0x10, 0x0,

    /* U+FE76 "ﹶ" */
    0x0, 0x39, 0x6, 0xdc, 0x60, 0x52, 0x0, 0x0,

    /* U+FE77 "ﹷ" */
    0x0, 0x0, 0x52, 0x0, 0x29, 0xea, 0x20, 0x4,
    0x61, 0x0, 0x0, 0x0, 0x0, 0x0, 0x0, 0x0,
    0x0, 0x0, 0x0, 0x0, 0x0, 0x0, 0x0, 0x0,
    0x1, 0xbb, 0xbb, 0xb0, 0x2f, 0xff, 0xff, 0x0,

    /* U+FE78 "ﹸ" */
    0x0, 0x1c, 0xd2, 0x0, 0x59, 0x78, 0x3, 0x2e,
    0xe3, 0xb, 0xec, 0x30,

    /* U+FE79 "ﹹ" */
    0x0, 0xa, 0xe8, 0x0, 0x10, 0xc2, 0xb0, 0x8,
    0xdd, 0x61, 0x0, 0x0, 0x0, 0x0, 0x0, 0x0,
    0x0, 0x0, 0x0, 0x0, 0x0, 0x0, 0x0, 0x0,
    0x0, 0x0, 0x0, 0x0, 0x1b, 0xbb, 0xbb, 0x2,
    0xff, 0xff, 0xf0,

    /* U+FE7A "ﹺ" */
    0x0, 0x39, 0x34, 0xdc, 0x60, 0x32, 0x0, 0x0,

    /* U+FE7B "ﹻ" */
    0x1b, 0xbb, 0xbb, 0x2, 0xff, 0xff, 0xf0, 0x0,
    0x0, 0x0, 0x0, 0x0, 0x4, 0x20, 0x1, 0x8e,
    0xb2, 0x0, 0x47, 0x10, 0x0,

    /* U+FE7C "ﹼ" */
    0x0, 0x0, 0x0, 0x80, 0xd0, 0xb3, 0xf0, 0xd1,
    0xc3, 0x9e, 0x8d, 0xb0,

    /* U+FE7D "ﹽ" */
    0x0, 0x5, 0x14, 0x30, 0xd2, 0xa4, 0x96, 0x7,
    0xe9, 0xcd, 0x20, 0x0, 0x0, 0x0, 0x0, 0x0,
    0x0, 0x0, 0x0, 0x0, 0x0, 0x0, 0x0, 0x0,
    0x0, 0x0, 0x0, 0x0, 0x1b, 0xbb, 0xbb, 0x2,
    0xff, 0xff, 0xf0,

    /* U+FE7E "ﹾ" */
    0x8e, 0xc2, 0xf1, 0x97, 0x8e, 0xd2,

    /* U+FE7F "ﹿ" */
    0x0, 0xbe, 0xa0, 0x0, 0x4c, 0xe, 0x20, 0x0,
    0xbe, 0xa0, 0x0, 0x0, 0x0, 0x0, 0x0, 0x0,
    0x0, 0x0, 0x0, 0x0, 0x0, 0x0, 0x0, 0x0,
    0x0, 0x0, 0x0, 0x0, 0x1b, 0xbb, 0xbb, 0x2,
    0xff, 0xff, 0xf0,

    /* U+FE80 "ﺀ" */
    0x4, 0xcf, 0xfc, 0x2, 0xff, 0xcb, 0xc0, 0x8f,
    0xa0, 0x0, 0x7, 0xf8, 0x0, 0x0, 0x1e, 0xe7,
    0x89, 0x5c, 0xff, 0xff, 0xf8, 0xa8, 0x64, 0x20,
    0x0,

    /* U+FE81 "ﺁ" */
    0x4e, 0xa1, 0x66, 0xc3, 0x7f, 0xe1, 0x11, 0x32,
    0x0, 0x6, 0xfa, 0x0, 0x6, 0xfa, 0x0, 0x6,
    0xfa, 0x0, 0x6, 0xfa, 0x0, 0x6, 0xfa, 0x0,
    0x6, 0xfa, 0x0, 0x6, 0xfa, 0x0, 0x6, 0xfa,
    0x0, 0x6, 0xfa, 0x0, 0x6, 0xfa, 0x0, 0x6,
    0xfa, 0x0,

    /* U+FE82 "ﺂ" */
    0x6, 0xe9, 0x18, 0x40, 0xd3, 0x8f, 0xd0, 0x1,
    0x0, 0x10, 0x0, 0x0, 0x0, 0x0, 0x0, 0x6f,
    0xa0, 0x0, 0x6, 0xfa, 0x0, 0x0, 0x6f, 0xa0,
    0x0, 0x6, 0xfa, 0x0, 0x0, 0x6f, 0xa0, 0x0,
    0x6, 0xfa, 0x0, 0x0, 0x6f, 0xa0, 0x0, 0x6,
    0xfa, 0x0, 0x0, 0x6f, 0xa0, 0x0, 0x6, 0xfa,
    0x0, 0x0, 0x6f, 0xeb, 0x80, 0x6, 0xff, 0xfc,

    /* U+FE83 "ﺃ" */
    0x3d, 0xd0, 0xb6, 0x0, 0xa4, 0x0, 0xae, 0xd4,
    0x34, 0x20, 0x6f, 0xa0, 0x6f, 0xa0, 0x6f, 0xa0,
    0x6f, 0xa0, 0x6f, 0xa0, 0x6f, 0xa0, 0x6f, 0xa0,
    0x6f, 0xa0, 0x6f, 0xa0, 0x6f, 0xa0, 0x6f, 0xa0,

    /* U+FE84 "ﺄ" */
    0x6, 0xdc, 0x0, 0xd, 0x30, 0x0, 0xb, 0xdd,
    0x20, 0x5, 0x20, 0x0, 0x0, 0x0, 0x0, 0x6,
    0xfa, 0x0, 0x6, 0xfa, 0x0, 0x6, 0xfa, 0x0,
    0x6, 0xfa, 0x0, 0x6, 0xfa, 0x0, 0x6, 0xfa,
    0x0, 0x6, 0xfa, 0x0, 0x6, 0xfa, 0x0, 0x6,
    0xfa, 0x0, 0x6, 0xfa, 0x0, 0x6, 0xfe, 0xb8,
    0x6, 0xff, 0xfc,

    /* U+FE85 "ﺅ" */
    0x0, 0x9, 0xd9, 0x0, 0x0, 0xf, 0x0, 0x0,
    0x0, 0x2d, 0xde, 0x0, 0x0, 0x14, 0x20, 0x0,
    0x0, 0x0, 0x0, 0x0, 0x0, 0x7d, 0xff, 0xf5,
    0xc, 0xfe, 0xbe, 0xf5, 0x8f, 0xc0, 0xb, 0xf5,
    0xcf, 0x50, 0xb, 0xf5, 0xdf, 0x40, 0xb, 0xf5,
    0xbf, 0x80, 0xb, 0xf5, 0x4f, 0xfc, 0xbe, 0xf5,
    0x5, 0xdf, 0xff, 0xf5, 0x0, 0x0, 0xc, 0xf4,
    0x25, 0x10, 0x5f, 0xf1, 0xbf, 0xff, 0xff, 0x70,
    0x27, 0xaa, 0x83, 0x0,

    /* U+FE86 "ﺆ" */
    0x0, 0x4d, 0xd1, 0x0, 0x0, 0x0, 0x97, 0x0,
    0x0, 0x0, 0x0, 0x8e, 0xd6, 0x0, 0x0, 0x0,
    0x42, 0x0, 0x0, 0x0, 0x0, 0x0, 0x0, 0x0,
    0x0, 0x0, 0x7d, 0xff, 0xf5, 0x0, 0xc, 0xfe,
    0xbe, 0xf5, 0x0, 0x8f, 0xc0, 0xb, 0xf5, 0x0,
    0xcf, 0x50, 0xb, 0xf5, 0x0, 0xdf, 0x40, 0xb,
    0xf5, 0x0, 0xbf, 0x80, 0xb, 0xf5, 0x0, 0x4f,
    0xfc, 0xbe, 0xfc, 0xb1, 0x5, 0xdf, 0xff, 0xff,
    0xf2, 0x0, 0x0, 0xc, 0xf4, 0x0, 0x25, 0x10,
    0x5f, 0xf1, 0x0, 0xbf, 0xff, 0xff, 0x70, 0x0,
    0x27, 0xaa, 0x83, 0x0, 0x0,

    /* U+FE87 "ﺇ" */
    0x6, 0xfa, 0x0, 0x6f, 0xa0, 0x6, 0xfa, 0x0,
    0x6f, 0xa0, 0x6, 0xfa, 0x0, 0x6f, 0xa0, 0x6,
    0xfa, 0x0, 0x6f, 0xa0, 0x6, 0xfa, 0x0, 0x6f,
    0xa0, 0x6, 0xfa, 0x0, 0x6f, 0xa0, 0x0, 0x0,
    0x0, 0x7d, 0xb0, 0xe, 0x20, 0x1, 0xcd, 0xd1,
    0x3, 0x10, 0x0,

    /* U+FE88 "ﺈ" */
    0x6, 0xfa, 0x0, 0x6, 0xfa, 0x0, 0x6, 0xfa,
    0x0, 0x6, 0xfa, 0x0, 0x6, 0xfa, 0x0, 0x6,
    0xfa, 0x0, 0x6, 0xfa, 0x0, 0x6, 0xfa, 0x0,
    0x6, 0xfa, 0x0, 0x6, 0xfa, 0x0, 0x6, 0xfe,
    0xb8, 0x6, 0xff, 0xfc, 0x0, 0x0, 0x0, 0x7,
    0xdb, 0x0, 0xe, 0x20, 0x0, 0x1c, 0xdd, 0x10,
    0x3, 0x10, 0x0,

    /* U+FE89 "ﺉ" */
    0x6, 0xdb, 0x0, 0x0, 0x0, 0x0, 0x0, 0xe3,
    0x0, 0x0, 0x5, 0xbd, 0x90, 0xb, 0x30, 0x0,
    0xa, 0xff, 0xfe, 0x1, 0xff, 0xf2, 0xa, 0xfc,
    0x31, 0x50, 0x3, 0x10, 0x4, 0xfc, 0x0, 0x0,
    0x0, 0x0, 0x0, 0x9f, 0x60, 0x0, 0x0, 0x37,
    0x20, 0x7, 0xfe, 0x50, 0x0, 0xb, 0xf2, 0x0,
    0x9, 0xff, 0x90, 0x0, 0xef, 0x10, 0x0, 0x4,
    0xef, 0xb0, 0xf, 0xf1, 0x0, 0x0, 0x1, 0xdf,
    0x50, 0xdf, 0x80, 0x0, 0x0, 0xc, 0xf6, 0x6,
    0xff, 0xcb, 0xbb, 0xbe, 0xff, 0x10, 0x7, 0xef,
    0xff, 0xff, 0xd9, 0x20, 0x0,

    /* U+FE8A "ﺊ" */
    0x7, 0xdb, 0x0, 0x0, 0x0, 0x0, 0x0, 0x0,
    0xe, 0x20, 0x0, 0x0, 0x0, 0x0, 0x0, 0x0,
    0xa, 0xbd, 0x20, 0x0, 0x0, 0x0, 0x0, 0x0,
    0x15, 0x20, 0x0, 0x3, 0xcf, 0xc2, 0x0, 0x0,
    0x0, 0x0, 0x0, 0x5f, 0xff, 0xfd, 0x0, 0x0,
    0x0, 0x0, 0x1, 0xff, 0x40, 0x9f, 0x90, 0x0,
    0x8e, 0x40, 0x5, 0xfa, 0x0, 0xc, 0xf6, 0x0,
    0xcf, 0x20, 0x3, 0xff, 0x93, 0x1, 0xef, 0xc0,
    0xef, 0x10, 0x0, 0x7e, 0xff, 0xb0, 0x2b, 0xf0,
    0xef, 0x20, 0x0, 0x0, 0x4e, 0xf4, 0x0, 0x0,
    0xbf, 0xc1, 0x0, 0x0, 0x4e, 0xf3, 0x0, 0x0,
    0x3f, 0xff, 0xff, 0xff, 0xff, 0xa0, 0x0, 0x0,
    0x3, 0x9b, 0xbb, 0xba, 0x94, 0x0, 0x0, 0x0,

    /* U+FE8B "ﺋ" */
    0x0, 0xad, 0x70, 0x2, 0xe0, 0x0, 0x3, 0xed,
    0xc0, 0x2, 0x31, 0x0, 0x0, 0x4, 0x40, 0x0,
    0xf, 0xf0, 0x0, 0xf, 0xf0, 0x0, 0xf, 0xf0,
    0x0, 0xf, 0xf0, 0x0, 0xf, 0xf0, 0x0, 0xf,
    0xf0, 0x1b, 0xbf, 0xf0, 0x2f, 0xff, 0xf0,

    /* U+FE8C "ﺌ" */
    0x0, 0xad, 0x70, 0x0, 0x2, 0xe0, 0x0, 0x0,
    0x3, 0xec, 0xc0, 0x0, 0x1, 0x31, 0x0, 0x0,
    0x0, 0x0, 0x0, 0x0, 0x0, 0xf, 0xf0, 0x0,
    0x0, 0xf, 0xf0, 0x0, 0x0, 0xf, 0xf0, 0x0,
    0x0, 0xf, 0xf0, 0x0, 0x0, 0xf, 0xf0, 0x0,
    0x0, 0xf, 0xf0, 0x0, 0x1b, 0xbf, 0xfb, 0xb1,
    0x2f, 0xff, 0xff, 0xf2,

    /* U+FE8D "ﺍ" */
    0x6f, 0xa6, 0xfa, 0x6f, 0xa6, 0xfa, 0x6f, 0xa6,
    0xfa, 0x6f, 0xa6, 0xfa, 0x6f, 0xa6, 0xfa, 0x6f,
    0xa6, 0xfa,

    /* U+FE8E "ﺎ" */
    0x6f, 0xa0, 0x6, 0xfa, 0x0, 0x6f, 0xa0, 0x6,
    0xfa, 0x0, 0x6f, 0xa0, 0x6, 0xfa, 0x0, 0x6f,
    0xa0, 0x6, 0xfa, 0x0, 0x6f, 0xa0, 0x6, 0xfa,
    0x0, 0x6f, 0xeb, 0x86, 0xff, 0xfc,

    /* U+FE8F "ﺏ" */
    0x0, 0x0, 0x0, 0x0, 0xf, 0xf0, 0x0, 0x0,
    0x0, 0x0, 0xf, 0xf0, 0x48, 0x20, 0x0, 0x0,
    0xf, 0xf0, 0xcf, 0x30, 0x0, 0x0, 0xf, 0xf0,
    0xef, 0x20, 0x0, 0x0, 0xf, 0xf0, 0xef, 0x50,
    0x0, 0x0, 0xf, 0xf0, 0x9f, 0xfb, 0xbb, 0xbb,
    0xbf, 0xf0, 0x9, 0xef, 0xff, 0xff, 0xff, 0xf0,
    0x0, 0x0, 0x0, 0x0, 0x0, 0x0, 0x0, 0x0,
    0x2f, 0x80, 0x0, 0x0, 0x0, 0x0, 0x3f, 0x90,
    0x0, 0x0, 0x0, 0x0, 0x1, 0x0, 0x0, 0x0,

    /* U+FE90 "ﺐ" */
    0x0, 0x0, 0x0, 0x0, 0xf, 0xf0, 0x0, 0x0,
    0x0, 0x0, 0x0, 0xf, 0xf0, 0x0, 0x48, 0x20,
    0x0, 0x0, 0xf, 0xf0, 0x0, 0xcf, 0x30, 0x0,
    0x0, 0xf, 0xf0, 0x0, 0xef, 0x20, 0x0, 0x0,
    0xf, 0xf0, 0x0, 0xef, 0x50, 0x0, 0x0, 0xf,
    0xf0, 0x0, 0x9f, 0xfb, 0xbb, 0xbb, 0xbf, 0xfb,
    0xb2, 0x9, 0xef, 0xff, 0xff, 0xff, 0xff, 0xf3,
    0x0, 0x0, 0x0, 0x0, 0x0, 0x0, 0x0, 0x0,
    0x0, 0x1, 0x0, 0x0, 0x0, 0x0, 0x0, 0x0,
    0xaf, 0x20, 0x0, 0x0, 0x0, 0x0, 0x0, 0x8e,
    0x10, 0x0, 0x0, 0x0,

    /* U+FE91 "ﺑ" */
    0x0, 0xf, 0xf0, 0x0, 0xf, 0xf0, 0x0, 0xf,
    0xf0, 0x0, 0xf, 0xf0, 0x0, 0xf, 0xf0, 0x0,
    0xf, 0xf0, 0x1b, 0xbf, 0xf0, 0x2f, 0xff, 0xf0,
    0x0, 0x0, 0x0, 0x0, 0x11, 0x0, 0x0, 0xee,
    0x0, 0x0, 0xcd, 0x0,

    /* U+FE92 "ﺒ" */
    0x0, 0xf, 0xf0, 0x0, 0x0, 0xf, 0xf0, 0x0,
    0x0, 0xf, 0xf0, 0x0, 0x0, 0xf, 0xf0, 0x0,
    0x0, 0xf, 0xf0, 0x0, 0x0, 0xf, 0xf0, 0x0,
    0x1b, 0xbf, 0xfb, 0xb1, 0x2f, 0xff, 0xff, 0xf2,
    0x0, 0x0, 0x0, 0x0, 0x0, 0x2, 0x0, 0x0,
    0x0, 0x4f, 0x90, 0x0, 0x0, 0x3f, 0x70, 0x0,

    /* U+FE93 "ﺓ" */
    0x8, 0xe2, 0xcc, 0x0, 0xa, 0xf2, 0xee, 0x0,
    0x0, 0x10, 0x11, 0x0, 0x0, 0x0, 0x0, 0x0,
    0x2, 0xbf, 0xfa, 0x10, 0x1e, 0xfc, 0xdf, 0xd0,
    0x9f, 0x90, 0xb, 0xf7, 0xdf, 0x20, 0x5, 0xfc,
    0xff, 0x10, 0x3, 0xfd, 0xcf, 0x50, 0x7, 0xfb,
    0x6f, 0xfc, 0xcf, 0xf5, 0x6, 0xdf, 0xfc, 0x50,

    /* U+FE94 "ﺔ" */
    0x6, 0xf3, 0xae, 0x0, 0x0, 0x7, 0xf5, 0xcf,
    0x10, 0x0, 0x0, 0x20, 0x1, 0x0, 0x0, 0x0,
    0x0, 0x0, 0x0, 0x0, 0x0, 0x0, 0xa, 0xe4,
    0x0, 0x1, 0x9e, 0xff, 0xf5, 0x0, 0x2e, 0xfe,
    0xbe, 0xf5, 0x0, 0xaf, 0xb0, 0xb, 0xf5, 0x0,
    0xef, 0x30, 0xb, 0xf5, 0x0, 0xef, 0x30, 0xb,
    0xf5, 0x0, 0xbf, 0x90, 0xb, 0xf5, 0x0, 0x3f,
    0xfd, 0xbe, 0xfc, 0xb3, 0x3, 0xae, 0xff, 0xff,
    0xf5,

    /* U+FE95 "ﺕ" */
    0x0, 0x1, 0x0, 0x20, 0x0, 0x0, 0x0, 0x1f,
    0xb5, 0xf7, 0x0, 0x0, 0x0, 0x1e, 0xa4, 0xf6,
    0x0, 0x0, 0x0, 0x0, 0x0, 0x0, 0xf, 0xf0,
    0x0, 0x0, 0x0, 0x0, 0xf, 0xf0, 0x6a, 0x30,
    0x0, 0x0, 0xf, 0xf0, 0xdf, 0x20, 0x0, 0x0,
    0xf, 0xf0, 0xff, 0x20, 0x0, 0x0, 0xf, 0xf0,
    0xef, 0x50, 0x0, 0x0, 0xf, 0xf0, 0x8f, 0xfb,
    0xbb, 0xbb, 0xbf, 0xf0, 0x9, 0xef, 0xff, 0xff,
    0xff, 0xf0,

    /* U+FE96 "ﺖ" */
    0x0, 0x9, 0xe1, 0xdc, 0x4, 0x40, 0x0, 0x0,
    0xa, 0xf2, 0xee, 0xf, 0xf0, 0x0, 0x0, 0x0,
    0x10, 0x11, 0xf, 0xf0, 0x0, 0x9f, 0x40, 0x0,
    0x0, 0xf, 0xf0, 0x0, 0xdf, 0x20, 0x0, 0x0,
    0xf, 0xf0, 0x0, 0xff, 0x20, 0x0, 0x0, 0xf,
    0xf0, 0x0, 0xdf, 0x60, 0x0, 0x0, 0xf, 0xf0,
    0x0, 0x8f, 0xfb, 0xbb, 0xbb, 0xbf, 0xfb, 0xb2,
    0x9, 0xef, 0xff, 0xff, 0xff, 0xff, 0xf3,

    /* U+FE97 "ﺗ" */
    0xb, 0xd1, 0xe9, 0xd, 0xf2, 0xfb, 0x0, 0x10,
    0x10, 0x0, 0x0, 0x0, 0x0, 0xd, 0xd0, 0x0,
    0xf, 0xf0, 0x0, 0xf, 0xf0, 0x0, 0xf, 0xf0,
    0x0, 0xf, 0xf0, 0x0, 0xf, 0xf0, 0x1b, 0xbf,
    0xf0, 0x2f, 0xff, 0xf0,

    /* U+FE98 "ﺘ" */
    0x4, 0xf5, 0x8e, 0x20, 0x6, 0xf7, 0xaf, 0x20,
    0x0, 0x20, 0x1, 0x0, 0x0, 0x0, 0x0, 0x0,
    0x0, 0x5, 0x94, 0x0, 0x0, 0x9, 0xf8, 0x0,
    0x0, 0x9, 0xf8, 0x0, 0x0, 0x9, 0xf8, 0x0,
    0x0, 0x9, 0xf8, 0x0, 0x0, 0x9, 0xf8, 0x0,
    0x1b, 0xbd, 0xfd, 0xba, 0x2f, 0xff, 0xff, 0xff,

    /* U+FE99 "ﺙ" */
    0x0, 0x0, 0x8e, 0x0, 0x0, 0x0, 0x0, 0x0,
    0x6c, 0x0, 0x0, 0x0, 0x0, 0xe, 0xa3, 0xf6,
    0x0, 0x0, 0x0, 0x1f, 0xc5, 0xf7, 0x0, 0x0,
    0x0, 0x1, 0x0, 0x20, 0xf, 0xf0, 0x0, 0x0,
    0x0, 0x0, 0xf, 0xf0, 0x6a, 0x30, 0x0, 0x0,
    0xf, 0xf0, 0xdf, 0x20, 0x0, 0x0, 0xf, 0xf0,
    0xff, 0x20, 0x0, 0x0, 0xf, 0xf0, 0xef, 0x50,
    0x0, 0x0, 0xf, 0xf0, 0x8f, 0xfb, 0xbb, 0xbb,
    0xbf, 0xf0, 0x9, 0xef, 0xff, 0xff, 0xff, 0xf0,

    /* U+FE9A "ﺚ" */
    0x0, 0x0, 0x1d, 0x40, 0x0, 0x0, 0x0, 0x0,
    0x0, 0x2e, 0x50, 0x0, 0x0, 0x0, 0x0, 0x0,
    0x20, 0x11, 0x0, 0x0, 0x0, 0x0, 0xa, 0xf2,
    0xee, 0xa, 0xa0, 0x0, 0x0, 0x8, 0xe2, 0xcc,
    0xf, 0xf0, 0x0, 0x36, 0x10, 0x0, 0x0, 0xf,
    0xf0, 0x0, 0xcf, 0x30, 0x0, 0x0, 0xf, 0xf0,
    0x0, 0xef, 0x20, 0x0, 0x0, 0xf, 0xf0, 0x0,
    0xef, 0x50, 0x0, 0x0, 0xf, 0xf0, 0x0, 0x9f,
    0xfb, 0xbb, 0xbb, 0xbf, 0xfb, 0xb2, 0x9, 0xef,
    0xff, 0xff, 0xff, 0xff, 0xf3,

    /* U+FE9B "ﺛ" */
    0x0, 0x5f, 0x30, 0x0, 0x4d, 0x20, 0xb, 0xd1,
    0xe9, 0xd, 0xf2, 0xfb, 0x0, 0x10, 0x10, 0x0,
    0x0, 0x0, 0x0, 0xf, 0xf0, 0x0, 0xf, 0xf0,
    0x0, 0xf, 0xf0, 0x0, 0xf, 0xf0, 0x0, 0xf,
    0xf0, 0x0, 0xf, 0xf0, 0x1b, 0xbf, 0xf0, 0x2f,
    0xff, 0xf0,

    /* U+FE9C "ﺜ" */
    0x0, 0xd, 0x90, 0x0, 0x0, 0xb, 0x80, 0x0,
    0x4, 0xf5, 0x8e, 0x20, 0x5, 0xf7, 0xaf, 0x20,
    0x0, 0x20, 0x1, 0x0, 0x0, 0x0, 0x0, 0x0,
    0x0, 0x6, 0xb5, 0x0, 0x0, 0x9, 0xf8, 0x0,
    0x0, 0x9, 0xf8, 0x0, 0x0, 0x9, 0xf8, 0x0,
    0x0, 0x9, 0xf8, 0x0, 0x0, 0x9, 0xf8, 0x0,
    0x1b, 0xbd, 0xfd, 0xba, 0x2f, 0xff, 0xff, 0xff,

    /* U+FE9D "ﺝ" */
    0x6, 0xbf, 0xfd, 0x70, 0x0, 0xe, 0xfc, 0xcf,
    0xf7, 0x0, 0x3, 0x0, 0x4, 0xfe, 0x0, 0x0,
    0x0, 0x0, 0xdf, 0x20, 0x0, 0x0, 0x0, 0x8f,
    0x60, 0x0, 0x0, 0x5b, 0xff, 0xd0, 0x0, 0x4e,
    0xfe, 0x9a, 0xf7, 0x6, 0xfe, 0x50, 0x0, 0x60,
    0x1f, 0xf2, 0xd, 0xb0, 0x0, 0x4f, 0xc0, 0xf,
    0xd0, 0x0, 0x3f, 0xf1, 0x1, 0x10, 0x0, 0xc,
    0xff, 0xbc, 0xe3, 0x0, 0x1, 0xae, 0xfe, 0xb2,
    0x0,

    /* U+FE9E "ﺞ" */
    0x6, 0xcf, 0xfd, 0x70, 0x0, 0x0, 0xef, 0xcc,
    0xff, 0x60, 0x0, 0x3, 0x0, 0x5, 0xfe, 0x0,
    0x0, 0x0, 0x0, 0xd, 0xf1, 0x0, 0x0, 0x0,
    0x0, 0x9f, 0x60, 0x0, 0x0, 0x3, 0x9e, 0xfd,
    0x0, 0x0, 0x3c, 0xff, 0xcc, 0xfd, 0x30, 0x4f,
    0xf7, 0x10, 0x1a, 0xf5, 0xe, 0xf3, 0x0, 0x0,
    0x0, 0x4, 0xfc, 0x0, 0x0, 0x0, 0x0, 0x3f,
    0xe1, 0x0, 0x4f, 0x50, 0x0, 0xdf, 0xf7, 0x6,
    0xf6, 0x0, 0x1, 0xae, 0x60, 0x2, 0x0, 0x0,

    /* U+FE9F "ﺟ" */
    0x1, 0x9d, 0xff, 0xb2, 0x0, 0x0, 0xed, 0xbe,
    0xfd, 0x0, 0x0, 0x10, 0x0, 0xef, 0x40, 0x0,
    0x0, 0x0, 0x8f, 0x80, 0x0, 0x0, 0x0, 0x5f,
    0xb0, 0x0, 0x0, 0x0, 0xf, 0xf1, 0x1b, 0xbb,
    0xbb, 0xbe, 0xf8, 0x2f, 0xff, 0xff, 0xff, 0xf9,
    0x0, 0x0, 0x0, 0x0, 0x0, 0x0, 0x0, 0x11,
    0x0, 0x0, 0x0, 0x0, 0xfd, 0x0, 0x0, 0x0,
    0x0, 0xdb, 0x0, 0x0,

    /* U+FEA0 "ﺠ" */
    0x1, 0x9d, 0xff, 0xb2, 0x0, 0x0, 0xe, 0xdb,
    0xef, 0xd0, 0x0, 0x0, 0x10, 0x0, 0xef, 0x40,
    0x0, 0x0, 0x0, 0x8, 0xf8, 0x0, 0x0, 0x0,
    0x0, 0x5f, 0xb0, 0x0, 0x0, 0x0, 0x0, 0xff,
    0x10, 0x1b, 0xbb, 0xbb, 0xbe, 0xfd, 0x82, 0xff,
    0xff, 0xff, 0xff, 0xfb, 0x0, 0x0, 0x0, 0x0,
    0x0, 0x0, 0x0, 0x1, 0x10, 0x0, 0x0, 0x0,
    0x0, 0xfd, 0x0, 0x0, 0x0, 0x0, 0xd, 0xb0,
    0x0, 0x0,

    /* U+FEA1 "ﺡ" */
    0x6, 0xbf, 0xfd, 0x70, 0x0, 0xe, 0xfc, 0xcf,
    0xf7, 0x0, 0x3, 0x0, 0x4, 0xfe, 0x0, 0x0,
    0x0, 0x0, 0xdf, 0x10, 0x0, 0x0, 0x0, 0x8f,
    0x60, 0x0, 0x0, 0x4a, 0xef, 0xc0, 0x0, 0x3d,
    0xff, 0xbc, 0xf7, 0x5, 0xff, 0x70, 0x0, 0x90,
    0xf, 0xf2, 0x0, 0x0, 0x0, 0x4f, 0xc0, 0x0,
    0x0, 0x0, 0x3f, 0xf1, 0x0, 0x0, 0x0, 0xd,
    0xff, 0xbc, 0xe3, 0x0, 0x1, 0xae, 0xfe, 0xb2,
    0x0,

    /* U+FEA2 "ﺢ" */
    0x6, 0xbf, 0xfd, 0x60, 0x0, 0x0, 0xef, 0xcc,
    0xff, 0x60, 0x0, 0x3, 0x0, 0x5, 0xfe, 0x0,
    0x0, 0x0, 0x0, 0xd, 0xf1, 0x0, 0x0, 0x0,
    0x0, 0x9f, 0x60, 0x0, 0x0, 0x3, 0x9e, 0xfd,
    0x0, 0x0, 0x3c, 0xff, 0xcc, 0xfd, 0x30, 0x4f,
    0xf7, 0x10, 0x1a, 0xf5, 0xe, 0xf3, 0x0, 0x0,
    0x0, 0x4, 0xfc, 0x0, 0x0, 0x0, 0x0, 0x3f,
    0xf1, 0x0, 0x0, 0x0, 0x0, 0xdf, 0xfb, 0xce,
    0x30, 0x0, 0x1, 0xae, 0xfe, 0xb2, 0x0, 0x0,

    /* U+FEA3 "ﺣ" */
    0x1, 0x9d, 0xff, 0xb2, 0x0, 0x0, 0xed, 0xbe,
    0xfd, 0x0, 0x0, 0x10, 0x0, 0xef, 0x40, 0x0,
    0x0, 0x0, 0x8f, 0x80, 0x0, 0x0, 0x0, 0x5f,
    0xb0, 0x0, 0x0, 0x0, 0xf, 0xf1, 0x1b, 0xbb,
    0xbb, 0xbe, 0xf8, 0x2f, 0xff, 0xff, 0xff, 0xf9,

    /* U+FEA4 "ﺤ" */
    0x1, 0x9d, 0xff, 0xb2, 0x0, 0x0, 0xe, 0xdb,
    0xef, 0xd0, 0x0, 0x0, 0x10, 0x0, 0xef, 0x40,
    0x0, 0x0, 0x0, 0x8, 0xf8, 0x0, 0x0, 0x0,
    0x0, 0x5f, 0xb0, 0x0, 0x0, 0x0, 0x0, 0xff,
    0x10, 0x1b, 0xbb, 0xbb, 0xbe, 0xfd, 0x82, 0xff,
    0xff, 0xff, 0xff, 0xfb,

    /* U+FEA5 "ﺥ" */
    0x0, 0x9, 0xe1, 0x0, 0x0, 0x0, 0xb, 0xf2,
    0x0, 0x0, 0x0, 0x0, 0x10, 0x0, 0x0, 0x0,
    0x0, 0x0, 0x0, 0x0, 0x6, 0xbf, 0xfd, 0x70,
    0x0, 0xe, 0xfc, 0xcf, 0xf7, 0x0, 0x3, 0x0,
    0x4, 0xfe, 0x0, 0x0, 0x0, 0x0, 0xdf, 0x10,
    0x0, 0x0, 0x0, 0x8f, 0x60, 0x0, 0x0, 0x4a,
    0xef, 0xc0, 0x0, 0x3d, 0xff, 0xbc, 0xf7, 0x5,
    0xff, 0x70, 0x0, 0x90, 0xf, 0xf2, 0x0, 0x0,
    0x0, 0x4f, 0xc0, 0x0, 0x0, 0x0, 0x3f, 0xf1,
    0x0, 0x0, 0x0, 0xd, 0xff, 0xbc, 0xe3, 0x0,
    0x1, 0xae, 0xfe, 0xb2, 0x0,

    /* U+FEA6 "ﺦ" */
    0x0, 0x9, 0xe1, 0x0, 0x0, 0x0, 0x0, 0xbf,
    0x20, 0x0, 0x0, 0x0, 0x0, 0x10, 0x0, 0x0,
    0x0, 0x0, 0x0, 0x0, 0x0, 0x0, 0x6, 0xbf,
    0xfd, 0x60, 0x0, 0x0, 0xef, 0xcc, 0xff, 0x60,
    0x0, 0x3, 0x0, 0x5, 0xfe, 0x0, 0x0, 0x0,
    0x0, 0xd, 0xf1, 0x0, 0x0, 0x0, 0x0, 0x9f,
    0x60, 0x0, 0x0, 0x3, 0x9e, 0xfd, 0x0, 0x0,
    0x3c, 0xff, 0xcc, 0xfd, 0x30, 0x4f, 0xf7, 0x10,
    0x1a, 0xf5, 0xe, 0xf3, 0x0, 0x0, 0x0, 0x4,
    0xfc, 0x0, 0x0, 0x0, 0x0, 0x3f, 0xf1, 0x0,
    0x0, 0x0, 0x0, 0xdf, 0xfb, 0xce, 0x30, 0x0,
    0x1, 0xae, 0xfe, 0xb2, 0x0, 0x0,

    /* U+FEA7 "ﺧ" */
    0x0, 0x7, 0xf2, 0x0, 0x0, 0x0, 0x9, 0xf3,
    0x0, 0x0, 0x0, 0x0, 0x10, 0x0, 0x0, 0x0,
    0x0, 0x0, 0x0, 0x0, 0x1, 0x9d, 0xff, 0xb2,
    0x0, 0x0, 0xed, 0xbe, 0xfd, 0x0, 0x0, 0x10,
    0x0, 0xef, 0x40, 0x0, 0x0, 0x0, 0x8f, 0x80,
    0x0, 0x0, 0x0, 0x5f, 0xb0, 0x0, 0x0, 0x0,
    0xf, 0xf1, 0x1b, 0xbb, 0xbb, 0xbe, 0xf8, 0x2f,
    0xff, 0xff, 0xff, 0xf9,

    /* U+FEA8 "ﺨ" */
    0x0, 0x7, 0xf2, 0x0, 0x0, 0x0, 0x0, 0x9f,
    0x30, 0x0, 0x0, 0x0, 0x0, 0x10, 0x0, 0x0,
    0x0, 0x0, 0x0, 0x0, 0x0, 0x0, 0x1, 0x9d,
    0xff, 0xb2, 0x0, 0x0, 0xe, 0xdb, 0xef, 0xd0,
    0x0, 0x0, 0x10, 0x0, 0xef, 0x40, 0x0, 0x0,
    0x0, 0x8, 0xf8, 0x0, 0x0, 0x0, 0x0, 0x5f,
    0xb0, 0x0, 0x0, 0x0, 0x0, 0xff, 0x10, 0x1b,
    0xbb, 0xbb, 0xbe, 0xfd, 0x82, 0xff, 0xff, 0xff,
    0xff, 0xfb,

    /* U+FEA9 "ﺩ" */
    0x0, 0x0, 0x0, 0x0, 0x0, 0x2, 0xd4, 0x0,
    0x0, 0x0, 0x8f, 0xf6, 0x0, 0x0, 0x0, 0x9f,
    0xf4, 0x0, 0x0, 0x0, 0x9f, 0xd0, 0x0, 0x0,
    0x0, 0xef, 0x50, 0x0, 0x0, 0x7, 0xfa, 0x0,
    0x0, 0x0, 0x2f, 0xf0, 0x3b, 0xbb, 0xbb, 0xff,
    0x14, 0xff, 0xff, 0xff, 0xf2,

    /* U+FEAA "ﺪ" */
    0x0, 0x0, 0x0, 0x0, 0x0, 0x0, 0x2, 0xd3,
    0x0, 0x0, 0x0, 0x0, 0x8f, 0xf6, 0x0, 0x0,
    0x0, 0x0, 0x9f, 0xf3, 0x0, 0x0, 0x0, 0x0,
    0x9f, 0xd0, 0x0, 0x0, 0x0, 0x0, 0xdf, 0x50,
    0x0, 0x0, 0x0, 0x6, 0xfa, 0x0, 0x0, 0x0,
    0x0, 0x1f, 0xe0, 0x0, 0x3b, 0xbb, 0xbb, 0xff,
    0xbb, 0x14, 0xff, 0xff, 0xff, 0xff, 0xf2,

    /* U+FEAB "ﺫ" */
    0x0, 0xbd, 0x0, 0x0, 0x0, 0xd, 0xf0, 0x0,
    0x0, 0x0, 0x1, 0x0, 0x0, 0x0, 0x0, 0x10,
    0x0, 0x0, 0x0, 0x3f, 0x60, 0x0, 0x0, 0x8,
    0xff, 0x80, 0x0, 0x0, 0x7, 0xff, 0x50, 0x0,
    0x0, 0x8, 0xfe, 0x0, 0x0, 0x0, 0xd, 0xf5,
    0x0, 0x0, 0x0, 0x6f, 0xb0, 0x0, 0x0, 0x2,
    0xff, 0x3, 0xbb, 0xbb, 0xbf, 0xf1, 0x4f, 0xff,
    0xff, 0xff, 0x20,

    /* U+FEAC "ﺬ" */
    0x5, 0xf4, 0x0, 0x0, 0x0, 0x0, 0x6f, 0x60,
    0x0, 0x0, 0x0, 0x0, 0x20, 0x0, 0x0, 0x0,
    0x0, 0x0, 0x20, 0x0, 0x0, 0x0, 0x0, 0x4f,
    0x70, 0x0, 0x0, 0x0, 0x8, 0xff, 0x90, 0x0,
    0x0, 0x0, 0x6, 0xff, 0x50, 0x0, 0x0, 0x0,
    0x7, 0xfe, 0x0, 0x0, 0x0, 0x0, 0xd, 0xf5,
    0x0, 0x0, 0x0, 0x0, 0x6f, 0xb0, 0x0, 0x0,
    0x0, 0x1, 0xff, 0x0, 0x3, 0xbb, 0xbb, 0xbf,
    0xfb, 0xb1, 0x4f, 0xff, 0xff, 0xff, 0xff, 0x20,

    /* U+FEAD "ﺭ" */
    0x0, 0x0, 0x78, 0x0, 0x0, 0xf, 0xf0, 0x0,
    0x0, 0xff, 0x0, 0x0, 0xf, 0xf0, 0x0, 0x0,
    0xff, 0x0, 0x0, 0xf, 0xf0, 0x0, 0x0, 0xff,
    0x0, 0x0, 0xf, 0xf0, 0x0, 0x0, 0xff, 0x0,
    0x0, 0x4f, 0xe0, 0x3e, 0xcf, 0xf8, 0x4, 0xcf,
    0xe9, 0x0,

    /* U+FEAE "ﺮ" */
    0x0, 0x0, 0xff, 0x0, 0x0, 0x0, 0xf, 0xf0,
    0x0, 0x0, 0x0, 0xff, 0x0, 0x0, 0x0, 0xf,
    0xf0, 0x0, 0x0, 0x0, 0xff, 0x0, 0x0, 0x0,
    0xf, 0xf0, 0x0, 0x0, 0x0, 0xff, 0xbb, 0x10,
    0x0, 0xf, 0xff, 0xf2, 0x0, 0x0, 0xff, 0x0,
    0x0, 0x30, 0x7f, 0xd0, 0x0, 0x5f, 0xff, 0xf6,
    0x0, 0x1, 0x8b, 0xa5, 0x0, 0x0,

    /* U+FEAF "ﺯ" */
    0x0, 0x0, 0xdb, 0x0, 0x0, 0xf, 0xc0, 0x0,
    0x0, 0x10, 0x0, 0x0, 0x0, 0x0, 0x0, 0x0,
    0xff, 0x0, 0x0, 0xf, 0xf0, 0x0, 0x0, 0xff,
    0x0, 0x0, 0xf, 0xf0, 0x0, 0x0, 0xff, 0x0,
    0x0, 0xf, 0xf0, 0x0, 0x0, 0xff, 0x0, 0x0,
    0xf, 0xf0, 0x0, 0x0, 0xff, 0x0, 0x30, 0x7f,
    0xd0, 0x5f, 0xff, 0xf6, 0x1, 0x8b, 0xa5, 0x0,

    /* U+FEB0 "ﺰ" */
    0x0, 0x0, 0xeb, 0x0, 0x0, 0x0, 0xf, 0xc0,
    0x0, 0x0, 0x0, 0x10, 0x0, 0x0, 0x0, 0x2,
    0x20, 0x0, 0x0, 0x0, 0xff, 0x0, 0x0, 0x0,
    0xf, 0xf0, 0x0, 0x0, 0x0, 0xff, 0x0, 0x0,
    0x0, 0xf, 0xf0, 0x0, 0x0, 0x0, 0xff, 0x0,
    0x0, 0x0, 0xf, 0xf0, 0x0, 0x0, 0x0, 0xff,
    0xbb, 0x10, 0x0, 0xf, 0xff, 0xf2, 0x0, 0x0,
    0xff, 0x0, 0x0, 0x30, 0x7f, 0xd0, 0x0, 0x5f,
    0xff, 0xf6, 0x0, 0x1, 0x8b, 0xa5, 0x0, 0x0,

    /* U+FEB1 "ﺱ" */
    0x0, 0x0, 0x0, 0x0, 0x0, 0x0, 0x0, 0x0,
    0xb, 0xf5, 0x0, 0x0, 0x0, 0x5, 0x82, 0x0,
    0x48, 0x30, 0xb, 0xf5, 0x0, 0x0, 0x0, 0xb,
    0xf5, 0x0, 0x9f, 0x70, 0xb, 0xf5, 0x0, 0x0,
    0x0, 0xb, 0xf5, 0x0, 0x9f, 0x70, 0xb, 0xf5,
    0x6f, 0x80, 0x0, 0xb, 0xf5, 0x0, 0x9f, 0x70,
    0xb, 0xf5, 0xbf, 0x40, 0x0, 0xb, 0xf5, 0x0,
    0xdf, 0x90, 0xb, 0xf5, 0xef, 0x20, 0x0, 0xb,
    0xfc, 0xbd, 0xff, 0xfd, 0xbe, 0xf5, 0xff, 0x20,
    0x0, 0xb, 0xff, 0xff, 0xc3, 0x6e, 0xff, 0xf5,
    0xdf, 0x40, 0x0, 0xd, 0xf4, 0x0, 0x0, 0x0,
    0x0, 0x0, 0x8f, 0xc2, 0x1, 0x8f, 0xf0, 0x0,
    0x0, 0x0, 0x0, 0x0, 0x1d, 0xff, 0xff, 0xff,
    0x60, 0x0, 0x0, 0x0, 0x0, 0x0, 0x0, 0x7a,
    0xba, 0x82, 0x0, 0x0, 0x0, 0x0, 0x0, 0x0,

    /* U+FEB2 "ﺲ" */
    0x0, 0x0, 0x0, 0x0, 0x0, 0x0, 0x0, 0x0,
    0xb, 0xf5, 0x0, 0x0, 0x0, 0x0, 0x5, 0x82,
    0x0, 0x48, 0x30, 0xb, 0xf5, 0x0, 0x0, 0x0,
    0x0, 0xb, 0xf5, 0x0, 0x9f, 0x70, 0xb, 0xf5,
    0x0, 0x0, 0x0, 0x0, 0xb, 0xf5, 0x0, 0x9f,
    0x70, 0xb, 0xf5, 0x0, 0x6f, 0x80, 0x0, 0xb,
    0xf5, 0x0, 0x9f, 0x70, 0xb, 0xf5, 0x0, 0xbf,
    0x40, 0x0, 0xb, 0xf5, 0x0, 0xdf, 0x90, 0xb,
    0xf5, 0x0, 0xef, 0x20, 0x0, 0xb, 0xfc, 0xbd,
    0xff, 0xfd, 0xbe, 0xfc, 0xb5, 0xff, 0x20, 0x0,
    0xb, 0xff, 0xff, 0xc3, 0x6e, 0xff, 0xff, 0xf8,
    0xdf, 0x40, 0x0, 0xd, 0xf4, 0x0, 0x0, 0x0,
    0x0, 0x0, 0x0, 0x8f, 0xc2, 0x1, 0x8f, 0xf0,
    0x0, 0x0, 0x0, 0x0, 0x0, 0x0, 0x1d, 0xff,
    0xff, 0xff, 0x60, 0x0, 0x0, 0x0, 0x0, 0x0,
    0x0, 0x0, 0x6a, 0xba, 0x82, 0x0, 0x0, 0x0,
    0x0, 0x0, 0x0, 0x0,

    /* U+FEB3 "ﺳ" */
    0x0, 0x0, 0x0, 0x0, 0x0, 0x0, 0xf, 0xf0,
    0x0, 0x7, 0x80, 0x0, 0x78, 0x10, 0xf, 0xf0,
    0x0, 0xf, 0xf1, 0x0, 0xef, 0x20, 0xf, 0xf0,
    0x0, 0xf, 0xf1, 0x0, 0xef, 0x20, 0xf, 0xf0,
    0x0, 0xf, 0xf1, 0x0, 0xef, 0x20, 0xf, 0xf0,
    0x0, 0xf, 0xf1, 0x2, 0xff, 0x50, 0xf, 0xf0,
    0x1b, 0xbf, 0xfb, 0xbe, 0xff, 0xfc, 0xbf, 0xf0,
    0x2f, 0xff, 0xff, 0xff, 0xa1, 0x9e, 0xff, 0xf0,

    /* U+FEB4 "ﺴ" */
    0x0, 0x0, 0x0, 0x0, 0x0, 0x0, 0xf, 0xf0,
    0x0, 0x0, 0x7, 0x80, 0x0, 0x78, 0x10, 0xf,
    0xf0, 0x0, 0x0, 0xf, 0xf1, 0x0, 0xef, 0x20,
    0xf, 0xf0, 0x0, 0x0, 0xf, 0xf1, 0x0, 0xef,
    0x20, 0xf, 0xf0, 0x0, 0x0, 0xf, 0xf1, 0x0,
    0xef, 0x20, 0xf, 0xf0, 0x0, 0x0, 0xf, 0xf1,
    0x2, 0xff, 0x50, 0xf, 0xf0, 0x0, 0x1b, 0xbf,
    0xfb, 0xbe, 0xff, 0xfc, 0xbf, 0xfb, 0xb2, 0x2f,
    0xff, 0xff, 0xff, 0xa1, 0x9e, 0xff, 0xff, 0xf3,

    /* U+FEB5 "ﺵ" */
    0x0, 0x0, 0x0, 0x0, 0x0, 0x0, 0x6e, 0x20,
    0x0, 0x0, 0x0, 0x0, 0x0, 0x0, 0x0, 0x1,
    0x6d, 0x30, 0x0, 0x0, 0x0, 0x0, 0x0, 0x0,
    0x0, 0xe, 0xe3, 0xfa, 0x0, 0x0, 0x0, 0x0,
    0x0, 0x0, 0x0, 0xc, 0xc2, 0xe8, 0x0, 0x0,
    0x0, 0x0, 0x0, 0x0, 0x0, 0x0, 0x0, 0x0,
    0x9, 0xc3, 0x0, 0x0, 0x0, 0x6, 0x83, 0x0,
    0x58, 0x30, 0xb, 0xf5, 0x0, 0x0, 0x0, 0xb,
    0xf5, 0x0, 0x9f, 0x70, 0xb, 0xf5, 0x1, 0x0,
    0x0, 0xb, 0xf5, 0x0, 0x9f, 0x70, 0xb, 0xf5,
    0x6f, 0x70, 0x0, 0xb, 0xf5, 0x0, 0x9f, 0x70,
    0xb, 0xf5, 0xbf, 0x40, 0x0, 0xb, 0xf5, 0x0,
    0xdf, 0x90, 0xb, 0xf5, 0xef, 0x20, 0x0, 0xb,
    0xfc, 0xbd, 0xff, 0xfd, 0xbe, 0xf5, 0xff, 0x20,
    0x0, 0xb, 0xff, 0xff, 0xc3, 0x6e, 0xff, 0xf5,
    0xdf, 0x40, 0x0, 0xd, 0xf4, 0x0, 0x0, 0x0,
    0x0, 0x0, 0x8f, 0xd2, 0x1, 0x8f, 0xf0, 0x0,
    0x0, 0x0, 0x0, 0x0, 0xd, 0xff, 0xff, 0xff,
    0x60, 0x0, 0x0, 0x0, 0x0, 0x0, 0x0, 0x7a,
    0xba, 0x82, 0x0, 0x0, 0x0, 0x0, 0x0, 0x0,

    /* U+FEB6 "ﺶ" */
    0x0, 0x0, 0x0, 0x0, 0x0, 0x0, 0x6e, 0x20,
    0x0, 0x0, 0x0, 0x0, 0x0, 0x0, 0x0, 0x0,
    0x1, 0x6d, 0x30, 0x0, 0x0, 0x0, 0x0, 0x0,
    0x0, 0x0, 0x0, 0xe, 0xe3, 0xfa, 0x0, 0x0,
    0x0, 0x0, 0x0, 0x0, 0x0, 0x0, 0xc, 0xc2,
    0xe8, 0x0, 0x0, 0x0, 0x0, 0x0, 0x0, 0x0,
    0x0, 0x0, 0x0, 0x0, 0x9, 0xc3, 0x0, 0x0,
    0x0, 0x0, 0x6, 0x83, 0x0, 0x58, 0x30, 0xb,
    0xf5, 0x0, 0x0, 0x0, 0x0, 0xb, 0xf5, 0x0,
    0x9f, 0x70, 0xb, 0xf5, 0x0, 0x1, 0x0, 0x0,
    0xb, 0xf5, 0x0, 0x9f, 0x70, 0xb, 0xf5, 0x0,
    0x6f, 0x70, 0x0, 0xb, 0xf5, 0x0, 0x9f, 0x70,
    0xb, 0xf5, 0x0, 0xbf, 0x40, 0x0, 0xb, 0xf5,
    0x0, 0xdf, 0x90, 0xb, 0xf5, 0x0, 0xef, 0x20,
    0x0, 0xb, 0xfc, 0xbd, 0xff, 0xfd, 0xbe, 0xfc,
    0xb5, 0xff, 0x20, 0x0, 0xb, 0xff, 0xff, 0xc3,
    0x6e, 0xff, 0xff, 0xf8, 0xdf, 0x40, 0x0, 0xd,
    0xf4, 0x0, 0x0, 0x0, 0x0, 0x0, 0x0, 0x8f,
    0xd2, 0x1, 0x8f, 0xf0, 0x0, 0x0, 0x0, 0x0,
    0x0, 0x0, 0xd, 0xff, 0xff, 0xff, 0x60, 0x0,
    0x0, 0x0, 0x0, 0x0, 0x0, 0x0, 0x6a, 0xba,
    0x82, 0x0, 0x0, 0x0, 0x0, 0x0, 0x0, 0x0,

    /* U+FEB7 "ﺷ" */
    0x0, 0x0, 0x0, 0x0, 0x8e, 0x0, 0x0, 0x0,
    0x0, 0x0, 0x0, 0x0, 0x7c, 0x0, 0x0, 0x0,
    0x0, 0x0, 0x0, 0x1e, 0xa4, 0xf5, 0x0, 0x0,
    0x0, 0x0, 0x0, 0x1f, 0xb5, 0xf7, 0x0, 0x0,
    0x0, 0x0, 0x0, 0x1, 0x0, 0x10, 0xd, 0xd0,
    0x0, 0x9, 0x90, 0x0, 0x89, 0x10, 0xf, 0xf0,
    0x0, 0xf, 0xf1, 0x0, 0xef, 0x20, 0xf, 0xf0,
    0x0, 0xf, 0xf1, 0x0, 0xef, 0x20, 0xf, 0xf0,
    0x0, 0xf, 0xf1, 0x0, 0xef, 0x20, 0xf, 0xf0,
    0x0, 0xf, 0xf1, 0x2, 0xff, 0x50, 0xf, 0xf0,
    0x1b, 0xbf, 0xfb, 0xbe, 0xff, 0xfc, 0xbf, 0xf0,
    0x2f, 0xff, 0xff, 0xff, 0xa1, 0x9e, 0xff, 0xf0,

    /* U+FEB8 "ﺸ" */
    0x0, 0x0, 0x0, 0x0, 0x9d, 0x0, 0x0, 0x0,
    0x0, 0x0, 0x0, 0x0, 0x1, 0x8b, 0x20, 0x0,
    0x0, 0x0, 0x0, 0x0, 0x0, 0x2f, 0xa6, 0xf6,
    0x0, 0x0, 0x0, 0x0, 0x0, 0x0, 0x1e, 0x94,
    0xf5, 0x0, 0x0, 0x0, 0x0, 0x0, 0x0, 0x0,
    0x0, 0x0, 0xf, 0xf0, 0x0, 0x0, 0xa, 0xb0,
    0x0, 0x9b, 0x10, 0xf, 0xf0, 0x0, 0x0, 0xf,
    0xf1, 0x0, 0xef, 0x20, 0xf, 0xf0, 0x0, 0x0,
    0xf, 0xf1, 0x0, 0xef, 0x20, 0xf, 0xf0, 0x0,
    0x0, 0xf, 0xf1, 0x0, 0xef, 0x20, 0xf, 0xf0,
    0x0, 0x0, 0xf, 0xf1, 0x2, 0xff, 0x50, 0xf,
    0xf0, 0x0, 0x1b, 0xbf, 0xfb, 0xbe, 0xff, 0xfc,
    0xbf, 0xfb, 0xb2, 0x2f, 0xff, 0xff, 0xff, 0xa1,
    0x9e, 0xff, 0xff, 0xf3,

    /* U+FEB9 "ﺹ" */
    0x0, 0x0, 0x0, 0xb, 0xf5, 0x6, 0xdf, 0xfb,
    0x20, 0x0, 0x0, 0x0, 0xb, 0xf5, 0x9f, 0xa9,
    0xdf, 0xe0, 0x0, 0x0, 0x0, 0xb, 0xfa, 0xe2,
    0x0, 0xd, 0xf6, 0x3, 0x10, 0x0, 0xb, 0xff,
    0x30, 0x0, 0x8, 0xf8, 0x7f, 0x70, 0x0, 0xb,
    0xf9, 0x0, 0x0, 0x7, 0xf9, 0xbf, 0x40, 0x0,
    0xb, 0xf5, 0x0, 0x0, 0x7, 0xf9, 0xef, 0x20,
    0x0, 0xb, 0xfc, 0xbb, 0xbb, 0xbd, 0xf9, 0xff,
    0x20, 0x0, 0xb, 0xff, 0xff, 0xff, 0xff, 0xf9,
    0xdf, 0x40, 0x0, 0xd, 0xf4, 0x0, 0x0, 0x0,
    0x0, 0x8f, 0xd2, 0x1, 0x8f, 0xf0, 0x0, 0x0,
    0x0, 0x0, 0xd, 0xff, 0xff, 0xff, 0x50, 0x0,
    0x0, 0x0, 0x0, 0x0, 0x6a, 0xba, 0x82, 0x0,
    0x0, 0x0, 0x0, 0x0,

    /* U+FEBA "ﺺ" */
    0x0, 0x0, 0x0, 0xb, 0xf5, 0x6, 0xdf, 0xfb,
    0x20, 0x0, 0x0, 0x0, 0x0, 0xb, 0xf5, 0x9f,
    0xa9, 0xdf, 0xe0, 0x0, 0x0, 0x0, 0x0, 0xb,
    0xfa, 0xe2, 0x0, 0xd, 0xf6, 0x0, 0x3, 0x10,
    0x0, 0xb, 0xff, 0x30, 0x0, 0x8, 0xf8, 0x0,
    0x7f, 0x70, 0x0, 0xb, 0xf9, 0x0, 0x0, 0x7,
    0xf9, 0x0, 0xbf, 0x40, 0x0, 0xb, 0xf5, 0x0,
    0x0, 0x7, 0xf9, 0x0, 0xef, 0x20, 0x0, 0xb,
    0xfc, 0xbb, 0xbb, 0xbd, 0xfe, 0xb8, 0xff, 0x20,
    0x0, 0xb, 0xff, 0xff, 0xff, 0xff, 0xff, 0xfc,
    0xdf, 0x40, 0x0, 0xd, 0xf4, 0x0, 0x0, 0x0,
    0x0, 0x0, 0x8f, 0xd2, 0x1, 0x8f, 0xf0, 0x0,
    0x0, 0x0, 0x0, 0x0, 0xd, 0xff, 0xff, 0xff,
    0x50, 0x0, 0x0, 0x0, 0x0, 0x0, 0x0, 0x6a,
    0xba, 0x82, 0x0, 0x0, 0x0, 0x0, 0x0, 0x0,

    /* U+FEBB "ﺻ" */
    0x0, 0x1b, 0x90, 0x1a, 0xef, 0xd7, 0x0, 0x0,
    0x2f, 0xe2, 0xef, 0xcd, 0xff, 0x70, 0x0, 0x2f,
    0xec, 0xa0, 0x0, 0x6f, 0xe0, 0x0, 0x2f, 0xfc,
    0x0, 0x0, 0xf, 0xf1, 0x0, 0x2f, 0xf2, 0x0,
    0x0, 0xf, 0xf1, 0x0, 0x2f, 0xe0, 0x0, 0x0,
    0xf, 0xf1, 0x1b, 0xcf, 0xfb, 0xbb, 0xbb, 0xbf,
    0xf1, 0x2f, 0xff, 0xff, 0xff, 0xff, 0xff, 0xf1,

    /* U+FEBC "ﺼ" */
    0x0, 0x1b, 0x90, 0x1a, 0xef, 0xd7, 0x0, 0x0,
    0x0, 0x2f, 0xe2, 0xef, 0xcd, 0xff, 0x70, 0x0,
    0x0, 0x2f, 0xec, 0xa0, 0x0, 0x6f, 0xe0, 0x0,
    0x0, 0x2f, 0xfc, 0x0, 0x0, 0xf, 0xf1, 0x0,
    0x0, 0x2f, 0xf2, 0x0, 0x0, 0xf, 0xf1, 0x0,
    0x0, 0x2f, 0xe0, 0x0, 0x0, 0xf, 0xf1, 0x0,
    0x1b, 0xcf, 0xfb, 0xbb, 0xbb, 0xbf, 0xfb, 0xb3,
    0x2f, 0xff, 0xff, 0xff, 0xff, 0xff, 0xff, 0xf4,

    /* U+FEBD "ﺽ" */
    0x0, 0x0, 0x0, 0x0, 0x0, 0x7, 0xf2, 0x0,
    0x0, 0x0, 0x0, 0x0, 0x0, 0x0, 0x9, 0xf3,
    0x0, 0x0, 0x0, 0x0, 0x0, 0x0, 0x0, 0x0,
    0x10, 0x0, 0x0, 0x0, 0x0, 0x0, 0x0, 0x0,
    0x0, 0x0, 0x0, 0x0, 0x0, 0x0, 0x0, 0xb,
    0xf5, 0x6, 0xdf, 0xfb, 0x20, 0x0, 0x0, 0x0,
    0xb, 0xf5, 0x9f, 0xa9, 0xdf, 0xe0, 0x0, 0x0,
    0x0, 0xb, 0xfa, 0xe2, 0x0, 0xd, 0xf6, 0x3,
    0x10, 0x0, 0xb, 0xff, 0x30, 0x0, 0x8, 0xf8,
    0x7f, 0x70, 0x0, 0xb, 0xf9, 0x0, 0x0, 0x7,
    0xf9, 0xbf, 0x40, 0x0, 0xb, 0xf5, 0x0, 0x0,
    0x7, 0xf9, 0xef, 0x20, 0x0, 0xb, 0xfc, 0xbb,
    0xbb, 0xbd, 0xf9, 0xff, 0x20, 0x0, 0xb, 0xff,
    0xff, 0xff, 0xff, 0xf9, 0xdf, 0x40, 0x0, 0xd,
    0xf4, 0x0, 0x0, 0x0, 0x0, 0x8f, 0xd2, 0x1,
    0x8f, 0xf0, 0x0, 0x0, 0x0, 0x0, 0xd, 0xff,
    0xff, 0xff, 0x50, 0x0, 0x0, 0x0, 0x0, 0x0,
    0x6a, 0xba, 0x82, 0x0, 0x0, 0x0, 0x0, 0x0,

    /* U+FEBE "ﺾ" */
    0x0, 0x0, 0x0, 0x0, 0x0, 0x7, 0xf2, 0x0,
    0x0, 0x0, 0x0, 0x0, 0x0, 0x0, 0x0, 0x9,
    0xf3, 0x0, 0x0, 0x0, 0x0, 0x0, 0x0, 0x0,
    0x0, 0x0, 0x10, 0x0, 0x0, 0x0, 0x0, 0x0,
    0x0, 0x0, 0x0, 0x0, 0x0, 0x0, 0x0, 0x0,
    0x0, 0x0, 0x0, 0xb, 0xf5, 0x6, 0xdf, 0xfb,
    0x20, 0x0, 0x0, 0x0, 0x0, 0xb, 0xf5, 0x9f,
    0xa9, 0xdf, 0xe0, 0x0, 0x0, 0x0, 0x0, 0xb,
    0xfa, 0xe2, 0x0, 0xd, 0xf6, 0x0, 0x3, 0x10,
    0x0, 0xb, 0xff, 0x30, 0x0, 0x8, 0xf8, 0x0,
    0x7f, 0x70, 0x0, 0xb, 0xf9, 0x0, 0x0, 0x7,
    0xf9, 0x0, 0xbf, 0x40, 0x0, 0xb, 0xf5, 0x0,
    0x0, 0x7, 0xf9, 0x0, 0xef, 0x20, 0x0, 0xb,
    0xfc, 0xbb, 0xbb, 0xbd, 0xfe, 0xb8, 0xff, 0x20,
    0x0, 0xb, 0xff, 0xff, 0xff, 0xff, 0xff, 0xfc,
    0xdf, 0x40, 0x0, 0xd, 0xf4, 0x0, 0x0, 0x0,
    0x0, 0x0, 0x8f, 0xd2, 0x1, 0x8f, 0xf0, 0x0,
    0x0, 0x0, 0x0, 0x0, 0xd, 0xff, 0xff, 0xff,
    0x50, 0x0, 0x0, 0x0, 0x0, 0x0, 0x0, 0x6a,
    0xba, 0x82, 0x0, 0x0, 0x0, 0x0, 0x0, 0x0,

    /* U+FEBF "ﺿ" */
    0x0, 0x0, 0x0, 0x1e, 0x90, 0x0, 0x0, 0x0,
    0x0, 0x0, 0x2f, 0xa0, 0x0, 0x0, 0x0, 0x0,
    0x0, 0x1, 0x0, 0x0, 0x0, 0x0, 0x0, 0x0,
    0x0, 0x0, 0x0, 0x0, 0x0, 0x1b, 0x90, 0x1a,
    0xef, 0xd7, 0x0, 0x0, 0x2f, 0xe2, 0xef, 0xcd,
    0xff, 0x70, 0x0, 0x2f, 0xec, 0xa0, 0x0, 0x6f,
    0xe0, 0x0, 0x2f, 0xfc, 0x0, 0x0, 0xf, 0xf1,
    0x0, 0x2f, 0xf2, 0x0, 0x0, 0xf, 0xf1, 0x0,
    0x2f, 0xe0, 0x0, 0x0, 0xf, 0xf1, 0x1b, 0xcf,
    0xfb, 0xbb, 0xbb, 0xbf, 0xf1, 0x2f, 0xff, 0xff,
    0xff, 0xff, 0xff, 0xf1,

    /* U+FEC0 "ﻀ" */
    0x0, 0x0, 0x0, 0x1e, 0x90, 0x0, 0x0, 0x0,
    0x0, 0x0, 0x0, 0x2f, 0xa0, 0x0, 0x0, 0x0,
    0x0, 0x0, 0x0, 0x1, 0x0, 0x0, 0x0, 0x0,
    0x0, 0x0, 0x0, 0x0, 0x0, 0x0, 0x0, 0x0,
    0x0, 0x1b, 0x90, 0x1a, 0xef, 0xd7, 0x0, 0x0,
    0x0, 0x2f, 0xe2, 0xef, 0xcd, 0xff, 0x70, 0x0,
    0x0, 0x2f, 0xec, 0xa0, 0x0, 0x6f, 0xe0, 0x0,
    0x0, 0x2f, 0xfc, 0x0, 0x0, 0xf, 0xf1, 0x0,
    0x0, 0x2f, 0xf2, 0x0, 0x0, 0xf, 0xf1, 0x0,
    0x0, 0x2f, 0xe0, 0x0, 0x0, 0xf, 0xf1, 0x0,
    0x1b, 0xcf, 0xfb, 0xbb, 0xbb, 0xbf, 0xfb, 0xb3,
    0x2f, 0xff, 0xff, 0xff, 0xff, 0xff, 0xff, 0xf4,

    /* U+FEC1 "ﻁ" */
    0x0, 0xff, 0x0, 0x0, 0x0, 0x0, 0x0, 0xf,
    0xf0, 0x0, 0x0, 0x0, 0x0, 0x0, 0xff, 0x0,
    0x0, 0x0, 0x0, 0x0, 0xf, 0xf0, 0x0, 0x0,
    0x0, 0x0, 0x0, 0xff, 0x0, 0x9e, 0xfe, 0x80,
    0x0, 0xf, 0xf1, 0xdf, 0xcc, 0xff, 0xa0, 0x0,
    0xff, 0xac, 0x20, 0x3, 0xff, 0x10, 0xf, 0xfe,
    0x10, 0x0, 0xd, 0xf3, 0x0, 0xff, 0x50, 0x0,
    0x0, 0xcf, 0x40, 0xf, 0xf0, 0x0, 0x0, 0xc,
    0xf4, 0x7b, 0xff, 0xbb, 0xbb, 0xbb, 0xef, 0x4a,
    0xff, 0xff, 0xff, 0xff, 0xff, 0xf4,

    /* U+FEC2 "ﻂ" */
    0x1, 0xfe, 0x0, 0x0, 0x0, 0x0, 0x0, 0x0,
    0x1f, 0xe0, 0x0, 0x0, 0x0, 0x0, 0x0, 0x1,
    0xfe, 0x0, 0x0, 0x0, 0x0, 0x0, 0x0, 0x1f,
    0xe0, 0x0, 0x0, 0x0, 0x0, 0x0, 0x1, 0xfe,
    0x1, 0x9e, 0xfd, 0x70, 0x0, 0x0, 0x1f, 0xe1,
    0xef, 0xcc, 0xff, 0x80, 0x0, 0x1, 0xfe, 0xbb,
    0x10, 0x5, 0xff, 0x0, 0x0, 0x1f, 0xfd, 0x0,
    0x0, 0xf, 0xf1, 0x0, 0x1, 0xff, 0x30, 0x0,
    0x0, 0xef, 0x20, 0x0, 0x1f, 0xe0, 0x0, 0x0,
    0xe, 0xf2, 0x0, 0x7b, 0xff, 0xbb, 0xbb, 0xbb,
    0xff, 0xcb, 0x3a, 0xff, 0xff, 0xff, 0xff, 0xff,
    0xff, 0xf5,

    /* U+FEC3 "ﻃ" */
    0x0, 0xd, 0xf3, 0x0, 0x0, 0x0, 0x0, 0x0,
    0xd, 0xf3, 0x0, 0x0, 0x0, 0x0, 0x0, 0xd,
    0xf3, 0x0, 0x0, 0x0, 0x0, 0x0, 0xd, 0xf3,
    0x0, 0x0, 0x0, 0x0, 0x0, 0xd, 0xf3, 0x7,
    0xdf, 0xea, 0x10, 0x0, 0xd, 0xf3, 0xbf, 0xcc,
    0xff, 0xc0, 0x0, 0xd, 0xfa, 0xd3, 0x0, 0x2f,
    0xf3, 0x0, 0xd, 0xff, 0x20, 0x0, 0xa, 0xf6,
    0x0, 0xd, 0xf7, 0x0, 0x0, 0x9, 0xf7, 0x0,
    0xd, 0xf3, 0x0, 0x0, 0x9, 0xf7, 0x1b, 0xbf,
    0xfc, 0xbb, 0xbb, 0xbe, 0xf7, 0x2f, 0xff, 0xff,
    0xff, 0xff, 0xff, 0xf7,

    /* U+FEC4 "ﻄ" */
    0x0, 0x2f, 0xe0, 0x0, 0x0, 0x0, 0x0, 0x0,
    0x0, 0x2f, 0xe0, 0x0, 0x0, 0x0, 0x0, 0x0,
    0x0, 0x2f, 0xe0, 0x0, 0x0, 0x0, 0x0, 0x0,
    0x0, 0x2f, 0xe0, 0x0, 0x0, 0x0, 0x0, 0x0,
    0x0, 0x2f, 0xe0, 0x1a, 0xef, 0xd7, 0x0, 0x0,
    0x0, 0x2f, 0xe2, 0xef, 0xcd, 0xff, 0x70, 0x0,
    0x0, 0x2f, 0xec, 0xa0, 0x0, 0x6f, 0xe0, 0x0,
    0x0, 0x2f, 0xfc, 0x0, 0x0, 0xf, 0xf1, 0x0,
    0x0, 0x2f, 0xf2, 0x0, 0x0, 0xf, 0xf1, 0x0,
    0x0, 0x2f, 0xe0, 0x0, 0x0, 0xf, 0xf1, 0x0,
    0x1b, 0xcf, 0xfb, 0xbb, 0xbb, 0xbf, 0xfb, 0xb3,
    0x2f, 0xff, 0xff, 0xff, 0xff, 0xff, 0xff, 0xf4,

    /* U+FEC5 "ﻅ" */
    0x0, 0xff, 0x0, 0x3, 0xf6, 0x0, 0x0, 0xf,
    0xf0, 0x0, 0x4f, 0x80, 0x0, 0x0, 0xff, 0x0,
    0x0, 0x20, 0x0, 0x0, 0xf, 0xf0, 0x0, 0x0,
    0x0, 0x0, 0x0, 0xff, 0x0, 0x9e, 0xfe, 0x80,
    0x0, 0xf, 0xf1, 0xdf, 0xcc, 0xff, 0xa0, 0x0,
    0xff, 0xac, 0x20, 0x3, 0xff, 0x10, 0xf, 0xfe,
    0x10, 0x0, 0xd, 0xf3, 0x0, 0xff, 0x50, 0x0,
    0x0, 0xcf, 0x40, 0xf, 0xf0, 0x0, 0x0, 0xc,
    0xf4, 0x7b, 0xff, 0xbb, 0xbb, 0xbb, 0xef, 0x4a,
    0xff, 0xff, 0xff, 0xff, 0xff, 0xf4,

    /* U+FEC6 "ﻆ" */
    0x1, 0xfe, 0x0, 0x7, 0xf2, 0x0, 0x0, 0x0,
    0x1f, 0xe0, 0x0, 0x9f, 0x30, 0x0, 0x0, 0x1,
    0xfe, 0x0, 0x0, 0x20, 0x0, 0x0, 0x0, 0x1f,
    0xe0, 0x0, 0x0, 0x0, 0x0, 0x0, 0x1, 0xfe,
    0x1, 0x9e, 0xfd, 0x70, 0x0, 0x0, 0x1f, 0xe1,
    0xef, 0xcc, 0xff, 0x80, 0x0, 0x1, 0xfe, 0xbb,
    0x10, 0x5, 0xff, 0x0, 0x0, 0x1f, 0xfd, 0x0,
    0x0, 0xf, 0xf1, 0x0, 0x1, 0xff, 0x30, 0x0,
    0x0, 0xef, 0x20, 0x0, 0x1f, 0xe0, 0x0, 0x0,
    0xe, 0xf2, 0x0, 0x7b, 0xff, 0xbb, 0xbb, 0xbb,
    0xff, 0xcb, 0x3a, 0xff, 0xff, 0xff, 0xff, 0xff,
    0xff, 0xf5,

    /* U+FEC7 "ﻇ" */
    0x0, 0xd, 0xf3, 0x0, 0x8f, 0x20, 0x0, 0x0,
    0xd, 0xf3, 0x0, 0x7e, 0x20, 0x0, 0x0, 0xd,
    0xf3, 0x0, 0x0, 0x0, 0x0, 0x0, 0xd, 0xf3,
    0x0, 0x0, 0x0, 0x0, 0x0, 0xd, 0xf3, 0x7,
    0xdf, 0xea, 0x10, 0x0, 0xd, 0xf3, 0xbf, 0xcc,
    0xff, 0xc0, 0x0, 0xd, 0xfa, 0xd3, 0x0, 0x2f,
    0xf3, 0x0, 0xd, 0xff, 0x20, 0x0, 0xa, 0xf6,
    0x0, 0xd, 0xf7, 0x0, 0x0, 0x9, 0xf7, 0x0,
    0xd, 0xf3, 0x0, 0x0, 0x9, 0xf7, 0x1b, 0xbf,
    0xfc, 0xbb, 0xbb, 0xbe, 0xf7, 0x2f, 0xff, 0xff,
    0xff, 0xff, 0xff, 0xf7,

    /* U+FEC8 "ﻈ" */
    0x0, 0x2f, 0xe0, 0x0, 0xae, 0x0, 0x0, 0x0,
    0x0, 0x2f, 0xe0, 0x0, 0xcf, 0x10, 0x0, 0x0,
    0x0, 0x2f, 0xe0, 0x0, 0x12, 0x0, 0x0, 0x0,
    0x0, 0x2f, 0xe0, 0x0, 0x0, 0x0, 0x0, 0x0,
    0x0, 0x2f, 0xe0, 0x1a, 0xef, 0xd7, 0x0, 0x0,
    0x0, 0x2f, 0xe2, 0xef, 0xcd, 0xff, 0x70, 0x0,
    0x0, 0x2f, 0xec, 0xa0, 0x0, 0x6f, 0xe0, 0x0,
    0x0, 0x2f, 0xfc, 0x0, 0x0, 0xf, 0xf1, 0x0,
    0x0, 0x2f, 0xf2, 0x0, 0x0, 0xf, 0xf1, 0x0,
    0x0, 0x2f, 0xe0, 0x0, 0x0, 0xf, 0xf1, 0x0,
    0x1b, 0xcf, 0xfb, 0xbb, 0xbb, 0xbf, 0xfb, 0xb3,
    0x2f, 0xff, 0xff, 0xff, 0xff, 0xff, 0xff, 0xf4,

    /* U+FEC9 "ﻉ" */
    0x0, 0x7d, 0xff, 0xc3, 0x9, 0xff, 0xbc, 0xf1,
    0x2f, 0xf2, 0x0, 0x0, 0x5f, 0xb0, 0x0, 0x0,
    0x3f, 0xc0, 0x0, 0x0, 0xd, 0xf3, 0x6c, 0x60,
    0x3, 0xff, 0xfd, 0x60, 0x1c, 0xfc, 0x30, 0x0,
    0x9f, 0x90, 0x0, 0x0, 0xef, 0x20, 0x0, 0x0,
    0xef, 0x50, 0x0, 0x0, 0x7f, 0xfc, 0xbd, 0x80,
    0x7, 0xdf, 0xfc, 0x60,

    /* U+FECA "ﻊ" */
    0x0, 0x59, 0xba, 0x61, 0x0, 0x5e, 0xff, 0xff,
    0xff, 0x40, 0xdf, 0x92, 0x1, 0xcf, 0x40, 0x8f,
    0x60, 0x0, 0xdf, 0x10, 0x1f, 0xd0, 0x5, 0xfa,
    0x0, 0x8, 0xfa, 0x2e, 0xf2, 0x0, 0x0, 0xbf,
    0xff, 0x40, 0x0, 0x0, 0xaf, 0xff, 0xcb, 0xb2,
    0xc, 0xfa, 0x4b, 0xff, 0xf3, 0x7f, 0xb0, 0x0,
    0x0, 0x0, 0xbf, 0x50, 0x0, 0x0, 0x0, 0xbf,
    0x80, 0x0, 0x0, 0x0, 0x5f, 0xfd, 0xbc, 0xa0,
    0x0, 0x5, 0xdf, 0xfd, 0x80, 0x0,

    /* U+FECB "ﻋ" */
    0x0, 0x2, 0xae, 0xfe, 0x80, 0x0, 0x2f, 0xfd,
    0xbe, 0x80, 0x0, 0xaf, 0x90, 0x0, 0x0, 0x0,
    0xdf, 0x30, 0x0, 0x0, 0x0, 0xcf, 0x30, 0x0,
    0x0, 0x0, 0x6f, 0xa0, 0x0, 0x0, 0x1b, 0xbf,
    0xfd, 0xbb, 0xb0, 0x2f, 0xff, 0xff, 0xff, 0xf1,

    /* U+FECC "ﻌ" */
    0x0, 0x2, 0x7a, 0xa9, 0x40, 0x0, 0xa, 0xff,
    0xff, 0xff, 0xd0, 0x4, 0xfe, 0x50, 0x4, 0xfd,
    0x0, 0xf, 0xf0, 0x0, 0x4f, 0xa0, 0x0, 0x8f,
    0x70, 0xb, 0xf4, 0x0, 0x1, 0xef, 0x5a, 0xfb,
    0x0, 0x0, 0x4, 0xff, 0xfc, 0x10, 0x1, 0xbb,
    0xcf, 0xff, 0xeb, 0xb8, 0x2f, 0xfe, 0xb4, 0x7d,
    0xff, 0xc0,

    /* U+FECD "ﻍ" */
    0x0, 0xa, 0xe0, 0x0, 0x0, 0xc, 0xf1, 0x0,
    0x0, 0x0, 0x10, 0x0, 0x0, 0x0, 0x0, 0x0,
    0x0, 0x7d, 0xff, 0xc3, 0x9, 0xff, 0xbc, 0xf1,
    0x2f, 0xf2, 0x0, 0x0, 0x5f, 0xb0, 0x0, 0x0,
    0x3f, 0xc0, 0x0, 0x0, 0xd, 0xf3, 0x6c, 0x60,
    0x3, 0xff, 0xfd, 0x60, 0x1c, 0xfc, 0x30, 0x0,
    0x9f, 0x90, 0x0, 0x0, 0xef, 0x20, 0x0, 0x0,
    0xef, 0x50, 0x0, 0x0, 0x7f, 0xfc, 0xbd, 0x80,
    0x7, 0xdf, 0xfc, 0x60,

    /* U+FECE "ﻎ" */
    0x0, 0xe, 0xa0, 0x0, 0x0, 0x0, 0x1f, 0xc0,
    0x0, 0x0, 0x0, 0x1, 0x0, 0x0, 0x0, 0x0,
    0x59, 0xba, 0x61, 0x0, 0x5e, 0xff, 0xff, 0xff,
    0x40, 0xdf, 0x92, 0x1, 0xcf, 0x40, 0x8f, 0x60,
    0x0, 0xdf, 0x10, 0x1f, 0xd0, 0x5, 0xfa, 0x0,
    0x8, 0xfa, 0x2e, 0xf2, 0x0, 0x0, 0xbf, 0xff,
    0x40, 0x0, 0x0, 0xaf, 0xff, 0xcb, 0xb2, 0xc,
    0xfa, 0x4b, 0xff, 0xf3, 0x7f, 0xb0, 0x0, 0x0,
    0x0, 0xbf, 0x50, 0x0, 0x0, 0x0, 0xbf, 0x80,
    0x0, 0x0, 0x0, 0x5f, 0xfd, 0xbc, 0xa0, 0x0,
    0x5, 0xdf, 0xfd, 0x80, 0x0,

    /* U+FECF "ﻏ" */
    0x0, 0x0, 0x6f, 0x30, 0x0, 0x0, 0x0, 0x8f,
    0x40, 0x0, 0x0, 0x0, 0x2, 0x0, 0x0, 0x0,
    0x0, 0x0, 0x0, 0x0, 0x0, 0x2, 0xae, 0xfe,
    0x80, 0x0, 0x2f, 0xfd, 0xbe, 0x80, 0x0, 0xaf,
    0x90, 0x0, 0x0, 0x0, 0xdf, 0x30, 0x0, 0x0,
    0x0, 0xcf, 0x30, 0x0, 0x0, 0x0, 0x6f, 0xa0,
    0x0, 0x0, 0x1b, 0xbf, 0xfd, 0xbb, 0xb0, 0x2f,
    0xff, 0xff, 0xff, 0xf1,

    /* U+FED0 "ﻐ" */
    0x0, 0x0, 0xc, 0xd0, 0x0, 0x0, 0x0, 0x0,
    0xde, 0x0, 0x0, 0x0, 0x0, 0x1, 0x10, 0x0,
    0x0, 0x0, 0x27, 0xaa, 0x94, 0x0, 0x0, 0xaf,
    0xff, 0xff, 0xfd, 0x0, 0x4f, 0xe5, 0x0, 0x4f,
    0xd0, 0x0, 0xff, 0x0, 0x4, 0xfa, 0x0, 0x8,
    0xf7, 0x0, 0xbf, 0x40, 0x0, 0x1e, 0xf5, 0xaf,
    0xb0, 0x0, 0x0, 0x4f, 0xff, 0xc1, 0x0, 0x1b,
    0xbc, 0xff, 0xfe, 0xbb, 0x82, 0xff, 0xeb, 0x47,
    0xdf, 0xfc,

    /* U+FED1 "ﻑ" */
    0x0, 0x0, 0x0, 0x0, 0x0, 0xdb, 0x0, 0x0,
    0x0, 0x0, 0x0, 0x0, 0xf, 0xd0, 0x0, 0x0,
    0x0, 0x0, 0x0, 0x0, 0x11, 0x0, 0x0, 0x0,
    0x0, 0x0, 0x0, 0x0, 0x0, 0x0, 0x0, 0x0,
    0x0, 0x0, 0x8, 0xdf, 0xff, 0x80, 0x0, 0x0,
    0x0, 0xc, 0xff, 0xbd, 0xf8, 0x7b, 0x30, 0x0,
    0x6, 0xfe, 0x10, 0x8f, 0x8d, 0xf2, 0x0, 0x0,
    0x9f, 0x80, 0x8, 0xf8, 0xff, 0x20, 0x0, 0x9,
    0xf7, 0x0, 0x8f, 0x8d, 0xf5, 0x0, 0x0, 0x5f,
    0xd0, 0x8, 0xf8, 0x8f, 0xfb, 0xbb, 0xbb, 0xff,
    0xeb, 0xdf, 0x80, 0x9e, 0xff, 0xff, 0xff, 0xff,
    0xff, 0xf8,

    /* U+FED2 "ﻒ" */
    0x0, 0x0, 0x0, 0x0, 0x2, 0xe8, 0x0, 0x0,
    0x0, 0x0, 0x0, 0x0, 0x0, 0x2f, 0xa0, 0x0,
    0x0, 0x0, 0x0, 0x0, 0x0, 0x0, 0x10, 0x0,
    0x0, 0x0, 0x0, 0x0, 0x0, 0x0, 0x0, 0x0,
    0x0, 0x0, 0x0, 0x0, 0x0, 0x0, 0x8, 0xdf,
    0xff, 0x80, 0x0, 0x0, 0x0, 0x0, 0xc, 0xff,
    0xbd, 0xf8, 0x0, 0x7b, 0x30, 0x0, 0x6, 0xfe,
    0x10, 0x8f, 0x80, 0xd, 0xf2, 0x0, 0x0, 0x9f,
    0x80, 0x8, 0xf8, 0x0, 0xff, 0x20, 0x0, 0x9,
    0xf7, 0x0, 0x8f, 0x80, 0xd, 0xf5, 0x0, 0x0,
    0x5f, 0xd0, 0x8, 0xf8, 0x0, 0x8f, 0xfb, 0xbb,
    0xbb, 0xff, 0xeb, 0xdf, 0xdb, 0x50, 0x9e, 0xff,
    0xff, 0xff, 0xff, 0xff, 0xff, 0xf8,

    /* U+FED3 "ﻓ" */
    0x0, 0x0, 0x1e, 0x90, 0x0, 0x0, 0x0, 0x1f,
    0xb0, 0x0, 0x0, 0x0, 0x1, 0x0, 0x0, 0x0,
    0x0, 0x0, 0x0, 0x0, 0x0, 0x0, 0x6d, 0xff,
    0xfa, 0x0, 0xa, 0xff, 0xcd, 0xfa, 0x0, 0x4f,
    0xf2, 0x6, 0xfa, 0x0, 0x7f, 0xa0, 0x6, 0xfa,
    0x0, 0x7f, 0x90, 0x6, 0xfa, 0x0, 0x3f, 0xe1,
    0x6, 0xfa, 0x1b, 0xbf, 0xff, 0xbd, 0xfa, 0x2f,
    0xff, 0xff, 0xff, 0xfa,

    /* U+FED4 "ﻔ" */
    0x0, 0x0, 0x1e, 0x90, 0x0, 0x0, 0x0, 0x0,
    0x1f, 0xb0, 0x0, 0x0, 0x0, 0x0, 0x1, 0x0,
    0x0, 0x0, 0x0, 0x0, 0x0, 0x0, 0x0, 0x0,
    0x0, 0x0, 0x7d, 0xff, 0xfa, 0x0, 0x0, 0xa,
    0xff, 0xcd, 0xfa, 0x0, 0x0, 0x4f, 0xf2, 0x6,
    0xfa, 0x0, 0x0, 0x7f, 0xa0, 0x6, 0xfa, 0x0,
    0x0, 0x7f, 0x90, 0x6, 0xfa, 0x0, 0x0, 0x3f,
    0xe1, 0x6, 0xfa, 0x0, 0x1b, 0xbf, 0xff, 0xbd,
    0xfe, 0xb7, 0x2f, 0xff, 0xff, 0xff, 0xff, 0xfa,

    /* U+FED5 "ﻕ" */
    0x0, 0x0, 0x0, 0xbd, 0x1e, 0xa0, 0x0, 0x0,
    0x0, 0xc, 0xf2, 0xfb, 0x0, 0x0, 0x0, 0x0,
    0x1, 0x1, 0x0, 0x0, 0x0, 0x0, 0x0, 0x0,
    0x0, 0x0, 0x0, 0x0, 0x0, 0x7, 0xdf, 0xff,
    0x90, 0x0, 0x0, 0xb, 0xff, 0xcd, 0xf9, 0x0,
    0x0, 0x5, 0xfe, 0x20, 0x7f, 0x90, 0x11, 0x0,
    0x8f, 0x90, 0x7, 0xf9, 0x6f, 0x70, 0x9, 0xf8,
    0x0, 0x7f, 0x9b, 0xf4, 0x0, 0x6f, 0xd1, 0x7,
    0xf9, 0xef, 0x20, 0x0, 0xdf, 0xeb, 0xdf, 0x9f,
    0xf2, 0x0, 0x1, 0xaf, 0xff, 0xf8, 0xdf, 0x40,
    0x0, 0x0, 0x0, 0x8f, 0x77, 0xfd, 0x30, 0x0,
    0x0, 0x5e, 0xf4, 0xc, 0xff, 0xff, 0xff, 0xff,
    0xfa, 0x0, 0x6, 0xab, 0xbb, 0xbb, 0x95, 0x0,

    /* U+FED6 "ﻖ" */
    0x0, 0x0, 0x0, 0xbd, 0x1e, 0xa0, 0x0, 0x0,
    0x0, 0x0, 0xc, 0xf2, 0xfb, 0x0, 0x0, 0x0,
    0x0, 0x0, 0x1, 0x1, 0x0, 0x0, 0x0, 0x0,
    0x0, 0x0, 0x0, 0x0, 0x0, 0x0, 0x0, 0x0,
    0x0, 0x7, 0xdf, 0xff, 0x90, 0x0, 0x0, 0x0,
    0xb, 0xff, 0xcd, 0xf9, 0x0, 0x0, 0x0, 0x5,
    0xfe, 0x20, 0x7f, 0x90, 0x0, 0x11, 0x0, 0x8f,
    0x90, 0x7, 0xf9, 0x0, 0x6f, 0x70, 0x9, 0xf8,
    0x0, 0x7f, 0x90, 0xb, 0xf4, 0x0, 0x6f, 0xd1,
    0x7, 0xf9, 0x0, 0xef, 0x20, 0x0, 0xdf, 0xeb,
    0xdf, 0xdb, 0x6f, 0xf2, 0x0, 0x1, 0xaf, 0xff,
    0xff, 0xf9, 0xdf, 0x40, 0x0, 0x0, 0x0, 0x8f,
    0x80, 0x8, 0xfd, 0x30, 0x0, 0x0, 0x4e, 0xf4,
    0x0, 0xc, 0xff, 0xff, 0xff, 0xff, 0xfa, 0x0,
    0x0, 0x6, 0xab, 0xbb, 0xbb, 0x94, 0x0, 0x0,

    /* U+FED7 "ﻗ" */
    0x0, 0x4, 0xf5, 0x8e, 0x20, 0x0, 0x6, 0xf7,
    0xaf, 0x20, 0x0, 0x0, 0x20, 0x1, 0x0, 0x0,
    0x0, 0x0, 0x0, 0x0, 0x0, 0x0, 0x6d, 0xff,
    0xfa, 0x0, 0xa, 0xff, 0xcd, 0xfa, 0x0, 0x4f,
    0xf2, 0x6, 0xfa, 0x0, 0x7f, 0xa0, 0x6, 0xfa,
    0x0, 0x7f, 0x90, 0x6, 0xfa, 0x0, 0x3f, 0xe1,
    0x6, 0xfa, 0x1b, 0xbf, 0xff, 0xbd, 0xfa, 0x2f,
    0xff, 0xff, 0xff, 0xfa,

    /* U+FED8 "ﻘ" */
    0x0, 0x4, 0xf5, 0x8e, 0x20, 0x0, 0x0, 0x6,
    0xf7, 0xaf, 0x20, 0x0, 0x0, 0x0, 0x20, 0x1,
    0x0, 0x0, 0x0, 0x0, 0x0, 0x0, 0x0, 0x0,
    0x0, 0x0, 0x7d, 0xff, 0xfa, 0x0, 0x0, 0xa,
    0xff, 0xcd, 0xfa, 0x0, 0x0, 0x4f, 0xf2, 0x6,
    0xfa, 0x0, 0x0, 0x7f, 0xa0, 0x6, 0xfa, 0x0,
    0x0, 0x7f, 0x90, 0x6, 0xfa, 0x0, 0x0, 0x3f,
    0xe1, 0x6, 0xfa, 0x0, 0x1b, 0xbf, 0xff, 0xbd,
    0xfe, 0xb7, 0x2f, 0xff, 0xff, 0xff, 0xff, 0xfa,

    /* U+FED9 "ﻙ" */
    0x0, 0x0, 0x0, 0x0, 0xf, 0xf0, 0x0, 0x0,
    0x0, 0x0, 0xf, 0xf0, 0x0, 0x0, 0x0, 0x0,
    0xf, 0xf0, 0x0, 0x0, 0x1, 0x20, 0xf, 0xf0,
    0x0, 0x0, 0x3e, 0x40, 0xf, 0xf0, 0x0, 0x0,
    0x5a, 0xe3, 0xf, 0xf0, 0x48, 0x20, 0xbc, 0xd4,
    0xf, 0xf0, 0xcf, 0x20, 0x0, 0x0, 0xf, 0xf0,
    0xef, 0x10, 0x0, 0x0, 0xf, 0xf0, 0xef, 0x50,
    0x0, 0x0, 0xf, 0xf0, 0x9f, 0xfb, 0xbb, 0xbb,
    0xbf, 0xf0, 0x9, 0xef, 0xff, 0xff, 0xff, 0xf0,

    /* U+FEDA "ﻚ" */
    0x0, 0x0, 0x0, 0x0, 0xf, 0xf0, 0x0, 0x0,
    0x0, 0x0, 0x0, 0xf, 0xf0, 0x0, 0x0, 0x0,
    0x0, 0x0, 0xf, 0xf0, 0x0, 0x0, 0x0, 0x1,
    0x20, 0xf, 0xf0, 0x0, 0x0, 0x0, 0x3e, 0x40,
    0xf, 0xf0, 0x0, 0x0, 0x0, 0x5a, 0xe3, 0xf,
    0xf0, 0x0, 0x48, 0x20, 0xbc, 0xd4, 0xf, 0xf0,
    0x0, 0xcf, 0x20, 0x0, 0x0, 0xf, 0xf0, 0x0,
    0xef, 0x10, 0x0, 0x0, 0xf, 0xf0, 0x0, 0xef,
    0x50, 0x0, 0x0, 0xf, 0xf0, 0x0, 0x9f, 0xfb,
    0xbb, 0xbb, 0xbf, 0xfb, 0xb2, 0x9, 0xef, 0xff,
    0xff, 0xff, 0xff, 0xf3,

    /* U+FEDB "ﻛ" */
    0x0, 0x0, 0x0, 0x0, 0x0, 0x0, 0x0, 0x0,
    0x8e, 0x10, 0x0, 0x0, 0x3e, 0xff, 0x50, 0x0,
    0x4, 0xff, 0xb2, 0x0, 0x0, 0x2f, 0xf6, 0x0,
    0x0, 0x0, 0xbf, 0x60, 0x0, 0x0, 0x0, 0xff,
    0xff, 0xd8, 0x10, 0x0, 0xbb, 0xbc, 0xff, 0xd0,
    0x0, 0x0, 0x0, 0x2f, 0xf4, 0x0, 0x0, 0x0,
    0xb, 0xf6, 0x0, 0x0, 0x0, 0xa, 0xf6, 0x0,
    0x0, 0x0, 0xa, 0xf6, 0x1b, 0xbb, 0xbb, 0xbe,
    0xf6, 0x2f, 0xff, 0xff, 0xff, 0xf6,

    /* U+FEDC "ﻜ" */
    0x0, 0x0, 0x0, 0x0, 0x0, 0x0, 0x0, 0x0,
    0x0, 0x8e, 0x10, 0x0, 0x0, 0x0, 0x3e, 0xff,
    0x50, 0x0, 0x0, 0x4, 0xff, 0xb2, 0x0, 0x0,
    0x0, 0x2f, 0xf6, 0x0, 0x0, 0x0, 0x0, 0xcf,
    0x60, 0x0, 0x0, 0x0, 0x0, 0xff, 0xff, 0xd8,
    0x10, 0x0, 0x0, 0xbb, 0xbc, 0xff, 0xd0, 0x0,
    0x0, 0x0, 0x0, 0x2f, 0xf4, 0x0, 0x0, 0x0,
    0x0, 0xb, 0xf6, 0x0, 0x0, 0x0, 0x0, 0xa,
    0xf6, 0x0, 0x0, 0x0, 0x0, 0xa, 0xf6, 0x0,
    0x1b, 0xbb, 0xbb, 0xbe, 0xfd, 0xb6, 0x2f, 0xff,
    0xff, 0xff, 0xff, 0xf8,

    /* U+FEDD "ﻝ" */
    0x0, 0x0, 0x0, 0xb, 0xf5, 0x0, 0x0, 0x0,
    0xb, 0xf5, 0x0, 0x0, 0x0, 0xb, 0xf5, 0x0,
    0x0, 0x0, 0xb, 0xf5, 0x0, 0x0, 0x0, 0xb,
    0xf5, 0x0, 0x0, 0x0, 0xb, 0xf5, 0x0, 0x0,
    0x0, 0xb, 0xf5, 0x0, 0x0, 0x0, 0xb, 0xf5,
    0x6f, 0x70, 0x0, 0xb, 0xf5, 0xbf, 0x40, 0x0,
    0xb, 0xf5, 0xef, 0x20, 0x0, 0xb, 0xf5, 0xff,
    0x10, 0x0, 0xb, 0xf5, 0xef, 0x30, 0x0, 0xc,
    0xf4, 0xaf, 0xa0, 0x0, 0x4f, 0xf1, 0x2f, 0xfd,
    0xbc, 0xff, 0x90, 0x3, 0xbf, 0xff, 0xd7, 0x0,

    /* U+FEDE "ﻞ" */
    0x0, 0x0, 0x0, 0xb, 0xf5, 0x0, 0x0, 0x0,
    0x0, 0xb, 0xf5, 0x0, 0x0, 0x0, 0x0, 0xb,
    0xf5, 0x0, 0x0, 0x0, 0x0, 0xb, 0xf5, 0x0,
    0x0, 0x0, 0x0, 0xb, 0xf5, 0x0, 0x0, 0x0,
    0x0, 0xb, 0xf5, 0x0, 0x0, 0x0, 0x0, 0xb,
    0xf5, 0x0, 0x1, 0x0, 0x0, 0xb, 0xf5, 0x0,
    0x6f, 0x70, 0x0, 0xb, 0xf5, 0x0, 0xbf, 0x40,
    0x0, 0xb, 0xf5, 0x0, 0xef, 0x20, 0x0, 0xb,
    0xfc, 0xb4, 0xff, 0x20, 0x0, 0xb, 0xff, 0xf6,
    0xdf, 0x40, 0x0, 0xd, 0xf4, 0x0, 0x8f, 0xd2,
    0x1, 0x8f, 0xf0, 0x0, 0xd, 0xff, 0xff, 0xff,
    0x60, 0x0, 0x0, 0x6a, 0xba, 0x82, 0x0, 0x0,

    /* U+FEDF "ﻟ" */
    0x0, 0xf, 0xf0, 0x0, 0xf, 0xf0, 0x0, 0xf,
    0xf0, 0x0, 0xf, 0xf0, 0x0, 0xf, 0xf0, 0x0,
    0xf, 0xf0, 0x0, 0xf, 0xf0, 0x0, 0xf, 0xf0,
    0x0, 0xf, 0xf0, 0x0, 0xf, 0xf0, 0x1b, 0xbf,
    0xf0, 0x2f, 0xff, 0xf0,

    /* U+FEE0 "ﻠ" */
    0x0, 0xf, 0xf0, 0x0, 0x0, 0xf, 0xf0, 0x0,
    0x0, 0xf, 0xf0, 0x0, 0x0, 0xf, 0xf0, 0x0,
    0x0, 0xf, 0xf0, 0x0, 0x0, 0xf, 0xf0, 0x0,
    0x0, 0xf, 0xf0, 0x0, 0x0, 0xf, 0xf0, 0x0,
    0x0, 0xf, 0xf0, 0x0, 0x0, 0xf, 0xf0, 0x0,
    0x1b, 0xbf, 0xfb, 0xb1, 0x2f, 0xff, 0xff, 0xf2,

    /* U+FEE1 "ﻡ" */
    0x0, 0x4, 0x9a, 0x82, 0x0, 0x0, 0xbf, 0xff,
    0xff, 0x40, 0x2, 0xfd, 0x30, 0x7f, 0xe0, 0x5,
    0xfa, 0x0, 0xf, 0xf1, 0x5, 0xf9, 0x0, 0xf,
    0xf1, 0x2, 0xfc, 0x0, 0x7f, 0xe0, 0x19, 0xff,
    0xbc, 0xff, 0x50, 0xbf, 0xff, 0xff, 0xc4, 0x0,
    0xff, 0x40, 0x0, 0x0, 0x0, 0xff, 0x10, 0x0,
    0x0, 0x0, 0xff, 0x10, 0x0, 0x0, 0x0, 0xff,
    0x10, 0x0, 0x0, 0x0, 0xff, 0x10, 0x0, 0x0,
    0x0, 0x12, 0x0, 0x0, 0x0, 0x0,

    /* U+FEE2 "ﻢ" */
    0x0, 0x4, 0x9a, 0x82, 0x0, 0x0, 0xb, 0xff,
    0xff, 0xf4, 0x0, 0x2, 0xfd, 0x30, 0x7f, 0xe0,
    0x0, 0x5f, 0xa0, 0x0, 0xff, 0x10, 0x5, 0xf9,
    0x0, 0xf, 0xf1, 0x0, 0x2f, 0xc0, 0x7, 0xff,
    0x0, 0x19, 0xff, 0xbc, 0xff, 0xfe, 0x8b, 0xff,
    0xff, 0xfc, 0x46, 0xdb, 0xff, 0x40, 0x0, 0x0,
    0x0, 0xf, 0xf1, 0x0, 0x0, 0x0, 0x0, 0xff,
    0x10, 0x0, 0x0, 0x0, 0xf, 0xf1, 0x0, 0x0,
    0x0, 0x0, 0xff, 0x10, 0x0, 0x0, 0x0, 0x1,
    0x20, 0x0, 0x0, 0x0, 0x0,

    /* U+FEE3 "ﻣ" */
    0x0, 0x1, 0x6a, 0xa7, 0x0, 0x0, 0x1e, 0xff,
    0xff, 0xd1, 0x0, 0x7f, 0xa1, 0x1c, 0xf8, 0x0,
    0xaf, 0x40, 0x5, 0xfc, 0x0, 0xaf, 0x40, 0x5,
    0xfc, 0x0, 0x7f, 0x70, 0xc, 0xf8, 0x1b, 0xcf,
    0xeb, 0xef, 0xe1, 0x2f, 0xff, 0xff, 0xea, 0x10,

    /* U+FEE4 "ﻤ" */
    0x0, 0x1, 0x6a, 0xa7, 0x10, 0x0, 0x0, 0x1e,
    0xff, 0xff, 0xd1, 0x0, 0x0, 0x7f, 0xa1, 0x1c,
    0xf8, 0x0, 0x0, 0xaf, 0x40, 0x5, 0xfc, 0x0,
    0x0, 0xaf, 0x40, 0x5, 0xfc, 0x0, 0x0, 0x7f,
    0x70, 0xc, 0xfa, 0x0, 0x1b, 0xcf, 0xeb, 0xef,
    0xff, 0xc4, 0x2f, 0xff, 0xff, 0xe9, 0x2a, 0xe5,

    /* U+FEE5 "ﻥ" */
    0x0, 0x6, 0xf4, 0x0, 0x0, 0x0, 0x7, 0xf5,
    0x0, 0x0, 0x0, 0x0, 0x20, 0x9, 0xe4, 0x0,
    0x0, 0x0, 0xb, 0xf5, 0x0, 0x0, 0x0, 0xb,
    0xf5, 0x0, 0x0, 0x0, 0xb, 0xf5, 0x5e, 0x70,
    0x0, 0xb, 0xf5, 0xaf, 0x50, 0x0, 0xb, 0xf5,
    0xdf, 0x20, 0x0, 0xb, 0xf5, 0xff, 0x10, 0x0,
    0xb, 0xf5, 0xef, 0x30, 0x0, 0xc, 0xf4, 0xaf,
    0xa0, 0x0, 0x4f, 0xf1, 0x2f, 0xfd, 0xbc, 0xff,
    0x90, 0x3, 0xbf, 0xff, 0xd6, 0x0,

    /* U+FEE6 "ﻦ" */
    0x0, 0x6, 0xf4, 0x0, 0x0, 0x0, 0x0, 0x7,
    0xf5, 0x0, 0x0, 0x0, 0x0, 0x0, 0x20, 0x9,
    0xe4, 0x0, 0x0, 0x0, 0x0, 0xb, 0xf5, 0x0,
    0x0, 0x0, 0x0, 0xb, 0xf5, 0x0, 0x0, 0x0,
    0x0, 0xb, 0xf5, 0x0, 0x6f, 0x70, 0x0, 0xb,
    0xf5, 0x0, 0xbf, 0x40, 0x0, 0xb, 0xf5, 0x0,
    0xef, 0x20, 0x0, 0xb, 0xfc, 0xb4, 0xff, 0x20,
    0x0, 0xb, 0xff, 0xf6, 0xdf, 0x40, 0x0, 0xd,
    0xf4, 0x0, 0x8f, 0xc2, 0x1, 0x8f, 0xf0, 0x0,
    0x1d, 0xff, 0xff, 0xff, 0x60, 0x0, 0x0, 0x6a,
    0xba, 0x82, 0x0, 0x0,

    /* U+FEE7 "ﻧ" */
    0x0, 0x7f, 0x30, 0x0, 0x8f, 0x40, 0x0, 0x2,
    0x0, 0x0, 0x0, 0x0, 0x0, 0xf, 0xf0, 0x0,
    0xf, 0xf0, 0x0, 0xf, 0xf0, 0x0, 0xf, 0xf0,
    0x0, 0xf, 0xf0, 0x0, 0xf, 0xf0, 0x1b, 0xbf,
    0xf0, 0x2f, 0xff, 0xf0,

    /* U+FEE8 "ﻨ" */
    0x0, 0x7f, 0x30, 0x0, 0x0, 0x8f, 0x40, 0x0,
    0x0, 0x2, 0x0, 0x0, 0x0, 0x0, 0x0, 0x0,
    0x0, 0xc, 0xc0, 0x0, 0x0, 0xf, 0xf0, 0x0,
    0x0, 0xf, 0xf0, 0x0, 0x0, 0xf, 0xf0, 0x0,
    0x0, 0xf, 0xf0, 0x0, 0x0, 0xf, 0xf0, 0x0,
    0x1b, 0xbf, 0xfb, 0xb1, 0x2f, 0xff, 0xff, 0xf2,

    /* U+FEE9 "ﻩ" */
    0x2, 0xbf, 0xfa, 0x10, 0x1e, 0xfc, 0xdf, 0xd0,
    0x9f, 0x90, 0xb, 0xf7, 0xdf, 0x20, 0x5, 0xfc,
    0xff, 0x10, 0x3, 0xfd, 0xcf, 0x50, 0x7, 0xfb,
    0x6f, 0xfc, 0xcf, 0xf5, 0x6, 0xdf, 0xfc, 0x50,

    /* U+FEEA "ﻪ" */
    0x0, 0x0, 0x5, 0x82, 0x0, 0x1, 0x9e, 0xff,
    0xf5, 0x0, 0x2e, 0xfe, 0xbe, 0xf5, 0x0, 0xaf,
    0xb0, 0xb, 0xf5, 0x0, 0xef, 0x30, 0xb, 0xf5,
    0x0, 0xef, 0x30, 0xb, 0xf5, 0x0, 0xbf, 0x90,
    0xb, 0xf5, 0x0, 0x3f, 0xfd, 0xbe, 0xfc, 0xb3,
    0x3, 0xae, 0xff, 0xff, 0xf5,

    /* U+FEEB "ﻫ" */
    0x0, 0x2, 0x69, 0xbb, 0xa7, 0x20, 0x0, 0x0,
    0x9, 0xff, 0xff, 0xff, 0xf7, 0x0, 0x0, 0x3,
    0x72, 0x0, 0x17, 0xff, 0x60, 0x0, 0x0, 0x0,
    0x0, 0x0, 0x6f, 0xe0, 0x0, 0x4, 0xcf, 0xfa,
    0x10, 0xe, 0xf3, 0x0, 0x4f, 0xfd, 0xff, 0xb0,
    0xb, 0xf5, 0x0, 0xbf, 0x80, 0x2f, 0xf0, 0xb,
    0xf5, 0x0, 0xcf, 0x40, 0xe, 0xf2, 0xb, 0xf5,
    0x0, 0x8f, 0xa0, 0xe, 0xf2, 0xb, 0xf5, 0x1b,
    0xbf, 0xfd, 0xbf, 0xfb, 0xbe, 0xf5, 0x2f, 0xff,
    0xff, 0xff, 0xff, 0xff, 0xf5,

    /* U+FEEC "ﻬ" */
    0x0, 0x2, 0x69, 0xbb, 0xa7, 0x20, 0x0, 0x0,
    0x0, 0x9, 0xff, 0xff, 0xff, 0xf7, 0x0, 0x0,
    0x0, 0x3, 0x72, 0x0, 0x17, 0xff, 0x60, 0x0,
    0x0, 0x0, 0x0, 0x0, 0x0, 0x6f, 0xe0, 0x0,
    0x0, 0x5, 0xcf, 0xe9, 0x0, 0xe, 0xf3, 0x0,
    0x0, 0x4f, 0xfd, 0xff, 0xa0, 0xb, 0xf5, 0x0,
    0x0, 0xbf, 0x80, 0x2f, 0xf0, 0xb, 0xf5, 0x0,
    0x0, 0xcf, 0x40, 0xe, 0xf2, 0xb, 0xf5, 0x0,
    0x0, 0x8f, 0xa0, 0xe, 0xf2, 0xb, 0xf5, 0x0,
    0x1b, 0xbf, 0xfd, 0xbf, 0xfb, 0xbe, 0xfc, 0xb5,
    0x2f, 0xff, 0xff, 0xff, 0xff, 0xff, 0xff, 0xf7,

    /* U+FEED "ﻭ" */
    0x0, 0x7d, 0xff, 0xf5, 0xc, 0xfe, 0xbe, 0xf5,
    0x8f, 0xc0, 0xb, 0xf5, 0xcf, 0x50, 0xb, 0xf5,
    0xdf, 0x40, 0xb, 0xf5, 0xbf, 0x80, 0xb, 0xf5,
    0x4f, 0xfc, 0xbe, 0xf5, 0x5, 0xdf, 0xff, 0xf5,
    0x0, 0x0, 0xc, 0xf4, 0x25, 0x10, 0x5f, 0xf1,
    0xbf, 0xff, 0xff, 0x70, 0x27, 0xaa, 0x83, 0x0,

    /* U+FEEE "ﻮ" */
    0x0, 0x7d, 0xff, 0xf5, 0x0, 0xc, 0xfe, 0xbe,
    0xf5, 0x0, 0x8f, 0xc0, 0xb, 0xf5, 0x0, 0xcf,
    0x50, 0xb, 0xf5, 0x0, 0xdf, 0x40, 0xb, 0xf5,
    0x0, 0xbf, 0x80, 0xb, 0xf5, 0x0, 0x4f, 0xfc,
    0xbe, 0xfc, 0xb1, 0x5, 0xdf, 0xff, 0xff, 0xf2,
    0x0, 0x0, 0xc, 0xf4, 0x0, 0x25, 0x10, 0x5f,
    0xf1, 0x0, 0xbf, 0xff, 0xff, 0x70, 0x0, 0x27,
    0xaa, 0x83, 0x0, 0x0,

    /* U+FEEF "ﻯ" */
    0x0, 0x0, 0x0, 0x0, 0x5b, 0xd8, 0x0, 0x0,
    0x0, 0x0, 0xaf, 0xff, 0xe0, 0x0, 0x0, 0x0,
    0xaf, 0xc3, 0x12, 0x0, 0x0, 0x0, 0x4f, 0xc0,
    0x0, 0x0, 0x0, 0x0, 0x9, 0xf6, 0x0, 0x0,
    0x6, 0xc3, 0x0, 0x7f, 0xe5, 0x0, 0x0, 0xcf,
    0x20, 0x0, 0x9f, 0xf9, 0x0, 0xe, 0xf1, 0x0,
    0x0, 0x4e, 0xfb, 0x0, 0xff, 0x20, 0x0, 0x0,
    0x1d, 0xf5, 0xc, 0xf8, 0x0, 0x0, 0x0, 0xcf,
    0x60, 0x6f, 0xfc, 0xbb, 0xbb, 0xef, 0xf1, 0x0,
    0x7e, 0xff, 0xff, 0xfd, 0x92, 0x0,

    /* U+FEF0 "ﻰ" */
    0x0, 0x0, 0x0, 0x3, 0xcf, 0xc2, 0x0, 0x0,
    0x0, 0x0, 0x0, 0x5f, 0xff, 0xfd, 0x0, 0x0,
    0x0, 0x0, 0x1, 0xff, 0x40, 0x9f, 0x90, 0x0,
    0x8e, 0x40, 0x5, 0xfa, 0x0, 0xc, 0xf6, 0x0,
    0xcf, 0x20, 0x3, 0xff, 0x93, 0x1, 0xef, 0xc0,
    0xef, 0x10, 0x0, 0x7e, 0xff, 0xb0, 0x2b, 0xf0,
    0xef, 0x20, 0x0, 0x0, 0x4e, 0xf4, 0x0, 0x0,
    0xbf, 0xc1, 0x0, 0x0, 0x4e, 0xf3, 0x0, 0x0,
    0x3f, 0xff, 0xff, 0xff, 0xff, 0xa0, 0x0, 0x0,
    0x3, 0x9b, 0xbb, 0xba, 0x94, 0x0, 0x0, 0x0,

    /* U+FEF1 "ﻱ" */
    0x0, 0x0, 0x0, 0x0, 0x7e, 0xfb, 0x10, 0x0,
    0x0, 0x1, 0xcf, 0xfe, 0xd0, 0x0, 0x0, 0x0,
    0xcf, 0xa1, 0x1, 0x0, 0x0, 0x0, 0x5f, 0xb0,
    0x0, 0x0, 0x0, 0x0, 0x9, 0xf7, 0x0, 0x0,
    0x9, 0xf4, 0x0, 0x5f, 0xf8, 0x0, 0x0, 0xdf,
    0x10, 0x0, 0x5f, 0xfc, 0x10, 0xe, 0xf1, 0x0,
    0x0, 0x1b, 0xfe, 0x10, 0xef, 0x30, 0x0, 0x0,
    0xb, 0xf6, 0xb, 0xfc, 0x10, 0x0, 0x3, 0xdf,
    0x60, 0x3f, 0xff, 0xff, 0xff, 0xff, 0xc0, 0x0,
    0x39, 0xbb, 0xbb, 0xa9, 0x50, 0x0, 0x0, 0x1,
    0x0, 0x20, 0x0, 0x0, 0x0, 0x0, 0xfd, 0x4f,
    0x80, 0x0, 0x0, 0x0, 0xd, 0xb3, 0xf7, 0x0,
    0x0, 0x0,

    /* U+FEF2 "ﻲ" */
    0x0, 0x0, 0x0, 0x3, 0xcf, 0xc2, 0x0, 0x0,
    0x0, 0x0, 0x0, 0x5f, 0xff, 0xfd, 0x0, 0x0,
    0x0, 0x0, 0x1, 0xff, 0x40, 0x9f, 0x90, 0x0,
    0x8e, 0x40, 0x5, 0xfa, 0x0, 0xc, 0xf6, 0x0,
    0xcf, 0x20, 0x3, 0xff, 0x93, 0x1, 0xef, 0xc0,
    0xef, 0x10, 0x0, 0x7e, 0xff, 0xb0, 0x2b, 0xf0,
    0xef, 0x20, 0x0, 0x0, 0x4e, 0xf4, 0x0, 0x0,
    0xbf, 0xc1, 0x0, 0x0, 0x4e, 0xf3, 0x0, 0x0,
    0x3f, 0xff, 0xff, 0xff, 0xff, 0xa0, 0x0, 0x0,
    0x3, 0x9b, 0xbb, 0xba, 0x94, 0x0, 0x0, 0x0,
    0x0, 0x0, 0x0, 0x0, 0x0, 0x0, 0x0, 0x0,
    0x0, 0xd, 0xb3, 0xf7, 0x0, 0x0, 0x0, 0x0,
    0x0, 0xf, 0xd4, 0xf8, 0x0, 0x0, 0x0, 0x0,
    0x0, 0x1, 0x0, 0x20, 0x0, 0x0, 0x0, 0x0,

    /* U+FEF3 "ﻳ" */
    0x0, 0x3, 0xfe, 0x0, 0x0, 0x3f, 0xe0, 0x0,
    0x3, 0xfe, 0x0, 0x0, 0x3f, 0xe0, 0x0, 0x3,
    0xfe, 0x0, 0x0, 0x3f, 0xe0, 0x1b, 0xbc, 0xfe,
    0x2, 0xff, 0xff, 0xe0, 0x0, 0x0, 0x0, 0x0,
    0x4f, 0x58, 0xe2, 0x5, 0xf7, 0xaf, 0x20, 0x2,
    0x0, 0x10,

    /* U+FEF4 "ﻴ" */
    0x0, 0x9, 0xf8, 0x0, 0x0, 0x9, 0xf8, 0x0,
    0x0, 0x9, 0xf8, 0x0, 0x0, 0x9, 0xf8, 0x0,
    0x0, 0x9, 0xf8, 0x0, 0x0, 0x9, 0xf8, 0x0,
    0x1b, 0xbd, 0xfd, 0xba, 0x2f, 0xff, 0xff, 0xff,
    0x0, 0x0, 0x0, 0x0, 0x1, 0xe9, 0x4f, 0x50,
    0x2, 0xfa, 0x6f, 0x60, 0x0, 0x10, 0x2, 0x0,

    /* U+FEF5 "ﻵ" */
    0x0, 0xc, 0xd5, 0x1c, 0x0, 0x0, 0x69, 0x4c,
    0xfa, 0xfc, 0x0, 0x0, 0x0, 0x4, 0xfc, 0x1,
    0xdd, 0x0, 0x4, 0xfc, 0x0, 0xef, 0x40, 0x4,
    0xfc, 0x0, 0xaf, 0x80, 0x4, 0xfc, 0x0, 0x6f,
    0xc0, 0x4, 0xfc, 0x0, 0x2f, 0xf0, 0x4, 0xfc,
    0x0, 0xd, 0xf3, 0x4, 0xfc, 0x0, 0x9, 0xf7,
    0x4, 0xfc, 0x0, 0x5, 0xfb, 0x7, 0xfb, 0x3b,
    0xbc, 0xff, 0xcf, 0xf5, 0x4f, 0xff, 0xff, 0xfd,
    0x60,

    /* U+FEF6 "ﻶ" */
    0x0, 0x9, 0xe8, 0x1b, 0x10, 0x0, 0x0, 0x1c,
    0x39, 0xfd, 0xfc, 0x0, 0x0, 0x0, 0x0, 0x4,
    0xfc, 0x0, 0x1, 0xdd, 0x0, 0x4, 0xfc, 0x0,
    0x0, 0xef, 0x40, 0x4, 0xfc, 0x0, 0x0, 0xaf,
    0x80, 0x4, 0xfc, 0x0, 0x0, 0x6f, 0xc0, 0x4,
    0xfc, 0x0, 0x0, 0x2f, 0xf0, 0x4, 0xfc, 0x0,
    0x0, 0xd, 0xf3, 0x4, 0xfc, 0x0, 0x0, 0x9,
    0xf7, 0x4, 0xfc, 0x0, 0x0, 0x5, 0xfb, 0x4,
    0xfc, 0x0, 0x3b, 0xbc, 0xff, 0xbc, 0xfe, 0xba,
    0x4f, 0xff, 0xff, 0xff, 0xff, 0xff,

    /* U+FEF7 "ﻷ" */
    0x1c, 0xd4, 0x0, 0x0, 0x0, 0x6a, 0x0, 0x0,
    0x0, 0x0, 0x5f, 0xd9, 0x0, 0x4, 0xfc, 0x22,
    0x0, 0x0, 0x4, 0xfc, 0x1, 0xdd, 0x0, 0x4,
    0xfc, 0x0, 0xef, 0x40, 0x4, 0xfc, 0x0, 0xaf,
    0x80, 0x4, 0xfc, 0x0, 0x6f, 0xc0, 0x4, 0xfc,
    0x0, 0x2f, 0xf0, 0x4, 0xfc, 0x0, 0xd, 0xf3,
    0x4, 0xfc, 0x0, 0x9, 0xf7, 0x4, 0xfc, 0x0,
    0x5, 0xfb, 0x7, 0xfb, 0x3b, 0xbc, 0xff, 0xcf,
    0xf5, 0x4f, 0xff, 0xff, 0xfd, 0x60,

    /* U+FEF8 "ﻸ" */
    0x7, 0xdb, 0x0, 0x0, 0x0, 0x0, 0xe, 0x20,
    0x0, 0x0, 0x0, 0x0, 0x1c, 0xde, 0x10, 0x4,
    0xfc, 0x0, 0x3, 0x10, 0x0, 0x4, 0xfc, 0x0,
    0x1, 0xdd, 0x0, 0x4, 0xfc, 0x0, 0x0, 0xef,
    0x40, 0x4, 0xfc, 0x0, 0x0, 0xaf, 0x80, 0x4,
    0xfc, 0x0, 0x0, 0x6f, 0xc0, 0x4, 0xfc, 0x0,
    0x0, 0x2f, 0xf0, 0x4, 0xfc, 0x0, 0x0, 0xd,
    0xf3, 0x4, 0xfc, 0x0, 0x0, 0x9, 0xf7, 0x4,
    0xfc, 0x0, 0x0, 0x5, 0xfb, 0x4, 0xfc, 0x0,
    0x3b, 0xbc, 0xff, 0xbc, 0xfe, 0xba, 0x4f, 0xff,
    0xff, 0xff, 0xff, 0xff,

    /* U+FEF9 "ﻹ" */
    0x0, 0x0, 0x0, 0x4, 0xfc, 0x0, 0x0, 0x0,
    0x4, 0xfc, 0x1, 0xed, 0x0, 0x4, 0xfc, 0x0,
    0xef, 0x40, 0x4, 0xfc, 0x0, 0xaf, 0x80, 0x4,
    0xfc, 0x0, 0x6f, 0xc0, 0x4, 0xfc, 0x0, 0x2f,
    0xf0, 0x4, 0xfc, 0x0, 0xd, 0xf3, 0x4, 0xfc,
    0x0, 0x9, 0xf7, 0x4, 0xfc, 0x0, 0x5, 0xfb,
    0x7, 0xfb, 0x3b, 0xbc, 0xff, 0xcf, 0xf5, 0x4f,
    0xff, 0xff, 0xfd, 0x60, 0x0, 0x0, 0x0, 0x0,
    0x0, 0x0, 0x6d, 0xc0, 0x0, 0x0, 0x0, 0xd3,
    0x0, 0x0, 0x0, 0x0, 0xbd, 0xd2, 0x0, 0x0,
    0x0, 0x31, 0x0, 0x0, 0x0,

    /* U+FEFA "ﻺ" */
    0x0, 0x0, 0x0, 0x4, 0xfc, 0x0, 0x0, 0x0,
    0x0, 0x4, 0xfc, 0x0, 0x1, 0xed, 0x0, 0x4,
    0xfc, 0x0, 0x0, 0xef, 0x40, 0x4, 0xfc, 0x0,
    0x0, 0xaf, 0x80, 0x4, 0xfc, 0x0, 0x0, 0x6f,
    0xc0, 0x4, 0xfc, 0x0, 0x0, 0x2f, 0xf0, 0x4,
    0xfc, 0x0, 0x0, 0xd, 0xf3, 0x4, 0xfc, 0x0,
    0x0, 0x9, 0xf7, 0x4, 0xfc, 0x0, 0x0, 0x5,
    0xfb, 0x4, 0xfc, 0x0, 0x3b, 0xbc, 0xff, 0xbc,
    0xfe, 0xba, 0x4f, 0xff, 0xff, 0xff, 0xff, 0xff,
    0x0, 0x0, 0x0, 0x0, 0x0, 0x0, 0x0, 0x6d,
    0xc0, 0x0, 0x0, 0x0, 0x0, 0xd3, 0x0, 0x0,
    0x0, 0x0, 0x0, 0xbd, 0xd2, 0x0, 0x0, 0x0,
    0x0, 0x31, 0x0, 0x0, 0x0, 0x0,

    /* U+FEFB "ﻻ" */
    0x0, 0x0, 0x0, 0x4, 0xfc, 0x0, 0x0, 0x0,
    0x4, 0xfc, 0x1, 0xed, 0x0, 0x4, 0xfc, 0x0,
    0xef, 0x40, 0x4, 0xfc, 0x0, 0xaf, 0x80, 0x4,
    0xfc, 0x0, 0x6f, 0xc0, 0x4, 0xfc, 0x0, 0x2f,
    0xf0, 0x4, 0xfc, 0x0, 0xd, 0xf3, 0x4, 0xfc,
    0x0, 0x9, 0xf7, 0x4, 0xfc, 0x0, 0x5, 0xfb,
    0x7, 0xfb, 0x3b, 0xbc, 0xff, 0xcf, 0xf5, 0x4f,
    0xff, 0xff, 0xfd, 0x60,

    /* U+FEFC "ﻼ" */
    0x0, 0x0, 0x0, 0x4, 0xfc, 0x0, 0x0, 0x0,
    0x0, 0x4, 0xfc, 0x0, 0x1, 0xed, 0x0, 0x4,
    0xfc, 0x0, 0x0, 0xef, 0x40, 0x4, 0xfc, 0x0,
    0x0, 0xaf, 0x80, 0x4, 0xfc, 0x0, 0x0, 0x6f,
    0xc0, 0x4, 0xfc, 0x0, 0x0, 0x2f, 0xf0, 0x4,
    0xfc, 0x0, 0x0, 0xd, 0xf3, 0x4, 0xfc, 0x0,
    0x0, 0x9, 0xf7, 0x4, 0xfc, 0x0, 0x0, 0x5,
    0xfb, 0x4, 0xfc, 0x0, 0x3b, 0xbc, 0xff, 0xbc,
    0xfe, 0xba, 0x4f, 0xff, 0xff, 0xff, 0xff, 0xff,

    /* U+FEFF "﻿" */

};


/*---------------------
 *  GLYPH DESCRIPTION
 *--------------------*/

static const lv_font_fmt_txt_glyph_dsc_t glyph_dsc[] = {
    {.bitmap_index = 0, .adv_w = 0, .box_w = 0, .box_h = 0, .ofs_x = 0, .ofs_y = 0} /* id = 0 reserved */,
    {.bitmap_index = 0, .adv_w = 87, .box_w = 0, .box_h = 0, .ofs_x = 0, .ofs_y = 0},
    {.bitmap_index = 0, .adv_w = 72, .box_w = 4, .box_h = 12, .ofs_x = 0, .ofs_y = 0},
    {.bitmap_index = 24, .adv_w = 115, .box_w = 6, .box_h = 5, .ofs_x = 1, .ofs_y = 7},
    {.bitmap_index = 39, .adv_w = 165, .box_w = 10, .box_h = 12, .ofs_x = 0, .ofs_y = 0},
    {.bitmap_index = 99, .adv_w = 146, .box_w = 9, .box_h = 14, .ofs_x = 0, .ofs_y = -2},
    {.bitmap_index = 162, .adv_w = 225, .box_w = 14, .box_h = 12, .ofs_x = 0, .ofs_y = 0},
    {.bitmap_index = 246, .adv_w = 190, .box_w = 12, .box_h = 12, .ofs_x = 0, .ofs_y = 0},
    {.bitmap_index = 318, .adv_w = 65, .box_w = 2, .box_h = 5, .ofs_x = 1, .ofs_y = 7},
    {.bitmap_index = 323, .adv_w = 83, .box_w = 5, .box_h = 15, .ofs_x = 0, .ofs_y = -3},
    {.bitmap_index = 361, .adv_w = 83, .box_w = 5, .box_h = 15, .ofs_x = 0, .ofs_y = -3},
    {.bitmap_index = 399, .adv_w = 140, .box_w = 9, .box_h = 8, .ofs_x = 0, .ofs_y = 4},
    {.bitmap_index = 435, .adv_w = 146, .box_w = 9, .box_h = 8, .ofs_x = 0, .ofs_y = 2},
    {.bitmap_index = 471, .adv_w = 71, .box_w = 4, .box_h = 4, .ofs_x = 0, .ofs_y = -2},
    {.bitmap_index = 479, .adv_w = 82, .box_w = 5, .box_h = 2, .ofs_x = 0, .ofs_y = 3},
    {.bitmap_index = 484, .adv_w = 71, .box_w = 4, .box_h = 3, .ofs_x = 0, .ofs_y = 0},
    {.bitmap_index = 490, .adv_w = 102, .box_w = 7, .box_h = 12, .ofs_x = 0, .ofs_y = 0},
    {.bitmap_index = 532, .adv_w = 146, .box_w = 9, .box_h = 12, .ofs_x = 0, .ofs_y = 0},
    {.bitmap_index = 586, .adv_w = 146, .box_w = 6, .box_h = 12, .ofs_x = 1, .ofs_y = 0},
    {.bitmap_index = 622, .adv_w = 146, .box_w = 9, .box_h = 12, .ofs_x = 0, .ofs_y = 0},
    {.bitmap_index = 676, .adv_w = 146, .box_w = 9, .box_h = 12, .ofs_x = 0, .ofs_y = 0},
    {.bitmap_index = 730, .adv_w = 146, .box_w = 9, .box_h = 12, .ofs_x = 0, .ofs_y = 0},
    {.bitmap_index = 784, .adv_w = 146, .box_w = 9, .box_h = 12, .ofs_x = 0, .ofs_y = 0},
    {.bitmap_index = 838, .adv_w = 146, .box_w = 9, .box_h = 12, .ofs_x = 0, .ofs_y = 0},
    {.bitmap_index = 892, .adv_w = 146, .box_w = 9, .box_h = 12, .ofs_x = 0, .ofs_y = 0},
    {.bitmap_index = 946, .adv_w = 146, .box_w = 9, .box_h = 12, .ofs_x = 0, .ofs_y = 0},
    {.bitmap_index = 1000, .adv_w = 146, .box_w = 9, .box_h = 12, .ofs_x = 0, .ofs_y = 0},
    {.bitmap_index = 1054, .adv_w = 71, .box_w = 4, .box_h = 9, .ofs_x = 0, .ofs_y = 0},
    {.bitmap_index = 1072, .adv_w = 71, .box_w = 4, .box_h = 11, .ofs_x = 0, .ofs_y = -2},
    {.bitmap_index = 1094, .adv_w = 146, .box_w = 9, .box_h = 10, .ofs_x = 0, .ofs_y = 1},
    {.bitmap_index = 1139, .adv_w = 146, .box_w = 9, .box_h = 5, .ofs_x = 0, .ofs_y = 3},
    {.bitmap_index = 1162, .adv_w = 146, .box_w = 9, .box_h = 10, .ofs_x = 0, .ofs_y = 1},
    {.bitmap_index = 1207, .adv_w = 119, .box_w = 8, .box_h = 12, .ofs_x = 0, .ofs_y = 0},
    {.bitmap_index = 1255, .adv_w = 230, .box_w = 14, .box_h = 14, .ofs_x = 0, .ofs_y = -2},
    {.bitmap_index = 1353, .adv_w = 172, .box_w = 11, .box_h = 12, .ofs_x = 0, .ofs_y = 0},
    {.bitmap_index = 1419, .adv_w = 170, .box_w = 9, .box_h = 12, .ofs_x = 1, .ofs_y = 0},
    {.bitmap_index = 1473, .adv_w = 163, .box_w = 10, .box_h = 12, .ofs_x = 0, .ofs_y = 0},
    {.bitmap_index = 1533, .adv_w = 189, .box_w = 10, .box_h = 12, .ofs_x = 1, .ofs_y = 0},
    {.bitmap_index = 1593, .adv_w = 143, .box_w = 7, .box_h = 12, .ofs_x = 1, .ofs_y = 0},
    {.bitmap_index = 1635, .adv_w = 138, .box_w = 7, .box_h = 12, .ofs_x = 1, .ofs_y = 0},
    {.bitmap_index = 1677, .adv_w = 186, .box_w = 11, .box_h = 12, .ofs_x = 0, .ofs_y = 0},
    {.bitmap_index = 1743, .adv_w = 194, .box_w = 10, .box_h = 12, .ofs_x = 1, .ofs_y = 0},
    {.bitmap_index = 1803, .adv_w = 95, .box_w = 6, .box_h = 12, .ofs_x = 0, .ofs_y = 0},
    {.bitmap_index = 1839, .adv_w = 80, .box_w = 6, .box_h = 15, .ofs_x = -2, .ofs_y = -3},
    {.bitmap_index = 1884, .adv_w = 166, .box_w = 10, .box_h = 12, .ofs_x = 1, .ofs_y = 0},
    {.bitmap_index = 1944, .adv_w = 141, .box_w = 8, .box_h = 12, .ofs_x = 1, .ofs_y = 0},
    {.bitmap_index = 1992, .adv_w = 238, .box_w = 13, .box_h = 12, .ofs_x = 1, .ofs_y = 0},
    {.bitmap_index = 2070, .adv_w = 204, .box_w = 11, .box_h = 12, .ofs_x = 1, .ofs_y = 0},
    {.bitmap_index = 2136, .adv_w = 202, .box_w = 12, .box_h = 12, .ofs_x = 0, .ofs_y = 0},
    {.bitmap_index = 2208, .adv_w = 159, .box_w = 9, .box_h = 12, .ofs_x = 1, .ofs_y = 0},
    {.bitmap_index = 2262, .adv_w = 202, .box_w = 12, .box_h = 15, .ofs_x = 0, .ofs_y = -3},
    {.bitmap_index = 2352, .adv_w = 166, .box_w = 10, .box_h = 12, .ofs_x = 1, .ofs_y = 0},
    {.bitmap_index = 2412, .adv_w = 141, .box_w = 9, .box_h = 12, .ofs_x = 0, .ofs_y = 0},
    {.bitmap_index = 2466, .adv_w = 146, .box_w = 9, .box_h = 12, .ofs_x = 0, .ofs_y = 0},
    {.bitmap_index = 2520, .adv_w = 191, .box_w = 10, .box_h = 12, .ofs_x = 1, .ofs_y = 0},
    {.bitmap_index = 2580, .adv_w = 162, .box_w = 11, .box_h = 12, .ofs_x = 0, .ofs_y = 0},
    {.bitmap_index = 2646, .adv_w = 244, .box_w = 16, .box_h = 12, .ofs_x = 0, .ofs_y = 0},
    {.bitmap_index = 2742, .adv_w = 164, .box_w = 11, .box_h = 12, .ofs_x = 0, .ofs_y = 0},
    {.bitmap_index = 2808, .adv_w = 155, .box_w = 10, .box_h = 12, .ofs_x = 0, .ofs_y = 0},
    {.bitmap_index = 2868, .adv_w = 148, .box_w = 9, .box_h = 12, .ofs_x = 0, .ofs_y = 0},
    {.bitmap_index = 2922, .adv_w = 84, .box_w = 4, .box_h = 14, .ofs_x = 1, .ofs_y = -2},
    {.bitmap_index = 2950, .adv_w = 102, .box_w = 7, .box_h = 12, .ofs_x = 0, .ofs_y = 0},
    {.bitmap_index = 2992, .adv_w = 84, .box_w = 5, .box_h = 14, .ofs_x = 0, .ofs_y = -2},
    {.bitmap_index = 3027, .adv_w = 146, .box_w = 9, .box_h = 8, .ofs_x = 0, .ofs_y = 4},
    {.bitmap_index = 3063, .adv_w = 108, .box_w = 8, .box_h = 2, .ofs_x = -1, .ofs_y = -3},
    {.bitmap_index = 3071, .adv_w = 86, .box_w = 5, .box_h = 3, .ofs_x = 0, .ofs_y = 10},
    {.bitmap_index = 3079, .adv_w = 151, .box_w = 9, .box_h = 9, .ofs_x = 0, .ofs_y = 0},
    {.bitmap_index = 3120, .adv_w = 161, .box_w = 9, .box_h = 12, .ofs_x = 1, .ofs_y = 0},
    {.bitmap_index = 3174, .adv_w = 129, .box_w = 8, .box_h = 9, .ofs_x = 0, .ofs_y = 0},
    {.bitmap_index = 3210, .adv_w = 161, .box_w = 9, .box_h = 12, .ofs_x = 0, .ofs_y = 0},
    {.bitmap_index = 3264, .adv_w = 149, .box_w = 9, .box_h = 9, .ofs_x = 0, .ofs_y = 0},
    {.bitmap_index = 3305, .adv_w = 95, .box_w = 7, .box_h = 12, .ofs_x = 0, .ofs_y = 0},
    {.bitmap_index = 3347, .adv_w = 161, .box_w = 9, .box_h = 13, .ofs_x = 0, .ofs_y = -4},
    {.bitmap_index = 3406, .adv_w = 165, .box_w = 9, .box_h = 12, .ofs_x = 1, .ofs_y = 0},
    {.bitmap_index = 3460, .adv_w = 74, .box_w = 3, .box_h = 12, .ofs_x = 1, .ofs_y = 0},
    {.bitmap_index = 3478, .adv_w = 74, .box_w = 5, .box_h = 16, .ofs_x = -1, .ofs_y = -4},
    {.bitmap_index = 3518, .adv_w = 151, .box_w = 9, .box_h = 12, .ofs_x = 1, .ofs_y = 0},
    {.bitmap_index = 3572, .adv_w = 74, .box_w = 3, .box_h = 12, .ofs_x = 1, .ofs_y = 0},
    {.bitmap_index = 3590, .adv_w = 247, .box_w = 14, .box_h = 9, .ofs_x = 1, .ofs_y = 0},
    {.bitmap_index = 3653, .adv_w = 165, .box_w = 9, .box_h = 9, .ofs_x = 1, .ofs_y = 0},
    {.bitmap_index = 3694, .adv_w = 157, .box_w = 10, .box_h = 9, .ofs_x = 0, .ofs_y = 0},
    {.bitmap_index = 3739, .adv_w = 161, .box_w = 9, .box_h = 13, .ofs_x = 1, .ofs_y = -4},
    {.bitmap_index = 3798, .adv_w = 161, .box_w = 9, .box_h = 13, .ofs_x = 0, .ofs_y = -4},
    {.bitmap_index = 3857, .adv_w = 113, .box_w = 6, .box_h = 9, .ofs_x = 1, .ofs_y = 0},
    {.bitmap_index = 3884, .adv_w = 126, .box_w = 8, .box_h = 9, .ofs_x = 0, .ofs_y = 0},
    {.bitmap_index = 3920, .adv_w = 105, .box_w = 7, .box_h = 11, .ofs_x = 0, .ofs_y = 0},
    {.bitmap_index = 3959, .adv_w = 165, .box_w = 9, .box_h = 9, .ofs_x = 1, .ofs_y = 0},
    {.bitmap_index = 4000, .adv_w = 141, .box_w = 9, .box_h = 9, .ofs_x = 0, .ofs_y = 0},
    {.bitmap_index = 4041, .adv_w = 213, .box_w = 14, .box_h = 9, .ofs_x = 0, .ofs_y = 0},
    {.bitmap_index = 4104, .adv_w = 144, .box_w = 9, .box_h = 9, .ofs_x = 0, .ofs_y = 0},
    {.bitmap_index = 4145, .adv_w = 141, .box_w = 9, .box_h = 13, .ofs_x = 0, .ofs_y = -4},
    {.bitmap_index = 4204, .adv_w = 123, .box_w = 8, .box_h = 9, .ofs_x = 0, .ofs_y = 0},
    {.bitmap_index = 4240, .adv_w = 100, .box_w = 6, .box_h = 14, .ofs_x = 0, .ofs_y = -2},
    {.bitmap_index = 4282, .adv_w = 141, .box_w = 3, .box_h = 16, .ofs_x = 3, .ofs_y = -4},
    {.bitmap_index = 4306, .adv_w = 100, .box_w = 6, .box_h = 14, .ofs_x = 0, .ofs_y = -2},
    {.bitmap_index = 4348, .adv_w = 146, .box_w = 9, .box_h = 4, .ofs_x = 0, .ofs_y = 4},
    {.bitmap_index = 4366, .adv_w = 355, .box_w = 22, .box_h = 5, .ofs_x = 0, .ofs_y = -3},
    {.bitmap_index = 4421, .adv_w = 388, .box_w = 24, .box_h = 5, .ofs_x = 0, .ofs_y = -5},
    {.bitmap_index = 4481, .adv_w = 316, .box_w = 19, .box_h = 5, .ofs_x = 0, .ofs_y = -3},
    {.bitmap_index = 4529, .adv_w = 463, .box_w = 29, .box_h = 7, .ofs_x = 0, .ofs_y = -3},
    {.bitmap_index = 4631, .adv_w = 616, .box_w = 38, .box_h = 11, .ofs_x = 0, .ofs_y = -3},
    {.bitmap_index = 4840, .adv_w = 428, .box_w = 26, .box_h = 4, .ofs_x = 0, .ofs_y = 7},
    {.bitmap_index = 4892, .adv_w = 160, .box_w = 10, .box_h = 13, .ofs_x = 0, .ofs_y = -1},
    {.bitmap_index = 4957, .adv_w = 160, .box_w = 10, .box_h = 14, .ofs_x = 0, .ofs_y = -1},
    {.bitmap_index = 5027, .adv_w = 248, .box_w = 17, .box_h = 12, .ofs_x = -1, .ofs_y = -4},
    {.bitmap_index = 5129, .adv_w = 188, .box_w = 11, .box_h = 11, .ofs_x = 0, .ofs_y = 0},
    {.bitmap_index = 5190, .adv_w = 239, .box_w = 15, .box_h = 11, .ofs_x = 0, .ofs_y = 0},
    {.bitmap_index = 5273, .adv_w = 160, .box_w = 10, .box_h = 17, .ofs_x = -1, .ofs_y = -5},
    {.bitmap_index = 5358, .adv_w = 79, .box_w = 3, .box_h = 4, .ofs_x = 1, .ofs_y = 0},
    {.bitmap_index = 5364, .adv_w = 83, .box_w = 6, .box_h = 6, .ofs_x = 0, .ofs_y = -4},
    {.bitmap_index = 5382, .adv_w = 302, .box_w = 19, .box_h = 5, .ofs_x = 0, .ofs_y = 0},
    {.bitmap_index = 5430, .adv_w = 170, .box_w = 9, .box_h = 13, .ofs_x = 1, .ofs_y = -5},
    {.bitmap_index = 5489, .adv_w = 0, .box_w = 4, .box_h = 4, .ofs_x = 0, .ofs_y = 11},
    {.bitmap_index = 5497, .adv_w = 0, .box_w = 4, .box_h = 4, .ofs_x = 0, .ofs_y = 11},
    {.bitmap_index = 5505, .adv_w = 0, .box_w = 5, .box_h = 5, .ofs_x = 0, .ofs_y = 10},
    {.bitmap_index = 5518, .adv_w = 0, .box_w = 5, .box_h = 5, .ofs_x = 0, .ofs_y = 10},
    {.bitmap_index = 5531, .adv_w = 0, .box_w = 5, .box_h = 4, .ofs_x = 0, .ofs_y = 10},
    {.bitmap_index = 5541, .adv_w = 0, .box_w = 4, .box_h = 5, .ofs_x = 0, .ofs_y = 18},
    {.bitmap_index = 5551, .adv_w = 0, .box_w = 5, .box_h = 6, .ofs_x = 0, .ofs_y = 17},
    {.bitmap_index = 5566, .adv_w = 0, .box_w = 3, .box_h = 5, .ofs_x = 0, .ofs_y = 17},
    {.bitmap_index = 5574, .adv_w = 0, .box_w = 3, .box_h = 3, .ofs_x = 0, .ofs_y = 4},
    {.bitmap_index = 5579, .adv_w = 0, .box_w = 4, .box_h = 3, .ofs_x = 0, .ofs_y = 9},
    {.bitmap_index = 5585, .adv_w = 0, .box_w = 3, .box_h = 2, .ofs_x = 0, .ofs_y = -2},
    {.bitmap_index = 5588, .adv_w = 81, .box_w = 5, .box_h = 11, .ofs_x = 0, .ofs_y = 0},
    {.bitmap_index = 5616, .adv_w = 154, .box_w = 0, .box_h = 0, .ofs_x = 0, .ofs_y = 0},
    {.bitmap_index = 5616, .adv_w = 141, .box_w = 7, .box_h = 12, .ofs_x = 1, .ofs_y = -1},
    {.bitmap_index = 5658, .adv_w = 83, .box_w = 6, .box_h = 4, .ofs_x = 0, .ofs_y = 2},
    {.bitmap_index = 5670, .adv_w = 132, .box_w = 7, .box_h = 12, .ofs_x = 1, .ofs_y = 0},
    {.bitmap_index = 5712, .adv_w = 222, .box_w = 13, .box_h = 17, .ofs_x = 1, .ofs_y = -9},
    {.bitmap_index = 5823, .adv_w = 132, .box_w = 7, .box_h = 7, .ofs_x = 1, .ofs_y = 0},
    {.bitmap_index = 5848, .adv_w = 84, .box_w = 6, .box_h = 14, .ofs_x = 0, .ofs_y = 0},
    {.bitmap_index = 5890, .adv_w = 84, .box_w = 4, .box_h = 16, .ofs_x = 1, .ofs_y = 0},
    {.bitmap_index = 5922, .adv_w = 155, .box_w = 8, .box_h = 17, .ofs_x = 1, .ofs_y = -4},
    {.bitmap_index = 5990, .adv_w = 84, .box_w = 5, .box_h = 17, .ofs_x = 0, .ofs_y = -5},
    {.bitmap_index = 6033, .adv_w = 222, .box_w = 13, .box_h = 13, .ofs_x = 1, .ofs_y = -4},
    {.bitmap_index = 6118, .adv_w = 84, .box_w = 3, .box_h = 12, .ofs_x = 1, .ofs_y = 0},
    {.bitmap_index = 6136, .adv_w = 214, .box_w = 12, .box_h = 12, .ofs_x = 1, .ofs_y = -4},
    {.bitmap_index = 6208, .adv_w = 159, .box_w = 8, .box_h = 12, .ofs_x = 1, .ofs_y = 0},
    {.bitmap_index = 6256, .adv_w = 214, .box_w = 12, .box_h = 11, .ofs_x = 1, .ofs_y = 0},
    {.bitmap_index = 6322, .adv_w = 214, .box_w = 12, .box_h = 12, .ofs_x = 1, .ofs_y = 0},
    {.bitmap_index = 6394, .adv_w = 172, .box_w = 10, .box_h = 13, .ofs_x = 0, .ofs_y = -5},
    {.bitmap_index = 6459, .adv_w = 172, .box_w = 10, .box_h = 13, .ofs_x = 0, .ofs_y = -5},
    {.bitmap_index = 6524, .adv_w = 172, .box_w = 10, .box_h = 17, .ofs_x = 0, .ofs_y = -5},
    {.bitmap_index = 6609, .adv_w = 145, .box_w = 9, .box_h = 10, .ofs_x = 0, .ofs_y = 0},
    {.bitmap_index = 6654, .adv_w = 145, .box_w = 9, .box_h = 13, .ofs_x = 0, .ofs_y = 0},
    {.bitmap_index = 6713, .adv_w = 102, .box_w = 7, .box_h = 12, .ofs_x = -1, .ofs_y = -4},
    {.bitmap_index = 6755, .adv_w = 102, .box_w = 7, .box_h = 16, .ofs_x = -1, .ofs_y = -4},
    {.bitmap_index = 6811, .adv_w = 347, .box_w = 20, .box_h = 12, .ofs_x = 1, .ofs_y = -4},
    {.bitmap_index = 6931, .adv_w = 347, .box_w = 20, .box_h = 16, .ofs_x = 1, .ofs_y = -4},
    {.bitmap_index = 7091, .adv_w = 316, .box_w = 18, .box_h = 12, .ofs_x = 1, .ofs_y = -4},
    {.bitmap_index = 7199, .adv_w = 316, .box_w = 18, .box_h = 16, .ofs_x = 1, .ofs_y = -4},
    {.bitmap_index = 7343, .adv_w = 215, .box_w = 13, .box_h = 12, .ofs_x = 0, .ofs_y = 0},
    {.bitmap_index = 7421, .adv_w = 215, .box_w = 13, .box_h = 12, .ofs_x = 0, .ofs_y = 0},
    {.bitmap_index = 7499, .adv_w = 147, .box_w = 8, .box_h = 13, .ofs_x = 1, .ofs_y = -5},
    {.bitmap_index = 7551, .adv_w = 147, .box_w = 8, .box_h = 17, .ofs_x = 1, .ofs_y = -5},
    {.bitmap_index = 7619, .adv_w = 220, .box_w = 12, .box_h = 14, .ofs_x = 1, .ofs_y = 0},
    {.bitmap_index = 7703, .adv_w = 220, .box_w = 12, .box_h = 21, .ofs_x = 1, .ofs_y = -7},
    {.bitmap_index = 7829, .adv_w = 222, .box_w = 13, .box_h = 13, .ofs_x = 1, .ofs_y = -4},
    {.bitmap_index = 7914, .adv_w = 222, .box_w = 13, .box_h = 12, .ofs_x = 1, .ofs_y = -4},
    {.bitmap_index = 7992, .adv_w = 222, .box_w = 13, .box_h = 14, .ofs_x = 1, .ofs_y = -4},
    {.bitmap_index = 8083, .adv_w = 44, .box_w = 4, .box_h = 2, .ofs_x = -1, .ofs_y = 0},
    {.bitmap_index = 8087, .adv_w = 270, .box_w = 15, .box_h = 12, .ofs_x = 1, .ofs_y = 0},
    {.bitmap_index = 8177, .adv_w = 239, .box_w = 13, .box_h = 16, .ofs_x = 1, .ofs_y = -4},
    {.bitmap_index = 8281, .adv_w = 218, .box_w = 12, .box_h = 12, .ofs_x = 1, .ofs_y = 0},
    {.bitmap_index = 8353, .adv_w = 191, .box_w = 10, .box_h = 16, .ofs_x = 1, .ofs_y = -4},
    {.bitmap_index = 8433, .adv_w = 177, .box_w = 10, .box_h = 14, .ofs_x = 1, .ofs_y = -6},
    {.bitmap_index = 8503, .adv_w = 187, .box_w = 10, .box_h = 14, .ofs_x = 1, .ofs_y = -4},
    {.bitmap_index = 8573, .adv_w = 226, .box_w = 12, .box_h = 11, .ofs_x = 1, .ofs_y = 0},
    {.bitmap_index = 8639, .adv_w = 155, .box_w = 8, .box_h = 12, .ofs_x = 1, .ofs_y = -4},
    {.bitmap_index = 8687, .adv_w = 222, .box_w = 13, .box_h = 12, .ofs_x = 1, .ofs_y = -4},
    {.bitmap_index = 8765, .adv_w = 222, .box_w = 13, .box_h = 15, .ofs_x = 1, .ofs_y = -7},
    {.bitmap_index = 8863, .adv_w = 0, .box_w = 4, .box_h = 5, .ofs_x = 0, .ofs_y = 12},
    {.bitmap_index = 8873, .adv_w = 0, .box_w = 6, .box_h = 4, .ofs_x = 0, .ofs_y = 12},
    {.bitmap_index = 8885, .adv_w = 0, .box_w = 4, .box_h = 5, .ofs_x = 0, .ofs_y = -7},
    {.bitmap_index = 8895, .adv_w = 0, .box_w = 4, .box_h = 3, .ofs_x = 0, .ofs_y = 12},
    {.bitmap_index = 8901, .adv_w = 0, .box_w = 5, .box_h = 4, .ofs_x = 0, .ofs_y = 12},
    {.bitmap_index = 8911, .adv_w = 0, .box_w = 4, .box_h = 3, .ofs_x = 0, .ofs_y = -5},
    {.bitmap_index = 8917, .adv_w = 0, .box_w = 6, .box_h = 4, .ofs_x = 0, .ofs_y = 13},
    {.bitmap_index = 8929, .adv_w = 0, .box_w = 4, .box_h = 3, .ofs_x = 0, .ofs_y = 13},
    {.bitmap_index = 8935, .adv_w = 0, .box_w = 6, .box_h = 3, .ofs_x = 0, .ofs_y = 11},
    {.bitmap_index = 8944, .adv_w = 0, .box_w = 4, .box_h = 4, .ofs_x = -2, .ofs_y = 11},
    {.bitmap_index = 8952, .adv_w = 0, .box_w = 4, .box_h = 4, .ofs_x = -2, .ofs_y = -5},
    {.bitmap_index = 8960, .adv_w = 0, .box_w = 2, .box_h = 4, .ofs_x = -1, .ofs_y = -6},
    {.bitmap_index = 8964, .adv_w = 0, .box_w = 4, .box_h = 5, .ofs_x = -1, .ofs_y = 12},
    {.bitmap_index = 8974, .adv_w = 0, .box_w = 2, .box_h = 2, .ofs_x = 0, .ofs_y = 10},
    {.bitmap_index = 8976, .adv_w = 0, .box_w = 5, .box_h = 2, .ofs_x = 0, .ofs_y = 10},
    {.bitmap_index = 8981, .adv_w = 0, .box_w = 5, .box_h = 3, .ofs_x = 0, .ofs_y = 8},
    {.bitmap_index = 8989, .adv_w = 0, .box_w = 6, .box_h = 3, .ofs_x = -3, .ofs_y = 8},
    {.bitmap_index = 8998, .adv_w = 0, .box_w = 3, .box_h = 3, .ofs_x = 0, .ofs_y = -4},
    {.bitmap_index = 9003, .adv_w = 0, .box_w = 5, .box_h = 4, .ofs_x = 0, .ofs_y = 9},
    {.bitmap_index = 9013, .adv_w = 0, .box_w = 4, .box_h = 5, .ofs_x = 0, .ofs_y = 11},
    {.bitmap_index = 9023, .adv_w = 0, .box_w = 6, .box_h = 4, .ofs_x = -4, .ofs_y = -5},
    {.bitmap_index = 9035, .adv_w = 146, .box_w = 5, .box_h = 5, .ofs_x = 2, .ofs_y = 3},
    {.bitmap_index = 9048, .adv_w = 146, .box_w = 3, .box_h = 11, .ofs_x = 3, .ofs_y = 0},
    {.bitmap_index = 9065, .adv_w = 146, .box_w = 8, .box_h = 11, .ofs_x = 1, .ofs_y = 0},
    {.bitmap_index = 9109, .adv_w = 146, .box_w = 9, .box_h = 11, .ofs_x = 0, .ofs_y = 0},
    {.bitmap_index = 9159, .adv_w = 146, .box_w = 7, .box_h = 12, .ofs_x = 1, .ofs_y = 0},
    {.bitmap_index = 9201, .adv_w = 146, .box_w = 9, .box_h = 11, .ofs_x = 0, .ofs_y = 0},
    {.bitmap_index = 9251, .adv_w = 146, .box_w = 7, .box_h = 11, .ofs_x = 1, .ofs_y = 0},
    {.bitmap_index = 9290, .adv_w = 146, .box_w = 9, .box_h = 11, .ofs_x = 0, .ofs_y = 0},
    {.bitmap_index = 9340, .adv_w = 146, .box_w = 9, .box_h = 11, .ofs_x = 0, .ofs_y = 0},
    {.bitmap_index = 9390, .adv_w = 146, .box_w = 8, .box_h = 11, .ofs_x = 0, .ofs_y = 0},
    {.bitmap_index = 9434, .adv_w = 150, .box_w = 9, .box_h = 11, .ofs_x = 0, .ofs_y = 0},
    {.bitmap_index = 9484, .adv_w = 79, .box_w = 3, .box_h = 4, .ofs_x = 1, .ofs_y = -2},
    {.bitmap_index = 9490, .adv_w = 79, .box_w = 3, .box_h = 4, .ofs_x = 1, .ofs_y = 7},
    {.bitmap_index = 9496, .adv_w = 143, .box_w = 9, .box_h = 8, .ofs_x = 0, .ofs_y = 4},
    {.bitmap_index = 9532, .adv_w = 214, .box_w = 12, .box_h = 8, .ofs_x = 1, .ofs_y = 0},
    {.bitmap_index = 9580, .adv_w = 239, .box_w = 13, .box_h = 12, .ofs_x = 1, .ofs_y = -4},
    {.bitmap_index = 9658, .adv_w = 0, .box_w = 2, .box_h = 4, .ofs_x = -1, .ofs_y = 13},
    {.bitmap_index = 9662, .adv_w = 84, .box_w = 5, .box_h = 15, .ofs_x = 0, .ofs_y = 0},
    {.bitmap_index = 9700, .adv_w = 84, .box_w = 6, .box_h = 16, .ofs_x = -1, .ofs_y = 0},
    {.bitmap_index = 9748, .adv_w = 84, .box_w = 6, .box_h = 17, .ofs_x = -1, .ofs_y = -5},
    {.bitmap_index = 9799, .adv_w = 132, .box_w = 7, .box_h = 7, .ofs_x = 1, .ofs_y = 3},
    {.bitmap_index = 9824, .adv_w = 216, .box_w = 12, .box_h = 12, .ofs_x = 1, .ofs_y = 0},
    {.bitmap_index = 9896, .adv_w = 286, .box_w = 17, .box_h = 15, .ofs_x = 1, .ofs_y = -4},
    {.bitmap_index = 10024, .adv_w = 286, .box_w = 17, .box_h = 18, .ofs_x = 1, .ofs_y = -4},
    {.bitmap_index = 10177, .adv_w = 354, .box_w = 21, .box_h = 14, .ofs_x = 1, .ofs_y = -4},
    {.bitmap_index = 10324, .adv_w = 214, .box_w = 12, .box_h = 12, .ofs_x = 1, .ofs_y = 0},
    {.bitmap_index = 10396, .adv_w = 214, .box_w = 12, .box_h = 13, .ofs_x = 1, .ofs_y = 0},
    {.bitmap_index = 10474, .adv_w = 214, .box_w = 12, .box_h = 14, .ofs_x = 1, .ofs_y = -6},
    {.bitmap_index = 10558, .adv_w = 214, .box_w = 12, .box_h = 13, .ofs_x = 1, .ofs_y = -2},
    {.bitmap_index = 10636, .adv_w = 214, .box_w = 12, .box_h = 12, .ofs_x = 1, .ofs_y = 0},
    {.bitmap_index = 10708, .adv_w = 214, .box_w = 12, .box_h = 14, .ofs_x = 1, .ofs_y = -6},
    {.bitmap_index = 10792, .adv_w = 214, .box_w = 12, .box_h = 12, .ofs_x = 1, .ofs_y = 0},
    {.bitmap_index = 10864, .adv_w = 214, .box_w = 12, .box_h = 14, .ofs_x = 1, .ofs_y = -6},
    {.bitmap_index = 10948, .adv_w = 172, .box_w = 10, .box_h = 18, .ofs_x = 0, .ofs_y = -5},
    {.bitmap_index = 11038, .adv_w = 172, .box_w = 10, .box_h = 20, .ofs_x = 0, .ofs_y = -5},
    {.bitmap_index = 11138, .adv_w = 172, .box_w = 10, .box_h = 13, .ofs_x = 0, .ofs_y = -5},
    {.bitmap_index = 11203, .adv_w = 172, .box_w = 10, .box_h = 14, .ofs_x = 0, .ofs_y = -6},
    {.bitmap_index = 11273, .adv_w = 172, .box_w = 10, .box_h = 19, .ofs_x = 0, .ofs_y = -5},
    {.bitmap_index = 11368, .adv_w = 172, .box_w = 10, .box_h = 13, .ofs_x = 0, .ofs_y = -5},
    {.bitmap_index = 11433, .adv_w = 172, .box_w = 10, .box_h = 14, .ofs_x = 0, .ofs_y = -5},
    {.bitmap_index = 11503, .adv_w = 145, .box_w = 9, .box_h = 15, .ofs_x = 0, .ofs_y = 0},
    {.bitmap_index = 11571, .adv_w = 145, .box_w = 9, .box_h = 12, .ofs_x = 0, .ofs_y = -2},
    {.bitmap_index = 11625, .adv_w = 145, .box_w = 9, .box_h = 14, .ofs_x = 0, .ofs_y = -4},
    {.bitmap_index = 11688, .adv_w = 145, .box_w = 9, .box_h = 19, .ofs_x = 0, .ofs_y = -4},
    {.bitmap_index = 11774, .adv_w = 145, .box_w = 9, .box_h = 13, .ofs_x = 0, .ofs_y = 0},
    {.bitmap_index = 11833, .adv_w = 145, .box_w = 9, .box_h = 14, .ofs_x = 0, .ofs_y = -4},
    {.bitmap_index = 11896, .adv_w = 145, .box_w = 9, .box_h = 15, .ofs_x = 0, .ofs_y = 0},
    {.bitmap_index = 11964, .adv_w = 145, .box_w = 9, .box_h = 15, .ofs_x = 0, .ofs_y = 0},
    {.bitmap_index = 12032, .adv_w = 145, .box_w = 9, .box_h = 15, .ofs_x = 0, .ofs_y = 0},
    {.bitmap_index = 12100, .adv_w = 102, .box_w = 7, .box_h = 18, .ofs_x = -1, .ofs_y = -4},
    {.bitmap_index = 12163, .adv_w = 102, .box_w = 8, .box_h = 17, .ofs_x = -1, .ofs_y = -4},
    {.bitmap_index = 12231, .adv_w = 102, .box_w = 7, .box_h = 15, .ofs_x = -1, .ofs_y = -6},
    {.bitmap_index = 12284, .adv_w = 102, .box_w = 7, .box_h = 15, .ofs_x = -1, .ofs_y = -7},
    {.bitmap_index = 12337, .adv_w = 102, .box_w = 7, .box_h = 17, .ofs_x = -1, .ofs_y = -9},
    {.bitmap_index = 12397, .adv_w = 102, .box_w = 7, .box_h = 15, .ofs_x = -1, .ofs_y = -7},
    {.bitmap_index = 12450, .adv_w = 102, .box_w = 8, .box_h = 16, .ofs_x = -1, .ofs_y = -4},
    {.bitmap_index = 12514, .adv_w = 102, .box_w = 8, .box_h = 18, .ofs_x = -1, .ofs_y = -4},
    {.bitmap_index = 12586, .adv_w = 102, .box_w = 8, .box_h = 18, .ofs_x = -1, .ofs_y = -4},
    {.bitmap_index = 12658, .adv_w = 347, .box_w = 20, .box_h = 15, .ofs_x = 1, .ofs_y = -4},
    {.bitmap_index = 12808, .adv_w = 347, .box_w = 20, .box_h = 14, .ofs_x = 1, .ofs_y = -6},
    {.bitmap_index = 12948, .adv_w = 347, .box_w = 20, .box_h = 18, .ofs_x = 1, .ofs_y = -6},
    {.bitmap_index = 13128, .adv_w = 316, .box_w = 18, .box_h = 12, .ofs_x = 1, .ofs_y = -4},
    {.bitmap_index = 13236, .adv_w = 316, .box_w = 18, .box_h = 18, .ofs_x = 1, .ofs_y = -4},
    {.bitmap_index = 13398, .adv_w = 215, .box_w = 13, .box_h = 14, .ofs_x = 0, .ofs_y = 0},
    {.bitmap_index = 13489, .adv_w = 147, .box_w = 8, .box_h = 19, .ofs_x = 1, .ofs_y = -5},
    {.bitmap_index = 13565, .adv_w = 270, .box_w = 15, .box_h = 8, .ofs_x = 1, .ofs_y = 0},
    {.bitmap_index = 13625, .adv_w = 270, .box_w = 15, .box_h = 12, .ofs_x = 1, .ofs_y = -4},
    {.bitmap_index = 13715, .adv_w = 270, .box_w = 15, .box_h = 16, .ofs_x = 1, .ofs_y = -4},
    {.bitmap_index = 13835, .adv_w = 270, .box_w = 15, .box_h = 14, .ofs_x = 1, .ofs_y = 0},
    {.bitmap_index = 13940, .adv_w = 270, .box_w = 15, .box_h = 14, .ofs_x = 1, .ofs_y = -6},
    {.bitmap_index = 14045, .adv_w = 270, .box_w = 15, .box_h = 14, .ofs_x = 1, .ofs_y = 0},
    {.bitmap_index = 14150, .adv_w = 239, .box_w = 13, .box_h = 16, .ofs_x = 1, .ofs_y = -4},
    {.bitmap_index = 14254, .adv_w = 239, .box_w = 13, .box_h = 18, .ofs_x = 1, .ofs_y = -4},
    {.bitmap_index = 14371, .adv_w = 220, .box_w = 12, .box_h = 14, .ofs_x = 1, .ofs_y = 0},
    {.bitmap_index = 14455, .adv_w = 294, .box_w = 18, .box_h = 11, .ofs_x = 0, .ofs_y = 0},
    {.bitmap_index = 14554, .adv_w = 220, .box_w = 12, .box_h = 14, .ofs_x = 1, .ofs_y = 0},
    {.bitmap_index = 14638, .adv_w = 218, .box_w = 12, .box_h = 12, .ofs_x = 1, .ofs_y = 0},
    {.bitmap_index = 14710, .adv_w = 218, .box_w = 12, .box_h = 14, .ofs_x = 1, .ofs_y = 0},
    {.bitmap_index = 14794, .adv_w = 218, .box_w = 12, .box_h = 19, .ofs_x = 1, .ofs_y = -7},
    {.bitmap_index = 14908, .adv_w = 220, .box_w = 12, .box_h = 16, .ofs_x = 1, .ofs_y = 0},
    {.bitmap_index = 15004, .adv_w = 220, .box_w = 12, .box_h = 16, .ofs_x = 1, .ofs_y = 0},
    {.bitmap_index = 15100, .adv_w = 220, .box_w = 12, .box_h = 16, .ofs_x = 1, .ofs_y = 0},
    {.bitmap_index = 15196, .adv_w = 220, .box_w = 12, .box_h = 20, .ofs_x = 1, .ofs_y = -4},
    {.bitmap_index = 15316, .adv_w = 220, .box_w = 12, .box_h = 23, .ofs_x = 1, .ofs_y = -7},
    {.bitmap_index = 15454, .adv_w = 220, .box_w = 12, .box_h = 16, .ofs_x = 1, .ofs_y = 0},
    {.bitmap_index = 15550, .adv_w = 191, .box_w = 11, .box_h = 20, .ofs_x = 1, .ofs_y = -4},
    {.bitmap_index = 15660, .adv_w = 191, .box_w = 10, .box_h = 20, .ofs_x = 1, .ofs_y = -4},
    {.bitmap_index = 15760, .adv_w = 191, .box_w = 11, .box_h = 21, .ofs_x = 1, .ofs_y = -4},
    {.bitmap_index = 15876, .adv_w = 191, .box_w = 10, .box_h = 23, .ofs_x = 1, .ofs_y = -11},
    {.bitmap_index = 15991, .adv_w = 187, .box_w = 10, .box_h = 18, .ofs_x = 1, .ofs_y = -8},
    {.bitmap_index = 16081, .adv_w = 187, .box_w = 10, .box_h = 12, .ofs_x = 1, .ofs_y = -4},
    {.bitmap_index = 16141, .adv_w = 187, .box_w = 10, .box_h = 16, .ofs_x = 1, .ofs_y = -4},
    {.bitmap_index = 16221, .adv_w = 187, .box_w = 10, .box_h = 17, .ofs_x = 1, .ofs_y = -6},
    {.bitmap_index = 16306, .adv_w = 187, .box_w = 10, .box_h = 16, .ofs_x = 1, .ofs_y = -4},
    {.bitmap_index = 16386, .adv_w = 226, .box_w = 12, .box_h = 11, .ofs_x = 1, .ofs_y = 0},
    {.bitmap_index = 16452, .adv_w = 172, .box_w = 10, .box_h = 17, .ofs_x = 0, .ofs_y = -5},
    {.bitmap_index = 16537, .adv_w = 159, .box_w = 8, .box_h = 12, .ofs_x = 1, .ofs_y = 0},
    {.bitmap_index = 16585, .adv_w = 159, .box_w = 8, .box_h = 8, .ofs_x = 1, .ofs_y = 0},
    {.bitmap_index = 16617, .adv_w = 159, .box_w = 8, .box_h = 12, .ofs_x = 1, .ofs_y = 0},
    {.bitmap_index = 16665, .adv_w = 159, .box_w = 8, .box_h = 12, .ofs_x = 1, .ofs_y = 0},
    {.bitmap_index = 16713, .adv_w = 154, .box_w = 8, .box_h = 14, .ofs_x = 1, .ofs_y = -6},
    {.bitmap_index = 16769, .adv_w = 154, .box_w = 8, .box_h = 14, .ofs_x = 1, .ofs_y = -6},
    {.bitmap_index = 16825, .adv_w = 155, .box_w = 8, .box_h = 17, .ofs_x = 1, .ofs_y = -4},
    {.bitmap_index = 16893, .adv_w = 155, .box_w = 8, .box_h = 18, .ofs_x = 1, .ofs_y = -4},
    {.bitmap_index = 16965, .adv_w = 155, .box_w = 8, .box_h = 16, .ofs_x = 1, .ofs_y = -4},
    {.bitmap_index = 17029, .adv_w = 155, .box_w = 8, .box_h = 17, .ofs_x = 1, .ofs_y = -4},
    {.bitmap_index = 17097, .adv_w = 155, .box_w = 8, .box_h = 16, .ofs_x = 1, .ofs_y = -4},
    {.bitmap_index = 17161, .adv_w = 155, .box_w = 8, .box_h = 18, .ofs_x = 1, .ofs_y = -4},
    {.bitmap_index = 17233, .adv_w = 222, .box_w = 13, .box_h = 12, .ofs_x = 1, .ofs_y = -4},
    {.bitmap_index = 17311, .adv_w = 222, .box_w = 17, .box_h = 12, .ofs_x = -3, .ofs_y = -4},
    {.bitmap_index = 17413, .adv_w = 222, .box_w = 13, .box_h = 13, .ofs_x = 1, .ofs_y = -4},
    {.bitmap_index = 17498, .adv_w = 155, .box_w = 8, .box_h = 16, .ofs_x = 1, .ofs_y = -4},
    {.bitmap_index = 17562, .adv_w = 222, .box_w = 13, .box_h = 19, .ofs_x = 1, .ofs_y = -10},
    {.bitmap_index = 17686, .adv_w = 222, .box_w = 13, .box_h = 18, .ofs_x = 1, .ofs_y = -10},
    {.bitmap_index = 17803, .adv_w = 148, .box_w = 12, .box_h = 9, .ofs_x = 0, .ofs_y = -4},
    {.bitmap_index = 17857, .adv_w = 148, .box_w = 12, .box_h = 13, .ofs_x = 0, .ofs_y = -4},
    {.bitmap_index = 17935, .adv_w = 94, .box_w = 4, .box_h = 2, .ofs_x = 1, .ofs_y = 0},
    {.bitmap_index = 17939, .adv_w = 159, .box_w = 8, .box_h = 8, .ofs_x = 1, .ofs_y = 0},
    {.bitmap_index = 17971, .adv_w = 0, .box_w = 8, .box_h = 7, .ofs_x = 0, .ofs_y = 17},
    {.bitmap_index = 17999, .adv_w = 0, .box_w = 7, .box_h = 6, .ofs_x = 0, .ofs_y = 17},
    {.bitmap_index = 18020, .adv_w = 0, .box_w = 6, .box_h = 3, .ofs_x = 0, .ofs_y = 17},
    {.bitmap_index = 18029, .adv_w = 0, .box_w = 4, .box_h = 6, .ofs_x = 0, .ofs_y = 17},
    {.bitmap_index = 18041, .adv_w = 0, .box_w = 4, .box_h = 6, .ofs_x = 0, .ofs_y = 17},
    {.bitmap_index = 18053, .adv_w = 0, .box_w = 4, .box_h = 4, .ofs_x = 0, .ofs_y = 18},
    {.bitmap_index = 18061, .adv_w = 0, .box_w = 8, .box_h = 5, .ofs_x = 0, .ofs_y = 17},
    {.bitmap_index = 18081, .adv_w = 287, .box_w = 18, .box_h = 17, .ofs_x = 0, .ofs_y = -3},
    {.bitmap_index = 18234, .adv_w = 278, .box_w = 17, .box_h = 18, .ofs_x = 0, .ofs_y = -3},
    {.bitmap_index = 18387, .adv_w = 0, .box_w = 3, .box_h = 3, .ofs_x = 0, .ofs_y = 13},
    {.bitmap_index = 18392, .adv_w = 0, .box_w = 4, .box_h = 6, .ofs_x = 0, .ofs_y = 15},
    {.bitmap_index = 18404, .adv_w = 0, .box_w = 4, .box_h = 3, .ofs_x = 0, .ofs_y = 13},
    {.bitmap_index = 18410, .adv_w = 0, .box_w = 4, .box_h = 5, .ofs_x = 0, .ofs_y = 15},
    {.bitmap_index = 18420, .adv_w = 0, .box_w = 8, .box_h = 5, .ofs_x = 0, .ofs_y = -5},
    {.bitmap_index = 18440, .adv_w = 0, .box_w = 6, .box_h = 3, .ofs_x = 0, .ofs_y = 11},
    {.bitmap_index = 18449, .adv_w = 57, .box_w = 4, .box_h = 5, .ofs_x = 0, .ofs_y = 0},
    {.bitmap_index = 18459, .adv_w = 78, .box_w = 5, .box_h = 4, .ofs_x = 0, .ofs_y = 0},
    {.bitmap_index = 18469, .adv_w = 0, .box_w = 5, .box_h = 4, .ofs_x = 0, .ofs_y = 12},
    {.bitmap_index = 18479, .adv_w = 0, .box_w = 4, .box_h = 4, .ofs_x = 0, .ofs_y = 17},
    {.bitmap_index = 18487, .adv_w = 154, .box_w = 10, .box_h = 14, .ofs_x = 0, .ofs_y = 0},
    {.bitmap_index = 18557, .adv_w = 0, .box_w = 4, .box_h = 4, .ofs_x = 0, .ofs_y = -6},
    {.bitmap_index = 18565, .adv_w = 0, .box_w = 4, .box_h = 4, .ofs_x = 0, .ofs_y = 7},
    {.bitmap_index = 18573, .adv_w = 0, .box_w = 3, .box_h = 3, .ofs_x = 0, .ofs_y = 7},
    {.bitmap_index = 18578, .adv_w = 0, .box_w = 4, .box_h = 5, .ofs_x = 0, .ofs_y = -6},
    {.bitmap_index = 18588, .adv_w = 145, .box_w = 9, .box_h = 14, .ofs_x = 0, .ofs_y = 0},
    {.bitmap_index = 18651, .adv_w = 102, .box_w = 8, .box_h = 17, .ofs_x = -1, .ofs_y = -4},
    {.bitmap_index = 18719, .adv_w = 146, .box_w = 5, .box_h = 5, .ofs_x = 2, .ofs_y = 3},
    {.bitmap_index = 18732, .adv_w = 146, .box_w = 3, .box_h = 11, .ofs_x = 3, .ofs_y = 0},
    {.bitmap_index = 18749, .adv_w = 146, .box_w = 8, .box_h = 11, .ofs_x = 1, .ofs_y = 0},
    {.bitmap_index = 18793, .adv_w = 146, .box_w = 9, .box_h = 11, .ofs_x = 0, .ofs_y = 0},
    {.bitmap_index = 18843, .adv_w = 146, .box_w = 9, .box_h = 11, .ofs_x = 0, .ofs_y = 0},
    {.bitmap_index = 18893, .adv_w = 146, .box_w = 9, .box_h = 11, .ofs_x = 0, .ofs_y = 0},
    {.bitmap_index = 18943, .adv_w = 146, .box_w = 7, .box_h = 11, .ofs_x = 1, .ofs_y = 0},
    {.bitmap_index = 18982, .adv_w = 146, .box_w = 9, .box_h = 11, .ofs_x = 0, .ofs_y = 0},
    {.bitmap_index = 19032, .adv_w = 146, .box_w = 9, .box_h = 11, .ofs_x = 0, .ofs_y = 0},
    {.bitmap_index = 19082, .adv_w = 146, .box_w = 8, .box_h = 11, .ofs_x = 0, .ofs_y = 0},
    {.bitmap_index = 19126, .adv_w = 347, .box_w = 20, .box_h = 16, .ofs_x = 1, .ofs_y = -4},
    {.bitmap_index = 19286, .adv_w = 316, .box_w = 18, .box_h = 16, .ofs_x = 1, .ofs_y = -4},
    {.bitmap_index = 19430, .adv_w = 147, .box_w = 8, .box_h = 17, .ofs_x = 1, .ofs_y = -5},
    {.bitmap_index = 19498, .adv_w = 132, .box_w = 7, .box_h = 11, .ofs_x = 1, .ofs_y = -4},
    {.bitmap_index = 19537, .adv_w = 177, .box_w = 10, .box_h = 14, .ofs_x = 1, .ofs_y = -6},
    {.bitmap_index = 19607, .adv_w = 226, .box_w = 12, .box_h = 16, .ofs_x = 1, .ofs_y = 0},
    {.bitmap_index = 19703, .adv_w = 44, .box_w = 0, .box_h = 0, .ofs_x = 0, .ofs_y = 0},
    {.bitmap_index = 19703, .adv_w = 0, .box_w = 0, .box_h = 0, .ofs_x = 0, .ofs_y = 0},
    {.bitmap_index = 19703, .adv_w = 0, .box_w = 2, .box_h = 12, .ofs_x = -1, .ofs_y = 1},
    {.bitmap_index = 19715, .adv_w = 0, .box_w = 4, .box_h = 12, .ofs_x = -2, .ofs_y = 1},
    {.bitmap_index = 19739, .adv_w = 0, .box_w = 5, .box_h = 13, .ofs_x = -1, .ofs_y = 1},
    {.bitmap_index = 19772, .adv_w = 0, .box_w = 5, .box_h = 13, .ofs_x = -4, .ofs_y = 1},
    {.bitmap_index = 19805, .adv_w = 128, .box_w = 8, .box_h = 2, .ofs_x = 0, .ofs_y = 4},
    {.bitmap_index = 19813, .adv_w = 256, .box_w = 16, .box_h = 2, .ofs_x = 0, .ofs_y = 4},
    {.bitmap_index = 19829, .adv_w = 52, .box_w = 4, .box_h = 4, .ofs_x = 0, .ofs_y = 8},
    {.bitmap_index = 19837, .adv_w = 52, .box_w = 4, .box_h = 4, .ofs_x = 0, .ofs_y = 8},
    {.bitmap_index = 19845, .adv_w = 70, .box_w = 4, .box_h = 4, .ofs_x = 0, .ofs_y = -2},
    {.bitmap_index = 19853, .adv_w = 106, .box_w = 7, .box_h = 4, .ofs_x = 0, .ofs_y = 8},
    {.bitmap_index = 19867, .adv_w = 106, .box_w = 7, .box_h = 4, .ofs_x = 0, .ofs_y = 8},
    {.bitmap_index = 19881, .adv_w = 123, .box_w = 7, .box_h = 4, .ofs_x = 0, .ofs_y = -2},
    {.bitmap_index = 19895, .adv_w = 96, .box_w = 6, .box_h = 5, .ofs_x = 0, .ofs_y = 4},
    {.bitmap_index = 19910, .adv_w = 214, .box_w = 13, .box_h = 3, .ofs_x = 0, .ofs_y = 0},
    {.bitmap_index = 19930, .adv_w = 44, .box_w = 0, .box_h = 0, .ofs_x = 0, .ofs_y = 0},
    {.bitmap_index = 19930, .adv_w = 89, .box_w = 5, .box_h = 9, .ofs_x = 0, .ofs_y = 0},
    {.bitmap_index = 19953, .adv_w = 89, .box_w = 5, .box_h = 9, .ofs_x = 0, .ofs_y = 0},
    {.bitmap_index = 19976, .adv_w = 69, .box_w = 4, .box_h = 11, .ofs_x = 0, .ofs_y = -2},
    {.bitmap_index = 19998, .adv_w = 84, .box_w = 5, .box_h = 15, .ofs_x = 0, .ofs_y = 0},
    {.bitmap_index = 20036, .adv_w = 90, .box_w = 6, .box_h = 16, .ofs_x = 0, .ofs_y = 0},
    {.bitmap_index = 20084, .adv_w = 214, .box_w = 12, .box_h = 14, .ofs_x = 1, .ofs_y = -6},
    {.bitmap_index = 20168, .adv_w = 225, .box_w = 14, .box_h = 15, .ofs_x = 1, .ofs_y = -7},
    {.bitmap_index = 20273, .adv_w = 86, .box_w = 6, .box_h = 15, .ofs_x = -1, .ofs_y = -7},
    {.bitmap_index = 20318, .adv_w = 96, .box_w = 8, .box_h = 15, .ofs_x = -1, .ofs_y = -7},
    {.bitmap_index = 20378, .adv_w = 214, .box_w = 12, .box_h = 14, .ofs_x = 1, .ofs_y = -6},
    {.bitmap_index = 20462, .adv_w = 225, .box_w = 14, .box_h = 15, .ofs_x = 1, .ofs_y = -7},
    {.bitmap_index = 20567, .adv_w = 101, .box_w = 7, .box_h = 15, .ofs_x = -1, .ofs_y = -7},
    {.bitmap_index = 20620, .adv_w = 109, .box_w = 8, .box_h = 15, .ofs_x = -1, .ofs_y = -7},
    {.bitmap_index = 20680, .adv_w = 214, .box_w = 12, .box_h = 14, .ofs_x = 1, .ofs_y = -6},
    {.bitmap_index = 20764, .adv_w = 225, .box_w = 14, .box_h = 15, .ofs_x = 1, .ofs_y = -7},
    {.bitmap_index = 20869, .adv_w = 101, .box_w = 7, .box_h = 15, .ofs_x = -1, .ofs_y = -7},
    {.bitmap_index = 20922, .adv_w = 109, .box_w = 8, .box_h = 15, .ofs_x = -1, .ofs_y = -7},
    {.bitmap_index = 20982, .adv_w = 214, .box_w = 12, .box_h = 13, .ofs_x = 1, .ofs_y = 0},
    {.bitmap_index = 21060, .adv_w = 225, .box_w = 14, .box_h = 12, .ofs_x = 1, .ofs_y = 0},
    {.bitmap_index = 21144, .adv_w = 101, .box_w = 6, .box_h = 15, .ofs_x = -1, .ofs_y = 0},
    {.bitmap_index = 21189, .adv_w = 109, .box_w = 8, .box_h = 15, .ofs_x = -1, .ofs_y = 0},
    {.bitmap_index = 21249, .adv_w = 214, .box_w = 12, .box_h = 12, .ofs_x = 1, .ofs_y = 0},
    {.bitmap_index = 21321, .adv_w = 225, .box_w = 14, .box_h = 11, .ofs_x = 1, .ofs_y = 0},
    {.bitmap_index = 21398, .adv_w = 101, .box_w = 7, .box_h = 14, .ofs_x = -1, .ofs_y = 0},
    {.bitmap_index = 21447, .adv_w = 109, .box_w = 8, .box_h = 14, .ofs_x = -1, .ofs_y = 0},
    {.bitmap_index = 21503, .adv_w = 214, .box_w = 12, .box_h = 12, .ofs_x = 1, .ofs_y = 0},
    {.bitmap_index = 21575, .adv_w = 225, .box_w = 14, .box_h = 11, .ofs_x = 1, .ofs_y = 0},
    {.bitmap_index = 21652, .adv_w = 86, .box_w = 6, .box_h = 14, .ofs_x = -1, .ofs_y = 0},
    {.bitmap_index = 21694, .adv_w = 109, .box_w = 8, .box_h = 14, .ofs_x = -1, .ofs_y = 0},
    {.bitmap_index = 21750, .adv_w = 270, .box_w = 15, .box_h = 14, .ofs_x = 1, .ofs_y = 0},
    {.bitmap_index = 21855, .adv_w = 278, .box_w = 17, .box_h = 14, .ofs_x = 1, .ofs_y = 0},
    {.bitmap_index = 21974, .adv_w = 160, .box_w = 10, .box_h = 14, .ofs_x = -1, .ofs_y = 0},
    {.bitmap_index = 22044, .adv_w = 167, .box_w = 12, .box_h = 14, .ofs_x = -1, .ofs_y = 0},
    {.bitmap_index = 22128, .adv_w = 270, .box_w = 15, .box_h = 14, .ofs_x = 1, .ofs_y = 0},
    {.bitmap_index = 22233, .adv_w = 278, .box_w = 17, .box_h = 14, .ofs_x = 1, .ofs_y = 0},
    {.bitmap_index = 22352, .adv_w = 160, .box_w = 10, .box_h = 14, .ofs_x = -1, .ofs_y = 0},
    {.bitmap_index = 22422, .adv_w = 167, .box_w = 12, .box_h = 14, .ofs_x = -1, .ofs_y = 0},
    {.bitmap_index = 22506, .adv_w = 172, .box_w = 10, .box_h = 14, .ofs_x = 0, .ofs_y = -6},
    {.bitmap_index = 22576, .adv_w = 163, .box_w = 11, .box_h = 14, .ofs_x = 0, .ofs_y = -6},
    {.bitmap_index = 22653, .adv_w = 154, .box_w = 10, .box_h = 15, .ofs_x = -1, .ofs_y = -7},
    {.bitmap_index = 22728, .adv_w = 153, .box_w = 11, .box_h = 15, .ofs_x = -1, .ofs_y = -7},
    {.bitmap_index = 22811, .adv_w = 172, .box_w = 10, .box_h = 13, .ofs_x = 0, .ofs_y = -5},
    {.bitmap_index = 22876, .adv_w = 163, .box_w = 11, .box_h = 13, .ofs_x = 0, .ofs_y = -5},
    {.bitmap_index = 22948, .adv_w = 154, .box_w = 10, .box_h = 12, .ofs_x = -1, .ofs_y = -4},
    {.bitmap_index = 23008, .adv_w = 153, .box_w = 11, .box_h = 12, .ofs_x = -1, .ofs_y = -4},
    {.bitmap_index = 23074, .adv_w = 172, .box_w = 10, .box_h = 13, .ofs_x = 0, .ofs_y = -5},
    {.bitmap_index = 23139, .adv_w = 163, .box_w = 11, .box_h = 13, .ofs_x = 0, .ofs_y = -5},
    {.bitmap_index = 23211, .adv_w = 154, .box_w = 10, .box_h = 15, .ofs_x = -1, .ofs_y = -7},
    {.bitmap_index = 23286, .adv_w = 153, .box_w = 11, .box_h = 15, .ofs_x = -1, .ofs_y = -7},
    {.bitmap_index = 23369, .adv_w = 172, .box_w = 10, .box_h = 14, .ofs_x = 0, .ofs_y = -5},
    {.bitmap_index = 23439, .adv_w = 163, .box_w = 11, .box_h = 13, .ofs_x = 0, .ofs_y = -5},
    {.bitmap_index = 23511, .adv_w = 154, .box_w = 10, .box_h = 15, .ofs_x = -1, .ofs_y = -7},
    {.bitmap_index = 23586, .adv_w = 153, .box_w = 11, .box_h = 15, .ofs_x = -1, .ofs_y = -7},
    {.bitmap_index = 23669, .adv_w = 145, .box_w = 9, .box_h = 14, .ofs_x = 0, .ofs_y = -4},
    {.bitmap_index = 23732, .adv_w = 160, .box_w = 11, .box_h = 14, .ofs_x = 0, .ofs_y = -4},
    {.bitmap_index = 23809, .adv_w = 145, .box_w = 9, .box_h = 13, .ofs_x = 0, .ofs_y = 0},
    {.bitmap_index = 23868, .adv_w = 160, .box_w = 11, .box_h = 13, .ofs_x = 0, .ofs_y = 0},
    {.bitmap_index = 23940, .adv_w = 145, .box_w = 9, .box_h = 15, .ofs_x = 0, .ofs_y = 0},
    {.bitmap_index = 24008, .adv_w = 160, .box_w = 11, .box_h = 15, .ofs_x = 0, .ofs_y = 0},
    {.bitmap_index = 24091, .adv_w = 145, .box_w = 9, .box_h = 15, .ofs_x = 0, .ofs_y = 0},
    {.bitmap_index = 24159, .adv_w = 160, .box_w = 11, .box_h = 15, .ofs_x = 0, .ofs_y = 0},
    {.bitmap_index = 24242, .adv_w = 102, .box_w = 8, .box_h = 18, .ofs_x = -1, .ofs_y = -4},
    {.bitmap_index = 24314, .adv_w = 112, .box_w = 9, .box_h = 18, .ofs_x = -1, .ofs_y = -4},
    {.bitmap_index = 24395, .adv_w = 102, .box_w = 7, .box_h = 18, .ofs_x = -1, .ofs_y = -4},
    {.bitmap_index = 24458, .adv_w = 112, .box_w = 9, .box_h = 18, .ofs_x = -1, .ofs_y = -4},
    {.bitmap_index = 24539, .adv_w = 220, .box_w = 12, .box_h = 14, .ofs_x = 1, .ofs_y = 0},
    {.bitmap_index = 24623, .adv_w = 233, .box_w = 14, .box_h = 14, .ofs_x = 1, .ofs_y = 0},
    {.bitmap_index = 24721, .adv_w = 153, .box_w = 10, .box_h = 14, .ofs_x = -1, .ofs_y = 0},
    {.bitmap_index = 24791, .adv_w = 166, .box_w = 12, .box_h = 14, .ofs_x = -1, .ofs_y = 0},
    {.bitmap_index = 24875, .adv_w = 220, .box_w = 12, .box_h = 16, .ofs_x = 1, .ofs_y = 0},
    {.bitmap_index = 24971, .adv_w = 233, .box_w = 14, .box_h = 16, .ofs_x = 1, .ofs_y = 0},
    {.bitmap_index = 25083, .adv_w = 153, .box_w = 10, .box_h = 16, .ofs_x = -1, .ofs_y = 0},
    {.bitmap_index = 25163, .adv_w = 166, .box_w = 12, .box_h = 16, .ofs_x = -1, .ofs_y = 0},
    {.bitmap_index = 25259, .adv_w = 220, .box_w = 12, .box_h = 23, .ofs_x = 1, .ofs_y = -7},
    {.bitmap_index = 25397, .adv_w = 233, .box_w = 14, .box_h = 23, .ofs_x = 1, .ofs_y = -7},
    {.bitmap_index = 25558, .adv_w = 153, .box_w = 10, .box_h = 23, .ofs_x = -1, .ofs_y = -7},
    {.bitmap_index = 25673, .adv_w = 166, .box_w = 12, .box_h = 23, .ofs_x = -1, .ofs_y = -7},
    {.bitmap_index = 25811, .adv_w = 220, .box_w = 12, .box_h = 16, .ofs_x = 1, .ofs_y = 0},
    {.bitmap_index = 25907, .adv_w = 233, .box_w = 14, .box_h = 16, .ofs_x = 1, .ofs_y = 0},
    {.bitmap_index = 26019, .adv_w = 153, .box_w = 10, .box_h = 16, .ofs_x = -1, .ofs_y = 0},
    {.bitmap_index = 26099, .adv_w = 166, .box_w = 12, .box_h = 16, .ofs_x = -1, .ofs_y = 0},
    {.bitmap_index = 26195, .adv_w = 187, .box_w = 10, .box_h = 12, .ofs_x = 1, .ofs_y = -4},
    {.bitmap_index = 26255, .adv_w = 196, .box_w = 12, .box_h = 12, .ofs_x = 1, .ofs_y = -4},
    {.bitmap_index = 26327, .adv_w = 187, .box_w = 10, .box_h = 16, .ofs_x = 1, .ofs_y = -4},
    {.bitmap_index = 26407, .adv_w = 196, .box_w = 12, .box_h = 16, .ofs_x = 1, .ofs_y = -4},
    {.bitmap_index = 26503, .adv_w = 86, .box_w = 6, .box_h = 14, .ofs_x = -1, .ofs_y = 0},
    {.bitmap_index = 26545, .adv_w = 109, .box_w = 8, .box_h = 14, .ofs_x = -1, .ofs_y = 0},
    {.bitmap_index = 26601, .adv_w = 159, .box_w = 8, .box_h = 12, .ofs_x = 1, .ofs_y = 0},
    {.bitmap_index = 26649, .adv_w = 163, .box_w = 10, .box_h = 13, .ofs_x = 1, .ofs_y = 0},
    {.bitmap_index = 26714, .adv_w = 159, .box_w = 8, .box_h = 8, .ofs_x = 1, .ofs_y = 0},
    {.bitmap_index = 26746, .adv_w = 191, .box_w = 13, .box_h = 7, .ofs_x = 0, .ofs_y = 0},
    {.bitmap_index = 26792, .adv_w = 88, .box_w = 6, .box_h = 12, .ofs_x = -1, .ofs_y = -4},
    {.bitmap_index = 26828, .adv_w = 157, .box_w = 11, .box_h = 6, .ofs_x = -1, .ofs_y = -4},
    {.bitmap_index = 26861, .adv_w = 226, .box_w = 12, .box_h = 11, .ofs_x = 1, .ofs_y = 0},
    {.bitmap_index = 26927, .adv_w = 231, .box_w = 14, .box_h = 11, .ofs_x = 1, .ofs_y = 0},
    {.bitmap_index = 27004, .adv_w = 218, .box_w = 14, .box_h = 11, .ofs_x = -1, .ofs_y = 0},
    {.bitmap_index = 27081, .adv_w = 229, .box_w = 16, .box_h = 11, .ofs_x = -1, .ofs_y = 0},
    {.bitmap_index = 27169, .adv_w = 148, .box_w = 12, .box_h = 9, .ofs_x = 0, .ofs_y = -4},
    {.bitmap_index = 27223, .adv_w = 106, .box_w = 11, .box_h = 6, .ofs_x = 0, .ofs_y = -4},
    {.bitmap_index = 27256, .adv_w = 148, .box_w = 12, .box_h = 13, .ofs_x = 0, .ofs_y = -4},
    {.bitmap_index = 27334, .adv_w = 106, .box_w = 11, .box_h = 11, .ofs_x = 0, .ofs_y = -4},
    {.bitmap_index = 27395, .adv_w = 32, .box_w = 3, .box_h = 3, .ofs_x = 0, .ofs_y = 9},
    {.bitmap_index = 27400, .adv_w = 32, .box_w = 3, .box_h = 3, .ofs_x = 0, .ofs_y = -4},
    {.bitmap_index = 27405, .adv_w = 76, .box_w = 5, .box_h = 3, .ofs_x = 0, .ofs_y = 9},
    {.bitmap_index = 27413, .adv_w = 76, .box_w = 5, .box_h = 3, .ofs_x = 0, .ofs_y = -4},
    {.bitmap_index = 27421, .adv_w = 76, .box_w = 5, .box_h = 4, .ofs_x = 0, .ofs_y = 9},
    {.bitmap_index = 27431, .adv_w = 76, .box_w = 5, .box_h = 4, .ofs_x = 0, .ofs_y = -5},
    {.bitmap_index = 27441, .adv_w = 76, .box_w = 5, .box_h = 5, .ofs_x = 0, .ofs_y = 9},
    {.bitmap_index = 27454, .adv_w = 76, .box_w = 5, .box_h = 5, .ofs_x = 0, .ofs_y = -5},
    {.bitmap_index = 27467, .adv_w = 69, .box_w = 5, .box_h = 5, .ofs_x = 0, .ofs_y = 9},
    {.bitmap_index = 27480, .adv_w = 69, .box_w = 5, .box_h = 5, .ofs_x = 0, .ofs_y = -5},
    {.bitmap_index = 27493, .adv_w = 48, .box_w = 3, .box_h = 4, .ofs_x = 0, .ofs_y = -4},
    {.bitmap_index = 27499, .adv_w = 32, .box_w = 3, .box_h = 6, .ofs_x = 0, .ofs_y = 9},
    {.bitmap_index = 27508, .adv_w = 32, .box_w = 3, .box_h = 6, .ofs_x = 0, .ofs_y = -7},
    {.bitmap_index = 27517, .adv_w = 57, .box_w = 4, .box_h = 3, .ofs_x = 0, .ofs_y = 13},
    {.bitmap_index = 27523, .adv_w = 58, .box_w = 4, .box_h = 5, .ofs_x = 0, .ofs_y = 11},
    {.bitmap_index = 27533, .adv_w = 58, .box_w = 4, .box_h = 5, .ofs_x = 0, .ofs_y = -6},
    {.bitmap_index = 27543, .adv_w = 62, .box_w = 4, .box_h = 3, .ofs_x = 0, .ofs_y = 13},
    {.bitmap_index = 27549, .adv_w = 218, .box_w = 12, .box_h = 14, .ofs_x = 1, .ofs_y = 0},
    {.bitmap_index = 27633, .adv_w = 225, .box_w = 14, .box_h = 14, .ofs_x = 1, .ofs_y = 0},
    {.bitmap_index = 27731, .adv_w = 153, .box_w = 11, .box_h = 14, .ofs_x = -2, .ofs_y = 0},
    {.bitmap_index = 27808, .adv_w = 166, .box_w = 13, .box_h = 14, .ofs_x = -2, .ofs_y = 0},
    {.bitmap_index = 27899, .adv_w = 155, .box_w = 8, .box_h = 18, .ofs_x = 1, .ofs_y = -4},
    {.bitmap_index = 27971, .adv_w = 160, .box_w = 10, .box_h = 18, .ofs_x = 1, .ofs_y = -4},
    {.bitmap_index = 28061, .adv_w = 155, .box_w = 8, .box_h = 17, .ofs_x = 1, .ofs_y = -4},
    {.bitmap_index = 28129, .adv_w = 160, .box_w = 10, .box_h = 17, .ofs_x = 1, .ofs_y = -4},
    {.bitmap_index = 28214, .adv_w = 155, .box_w = 8, .box_h = 16, .ofs_x = 1, .ofs_y = -4},
    {.bitmap_index = 28278, .adv_w = 160, .box_w = 10, .box_h = 16, .ofs_x = 1, .ofs_y = -4},
    {.bitmap_index = 28358, .adv_w = 286, .box_w = 17, .box_h = 18, .ofs_x = 1, .ofs_y = -4},
    {.bitmap_index = 28511, .adv_w = 155, .box_w = 8, .box_h = 18, .ofs_x = 1, .ofs_y = -4},
    {.bitmap_index = 28583, .adv_w = 160, .box_w = 10, .box_h = 18, .ofs_x = 1, .ofs_y = -4},
    {.bitmap_index = 28673, .adv_w = 154, .box_w = 8, .box_h = 14, .ofs_x = 1, .ofs_y = -6},
    {.bitmap_index = 28729, .adv_w = 160, .box_w = 10, .box_h = 14, .ofs_x = 1, .ofs_y = -6},
    {.bitmap_index = 28799, .adv_w = 155, .box_w = 8, .box_h = 17, .ofs_x = 1, .ofs_y = -4},
    {.bitmap_index = 28867, .adv_w = 160, .box_w = 10, .box_h = 17, .ofs_x = 1, .ofs_y = -4},
    {.bitmap_index = 28952, .adv_w = 222, .box_w = 13, .box_h = 19, .ofs_x = 1, .ofs_y = -10},
    {.bitmap_index = 29076, .adv_w = 254, .box_w = 16, .box_h = 17, .ofs_x = 1, .ofs_y = -11},
    {.bitmap_index = 29212, .adv_w = 101, .box_w = 6, .box_h = 15, .ofs_x = -1, .ofs_y = -7},
    {.bitmap_index = 29257, .adv_w = 109, .box_w = 8, .box_h = 15, .ofs_x = -1, .ofs_y = -7},
    {.bitmap_index = 29317, .adv_w = 86, .box_w = 6, .box_h = 8, .ofs_x = -1, .ofs_y = 0},
    {.bitmap_index = 29341, .adv_w = 96, .box_w = 8, .box_h = 8, .ofs_x = -1, .ofs_y = 0},
    {.bitmap_index = 29373, .adv_w = 176, .box_w = 9, .box_h = 13, .ofs_x = 1, .ofs_y = 0},
    {.bitmap_index = 29432, .adv_w = 186, .box_w = 11, .box_h = 13, .ofs_x = 1, .ofs_y = 0},
    {.bitmap_index = 29504, .adv_w = 278, .box_w = 16, .box_h = 13, .ofs_x = 0, .ofs_y = 0},
    {.bitmap_index = 29608, .adv_w = 288, .box_w = 19, .box_h = 13, .ofs_x = 0, .ofs_y = 0},
    {.bitmap_index = 29732, .adv_w = 246, .box_w = 14, .box_h = 17, .ofs_x = 1, .ofs_y = -4},
    {.bitmap_index = 29851, .adv_w = 257, .box_w = 16, .box_h = 17, .ofs_x = 1, .ofs_y = -4},
    {.bitmap_index = 29987, .adv_w = 246, .box_w = 14, .box_h = 18, .ofs_x = 1, .ofs_y = -4},
    {.bitmap_index = 30113, .adv_w = 257, .box_w = 16, .box_h = 18, .ofs_x = 1, .ofs_y = -4},
    {.bitmap_index = 30257, .adv_w = 246, .box_w = 14, .box_h = 17, .ofs_x = 1, .ofs_y = -4},
    {.bitmap_index = 30376, .adv_w = 257, .box_w = 16, .box_h = 17, .ofs_x = 1, .ofs_y = -4},
    {.bitmap_index = 30512, .adv_w = 246, .box_w = 14, .box_h = 17, .ofs_x = 1, .ofs_y = -4},
    {.bitmap_index = 30631, .adv_w = 257, .box_w = 16, .box_h = 17, .ofs_x = 1, .ofs_y = -4},
    {.bitmap_index = 30767, .adv_w = 340, .box_w = 19, .box_h = 24, .ofs_x = 1, .ofs_y = -11},
    {.bitmap_index = 30995, .adv_w = 350, .box_w = 22, .box_h = 24, .ofs_x = 1, .ofs_y = -11},
    {.bitmap_index = 31259, .adv_w = 195, .box_w = 12, .box_h = 20, .ofs_x = -1, .ofs_y = -7},
    {.bitmap_index = 31379, .adv_w = 340, .box_w = 19, .box_h = 17, .ofs_x = 1, .ofs_y = -4},
    {.bitmap_index = 31541, .adv_w = 350, .box_w = 22, .box_h = 17, .ofs_x = 1, .ofs_y = -4},
    {.bitmap_index = 31728, .adv_w = 183, .box_w = 12, .box_h = 13, .ofs_x = -1, .ofs_y = 0},
    {.bitmap_index = 31806, .adv_w = 222, .box_w = 13, .box_h = 12, .ofs_x = 1, .ofs_y = -4},
    {.bitmap_index = 31884, .adv_w = 254, .box_w = 16, .box_h = 10, .ofs_x = 1, .ofs_y = -4},
    {.bitmap_index = 31964, .adv_w = 101, .box_w = 7, .box_h = 12, .ofs_x = -1, .ofs_y = -4},
    {.bitmap_index = 32006, .adv_w = 109, .box_w = 8, .box_h = 12, .ofs_x = -1, .ofs_y = -4},
    {.bitmap_index = 32054, .adv_w = 249, .box_w = 15, .box_h = 18, .ofs_x = 0, .ofs_y = -5},
    {.bitmap_index = 32189, .adv_w = 249, .box_w = 15, .box_h = 18, .ofs_x = 0, .ofs_y = -5},
    {.bitmap_index = 32324, .adv_w = 271, .box_w = 15, .box_h = 19, .ofs_x = 1, .ofs_y = -6},
    {.bitmap_index = 32467, .adv_w = 340, .box_w = 19, .box_h = 17, .ofs_x = 1, .ofs_y = -4},
    {.bitmap_index = 32629, .adv_w = 340, .box_w = 19, .box_h = 21, .ofs_x = 1, .ofs_y = -8},
    {.bitmap_index = 32829, .adv_w = 249, .box_w = 15, .box_h = 13, .ofs_x = 0, .ofs_y = -5},
    {.bitmap_index = 32927, .adv_w = 249, .box_w = 15, .box_h = 13, .ofs_x = 0, .ofs_y = -5},
    {.bitmap_index = 33025, .adv_w = 249, .box_w = 15, .box_h = 17, .ofs_x = 0, .ofs_y = -5},
    {.bitmap_index = 33153, .adv_w = 271, .box_w = 15, .box_h = 14, .ofs_x = 1, .ofs_y = -6},
    {.bitmap_index = 33258, .adv_w = 340, .box_w = 19, .box_h = 12, .ofs_x = 1, .ofs_y = -4},
    {.bitmap_index = 33372, .adv_w = 340, .box_w = 19, .box_h = 16, .ofs_x = 1, .ofs_y = -8},
    {.bitmap_index = 33524, .adv_w = 249, .box_w = 15, .box_h = 17, .ofs_x = 0, .ofs_y = -5},
    {.bitmap_index = 33652, .adv_w = 249, .box_w = 15, .box_h = 17, .ofs_x = 0, .ofs_y = -5},
    {.bitmap_index = 33780, .adv_w = 249, .box_w = 15, .box_h = 17, .ofs_x = 0, .ofs_y = -5},
    {.bitmap_index = 33908, .adv_w = 271, .box_w = 16, .box_h = 18, .ofs_x = 1, .ofs_y = -6},
    {.bitmap_index = 34052, .adv_w = 340, .box_w = 20, .box_h = 16, .ofs_x = 1, .ofs_y = -4},
    {.bitmap_index = 34212, .adv_w = 340, .box_w = 20, .box_h = 20, .ofs_x = 1, .ofs_y = -8},
    {.bitmap_index = 34412, .adv_w = 249, .box_w = 15, .box_h = 19, .ofs_x = 0, .ofs_y = -5},
    {.bitmap_index = 34555, .adv_w = 271, .box_w = 16, .box_h = 20, .ofs_x = 1, .ofs_y = -6},
    {.bitmap_index = 34715, .adv_w = 340, .box_w = 20, .box_h = 18, .ofs_x = 1, .ofs_y = -4},
    {.bitmap_index = 34895, .adv_w = 340, .box_w = 20, .box_h = 22, .ofs_x = 1, .ofs_y = -8},
    {.bitmap_index = 35115, .adv_w = 317, .box_w = 19, .box_h = 13, .ofs_x = 0, .ofs_y = -5},
    {.bitmap_index = 35239, .adv_w = 339, .box_w = 20, .box_h = 14, .ofs_x = 1, .ofs_y = -6},
    {.bitmap_index = 35379, .adv_w = 317, .box_w = 19, .box_h = 13, .ofs_x = 0, .ofs_y = -5},
    {.bitmap_index = 35503, .adv_w = 339, .box_w = 20, .box_h = 14, .ofs_x = 1, .ofs_y = -6},
    {.bitmap_index = 35643, .adv_w = 317, .box_w = 19, .box_h = 17, .ofs_x = 0, .ofs_y = -5},
    {.bitmap_index = 35805, .adv_w = 317, .box_w = 19, .box_h = 17, .ofs_x = 0, .ofs_y = -5},
    {.bitmap_index = 35967, .adv_w = 339, .box_w = 20, .box_h = 18, .ofs_x = 1, .ofs_y = -6},
    {.bitmap_index = 36147, .adv_w = 409, .box_w = 25, .box_h = 13, .ofs_x = 0, .ofs_y = -5},
    {.bitmap_index = 36310, .adv_w = 409, .box_w = 25, .box_h = 13, .ofs_x = 0, .ofs_y = -5},
    {.bitmap_index = 36473, .adv_w = 409, .box_w = 25, .box_h = 17, .ofs_x = 0, .ofs_y = -5},
    {.bitmap_index = 36686, .adv_w = 431, .box_w = 25, .box_h = 14, .ofs_x = 1, .ofs_y = -6},
    {.bitmap_index = 36861, .adv_w = 375, .box_w = 23, .box_h = 13, .ofs_x = 0, .ofs_y = -5},
    {.bitmap_index = 37011, .adv_w = 398, .box_w = 23, .box_h = 15, .ofs_x = 1, .ofs_y = -6},
    {.bitmap_index = 37184, .adv_w = 375, .box_w = 23, .box_h = 17, .ofs_x = 0, .ofs_y = -5},
    {.bitmap_index = 37380, .adv_w = 375, .box_w = 23, .box_h = 17, .ofs_x = 0, .ofs_y = -5},
    {.bitmap_index = 37576, .adv_w = 375, .box_w = 23, .box_h = 17, .ofs_x = 0, .ofs_y = -5},
    {.bitmap_index = 37772, .adv_w = 398, .box_w = 23, .box_h = 18, .ofs_x = 1, .ofs_y = -6},
    {.bitmap_index = 37979, .adv_w = 380, .box_w = 23, .box_h = 17, .ofs_x = 0, .ofs_y = -5},
    {.bitmap_index = 38175, .adv_w = 402, .box_w = 23, .box_h = 18, .ofs_x = 1, .ofs_y = -6},
    {.bitmap_index = 38382, .adv_w = 402, .box_w = 23, .box_h = 18, .ofs_x = 1, .ofs_y = -6},
    {.bitmap_index = 38589, .adv_w = 303, .box_w = 19, .box_h = 13, .ofs_x = 0, .ofs_y = -5},
    {.bitmap_index = 38713, .adv_w = 325, .box_w = 19, .box_h = 14, .ofs_x = 1, .ofs_y = -6},
    {.bitmap_index = 38846, .adv_w = 303, .box_w = 19, .box_h = 17, .ofs_x = 0, .ofs_y = -5},
    {.bitmap_index = 39008, .adv_w = 325, .box_w = 19, .box_h = 18, .ofs_x = 1, .ofs_y = -6},
    {.bitmap_index = 39179, .adv_w = 323, .box_w = 19, .box_h = 17, .ofs_x = 0, .ofs_y = -5},
    {.bitmap_index = 39341, .adv_w = 323, .box_w = 19, .box_h = 17, .ofs_x = 0, .ofs_y = -5},
    {.bitmap_index = 39503, .adv_w = 323, .box_w = 19, .box_h = 17, .ofs_x = 0, .ofs_y = -5},
    {.bitmap_index = 39665, .adv_w = 345, .box_w = 20, .box_h = 18, .ofs_x = 1, .ofs_y = -6},
    {.bitmap_index = 39845, .adv_w = 414, .box_w = 24, .box_h = 16, .ofs_x = 1, .ofs_y = -4},
    {.bitmap_index = 40037, .adv_w = 414, .box_w = 24, .box_h = 20, .ofs_x = 1, .ofs_y = -8},
    {.bitmap_index = 40277, .adv_w = 323, .box_w = 19, .box_h = 17, .ofs_x = 0, .ofs_y = -5},
    {.bitmap_index = 40439, .adv_w = 345, .box_w = 20, .box_h = 18, .ofs_x = 1, .ofs_y = -6},
    {.bitmap_index = 40619, .adv_w = 414, .box_w = 24, .box_h = 16, .ofs_x = 1, .ofs_y = -4},
    {.bitmap_index = 40811, .adv_w = 414, .box_w = 24, .box_h = 20, .ofs_x = 1, .ofs_y = -8},
    {.bitmap_index = 41051, .adv_w = 243, .box_w = 13, .box_h = 14, .ofs_x = 1, .ofs_y = 0},
    {.bitmap_index = 41142, .adv_w = 316, .box_w = 19, .box_h = 19, .ofs_x = 0, .ofs_y = -5},
    {.bitmap_index = 41323, .adv_w = 316, .box_w = 19, .box_h = 19, .ofs_x = 0, .ofs_y = -5},
    {.bitmap_index = 41504, .adv_w = 316, .box_w = 19, .box_h = 19, .ofs_x = 0, .ofs_y = -5},
    {.bitmap_index = 41685, .adv_w = 349, .box_w = 20, .box_h = 18, .ofs_x = 1, .ofs_y = -4},
    {.bitmap_index = 41865, .adv_w = 338, .box_w = 19, .box_h = 20, .ofs_x = 1, .ofs_y = -6},
    {.bitmap_index = 42055, .adv_w = 407, .box_w = 24, .box_h = 18, .ofs_x = 1, .ofs_y = -4},
    {.bitmap_index = 42271, .adv_w = 407, .box_w = 24, .box_h = 22, .ofs_x = 1, .ofs_y = -8},
    {.bitmap_index = 42535, .adv_w = 252, .box_w = 15, .box_h = 17, .ofs_x = 0, .ofs_y = -5},
    {.bitmap_index = 42663, .adv_w = 252, .box_w = 15, .box_h = 17, .ofs_x = 0, .ofs_y = -5},
    {.bitmap_index = 42791, .adv_w = 252, .box_w = 15, .box_h = 17, .ofs_x = 0, .ofs_y = -5},
    {.bitmap_index = 42919, .adv_w = 275, .box_w = 15, .box_h = 18, .ofs_x = 1, .ofs_y = -6},
    {.bitmap_index = 43054, .adv_w = 344, .box_w = 19, .box_h = 16, .ofs_x = 1, .ofs_y = -4},
    {.bitmap_index = 43206, .adv_w = 344, .box_w = 19, .box_h = 20, .ofs_x = 1, .ofs_y = -8},
    {.bitmap_index = 43396, .adv_w = 318, .box_w = 19, .box_h = 13, .ofs_x = 0, .ofs_y = -5},
    {.bitmap_index = 43520, .adv_w = 318, .box_w = 19, .box_h = 13, .ofs_x = 0, .ofs_y = -5},
    {.bitmap_index = 43644, .adv_w = 318, .box_w = 19, .box_h = 17, .ofs_x = 0, .ofs_y = -5},
    {.bitmap_index = 43806, .adv_w = 341, .box_w = 20, .box_h = 14, .ofs_x = 1, .ofs_y = -6},
    {.bitmap_index = 43946, .adv_w = 410, .box_w = 24, .box_h = 12, .ofs_x = 1, .ofs_y = -4},
    {.bitmap_index = 44090, .adv_w = 410, .box_w = 24, .box_h = 16, .ofs_x = 1, .ofs_y = -8},
    {.bitmap_index = 44282, .adv_w = 249, .box_w = 15, .box_h = 17, .ofs_x = 0, .ofs_y = -5},
    {.bitmap_index = 44410, .adv_w = 249, .box_w = 15, .box_h = 17, .ofs_x = 0, .ofs_y = -5},
    {.bitmap_index = 44538, .adv_w = 249, .box_w = 15, .box_h = 17, .ofs_x = 0, .ofs_y = -5},
    {.bitmap_index = 44666, .adv_w = 271, .box_w = 15, .box_h = 18, .ofs_x = 1, .ofs_y = -6},
    {.bitmap_index = 44801, .adv_w = 340, .box_w = 19, .box_h = 16, .ofs_x = 1, .ofs_y = -4},
    {.bitmap_index = 44953, .adv_w = 340, .box_w = 19, .box_h = 20, .ofs_x = 1, .ofs_y = -8},
    {.bitmap_index = 45143, .adv_w = 380, .box_w = 23, .box_h = 16, .ofs_x = 0, .ofs_y = -5},
    {.bitmap_index = 45327, .adv_w = 402, .box_w = 23, .box_h = 17, .ofs_x = 1, .ofs_y = -6},
    {.bitmap_index = 45523, .adv_w = 472, .box_w = 28, .box_h = 15, .ofs_x = 1, .ofs_y = -4},
    {.bitmap_index = 45733, .adv_w = 472, .box_w = 28, .box_h = 19, .ofs_x = 1, .ofs_y = -8},
    {.bitmap_index = 45999, .adv_w = 263, .box_w = 16, .box_h = 13, .ofs_x = 0, .ofs_y = -5},
    {.bitmap_index = 46103, .adv_w = 263, .box_w = 16, .box_h = 13, .ofs_x = 0, .ofs_y = -5},
    {.bitmap_index = 46207, .adv_w = 263, .box_w = 16, .box_h = 17, .ofs_x = 0, .ofs_y = -5},
    {.bitmap_index = 46343, .adv_w = 286, .box_w = 16, .box_h = 14, .ofs_x = 1, .ofs_y = -6},
    {.bitmap_index = 46455, .adv_w = 355, .box_w = 21, .box_h = 12, .ofs_x = 1, .ofs_y = -4},
    {.bitmap_index = 46581, .adv_w = 355, .box_w = 21, .box_h = 16, .ofs_x = 1, .ofs_y = -8},
    {.bitmap_index = 46749, .adv_w = 145, .box_w = 9, .box_h = 17, .ofs_x = 0, .ofs_y = 0},
    {.bitmap_index = 46826, .adv_w = 102, .box_w = 7, .box_h = 16, .ofs_x = -1, .ofs_y = -4},
    {.bitmap_index = 46882, .adv_w = 222, .box_w = 13, .box_h = 13, .ofs_x = 1, .ofs_y = -4},
    {.bitmap_index = 46967, .adv_w = 83, .box_w = 7, .box_h = 8, .ofs_x = -1, .ofs_y = 13},
    {.bitmap_index = 46995, .adv_w = 0, .box_w = 6, .box_h = 9, .ofs_x = 0, .ofs_y = 8},
    {.bitmap_index = 47022, .adv_w = 0, .box_w = 6, .box_h = 6, .ofs_x = 0, .ofs_y = 13},
    {.bitmap_index = 47040, .adv_w = 0, .box_w = 6, .box_h = 8, .ofs_x = 0, .ofs_y = 13},
    {.bitmap_index = 47064, .adv_w = 0, .box_w = 6, .box_h = 7, .ofs_x = 0, .ofs_y = 10},
    {.bitmap_index = 47085, .adv_w = 0, .box_w = 6, .box_h = 7, .ofs_x = 0, .ofs_y = 13},
    {.bitmap_index = 47106, .adv_w = 209, .box_w = 15, .box_h = 17, .ofs_x = -1, .ofs_y = -4},
    {.bitmap_index = 47234, .adv_w = 209, .box_w = 15, .box_h = 17, .ofs_x = -1, .ofs_y = -4},
    {.bitmap_index = 47362, .adv_w = 281, .box_w = 17, .box_h = 19, .ofs_x = 1, .ofs_y = -6},
    {.bitmap_index = 47524, .adv_w = 292, .box_w = 18, .box_h = 17, .ofs_x = 1, .ofs_y = -4},
    {.bitmap_index = 47677, .adv_w = 350, .box_w = 22, .box_h = 17, .ofs_x = 1, .ofs_y = -4},
    {.bitmap_index = 47864, .adv_w = 350, .box_w = 22, .box_h = 21, .ofs_x = 1, .ofs_y = -8},
    {.bitmap_index = 48095, .adv_w = 209, .box_w = 15, .box_h = 12, .ofs_x = -1, .ofs_y = -4},
    {.bitmap_index = 48185, .adv_w = 209, .box_w = 15, .box_h = 16, .ofs_x = -1, .ofs_y = -4},
    {.bitmap_index = 48305, .adv_w = 281, .box_w = 17, .box_h = 14, .ofs_x = 1, .ofs_y = -6},
    {.bitmap_index = 48424, .adv_w = 292, .box_w = 18, .box_h = 14, .ofs_x = 1, .ofs_y = -4},
    {.bitmap_index = 48550, .adv_w = 350, .box_w = 22, .box_h = 12, .ofs_x = 1, .ofs_y = -4},
    {.bitmap_index = 48682, .adv_w = 350, .box_w = 22, .box_h = 16, .ofs_x = 1, .ofs_y = -8},
    {.bitmap_index = 48858, .adv_w = 221, .box_w = 15, .box_h = 16, .ofs_x = -1, .ofs_y = -4},
    {.bitmap_index = 48978, .adv_w = 221, .box_w = 15, .box_h = 16, .ofs_x = -1, .ofs_y = -4},
    {.bitmap_index = 49098, .adv_w = 294, .box_w = 18, .box_h = 18, .ofs_x = 1, .ofs_y = -6},
    {.bitmap_index = 49260, .adv_w = 305, .box_w = 19, .box_h = 16, .ofs_x = 1, .ofs_y = -4},
    {.bitmap_index = 49412, .adv_w = 363, .box_w = 22, .box_h = 16, .ofs_x = 1, .ofs_y = -4},
    {.bitmap_index = 49588, .adv_w = 363, .box_w = 22, .box_h = 20, .ofs_x = 1, .ofs_y = -8},
    {.bitmap_index = 49808, .adv_w = 221, .box_w = 15, .box_h = 18, .ofs_x = -1, .ofs_y = -4},
    {.bitmap_index = 49943, .adv_w = 221, .box_w = 15, .box_h = 18, .ofs_x = -1, .ofs_y = -4},
    {.bitmap_index = 50078, .adv_w = 294, .box_w = 18, .box_h = 20, .ofs_x = 1, .ofs_y = -6},
    {.bitmap_index = 50258, .adv_w = 305, .box_w = 19, .box_h = 18, .ofs_x = 1, .ofs_y = -4},
    {.bitmap_index = 50429, .adv_w = 363, .box_w = 22, .box_h = 18, .ofs_x = 1, .ofs_y = -4},
    {.bitmap_index = 50627, .adv_w = 363, .box_w = 22, .box_h = 22, .ofs_x = 1, .ofs_y = -8},
    {.bitmap_index = 50869, .adv_w = 421, .box_w = 26, .box_h = 16, .ofs_x = 1, .ofs_y = -4},
    {.bitmap_index = 51077, .adv_w = 421, .box_w = 26, .box_h = 20, .ofs_x = 1, .ofs_y = -8},
    {.bitmap_index = 51337, .adv_w = 421, .box_w = 26, .box_h = 16, .ofs_x = 1, .ofs_y = -4},
    {.bitmap_index = 51545, .adv_w = 421, .box_w = 26, .box_h = 20, .ofs_x = 1, .ofs_y = -8},
    {.bitmap_index = 51805, .adv_w = 256, .box_w = 16, .box_h = 14, .ofs_x = 1, .ofs_y = 0},
    {.bitmap_index = 51917, .adv_w = 362, .box_w = 22, .box_h = 18, .ofs_x = 1, .ofs_y = -4},
    {.bitmap_index = 52115, .adv_w = 351, .box_w = 22, .box_h = 20, .ofs_x = 1, .ofs_y = -6},
    {.bitmap_index = 52335, .adv_w = 420, .box_w = 26, .box_h = 18, .ofs_x = 1, .ofs_y = -4},
    {.bitmap_index = 52569, .adv_w = 420, .box_w = 26, .box_h = 22, .ofs_x = 1, .ofs_y = -8},
    {.bitmap_index = 52855, .adv_w = 281, .box_w = 17, .box_h = 18, .ofs_x = 1, .ofs_y = -6},
    {.bitmap_index = 53008, .adv_w = 350, .box_w = 22, .box_h = 16, .ofs_x = 1, .ofs_y = -4},
    {.bitmap_index = 53184, .adv_w = 350, .box_w = 22, .box_h = 20, .ofs_x = 1, .ofs_y = -8},
    {.bitmap_index = 53404, .adv_w = 253, .box_w = 15, .box_h = 12, .ofs_x = 1, .ofs_y = 0},
    {.bitmap_index = 53494, .adv_w = 348, .box_w = 21, .box_h = 14, .ofs_x = 1, .ofs_y = -6},
    {.bitmap_index = 53641, .adv_w = 209, .box_w = 15, .box_h = 16, .ofs_x = -1, .ofs_y = -4},
    {.bitmap_index = 53761, .adv_w = 209, .box_w = 15, .box_h = 16, .ofs_x = -1, .ofs_y = -4},
    {.bitmap_index = 53881, .adv_w = 281, .box_w = 17, .box_h = 18, .ofs_x = 1, .ofs_y = -6},
    {.bitmap_index = 54034, .adv_w = 292, .box_w = 18, .box_h = 16, .ofs_x = 1, .ofs_y = -4},
    {.bitmap_index = 54178, .adv_w = 350, .box_w = 22, .box_h = 16, .ofs_x = 1, .ofs_y = -4},
    {.bitmap_index = 54354, .adv_w = 350, .box_w = 22, .box_h = 20, .ofs_x = 1, .ofs_y = -8},
    {.bitmap_index = 54574, .adv_w = 254, .box_w = 16, .box_h = 13, .ofs_x = 1, .ofs_y = -4},
    {.bitmap_index = 54678, .adv_w = 221, .box_w = 15, .box_h = 12, .ofs_x = -1, .ofs_y = -4},
    {.bitmap_index = 54768, .adv_w = 221, .box_w = 15, .box_h = 16, .ofs_x = -1, .ofs_y = -4},
    {.bitmap_index = 54888, .adv_w = 294, .box_w = 18, .box_h = 14, .ofs_x = 1, .ofs_y = -6},
    {.bitmap_index = 55014, .adv_w = 305, .box_w = 19, .box_h = 14, .ofs_x = 1, .ofs_y = -4},
    {.bitmap_index = 55147, .adv_w = 363, .box_w = 22, .box_h = 12, .ofs_x = 1, .ofs_y = -4},
    {.bitmap_index = 55279, .adv_w = 363, .box_w = 22, .box_h = 16, .ofs_x = 1, .ofs_y = -8},
    {.bitmap_index = 55455, .adv_w = 239, .box_w = 15, .box_h = 17, .ofs_x = -1, .ofs_y = -4},
    {.bitmap_index = 55583, .adv_w = 239, .box_w = 15, .box_h = 13, .ofs_x = -1, .ofs_y = 0},
    {.bitmap_index = 55681, .adv_w = 239, .box_w = 15, .box_h = 13, .ofs_x = -1, .ofs_y = 0},
    {.bitmap_index = 55779, .adv_w = 249, .box_w = 16, .box_h = 13, .ofs_x = -1, .ofs_y = 0},
    {.bitmap_index = 55883, .adv_w = 315, .box_w = 20, .box_h = 13, .ofs_x = -1, .ofs_y = 0},
    {.bitmap_index = 56013, .adv_w = 239, .box_w = 15, .box_h = 12, .ofs_x = -1, .ofs_y = -4},
    {.bitmap_index = 56103, .adv_w = 239, .box_w = 15, .box_h = 12, .ofs_x = -1, .ofs_y = -4},
    {.bitmap_index = 56193, .adv_w = 239, .box_w = 15, .box_h = 16, .ofs_x = -1, .ofs_y = -4},
    {.bitmap_index = 56313, .adv_w = 249, .box_w = 16, .box_h = 12, .ofs_x = -1, .ofs_y = -4},
    {.bitmap_index = 56409, .adv_w = 315, .box_w = 20, .box_h = 15, .ofs_x = -1, .ofs_y = -4},
    {.bitmap_index = 56559, .adv_w = 239, .box_w = 16, .box_h = 16, .ofs_x = -1, .ofs_y = -4},
    {.bitmap_index = 56687, .adv_w = 239, .box_w = 16, .box_h = 12, .ofs_x = -1, .ofs_y = 0},
    {.bitmap_index = 56783, .adv_w = 239, .box_w = 16, .box_h = 12, .ofs_x = -1, .ofs_y = 0},
    {.bitmap_index = 56879, .adv_w = 249, .box_w = 16, .box_h = 12, .ofs_x = -1, .ofs_y = 0},
    {.bitmap_index = 56975, .adv_w = 315, .box_w = 21, .box_h = 12, .ofs_x = -1, .ofs_y = 0},
    {.bitmap_index = 57101, .adv_w = 249, .box_w = 17, .box_h = 14, .ofs_x = -1, .ofs_y = 0},
    {.bitmap_index = 57220, .adv_w = 307, .box_w = 20, .box_h = 12, .ofs_x = -1, .ofs_y = -4},
    {.bitmap_index = 57340, .adv_w = 317, .box_w = 20, .box_h = 12, .ofs_x = -1, .ofs_y = -4},
    {.bitmap_index = 57460, .adv_w = 307, .box_w = 20, .box_h = 12, .ofs_x = -1, .ofs_y = -4},
    {.bitmap_index = 57580, .adv_w = 317, .box_w = 20, .box_h = 8, .ofs_x = -1, .ofs_y = 0},
    {.bitmap_index = 57660, .adv_w = 307, .box_w = 20, .box_h = 16, .ofs_x = -1, .ofs_y = -4},
    {.bitmap_index = 57820, .adv_w = 317, .box_w = 20, .box_h = 12, .ofs_x = -1, .ofs_y = 0},
    {.bitmap_index = 57940, .adv_w = 399, .box_w = 25, .box_h = 12, .ofs_x = -1, .ofs_y = -4},
    {.bitmap_index = 58090, .adv_w = 399, .box_w = 25, .box_h = 8, .ofs_x = -1, .ofs_y = 0},
    {.bitmap_index = 58190, .adv_w = 399, .box_w = 25, .box_h = 12, .ofs_x = -1, .ofs_y = 0},
    {.bitmap_index = 58340, .adv_w = 409, .box_w = 26, .box_h = 8, .ofs_x = -1, .ofs_y = 0},
    {.bitmap_index = 58444, .adv_w = 366, .box_w = 23, .box_h = 8, .ofs_x = -1, .ofs_y = 0},
    {.bitmap_index = 58536, .adv_w = 366, .box_w = 23, .box_h = 12, .ofs_x = -1, .ofs_y = 0},
    {.bitmap_index = 58674, .adv_w = 376, .box_w = 24, .box_h = 9, .ofs_x = -1, .ofs_y = 0},
    {.bitmap_index = 58782, .adv_w = 366, .box_w = 23, .box_h = 16, .ofs_x = -1, .ofs_y = -4},
    {.bitmap_index = 58966, .adv_w = 366, .box_w = 23, .box_h = 12, .ofs_x = -1, .ofs_y = 0},
    {.bitmap_index = 59104, .adv_w = 366, .box_w = 23, .box_h = 12, .ofs_x = -1, .ofs_y = 0},
    {.bitmap_index = 59242, .adv_w = 376, .box_w = 24, .box_h = 12, .ofs_x = -1, .ofs_y = 0},
    {.bitmap_index = 59386, .adv_w = 370, .box_w = 23, .box_h = 12, .ofs_x = -1, .ofs_y = 0},
    {.bitmap_index = 59524, .adv_w = 380, .box_w = 24, .box_h = 12, .ofs_x = -1, .ofs_y = 0},
    {.bitmap_index = 59668, .adv_w = 293, .box_w = 19, .box_h = 12, .ofs_x = -1, .ofs_y = -4},
    {.bitmap_index = 59782, .adv_w = 304, .box_w = 20, .box_h = 8, .ofs_x = -1, .ofs_y = 0},
    {.bitmap_index = 59862, .adv_w = 293, .box_w = 19, .box_h = 16, .ofs_x = -1, .ofs_y = -4},
    {.bitmap_index = 60014, .adv_w = 304, .box_w = 20, .box_h = 12, .ofs_x = -1, .ofs_y = 0},
    {.bitmap_index = 60134, .adv_w = 313, .box_w = 20, .box_h = 16, .ofs_x = -1, .ofs_y = -4},
    {.bitmap_index = 60294, .adv_w = 313, .box_w = 20, .box_h = 12, .ofs_x = -1, .ofs_y = 0},
    {.bitmap_index = 60414, .adv_w = 313, .box_w = 20, .box_h = 12, .ofs_x = -1, .ofs_y = 0},
    {.bitmap_index = 60534, .adv_w = 323, .box_w = 20, .box_h = 12, .ofs_x = -1, .ofs_y = 0},
    {.bitmap_index = 60654, .adv_w = 313, .box_w = 20, .box_h = 12, .ofs_x = -1, .ofs_y = 0},
    {.bitmap_index = 60774, .adv_w = 323, .box_w = 20, .box_h = 12, .ofs_x = -1, .ofs_y = 0},
    {.bitmap_index = 60894, .adv_w = 306, .box_w = 19, .box_h = 18, .ofs_x = -1, .ofs_y = -4},
    {.bitmap_index = 61065, .adv_w = 306, .box_w = 19, .box_h = 14, .ofs_x = -1, .ofs_y = 0},
    {.bitmap_index = 61198, .adv_w = 306, .box_w = 19, .box_h = 14, .ofs_x = -1, .ofs_y = 0},
    {.bitmap_index = 61331, .adv_w = 250, .box_w = 16, .box_h = 14, .ofs_x = -1, .ofs_y = 0},
    {.bitmap_index = 61443, .adv_w = 316, .box_w = 20, .box_h = 14, .ofs_x = -1, .ofs_y = 0},
    {.bitmap_index = 61583, .adv_w = 243, .box_w = 15, .box_h = 16, .ofs_x = -1, .ofs_y = -4},
    {.bitmap_index = 61703, .adv_w = 243, .box_w = 15, .box_h = 12, .ofs_x = -1, .ofs_y = 0},
    {.bitmap_index = 61793, .adv_w = 243, .box_w = 15, .box_h = 12, .ofs_x = -1, .ofs_y = 0},
    {.bitmap_index = 61883, .adv_w = 253, .box_w = 16, .box_h = 12, .ofs_x = -1, .ofs_y = 0},
    {.bitmap_index = 61979, .adv_w = 319, .box_w = 20, .box_h = 12, .ofs_x = -1, .ofs_y = 0},
    {.bitmap_index = 62099, .adv_w = 309, .box_w = 20, .box_h = 12, .ofs_x = -1, .ofs_y = -4},
    {.bitmap_index = 62219, .adv_w = 309, .box_w = 20, .box_h = 8, .ofs_x = -1, .ofs_y = 0},
    {.bitmap_index = 62299, .adv_w = 309, .box_w = 20, .box_h = 12, .ofs_x = -1, .ofs_y = 0},
    {.bitmap_index = 62419, .adv_w = 319, .box_w = 21, .box_h = 8, .ofs_x = -1, .ofs_y = 0},
    {.bitmap_index = 62503, .adv_w = 239, .box_w = 15, .box_h = 16, .ofs_x = -1, .ofs_y = -4},
    {.bitmap_index = 62623, .adv_w = 239, .box_w = 15, .box_h = 12, .ofs_x = -1, .ofs_y = 0},
    {.bitmap_index = 62713, .adv_w = 239, .box_w = 15, .box_h = 12, .ofs_x = -1, .ofs_y = 0},
    {.bitmap_index = 62803, .adv_w = 249, .box_w = 16, .box_h = 12, .ofs_x = -1, .ofs_y = 0},
    {.bitmap_index = 62899, .adv_w = 315, .box_w = 20, .box_h = 12, .ofs_x = -1, .ofs_y = 0},
    {.bitmap_index = 63019, .adv_w = 370, .box_w = 23, .box_h = 15, .ofs_x = -1, .ofs_y = -4},
    {.bitmap_index = 63192, .adv_w = 381, .box_w = 24, .box_h = 11, .ofs_x = -1, .ofs_y = 0},
    {.bitmap_index = 63324, .adv_w = 218, .box_w = 14, .box_h = 16, .ofs_x = -1, .ofs_y = 0},
    {.bitmap_index = 63436, .adv_w = 254, .box_w = 16, .box_h = 12, .ofs_x = -1, .ofs_y = -4},
    {.bitmap_index = 63532, .adv_w = 254, .box_w = 16, .box_h = 12, .ofs_x = -1, .ofs_y = -4},
    {.bitmap_index = 63628, .adv_w = 254, .box_w = 16, .box_h = 16, .ofs_x = -1, .ofs_y = -4},
    {.bitmap_index = 63756, .adv_w = 264, .box_w = 17, .box_h = 12, .ofs_x = -1, .ofs_y = -4},
    {.bitmap_index = 63858, .adv_w = 330, .box_w = 21, .box_h = 15, .ofs_x = -1, .ofs_y = -4},
    {.bitmap_index = 64016, .adv_w = 260, .box_w = 18, .box_h = 13, .ofs_x = -1, .ofs_y = 0},
    {.bitmap_index = 64133, .adv_w = 325, .box_w = 22, .box_h = 13, .ofs_x = -1, .ofs_y = 0},
    {.bitmap_index = 64276, .adv_w = 260, .box_w = 18, .box_h = 12, .ofs_x = -1, .ofs_y = -4},
    {.bitmap_index = 64384, .adv_w = 325, .box_w = 22, .box_h = 15, .ofs_x = -1, .ofs_y = -4},
    {.bitmap_index = 64549, .adv_w = 272, .box_w = 19, .box_h = 12, .ofs_x = -1, .ofs_y = 0},
    {.bitmap_index = 64663, .adv_w = 338, .box_w = 23, .box_h = 12, .ofs_x = -1, .ofs_y = 0},
    {.bitmap_index = 64801, .adv_w = 272, .box_w = 19, .box_h = 14, .ofs_x = -1, .ofs_y = 0},
    {.bitmap_index = 64934, .adv_w = 338, .box_w = 23, .box_h = 14, .ofs_x = -1, .ofs_y = 0},
    {.bitmap_index = 65095, .adv_w = 420, .box_w = 28, .box_h = 8, .ofs_x = -1, .ofs_y = 0},
    {.bitmap_index = 65207, .adv_w = 486, .box_w = 32, .box_h = 11, .ofs_x = -1, .ofs_y = 0},
    {.bitmap_index = 65383, .adv_w = 420, .box_w = 28, .box_h = 12, .ofs_x = -1, .ofs_y = 0},
    {.bitmap_index = 65551, .adv_w = 486, .box_w = 32, .box_h = 12, .ofs_x = -1, .ofs_y = 0},
    {.bitmap_index = 65743, .adv_w = 262, .box_w = 18, .box_h = 14, .ofs_x = -1, .ofs_y = 0},
    {.bitmap_index = 65869, .adv_w = 329, .box_w = 22, .box_h = 14, .ofs_x = -1, .ofs_y = 0},
    {.bitmap_index = 66023, .adv_w = 260, .box_w = 18, .box_h = 12, .ofs_x = -1, .ofs_y = 0},
    {.bitmap_index = 66131, .adv_w = 260, .box_w = 18, .box_h = 12, .ofs_x = -1, .ofs_y = 0},
    {.bitmap_index = 66239, .adv_w = 325, .box_w = 22, .box_h = 12, .ofs_x = -1, .ofs_y = 0},
    {.bitmap_index = 66371, .adv_w = 272, .box_w = 19, .box_h = 12, .ofs_x = -1, .ofs_y = -4},
    {.bitmap_index = 66485, .adv_w = 338, .box_w = 23, .box_h = 15, .ofs_x = -1, .ofs_y = -4},
    {.bitmap_index = 66658, .adv_w = 78, .box_w = 7, .box_h = 13, .ofs_x = -1, .ofs_y = 0},
    {.bitmap_index = 66704, .adv_w = 78, .box_w = 7, .box_h = 14, .ofs_x = -1, .ofs_y = 0},
    {.bitmap_index = 66753, .adv_w = 78, .box_w = 7, .box_h = 12, .ofs_x = -1, .ofs_y = 0},
    {.bitmap_index = 66795, .adv_w = 471, .box_w = 28, .box_h = 16, .ofs_x = 1, .ofs_y = -4},
    {.bitmap_index = 67019, .adv_w = 471, .box_w = 28, .box_h = 20, .ofs_x = 1, .ofs_y = -8},
    {.bitmap_index = 67299, .adv_w = 394, .box_w = 23, .box_h = 12, .ofs_x = 1, .ofs_y = -4},
    {.bitmap_index = 67437, .adv_w = 394, .box_w = 23, .box_h = 16, .ofs_x = 1, .ofs_y = -8},
    {.bitmap_index = 67621, .adv_w = 394, .box_w = 23, .box_h = 16, .ofs_x = 1, .ofs_y = -4},
    {.bitmap_index = 67805, .adv_w = 394, .box_w = 23, .box_h = 20, .ofs_x = 1, .ofs_y = -8},
    {.bitmap_index = 68035, .adv_w = 500, .box_w = 29, .box_h = 12, .ofs_x = 1, .ofs_y = -4},
    {.bitmap_index = 68209, .adv_w = 500, .box_w = 29, .box_h = 16, .ofs_x = 1, .ofs_y = -8},
    {.bitmap_index = 68441, .adv_w = 500, .box_w = 29, .box_h = 16, .ofs_x = 1, .ofs_y = -4},
    {.bitmap_index = 68673, .adv_w = 500, .box_w = 29, .box_h = 20, .ofs_x = 1, .ofs_y = -8},
    {.bitmap_index = 68963, .adv_w = 408, .box_w = 24, .box_h = 12, .ofs_x = 1, .ofs_y = -4},
    {.bitmap_index = 69107, .adv_w = 408, .box_w = 24, .box_h = 16, .ofs_x = 1, .ofs_y = -8},
    {.bitmap_index = 69299, .adv_w = 408, .box_w = 24, .box_h = 12, .ofs_x = 1, .ofs_y = -4},
    {.bitmap_index = 69443, .adv_w = 408, .box_w = 24, .box_h = 16, .ofs_x = 1, .ofs_y = -8},
    {.bitmap_index = 69635, .adv_w = 408, .box_w = 24, .box_h = 16, .ofs_x = 1, .ofs_y = -4},
    {.bitmap_index = 69827, .adv_w = 408, .box_w = 24, .box_h = 20, .ofs_x = 1, .ofs_y = -8},
    {.bitmap_index = 70067, .adv_w = 467, .box_w = 27, .box_h = 12, .ofs_x = 1, .ofs_y = -4},
    {.bitmap_index = 70229, .adv_w = 467, .box_w = 27, .box_h = 16, .ofs_x = 1, .ofs_y = -8},
    {.bitmap_index = 70445, .adv_w = 467, .box_w = 27, .box_h = 16, .ofs_x = 1, .ofs_y = -4},
    {.bitmap_index = 70661, .adv_w = 467, .box_w = 27, .box_h = 20, .ofs_x = 1, .ofs_y = -8},
    {.bitmap_index = 70931, .adv_w = 409, .box_w = 25, .box_h = 17, .ofs_x = 0, .ofs_y = -5},
    {.bitmap_index = 71144, .adv_w = 409, .box_w = 25, .box_h = 17, .ofs_x = 0, .ofs_y = -5},
    {.bitmap_index = 71357, .adv_w = 409, .box_w = 25, .box_h = 17, .ofs_x = 0, .ofs_y = -5},
    {.bitmap_index = 71570, .adv_w = 431, .box_w = 25, .box_h = 18, .ofs_x = 1, .ofs_y = -6},
    {.bitmap_index = 71795, .adv_w = 358, .box_w = 23, .box_h = 16, .ofs_x = -1, .ofs_y = -4},
    {.bitmap_index = 71979, .adv_w = 358, .box_w = 23, .box_h = 12, .ofs_x = -1, .ofs_y = -4},
    {.bitmap_index = 72117, .adv_w = 325, .box_w = 21, .box_h = 12, .ofs_x = -1, .ofs_y = -4},
    {.bitmap_index = 72243, .adv_w = 325, .box_w = 21, .box_h = 16, .ofs_x = -1, .ofs_y = -4},
    {.bitmap_index = 72411, .adv_w = 480, .box_w = 30, .box_h = 16, .ofs_x = 1, .ofs_y = -4},
    {.bitmap_index = 72651, .adv_w = 480, .box_w = 30, .box_h = 20, .ofs_x = 1, .ofs_y = -8},
    {.bitmap_index = 72951, .adv_w = 408, .box_w = 25, .box_h = 13, .ofs_x = 1, .ofs_y = -4},
    {.bitmap_index = 73114, .adv_w = 408, .box_w = 25, .box_h = 17, .ofs_x = 1, .ofs_y = -8},
    {.bitmap_index = 73327, .adv_w = 408, .box_w = 25, .box_h = 16, .ofs_x = 1, .ofs_y = -4},
    {.bitmap_index = 73527, .adv_w = 408, .box_w = 25, .box_h = 20, .ofs_x = 1, .ofs_y = -8},
    {.bitmap_index = 73777, .adv_w = 511, .box_w = 32, .box_h = 12, .ofs_x = 1, .ofs_y = -4},
    {.bitmap_index = 73969, .adv_w = 511, .box_w = 32, .box_h = 16, .ofs_x = 1, .ofs_y = -8},
    {.bitmap_index = 74225, .adv_w = 511, .box_w = 32, .box_h = 16, .ofs_x = 1, .ofs_y = -4},
    {.bitmap_index = 74481, .adv_w = 511, .box_w = 32, .box_h = 20, .ofs_x = 1, .ofs_y = -8},
    {.bitmap_index = 74801, .adv_w = 407, .box_w = 25, .box_h = 12, .ofs_x = 1, .ofs_y = -4},
    {.bitmap_index = 74951, .adv_w = 407, .box_w = 25, .box_h = 16, .ofs_x = 1, .ofs_y = -8},
    {.bitmap_index = 75151, .adv_w = 407, .box_w = 25, .box_h = 12, .ofs_x = 1, .ofs_y = -4},
    {.bitmap_index = 75301, .adv_w = 407, .box_w = 25, .box_h = 16, .ofs_x = 1, .ofs_y = -8},
    {.bitmap_index = 75501, .adv_w = 407, .box_w = 25, .box_h = 16, .ofs_x = 1, .ofs_y = -4},
    {.bitmap_index = 75701, .adv_w = 407, .box_w = 25, .box_h = 20, .ofs_x = 1, .ofs_y = -8},
    {.bitmap_index = 75951, .adv_w = 480, .box_w = 30, .box_h = 12, .ofs_x = 1, .ofs_y = -4},
    {.bitmap_index = 76131, .adv_w = 480, .box_w = 30, .box_h = 16, .ofs_x = 1, .ofs_y = -8},
    {.bitmap_index = 76371, .adv_w = 480, .box_w = 30, .box_h = 16, .ofs_x = 1, .ofs_y = -4},
    {.bitmap_index = 76611, .adv_w = 480, .box_w = 30, .box_h = 20, .ofs_x = 1, .ofs_y = -8},
    {.bitmap_index = 76911, .adv_w = 419, .box_w = 27, .box_h = 17, .ofs_x = 0, .ofs_y = -5},
    {.bitmap_index = 77141, .adv_w = 419, .box_w = 27, .box_h = 17, .ofs_x = 0, .ofs_y = -5},
    {.bitmap_index = 77371, .adv_w = 419, .box_w = 27, .box_h = 17, .ofs_x = 0, .ofs_y = -5},
    {.bitmap_index = 77601, .adv_w = 442, .box_w = 27, .box_h = 18, .ofs_x = 1, .ofs_y = -6},
    {.bitmap_index = 77844, .adv_w = 369, .box_w = 25, .box_h = 16, .ofs_x = -1, .ofs_y = -4},
    {.bitmap_index = 78044, .adv_w = 369, .box_w = 25, .box_h = 12, .ofs_x = -1, .ofs_y = -4},
    {.bitmap_index = 78194, .adv_w = 338, .box_w = 23, .box_h = 12, .ofs_x = -1, .ofs_y = -4},
    {.bitmap_index = 78332, .adv_w = 338, .box_w = 23, .box_h = 16, .ofs_x = -1, .ofs_y = -4},
    {.bitmap_index = 78516, .adv_w = 399, .box_w = 25, .box_h = 16, .ofs_x = -1, .ofs_y = -4},
    {.bitmap_index = 78716, .adv_w = 399, .box_w = 25, .box_h = 12, .ofs_x = -1, .ofs_y = 0},
    {.bitmap_index = 78866, .adv_w = 399, .box_w = 25, .box_h = 12, .ofs_x = -1, .ofs_y = 0},
    {.bitmap_index = 79016, .adv_w = 409, .box_w = 26, .box_h = 12, .ofs_x = -1, .ofs_y = 0},
    {.bitmap_index = 79172, .adv_w = 475, .box_w = 30, .box_h = 11, .ofs_x = -1, .ofs_y = 0},
    {.bitmap_index = 79337, .adv_w = 475, .box_w = 30, .box_h = 12, .ofs_x = -1, .ofs_y = 0},
    {.bitmap_index = 79517, .adv_w = 380, .box_w = 24, .box_h = 12, .ofs_x = -1, .ofs_y = 0},
    {.bitmap_index = 79661, .adv_w = 410, .box_w = 27, .box_h = 12, .ofs_x = -1, .ofs_y = -4},
    {.bitmap_index = 79823, .adv_w = 410, .box_w = 27, .box_h = 8, .ofs_x = -1, .ofs_y = 0},
    {.bitmap_index = 79931, .adv_w = 410, .box_w = 27, .box_h = 12, .ofs_x = -1, .ofs_y = 0},
    {.bitmap_index = 80093, .adv_w = 410, .box_w = 27, .box_h = 16, .ofs_x = -1, .ofs_y = -4},
    {.bitmap_index = 80309, .adv_w = 410, .box_w = 27, .box_h = 12, .ofs_x = -1, .ofs_y = 0},
    {.bitmap_index = 80471, .adv_w = 410, .box_w = 27, .box_h = 12, .ofs_x = -1, .ofs_y = 0},
    {.bitmap_index = 80633, .adv_w = 389, .box_w = 26, .box_h = 12, .ofs_x = -1, .ofs_y = 0},
    {.bitmap_index = 80789, .adv_w = 389, .box_w = 26, .box_h = 12, .ofs_x = -1, .ofs_y = 0},
    {.bitmap_index = 80945, .adv_w = 90, .box_w = 6, .box_h = 18, .ofs_x = 0, .ofs_y = 0},
    {.bitmap_index = 80999, .adv_w = 84, .box_w = 5, .box_h = 18, .ofs_x = 0, .ofs_y = 0},
    {.bitmap_index = 81044, .adv_w = 114, .box_w = 7, .box_h = 15, .ofs_x = 0, .ofs_y = -3},
    {.bitmap_index = 81097, .adv_w = 114, .box_w = 7, .box_h = 15, .ofs_x = 0, .ofs_y = -3},
    {.bitmap_index = 81150, .adv_w = 298, .box_w = 18, .box_h = 14, .ofs_x = 0, .ofs_y = -2},
    {.bitmap_index = 81276, .adv_w = 344, .box_w = 21, .box_h = 16, .ofs_x = 0, .ofs_y = -4},
    {.bitmap_index = 81444, .adv_w = 351, .box_w = 22, .box_h = 17, .ofs_x = 0, .ofs_y = -4},
    {.bitmap_index = 81631, .adv_w = 390, .box_w = 24, .box_h = 18, .ofs_x = 0, .ofs_y = -4},
    {.bitmap_index = 81847, .adv_w = 409, .box_w = 25, .box_h = 18, .ofs_x = 0, .ofs_y = -4},
    {.bitmap_index = 82072, .adv_w = 397, .box_w = 24, .box_h = 17, .ofs_x = 0, .ofs_y = -3},
    {.bitmap_index = 82276, .adv_w = 313, .box_w = 19, .box_h = 16, .ofs_x = 0, .ofs_y = -1},
    {.bitmap_index = 82428, .adv_w = 435, .box_w = 27, .box_h = 13, .ofs_x = 0, .ofs_y = -2},
    {.bitmap_index = 82604, .adv_w = 467, .box_w = 29, .box_h = 13, .ofs_x = 0, .ofs_y = -2},
    {.bitmap_index = 82793, .adv_w = 402, .box_w = 25, .box_h = 13, .ofs_x = 0, .ofs_y = -2},
    {.bitmap_index = 82956, .adv_w = 368, .box_w = 23, .box_h = 20, .ofs_x = 0, .ofs_y = -3},
    {.bitmap_index = 83186, .adv_w = 254, .box_w = 16, .box_h = 11, .ofs_x = 0, .ofs_y = 0},
    {.bitmap_index = 83274, .adv_w = 392, .box_w = 24, .box_h = 18, .ofs_x = 0, .ofs_y = -3},
    {.bitmap_index = 83490, .adv_w = 403, .box_w = 25, .box_h = 13, .ofs_x = 0, .ofs_y = -2},
    {.bitmap_index = 83653, .adv_w = 264, .box_w = 16, .box_h = 15, .ofs_x = 0, .ofs_y = -3},
    {.bitmap_index = 83773, .adv_w = 345, .box_w = 21, .box_h = 14, .ofs_x = 0, .ofs_y = -2},
    {.bitmap_index = 83920, .adv_w = 402, .box_w = 26, .box_h = 16, .ofs_x = -1, .ofs_y = -4},
    {.bitmap_index = 84128, .adv_w = 424, .box_w = 27, .box_h = 17, .ofs_x = 0, .ofs_y = -5},
    {.bitmap_index = 84358, .adv_w = 392, .box_w = 25, .box_h = 16, .ofs_x = -1, .ofs_y = -4},
    {.bitmap_index = 84558, .adv_w = 402, .box_w = 26, .box_h = 12, .ofs_x = -1, .ofs_y = 0},
    {.bitmap_index = 84714, .adv_w = 402, .box_w = 26, .box_h = 12, .ofs_x = -1, .ofs_y = 0},
    {.bitmap_index = 84870, .adv_w = 402, .box_w = 26, .box_h = 16, .ofs_x = -1, .ofs_y = -4},
    {.bitmap_index = 85078, .adv_w = 402, .box_w = 26, .box_h = 12, .ofs_x = -1, .ofs_y = 0},
    {.bitmap_index = 85234, .adv_w = 402, .box_w = 26, .box_h = 12, .ofs_x = -1, .ofs_y = 0},
    {.bitmap_index = 85390, .adv_w = 478, .box_w = 31, .box_h = 13, .ofs_x = 0, .ofs_y = -5},
    {.bitmap_index = 85592, .adv_w = 470, .box_w = 30, .box_h = 12, .ofs_x = -1, .ofs_y = -4},
    {.bitmap_index = 85772, .adv_w = 570, .box_w = 35, .box_h = 16, .ofs_x = 1, .ofs_y = -8},
    {.bitmap_index = 86052, .adv_w = 570, .box_w = 35, .box_h = 12, .ofs_x = 1, .ofs_y = -4},
    {.bitmap_index = 86262, .adv_w = 552, .box_w = 35, .box_h = 12, .ofs_x = -1, .ofs_y = -4},
    {.bitmap_index = 86472, .adv_w = 552, .box_w = 35, .box_h = 12, .ofs_x = -1, .ofs_y = -4},
    {.bitmap_index = 86682, .adv_w = 663, .box_w = 41, .box_h = 12, .ofs_x = 1, .ofs_y = -4},
    {.bitmap_index = 86928, .adv_w = 582, .box_w = 37, .box_h = 13, .ofs_x = 0, .ofs_y = -5},
    {.bitmap_index = 87169, .adv_w = 562, .box_w = 35, .box_h = 8, .ofs_x = -1, .ofs_y = 0},
    {.bitmap_index = 87309, .adv_w = 562, .box_w = 35, .box_h = 12, .ofs_x = -1, .ofs_y = -4},
    {.bitmap_index = 87519, .adv_w = 605, .box_w = 37, .box_h = 14, .ofs_x = 1, .ofs_y = -6},
    {.bitmap_index = 87778, .adv_w = 573, .box_w = 36, .box_h = 8, .ofs_x = -1, .ofs_y = 0},
    {.bitmap_index = 87922, .adv_w = 541, .box_w = 34, .box_h = 13, .ofs_x = 0, .ofs_y = -5},
    {.bitmap_index = 88143, .adv_w = 518, .box_w = 33, .box_h = 8, .ofs_x = -1, .ofs_y = 0},
    {.bitmap_index = 88275, .adv_w = 574, .box_w = 36, .box_h = 15, .ofs_x = 1, .ofs_y = -6},
    {.bitmap_index = 88545, .adv_w = 594, .box_w = 37, .box_h = 18, .ofs_x = 1, .ofs_y = -6},
    {.bitmap_index = 88878, .adv_w = 562, .box_w = 35, .box_h = 12, .ofs_x = -1, .ofs_y = 0},
    {.bitmap_index = 89088, .adv_w = 663, .box_w = 41, .box_h = 20, .ofs_x = 1, .ofs_y = -8},
    {.bitmap_index = 89498, .adv_w = 582, .box_w = 37, .box_h = 17, .ofs_x = 0, .ofs_y = -5},
    {.bitmap_index = 89813, .adv_w = 562, .box_w = 35, .box_h = 12, .ofs_x = -1, .ofs_y = 0},
    {.bitmap_index = 90023, .adv_w = 605, .box_w = 37, .box_h = 18, .ofs_x = 1, .ofs_y = -6},
    {.bitmap_index = 90356, .adv_w = 573, .box_w = 36, .box_h = 12, .ofs_x = -1, .ofs_y = 0},
    {.bitmap_index = 90572, .adv_w = 632, .box_w = 39, .box_h = 16, .ofs_x = 1, .ofs_y = -4},
    {.bitmap_index = 90884, .adv_w = 563, .box_w = 35, .box_h = 18, .ofs_x = 1, .ofs_y = -6},
    {.bitmap_index = 91199, .adv_w = 529, .box_w = 33, .box_h = 12, .ofs_x = -1, .ofs_y = 0},
    {.bitmap_index = 91397, .adv_w = 551, .box_w = 35, .box_h = 17, .ofs_x = 0, .ofs_y = -5},
    {.bitmap_index = 91695, .adv_w = 533, .box_w = 34, .box_h = 12, .ofs_x = -1, .ofs_y = 0},
    {.bitmap_index = 91899, .adv_w = 543, .box_w = 34, .box_h = 12, .ofs_x = -1, .ofs_y = 0},
    {.bitmap_index = 92103, .adv_w = 643, .box_w = 40, .box_h = 20, .ofs_x = 1, .ofs_y = -8},
    {.bitmap_index = 92503, .adv_w = 491, .box_w = 30, .box_h = 15, .ofs_x = 1, .ofs_y = -6},
    {.bitmap_index = 92728, .adv_w = 502, .box_w = 31, .box_h = 15, .ofs_x = 1, .ofs_y = -6},
    {.bitmap_index = 92961, .adv_w = 467, .box_w = 30, .box_h = 8, .ofs_x = -1, .ofs_y = 0},
    {.bitmap_index = 93081, .adv_w = 571, .box_w = 35, .box_h = 13, .ofs_x = 1, .ofs_y = -4},
    {.bitmap_index = 93309, .adv_w = 502, .box_w = 31, .box_h = 18, .ofs_x = 1, .ofs_y = -6},
    {.bitmap_index = 93588, .adv_w = 571, .box_w = 35, .box_h = 20, .ofs_x = 1, .ofs_y = -8},
    {.bitmap_index = 93938, .adv_w = 571, .box_w = 35, .box_h = 16, .ofs_x = 1, .ofs_y = -4},
    {.bitmap_index = 94218, .adv_w = 505, .box_w = 31, .box_h = 18, .ofs_x = 1, .ofs_y = -6},
    {.bitmap_index = 94497, .adv_w = 476, .box_w = 30, .box_h = 12, .ofs_x = -1, .ofs_y = 0},
    {.bitmap_index = 94677, .adv_w = 493, .box_w = 31, .box_h = 17, .ofs_x = 0, .ofs_y = -5},
    {.bitmap_index = 94941, .adv_w = 515, .box_w = 32, .box_h = 18, .ofs_x = 1, .ofs_y = -6},
    {.bitmap_index = 95229, .adv_w = 434, .box_w = 27, .box_h = 18, .ofs_x = 1, .ofs_y = -6},
    {.bitmap_index = 95472, .adv_w = 503, .box_w = 31, .box_h = 20, .ofs_x = 1, .ofs_y = -8},
    {.bitmap_index = 95782, .adv_w = 503, .box_w = 31, .box_h = 16, .ofs_x = 1, .ofs_y = -4},
    {.bitmap_index = 96030, .adv_w = 396, .box_w = 25, .box_h = 16, .ofs_x = -1, .ofs_y = -4},
    {.bitmap_index = 96230, .adv_w = 412, .box_w = 26, .box_h = 17, .ofs_x = 0, .ofs_y = -5},
    {.bitmap_index = 96451, .adv_w = 434, .box_w = 27, .box_h = 18, .ofs_x = 1, .ofs_y = -6},
    {.bitmap_index = 96694, .adv_w = 406, .box_w = 25, .box_h = 12, .ofs_x = -1, .ofs_y = 0},
    {.bitmap_index = 96844, .adv_w = 422, .box_w = 27, .box_h = 17, .ofs_x = 0, .ofs_y = -5},
    {.bitmap_index = 97074, .adv_w = 406, .box_w = 25, .box_h = 12, .ofs_x = -1, .ofs_y = 0},
    {.bitmap_index = 97224, .adv_w = 462, .box_w = 29, .box_h = 12, .ofs_x = -1, .ofs_y = -4},
    {.bitmap_index = 97398, .adv_w = 472, .box_w = 30, .box_h = 8, .ofs_x = -1, .ofs_y = 0},
    {.bitmap_index = 97518, .adv_w = 570, .box_w = 35, .box_h = 16, .ofs_x = 1, .ofs_y = -8},
    {.bitmap_index = 97798, .adv_w = 462, .box_w = 29, .box_h = 12, .ofs_x = -1, .ofs_y = -4},
    {.bitmap_index = 97972, .adv_w = 472, .box_w = 30, .box_h = 12, .ofs_x = -1, .ofs_y = -4},
    {.bitmap_index = 98152, .adv_w = 462, .box_w = 29, .box_h = 16, .ofs_x = -1, .ofs_y = -4},
    {.bitmap_index = 98384, .adv_w = 472, .box_w = 30, .box_h = 12, .ofs_x = -1, .ofs_y = 0},
    {.bitmap_index = 98564, .adv_w = 462, .box_w = 29, .box_h = 16, .ofs_x = -1, .ofs_y = -4},
    {.bitmap_index = 98796, .adv_w = 534, .box_w = 34, .box_h = 15, .ofs_x = -1, .ofs_y = -4},
    {.bitmap_index = 99051, .adv_w = 544, .box_w = 34, .box_h = 11, .ofs_x = -1, .ofs_y = 0},
    {.bitmap_index = 99238, .adv_w = 402, .box_w = 25, .box_h = 12, .ofs_x = -1, .ofs_y = 0},
    {.bitmap_index = 99388, .adv_w = 503, .box_w = 31, .box_h = 16, .ofs_x = 1, .ofs_y = -4},
    {.bitmap_index = 99636, .adv_w = 434, .box_w = 27, .box_h = 18, .ofs_x = 1, .ofs_y = -6},
    {.bitmap_index = 99879, .adv_w = 402, .box_w = 25, .box_h = 16, .ofs_x = -1, .ofs_y = -4},
    {.bitmap_index = 100079, .adv_w = 503, .box_w = 31, .box_h = 16, .ofs_x = 1, .ofs_y = -4},
    {.bitmap_index = 100327, .adv_w = 513, .box_w = 32, .box_h = 20, .ofs_x = 1, .ofs_y = -8},
    {.bitmap_index = 100647, .adv_w = 513, .box_w = 32, .box_h = 16, .ofs_x = 1, .ofs_y = -4},
    {.bitmap_index = 100903, .adv_w = 457, .box_w = 28, .box_h = 14, .ofs_x = 1, .ofs_y = -6},
    {.bitmap_index = 101099, .adv_w = 427, .box_w = 27, .box_h = 12, .ofs_x = -1, .ofs_y = -4},
    {.bitmap_index = 101261, .adv_w = 503, .box_w = 31, .box_h = 20, .ofs_x = 1, .ofs_y = -8},
    {.bitmap_index = 101571, .adv_w = 516, .box_w = 32, .box_h = 20, .ofs_x = 1, .ofs_y = -8},
    {.bitmap_index = 101891, .adv_w = 516, .box_w = 32, .box_h = 16, .ofs_x = 1, .ofs_y = -4},
    {.bitmap_index = 102147, .adv_w = 516, .box_w = 32, .box_h = 20, .ofs_x = 1, .ofs_y = -8},
    {.bitmap_index = 102467, .adv_w = 516, .box_w = 32, .box_h = 16, .ofs_x = 1, .ofs_y = -4},
    {.bitmap_index = 102723, .adv_w = 526, .box_w = 33, .box_h = 20, .ofs_x = 1, .ofs_y = -8},
    {.bitmap_index = 103053, .adv_w = 526, .box_w = 33, .box_h = 16, .ofs_x = 1, .ofs_y = -4},
    {.bitmap_index = 103317, .adv_w = 570, .box_w = 35, .box_h = 16, .ofs_x = 1, .ofs_y = -8},
    {.bitmap_index = 103597, .adv_w = 561, .box_w = 33, .box_h = 12, .ofs_x = 1, .ofs_y = -4},
    {.bitmap_index = 103795, .adv_w = 570, .box_w = 35, .box_h = 12, .ofs_x = 1, .ofs_y = -4},
    {.bitmap_index = 104005, .adv_w = 663, .box_w = 41, .box_h = 16, .ofs_x = 1, .ofs_y = -4},
    {.bitmap_index = 104333, .adv_w = 632, .box_w = 39, .box_h = 16, .ofs_x = 1, .ofs_y = -8},
    {.bitmap_index = 104645, .adv_w = 663, .box_w = 41, .box_h = 20, .ofs_x = 1, .ofs_y = -8},
    {.bitmap_index = 105055, .adv_w = 632, .box_w = 39, .box_h = 20, .ofs_x = 1, .ofs_y = -8},
    {.bitmap_index = 105445, .adv_w = 503, .box_w = 31, .box_h = 20, .ofs_x = 1, .ofs_y = -8},
    {.bitmap_index = 105755, .adv_w = 513, .box_w = 32, .box_h = 20, .ofs_x = 1, .ofs_y = -8},
    {.bitmap_index = 106075, .adv_w = 516, .box_w = 32, .box_h = 16, .ofs_x = 1, .ofs_y = -8},
    {.bitmap_index = 106331, .adv_w = 516, .box_w = 32, .box_h = 16, .ofs_x = 1, .ofs_y = -8},
    {.bitmap_index = 106587, .adv_w = 526, .box_w = 33, .box_h = 16, .ofs_x = 1, .ofs_y = -8},
    {.bitmap_index = 106851, .adv_w = 580, .box_w = 36, .box_h = 16, .ofs_x = 1, .ofs_y = -8},
    {.bitmap_index = 107139, .adv_w = 584, .box_w = 36, .box_h = 20, .ofs_x = 1, .ofs_y = -8},
    {.bitmap_index = 107499, .adv_w = 503, .box_w = 31, .box_h = 20, .ofs_x = 1, .ofs_y = -8},
    {.bitmap_index = 107809, .adv_w = 476, .box_w = 30, .box_h = 12, .ofs_x = -1, .ofs_y = 0},
    {.bitmap_index = 107989, .adv_w = 406, .box_w = 25, .box_h = 12, .ofs_x = -1, .ofs_y = 0},
    {.bitmap_index = 108139, .adv_w = 571, .box_w = 35, .box_h = 17, .ofs_x = 1, .ofs_y = -8},
    {.bitmap_index = 108437, .adv_w = 583, .box_w = 36, .box_h = 22, .ofs_x = 1, .ofs_y = -8},
    {.bitmap_index = 108833, .adv_w = 392, .box_w = 25, .box_h = 16, .ofs_x = -1, .ofs_y = -4},
    {.bitmap_index = 109033, .adv_w = 570, .box_w = 35, .box_h = 20, .ofs_x = 1, .ofs_y = -8},
    {.bitmap_index = 109383, .adv_w = 406, .box_w = 25, .box_h = 16, .ofs_x = -1, .ofs_y = -4},
    {.bitmap_index = 109583, .adv_w = 514, .box_w = 32, .box_h = 20, .ofs_x = 1, .ofs_y = -6},
    {.bitmap_index = 109903, .adv_w = 434, .box_w = 27, .box_h = 18, .ofs_x = 1, .ofs_y = -6},
    {.bitmap_index = 110146, .adv_w = 412, .box_w = 26, .box_h = 17, .ofs_x = 0, .ofs_y = -5},
    {.bitmap_index = 110367, .adv_w = 559, .box_w = 35, .box_h = 16, .ofs_x = 1, .ofs_y = -8},
    {.bitmap_index = 110647, .adv_w = 559, .box_w = 35, .box_h = 16, .ofs_x = 1, .ofs_y = -8},
    {.bitmap_index = 110927, .adv_w = 570, .box_w = 35, .box_h = 16, .ofs_x = 1, .ofs_y = -8},
    {.bitmap_index = 111207, .adv_w = 584, .box_w = 36, .box_h = 20, .ofs_x = 1, .ofs_y = -8},
    {.bitmap_index = 111567, .adv_w = 503, .box_w = 31, .box_h = 16, .ofs_x = 1, .ofs_y = -8},
    {.bitmap_index = 111815, .adv_w = 479, .box_w = 30, .box_h = 14, .ofs_x = -1, .ofs_y = 0},
    {.bitmap_index = 112025, .adv_w = 457, .box_w = 29, .box_h = 12, .ofs_x = -1, .ofs_y = -4},
    {.bitmap_index = 112199, .adv_w = 539, .box_w = 34, .box_h = 9, .ofs_x = -1, .ofs_y = 0},
    {.bitmap_index = 112352, .adv_w = 663, .box_w = 41, .box_h = 20, .ofs_x = 1, .ofs_y = -8},
    {.bitmap_index = 112762, .adv_w = 503, .box_w = 31, .box_h = 20, .ofs_x = 1, .ofs_y = -8},
    {.bitmap_index = 113072, .adv_w = 326, .box_w = 20, .box_h = 12, .ofs_x = 0, .ofs_y = -2},
    {.bitmap_index = 113192, .adv_w = 415, .box_w = 25, .box_h = 16, .ofs_x = 0, .ofs_y = -4},
    {.bitmap_index = 113392, .adv_w = 362, .box_w = 22, .box_h = 16, .ofs_x = 0, .ofs_y = -4},
    {.bitmap_index = 113568, .adv_w = 403, .box_w = 23, .box_h = 18, .ofs_x = 1, .ofs_y = 0},
    {.bitmap_index = 113775, .adv_w = 446, .box_w = 28, .box_h = 20, .ofs_x = -1, .ofs_y = -4},
    {.bitmap_index = 114055, .adv_w = 632, .box_w = 39, .box_h = 16, .ofs_x = 0, .ofs_y = 0},
    {.bitmap_index = 114367, .adv_w = 648, .box_w = 39, .box_h = 18, .ofs_x = 1, .ofs_y = -6},
    {.bitmap_index = 114718, .adv_w = 700, .box_w = 42, .box_h = 16, .ofs_x = 1, .ofs_y = -4},
    {.bitmap_index = 115054, .adv_w = 509, .box_w = 31, .box_h = 16, .ofs_x = 1, .ofs_y = -4},
    {.bitmap_index = 115302, .adv_w = 682, .box_w = 41, .box_h = 18, .ofs_x = 1, .ofs_y = -6},
    {.bitmap_index = 115671, .adv_w = 563, .box_w = 33, .box_h = 16, .ofs_x = 1, .ofs_y = -4},
    {.bitmap_index = 115935, .adv_w = 312, .box_w = 19, .box_h = 18, .ofs_x = 0, .ofs_y = -4},
    {.bitmap_index = 116106, .adv_w = 281, .box_w = 17, .box_h = 15, .ofs_x = 0, .ofs_y = -1},
    {.bitmap_index = 116234, .adv_w = 451, .box_w = 26, .box_h = 16, .ofs_x = 1, .ofs_y = -4},
    {.bitmap_index = 116442, .adv_w = 2781, .box_w = 173, .box_h = 20, .ofs_x = 0, .ofs_y = -5},
    {.bitmap_index = 118172, .adv_w = 368, .box_w = 23, .box_h = 15, .ofs_x = 0, .ofs_y = -2},
    {.bitmap_index = 118345, .adv_w = 234, .box_w = 14, .box_h = 12, .ofs_x = 0, .ofs_y = -3},
    {.bitmap_index = 118429, .adv_w = 60, .box_w = 4, .box_h = 5, .ofs_x = 0, .ofs_y = 12},
    {.bitmap_index = 118439, .adv_w = 78, .box_w = 7, .box_h = 11, .ofs_x = -1, .ofs_y = 0},
    {.bitmap_index = 118478, .adv_w = 93, .box_w = 6, .box_h = 4, .ofs_x = 0, .ofs_y = 12},
    {.bitmap_index = 118490, .adv_w = 93, .box_w = 5, .box_h = 8, .ofs_x = 1, .ofs_y = -4},
    {.bitmap_index = 118510, .adv_w = 60, .box_w = 4, .box_h = 5, .ofs_x = 0, .ofs_y = -7},
    {.bitmap_index = 118520, .adv_w = 73, .box_w = 5, .box_h = 3, .ofs_x = 2, .ofs_y = 12},
    {.bitmap_index = 118528, .adv_w = 78, .box_w = 7, .box_h = 9, .ofs_x = -1, .ofs_y = 0},
    {.bitmap_index = 118560, .adv_w = 90, .box_w = 6, .box_h = 4, .ofs_x = 2, .ofs_y = 12},
    {.bitmap_index = 118572, .adv_w = 78, .box_w = 7, .box_h = 10, .ofs_x = -1, .ofs_y = 0},
    {.bitmap_index = 118607, .adv_w = 69, .box_w = 5, .box_h = 3, .ofs_x = 1, .ofs_y = -5},
    {.bitmap_index = 118615, .adv_w = 78, .box_w = 7, .box_h = 6, .ofs_x = -1, .ofs_y = -4},
    {.bitmap_index = 118636, .adv_w = 83, .box_w = 6, .box_h = 4, .ofs_x = 0, .ofs_y = 13},
    {.bitmap_index = 118648, .adv_w = 78, .box_w = 7, .box_h = 10, .ofs_x = -1, .ofs_y = 0},
    {.bitmap_index = 118683, .adv_w = 57, .box_w = 4, .box_h = 3, .ofs_x = 0, .ofs_y = 13},
    {.bitmap_index = 118689, .adv_w = 78, .box_w = 7, .box_h = 10, .ofs_x = -1, .ofs_y = 0},
    {.bitmap_index = 118724, .adv_w = 132, .box_w = 7, .box_h = 7, .ofs_x = 1, .ofs_y = 0},
    {.bitmap_index = 118749, .adv_w = 84, .box_w = 6, .box_h = 14, .ofs_x = 0, .ofs_y = 0},
    {.bitmap_index = 118791, .adv_w = 90, .box_w = 7, .box_h = 16, .ofs_x = -1, .ofs_y = 0},
    {.bitmap_index = 118847, .adv_w = 84, .box_w = 4, .box_h = 16, .ofs_x = 1, .ofs_y = 0},
    {.bitmap_index = 118879, .adv_w = 90, .box_w = 6, .box_h = 17, .ofs_x = 0, .ofs_y = 0},
    {.bitmap_index = 118930, .adv_w = 155, .box_w = 8, .box_h = 17, .ofs_x = 1, .ofs_y = -4},
    {.bitmap_index = 118998, .adv_w = 160, .box_w = 10, .box_h = 17, .ofs_x = 1, .ofs_y = -4},
    {.bitmap_index = 119083, .adv_w = 84, .box_w = 5, .box_h = 17, .ofs_x = 0, .ofs_y = -5},
    {.bitmap_index = 119126, .adv_w = 90, .box_w = 6, .box_h = 17, .ofs_x = 0, .ofs_y = -5},
    {.bitmap_index = 119177, .adv_w = 222, .box_w = 13, .box_h = 13, .ofs_x = 1, .ofs_y = -4},
    {.bitmap_index = 119262, .adv_w = 254, .box_w = 16, .box_h = 13, .ofs_x = 1, .ofs_y = -4},
    {.bitmap_index = 119366, .adv_w = 86, .box_w = 6, .box_h = 13, .ofs_x = -1, .ofs_y = 0},
    {.bitmap_index = 119405, .adv_w = 96, .box_w = 8, .box_h = 13, .ofs_x = -1, .ofs_y = 0},
    {.bitmap_index = 119457, .adv_w = 84, .box_w = 3, .box_h = 12, .ofs_x = 1, .ofs_y = 0},
    {.bitmap_index = 119475, .adv_w = 90, .box_w = 5, .box_h = 12, .ofs_x = 1, .ofs_y = 0},
    {.bitmap_index = 119505, .adv_w = 214, .box_w = 12, .box_h = 12, .ofs_x = 1, .ofs_y = -4},
    {.bitmap_index = 119577, .adv_w = 225, .box_w = 14, .box_h = 12, .ofs_x = 1, .ofs_y = -4},
    {.bitmap_index = 119661, .adv_w = 86, .box_w = 6, .box_h = 12, .ofs_x = -1, .ofs_y = -4},
    {.bitmap_index = 119697, .adv_w = 96, .box_w = 8, .box_h = 12, .ofs_x = -1, .ofs_y = -4},
    {.bitmap_index = 119745, .adv_w = 159, .box_w = 8, .box_h = 12, .ofs_x = 1, .ofs_y = 0},
    {.bitmap_index = 119793, .adv_w = 163, .box_w = 10, .box_h = 13, .ofs_x = 1, .ofs_y = 0},
    {.bitmap_index = 119858, .adv_w = 214, .box_w = 12, .box_h = 11, .ofs_x = 1, .ofs_y = 0},
    {.bitmap_index = 119924, .adv_w = 225, .box_w = 14, .box_h = 9, .ofs_x = 1, .ofs_y = 0},
    {.bitmap_index = 119987, .adv_w = 86, .box_w = 6, .box_h = 12, .ofs_x = -1, .ofs_y = 0},
    {.bitmap_index = 120023, .adv_w = 109, .box_w = 8, .box_h = 12, .ofs_x = -1, .ofs_y = 0},
    {.bitmap_index = 120071, .adv_w = 214, .box_w = 12, .box_h = 12, .ofs_x = 1, .ofs_y = 0},
    {.bitmap_index = 120143, .adv_w = 225, .box_w = 14, .box_h = 11, .ofs_x = 1, .ofs_y = 0},
    {.bitmap_index = 120220, .adv_w = 86, .box_w = 6, .box_h = 14, .ofs_x = -1, .ofs_y = 0},
    {.bitmap_index = 120262, .adv_w = 109, .box_w = 8, .box_h = 14, .ofs_x = -1, .ofs_y = 0},
    {.bitmap_index = 120318, .adv_w = 172, .box_w = 10, .box_h = 13, .ofs_x = 0, .ofs_y = -5},
    {.bitmap_index = 120383, .adv_w = 163, .box_w = 11, .box_h = 13, .ofs_x = 0, .ofs_y = -5},
    {.bitmap_index = 120455, .adv_w = 154, .box_w = 10, .box_h = 12, .ofs_x = -1, .ofs_y = -4},
    {.bitmap_index = 120515, .adv_w = 153, .box_w = 11, .box_h = 12, .ofs_x = -1, .ofs_y = -4},
    {.bitmap_index = 120581, .adv_w = 172, .box_w = 10, .box_h = 13, .ofs_x = 0, .ofs_y = -5},
    {.bitmap_index = 120646, .adv_w = 163, .box_w = 11, .box_h = 13, .ofs_x = 0, .ofs_y = -5},
    {.bitmap_index = 120718, .adv_w = 154, .box_w = 10, .box_h = 8, .ofs_x = -1, .ofs_y = 0},
    {.bitmap_index = 120758, .adv_w = 153, .box_w = 11, .box_h = 8, .ofs_x = -1, .ofs_y = 0},
    {.bitmap_index = 120802, .adv_w = 172, .box_w = 10, .box_h = 17, .ofs_x = 0, .ofs_y = -5},
    {.bitmap_index = 120887, .adv_w = 163, .box_w = 11, .box_h = 17, .ofs_x = 0, .ofs_y = -5},
    {.bitmap_index = 120981, .adv_w = 154, .box_w = 10, .box_h = 12, .ofs_x = -1, .ofs_y = 0},
    {.bitmap_index = 121041, .adv_w = 153, .box_w = 11, .box_h = 12, .ofs_x = -1, .ofs_y = 0},
    {.bitmap_index = 121107, .adv_w = 145, .box_w = 9, .box_h = 10, .ofs_x = 0, .ofs_y = 0},
    {.bitmap_index = 121152, .adv_w = 160, .box_w = 11, .box_h = 10, .ofs_x = 0, .ofs_y = 0},
    {.bitmap_index = 121207, .adv_w = 145, .box_w = 9, .box_h = 13, .ofs_x = 0, .ofs_y = 0},
    {.bitmap_index = 121266, .adv_w = 160, .box_w = 11, .box_h = 13, .ofs_x = 0, .ofs_y = 0},
    {.bitmap_index = 121338, .adv_w = 102, .box_w = 7, .box_h = 12, .ofs_x = -1, .ofs_y = -4},
    {.bitmap_index = 121380, .adv_w = 112, .box_w = 9, .box_h = 12, .ofs_x = -1, .ofs_y = -4},
    {.bitmap_index = 121434, .adv_w = 102, .box_w = 7, .box_h = 16, .ofs_x = -1, .ofs_y = -4},
    {.bitmap_index = 121490, .adv_w = 112, .box_w = 9, .box_h = 16, .ofs_x = -1, .ofs_y = -4},
    {.bitmap_index = 121562, .adv_w = 347, .box_w = 20, .box_h = 12, .ofs_x = 1, .ofs_y = -4},
    {.bitmap_index = 121682, .adv_w = 357, .box_w = 22, .box_h = 12, .ofs_x = 1, .ofs_y = -4},
    {.bitmap_index = 121814, .adv_w = 246, .box_w = 16, .box_h = 8, .ofs_x = -1, .ofs_y = 0},
    {.bitmap_index = 121878, .adv_w = 257, .box_w = 18, .box_h = 8, .ofs_x = -1, .ofs_y = 0},
    {.bitmap_index = 121950, .adv_w = 347, .box_w = 20, .box_h = 16, .ofs_x = 1, .ofs_y = -4},
    {.bitmap_index = 122110, .adv_w = 357, .box_w = 22, .box_h = 16, .ofs_x = 1, .ofs_y = -4},
    {.bitmap_index = 122286, .adv_w = 246, .box_w = 16, .box_h = 12, .ofs_x = -1, .ofs_y = 0},
    {.bitmap_index = 122382, .adv_w = 257, .box_w = 18, .box_h = 12, .ofs_x = -1, .ofs_y = 0},
    {.bitmap_index = 122490, .adv_w = 316, .box_w = 18, .box_h = 12, .ofs_x = 1, .ofs_y = -4},
    {.bitmap_index = 122598, .adv_w = 329, .box_w = 20, .box_h = 12, .ofs_x = 1, .ofs_y = -4},
    {.bitmap_index = 122718, .adv_w = 213, .box_w = 14, .box_h = 8, .ofs_x = -1, .ofs_y = 0},
    {.bitmap_index = 122774, .adv_w = 226, .box_w = 16, .box_h = 8, .ofs_x = -1, .ofs_y = 0},
    {.bitmap_index = 122838, .adv_w = 316, .box_w = 18, .box_h = 16, .ofs_x = 1, .ofs_y = -4},
    {.bitmap_index = 122982, .adv_w = 329, .box_w = 20, .box_h = 16, .ofs_x = 1, .ofs_y = -4},
    {.bitmap_index = 123142, .adv_w = 213, .box_w = 14, .box_h = 12, .ofs_x = -1, .ofs_y = 0},
    {.bitmap_index = 123226, .adv_w = 226, .box_w = 16, .box_h = 12, .ofs_x = -1, .ofs_y = 0},
    {.bitmap_index = 123322, .adv_w = 215, .box_w = 13, .box_h = 12, .ofs_x = 0, .ofs_y = 0},
    {.bitmap_index = 123400, .adv_w = 227, .box_w = 15, .box_h = 12, .ofs_x = 0, .ofs_y = 0},
    {.bitmap_index = 123490, .adv_w = 217, .box_w = 14, .box_h = 12, .ofs_x = -1, .ofs_y = 0},
    {.bitmap_index = 123574, .adv_w = 226, .box_w = 16, .box_h = 12, .ofs_x = -1, .ofs_y = 0},
    {.bitmap_index = 123670, .adv_w = 215, .box_w = 13, .box_h = 12, .ofs_x = 0, .ofs_y = 0},
    {.bitmap_index = 123748, .adv_w = 227, .box_w = 15, .box_h = 12, .ofs_x = 0, .ofs_y = 0},
    {.bitmap_index = 123838, .adv_w = 217, .box_w = 14, .box_h = 12, .ofs_x = -1, .ofs_y = 0},
    {.bitmap_index = 123922, .adv_w = 226, .box_w = 16, .box_h = 12, .ofs_x = -1, .ofs_y = 0},
    {.bitmap_index = 124018, .adv_w = 147, .box_w = 8, .box_h = 13, .ofs_x = 1, .ofs_y = -5},
    {.bitmap_index = 124070, .adv_w = 161, .box_w = 10, .box_h = 14, .ofs_x = 1, .ofs_y = -5},
    {.bitmap_index = 124140, .adv_w = 141, .box_w = 10, .box_h = 8, .ofs_x = -1, .ofs_y = 0},
    {.bitmap_index = 124180, .adv_w = 154, .box_w = 11, .box_h = 9, .ofs_x = -1, .ofs_y = 0},
    {.bitmap_index = 124230, .adv_w = 147, .box_w = 8, .box_h = 17, .ofs_x = 1, .ofs_y = -5},
    {.bitmap_index = 124298, .adv_w = 161, .box_w = 10, .box_h = 17, .ofs_x = 1, .ofs_y = -5},
    {.bitmap_index = 124383, .adv_w = 141, .box_w = 10, .box_h = 12, .ofs_x = -1, .ofs_y = 0},
    {.bitmap_index = 124443, .adv_w = 154, .box_w = 11, .box_h = 12, .ofs_x = -1, .ofs_y = 0},
    {.bitmap_index = 124509, .adv_w = 270, .box_w = 15, .box_h = 12, .ofs_x = 1, .ofs_y = 0},
    {.bitmap_index = 124599, .adv_w = 278, .box_w = 17, .box_h = 12, .ofs_x = 1, .ofs_y = 0},
    {.bitmap_index = 124701, .adv_w = 160, .box_w = 10, .box_h = 12, .ofs_x = -1, .ofs_y = 0},
    {.bitmap_index = 124761, .adv_w = 167, .box_w = 12, .box_h = 12, .ofs_x = -1, .ofs_y = 0},
    {.bitmap_index = 124833, .adv_w = 239, .box_w = 13, .box_h = 16, .ofs_x = 1, .ofs_y = -4},
    {.bitmap_index = 124937, .adv_w = 247, .box_w = 15, .box_h = 16, .ofs_x = 1, .ofs_y = -4},
    {.bitmap_index = 125057, .adv_w = 160, .box_w = 10, .box_h = 12, .ofs_x = -1, .ofs_y = 0},
    {.bitmap_index = 125117, .adv_w = 167, .box_w = 12, .box_h = 12, .ofs_x = -1, .ofs_y = 0},
    {.bitmap_index = 125189, .adv_w = 218, .box_w = 12, .box_h = 12, .ofs_x = 1, .ofs_y = 0},
    {.bitmap_index = 125261, .adv_w = 225, .box_w = 14, .box_h = 12, .ofs_x = 1, .ofs_y = 0},
    {.bitmap_index = 125345, .adv_w = 153, .box_w = 10, .box_h = 14, .ofs_x = -1, .ofs_y = 0},
    {.bitmap_index = 125415, .adv_w = 166, .box_w = 12, .box_h = 14, .ofs_x = -1, .ofs_y = 0},
    {.bitmap_index = 125499, .adv_w = 191, .box_w = 10, .box_h = 16, .ofs_x = 1, .ofs_y = -4},
    {.bitmap_index = 125579, .adv_w = 196, .box_w = 12, .box_h = 16, .ofs_x = 1, .ofs_y = -4},
    {.bitmap_index = 125675, .adv_w = 90, .box_w = 6, .box_h = 12, .ofs_x = -1, .ofs_y = 0},
    {.bitmap_index = 125711, .adv_w = 96, .box_w = 8, .box_h = 12, .ofs_x = -1, .ofs_y = 0},
    {.bitmap_index = 125759, .adv_w = 177, .box_w = 10, .box_h = 14, .ofs_x = 1, .ofs_y = -6},
    {.bitmap_index = 125829, .adv_w = 185, .box_w = 11, .box_h = 14, .ofs_x = 1, .ofs_y = -6},
    {.bitmap_index = 125906, .adv_w = 156, .box_w = 10, .box_h = 8, .ofs_x = -1, .ofs_y = 0},
    {.bitmap_index = 125946, .adv_w = 163, .box_w = 12, .box_h = 8, .ofs_x = -1, .ofs_y = 0},
    {.bitmap_index = 125994, .adv_w = 187, .box_w = 10, .box_h = 14, .ofs_x = 1, .ofs_y = -4},
    {.bitmap_index = 126064, .adv_w = 196, .box_w = 12, .box_h = 14, .ofs_x = 1, .ofs_y = -4},
    {.bitmap_index = 126148, .adv_w = 86, .box_w = 6, .box_h = 12, .ofs_x = -1, .ofs_y = 0},
    {.bitmap_index = 126184, .adv_w = 96, .box_w = 8, .box_h = 12, .ofs_x = -1, .ofs_y = 0},
    {.bitmap_index = 126232, .adv_w = 159, .box_w = 8, .box_h = 8, .ofs_x = 1, .ofs_y = 0},
    {.bitmap_index = 126264, .adv_w = 163, .box_w = 10, .box_h = 9, .ofs_x = 1, .ofs_y = 0},
    {.bitmap_index = 126309, .adv_w = 218, .box_w = 14, .box_h = 11, .ofs_x = -1, .ofs_y = 0},
    {.bitmap_index = 126386, .adv_w = 229, .box_w = 16, .box_h = 11, .ofs_x = -1, .ofs_y = 0},
    {.bitmap_index = 126474, .adv_w = 155, .box_w = 8, .box_h = 12, .ofs_x = 1, .ofs_y = -4},
    {.bitmap_index = 126522, .adv_w = 160, .box_w = 10, .box_h = 12, .ofs_x = 1, .ofs_y = -4},
    {.bitmap_index = 126582, .adv_w = 222, .box_w = 13, .box_h = 12, .ofs_x = 1, .ofs_y = -4},
    {.bitmap_index = 126660, .adv_w = 254, .box_w = 16, .box_h = 10, .ofs_x = 1, .ofs_y = -4},
    {.bitmap_index = 126740, .adv_w = 222, .box_w = 13, .box_h = 15, .ofs_x = 1, .ofs_y = -7},
    {.bitmap_index = 126838, .adv_w = 254, .box_w = 16, .box_h = 14, .ofs_x = 1, .ofs_y = -8},
    {.bitmap_index = 126950, .adv_w = 101, .box_w = 7, .box_h = 12, .ofs_x = -1, .ofs_y = -4},
    {.bitmap_index = 126992, .adv_w = 109, .box_w = 8, .box_h = 12, .ofs_x = -1, .ofs_y = -4},
    {.bitmap_index = 127040, .adv_w = 179, .box_w = 10, .box_h = 13, .ofs_x = 0, .ofs_y = 0},
    {.bitmap_index = 127105, .adv_w = 188, .box_w = 12, .box_h = 13, .ofs_x = 0, .ofs_y = 0},
    {.bitmap_index = 127183, .adv_w = 179, .box_w = 10, .box_h = 14, .ofs_x = 0, .ofs_y = 0},
    {.bitmap_index = 127253, .adv_w = 188, .box_w = 12, .box_h = 14, .ofs_x = 0, .ofs_y = 0},
    {.bitmap_index = 127337, .adv_w = 179, .box_w = 10, .box_h = 17, .ofs_x = 0, .ofs_y = -5},
    {.bitmap_index = 127422, .adv_w = 188, .box_w = 12, .box_h = 17, .ofs_x = 0, .ofs_y = -5},
    {.bitmap_index = 127524, .adv_w = 179, .box_w = 10, .box_h = 12, .ofs_x = 0, .ofs_y = 0},
    {.bitmap_index = 127584, .adv_w = 188, .box_w = 12, .box_h = 12, .ofs_x = 0, .ofs_y = 0},
    {.bitmap_index = 127656, .adv_w = 0, .box_w = 0, .box_h = 0, .ofs_x = 0, .ofs_y = 0}
};

/*---------------------
 *  CHARACTER MAPPING
 *--------------------*/

static const uint16_t unicode_list_2[] = {
    0x0, 0x2, 0x3, 0x4, 0x5, 0x6, 0xa, 0xb,
    0xf, 0x10, 0x11, 0x13, 0x14, 0x15, 0x19, 0x1d,
    0x26, 0x30, 0x31, 0x46
};

/*Collect the unicode lists and glyph_id offsets*/
static const lv_font_fmt_txt_cmap_t cmaps[] =
{
    {
        .range_start = 32, .range_length = 95, .glyph_id_start = 1,
        .unicode_list = NULL, .glyph_id_ofs_list = NULL, .list_length = 0, .type = LV_FONT_FMT_TXT_CMAP_FORMAT0_TINY
    },
    {
        .range_start = 1536, .range_length = 256, .glyph_id_start = 96,
        .unicode_list = NULL, .glyph_id_ofs_list = NULL, .list_length = 0, .type = LV_FONT_FMT_TXT_CMAP_FORMAT0_TINY
    },
    {
        .range_start = 8201, .range_length = 71, .glyph_id_start = 352,
        .unicode_list = unicode_list_2, .glyph_id_ofs_list = NULL, .list_length = 20, .type = LV_FONT_FMT_TXT_CMAP_SPARSE_TINY
    },
    {
        .range_start = 64336, .range_length = 115, .glyph_id_start = 372,
        .unicode_list = NULL, .glyph_id_ofs_list = NULL, .list_length = 0, .type = LV_FONT_FMT_TXT_CMAP_FORMAT0_TINY
    },
    {
        .range_start = 64467, .range_length = 189, .glyph_id_start = 487,
        .unicode_list = NULL, .glyph_id_ofs_list = NULL, .list_length = 0, .type = LV_FONT_FMT_TXT_CMAP_FORMAT0_TINY
    },
    {
        .range_start = 64656, .range_length = 256, .glyph_id_start = 676,
        .unicode_list = NULL, .glyph_id_ofs_list = NULL, .list_length = 0, .type = LV_FONT_FMT_TXT_CMAP_FORMAT0_TINY
    },
    {
        .range_start = 64914, .range_length = 54, .glyph_id_start = 932,
        .unicode_list = NULL, .glyph_id_ofs_list = NULL, .list_length = 0, .type = LV_FONT_FMT_TXT_CMAP_FORMAT0_TINY
    },
    {
        .range_start = 64975, .range_length = 1, .glyph_id_start = 986,
        .unicode_list = NULL, .glyph_id_ofs_list = NULL, .list_length = 0, .type = LV_FONT_FMT_TXT_CMAP_FORMAT0_TINY
    },
    {
        .range_start = 65008, .range_length = 16, .glyph_id_start = 987,
        .unicode_list = NULL, .glyph_id_ofs_list = NULL, .list_length = 0, .type = LV_FONT_FMT_TXT_CMAP_FORMAT0_TINY
    },
    {
        .range_start = 65136, .range_length = 5, .glyph_id_start = 1003,
        .unicode_list = NULL, .glyph_id_ofs_list = NULL, .list_length = 0, .type = LV_FONT_FMT_TXT_CMAP_FORMAT0_TINY
    },
    {
        .range_start = 65142, .range_length = 135, .glyph_id_start = 1008,
        .unicode_list = NULL, .glyph_id_ofs_list = NULL, .list_length = 0, .type = LV_FONT_FMT_TXT_CMAP_FORMAT0_TINY
    },
    {
        .range_start = 65279, .range_length = 1, .glyph_id_start = 1143,
        .unicode_list = NULL, .glyph_id_ofs_list = NULL, .list_length = 0, .type = LV_FONT_FMT_TXT_CMAP_FORMAT0_TINY
    }
};

/*-----------------
 *    KERNING
 *----------------*/


/*Pair left and right glyphs for kerning*/
static const uint16_t kern_pair_glyph_ids[] =
{
    3, 34,
    3, 53,
    3, 55,
    3, 56,
    3, 58,
    3, 66,
    3, 68,
    3, 69,
    3, 70,
    3, 72,
    3, 78,
    3, 79,
    3, 80,
    3, 81,
    3, 82,
    3, 83,
    3, 84,
    3, 86,
    7, 53,
    7, 55,
    7, 56,
    7, 58,
    8, 34,
    8, 53,
    8, 55,
    8, 56,
    8, 58,
    8, 66,
    8, 68,
    8, 69,
    8, 70,
    8, 72,
    8, 78,
    8, 79,
    8, 80,
    8, 81,
    8, 82,
    8, 83,
    8, 84,
    8, 86,
    9, 43,
    9, 75,
    13, 36,
    13, 40,
    13, 48,
    13, 50,
    13, 53,
    13, 54,
    13, 55,
    13, 56,
    13, 58,
    14, 53,
    15, 36,
    15, 40,
    15, 48,
    15, 50,
    15, 53,
    15, 54,
    15, 55,
    15, 56,
    15, 58,
    34, 3,
    34, 8,
    34, 36,
    34, 40,
    34, 43,
    34, 48,
    34, 50,
    34, 53,
    34, 55,
    34, 56,
    34, 58,
    34, 361,
    34, 364,
    35, 13,
    35, 15,
    35, 362,
    35, 365,
    35, 367,
    36, 36,
    36, 40,
    36, 48,
    36, 50,
    36, 369,
    37, 13,
    37, 15,
    37, 34,
    37, 53,
    37, 55,
    37, 56,
    37, 57,
    37, 58,
    37, 59,
    37, 362,
    37, 365,
    37, 367,
    38, 43,
    39, 10,
    39, 13,
    39, 15,
    39, 32,
    39, 34,
    39, 62,
    39, 94,
    39, 362,
    39, 365,
    39, 367,
    44, 36,
    44, 40,
    44, 48,
    44, 50,
    44, 369,
    45, 3,
    45, 8,
    45, 36,
    45, 40,
    45, 48,
    45, 50,
    45, 53,
    45, 54,
    45, 55,
    45, 56,
    45, 58,
    45, 361,
    45, 364,
    48, 13,
    48, 15,
    48, 34,
    48, 53,
    48, 55,
    48, 56,
    48, 57,
    48, 58,
    48, 59,
    48, 362,
    48, 365,
    48, 367,
    49, 7,
    49, 13,
    49, 15,
    49, 34,
    49, 57,
    49, 59,
    49, 362,
    49, 365,
    49, 367,
    49, 369,
    50, 13,
    50, 15,
    50, 34,
    50, 53,
    50, 55,
    50, 56,
    50, 57,
    50, 58,
    50, 59,
    50, 362,
    50, 365,
    50, 367,
    51, 369,
    53, 7,
    53, 13,
    53, 14,
    53, 15,
    53, 32,
    53, 34,
    53, 36,
    53, 40,
    53, 48,
    53, 50,
    53, 53,
    53, 66,
    53, 68,
    53, 69,
    53, 70,
    53, 72,
    53, 78,
    53, 79,
    53, 80,
    53, 81,
    53, 82,
    53, 83,
    53, 84,
    53, 86,
    53, 87,
    53, 88,
    53, 89,
    53, 90,
    53, 91,
    53, 358,
    53, 359,
    53, 362,
    53, 365,
    53, 367,
    53, 369,
    53, 370,
    54, 13,
    54, 15,
    54, 34,
    54, 362,
    54, 365,
    54, 367,
    55, 13,
    55, 15,
    55, 32,
    55, 34,
    55, 36,
    55, 40,
    55, 48,
    55, 50,
    55, 66,
    55, 68,
    55, 69,
    55, 70,
    55, 72,
    55, 78,
    55, 79,
    55, 80,
    55, 81,
    55, 82,
    55, 83,
    55, 84,
    55, 86,
    55, 362,
    55, 365,
    55, 367,
    55, 369,
    55, 370,
    56, 13,
    56, 15,
    56, 32,
    56, 34,
    56, 36,
    56, 40,
    56, 48,
    56, 50,
    56, 66,
    56, 68,
    56, 69,
    56, 70,
    56, 72,
    56, 78,
    56, 79,
    56, 80,
    56, 81,
    56, 82,
    56, 83,
    56, 84,
    56, 86,
    56, 362,
    56, 365,
    56, 367,
    56, 369,
    56, 370,
    57, 36,
    57, 40,
    57, 48,
    57, 50,
    57, 369,
    58, 7,
    58, 13,
    58, 15,
    58, 32,
    58, 34,
    58, 36,
    58, 40,
    58, 48,
    58, 50,
    58, 66,
    58, 68,
    58, 69,
    58, 70,
    58, 72,
    58, 78,
    58, 79,
    58, 80,
    58, 81,
    58, 82,
    58, 83,
    58, 84,
    58, 86,
    58, 91,
    58, 362,
    58, 365,
    58, 367,
    58, 369,
    58, 370,
    59, 36,
    59, 40,
    59, 48,
    59, 50,
    59, 369,
    60, 43,
    60, 75,
    64, 43,
    66, 3,
    66, 8,
    66, 361,
    66, 364,
    67, 3,
    67, 8,
    67, 87,
    67, 88,
    67, 89,
    67, 90,
    67, 91,
    67, 361,
    67, 364,
    68, 3,
    68, 8,
    68, 361,
    68, 364,
    70, 3,
    70, 8,
    70, 87,
    70, 88,
    70, 89,
    70, 90,
    70, 91,
    70, 361,
    70, 364,
    71, 3,
    71, 8,
    71, 10,
    71, 13,
    71, 15,
    71, 62,
    71, 94,
    71, 361,
    71, 362,
    71, 364,
    71, 365,
    71, 367,
    73, 3,
    73, 8,
    73, 361,
    73, 364,
    78, 3,
    78, 8,
    78, 361,
    78, 364,
    79, 3,
    79, 8,
    79, 361,
    79, 364,
    80, 3,
    80, 8,
    80, 87,
    80, 88,
    80, 89,
    80, 90,
    80, 91,
    80, 361,
    80, 364,
    81, 3,
    81, 8,
    81, 87,
    81, 88,
    81, 89,
    81, 90,
    81, 91,
    81, 361,
    81, 364,
    83, 3,
    83, 8,
    83, 13,
    83, 15,
    83, 66,
    83, 68,
    83, 69,
    83, 70,
    83, 72,
    83, 80,
    83, 82,
    83, 361,
    83, 362,
    83, 364,
    83, 365,
    83, 367,
    85, 3,
    85, 8,
    85, 361,
    85, 364,
    87, 3,
    87, 8,
    87, 13,
    87, 15,
    87, 32,
    87, 361,
    87, 362,
    87, 364,
    87, 365,
    87, 367,
    88, 3,
    88, 8,
    88, 13,
    88, 15,
    88, 32,
    88, 361,
    88, 362,
    88, 364,
    88, 365,
    88, 367,
    89, 68,
    89, 69,
    89, 70,
    89, 80,
    89, 82,
    90, 3,
    90, 8,
    90, 13,
    90, 15,
    90, 32,
    90, 361,
    90, 362,
    90, 364,
    90, 365,
    90, 367,
    92, 43,
    92, 75,
    358, 53,
    359, 53,
    360, 34,
    360, 53,
    360, 55,
    360, 56,
    360, 58,
    360, 66,
    360, 68,
    360, 69,
    360, 70,
    360, 72,
    360, 78,
    360, 79,
    360, 80,
    360, 81,
    360, 82,
    360, 83,
    360, 84,
    360, 86,
    361, 34,
    361, 53,
    361, 55,
    361, 56,
    361, 58,
    361, 66,
    361, 68,
    361, 69,
    361, 70,
    361, 72,
    361, 78,
    361, 79,
    361, 80,
    361, 81,
    361, 82,
    361, 83,
    361, 84,
    361, 86,
    362, 36,
    362, 40,
    362, 48,
    362, 50,
    362, 53,
    362, 54,
    362, 55,
    362, 56,
    362, 58,
    363, 34,
    363, 53,
    363, 55,
    363, 56,
    363, 58,
    363, 66,
    363, 68,
    363, 69,
    363, 70,
    363, 72,
    363, 78,
    363, 79,
    363, 80,
    363, 81,
    363, 82,
    363, 83,
    363, 84,
    363, 86,
    364, 34,
    364, 53,
    364, 55,
    364, 56,
    364, 58,
    364, 66,
    364, 68,
    364, 69,
    364, 70,
    364, 72,
    364, 78,
    364, 79,
    364, 80,
    364, 81,
    364, 82,
    364, 83,
    364, 84,
    364, 86,
    365, 36,
    365, 40,
    365, 48,
    365, 50,
    365, 53,
    365, 54,
    365, 55,
    365, 56,
    365, 58,
    369, 53,
    369, 55,
    369, 56,
    369, 58,
    370, 53,
    370, 55,
    370, 56,
    370, 57,
    370, 58
};

/* Kerning between the respective left and right glyphs
 * 4.4 format which needs to scaled with `kern_scale`*/
static const int8_t kern_pair_values[] =
{
    -18, 5, 5, 5, 3, -10, -15, -15,
    -15, -8, -8, -8, -15, -8, -15, -8,
    -8, -8, -15, -5, -5, -8, -18, 5,
    5, 5, 3, -10, -15, -15, -15, -8,
    -8, -8, -15, -8, -15, -8, -8, -8,
    23, 10, -13, -13, -13, -13, -18, -5,
    -15, -15, -15, -10, -13, -13, -13, -13,
    -18, -5, -15, -15, -15, -18, -18, -5,
    -5, 13, -5, -5, -18, -10, -10, -15,
    -18, -18, -3, -3, -3, -3, -3, -5,
    -5, -5, -5, -5, -10, -10, -5, -8,
    -3, -3, -5, -3, -3, -10, -10, -10,
    15, 5, -15, -15, 5, -5, 5, 5,
    -15, -15, -15, -5, -5, -5, -5, -5,
    -20, -20, -5, -5, -5, -5, -5, -3,
    -5, -5, -8, -20, -20, -10, -10, -5,
    -8, -3, -3, -5, -3, -3, -10, -10,
    -10, -3, -33, -33, -13, -5, -3, -33,
    -33, -33, -5, -10, -10, -5, -8, -3,
    -3, -5, -3, -3, -10, -10, -10, -3,
    -5, -15, -10, -15, 5, -18, -5, -5,
    -5, -5, 5, -20, -18, -18, -18, -18,
    -13, -13, -18, -13, -18, -13, -15, -13,
    -5, -5, -5, -5, -10, -10, -10, -15,
    -15, -15, -15, -8, -5, -5, -3, -5,
    -5, -5, -13, -13, 5, -10, -3, -3,
    -3, -3, -5, -5, -5, -5, -3, -3,
    -3, -5, -3, -5, -3, -3, -3, -13,
    -13, -13, -8, -3, -13, -13, 5, -10,
    -3, -3, -3, -3, -5, -5, -5, -5,
    -3, -3, -3, -5, -3, -5, -3, -3,
    -3, -13, -13, -13, -8, -3, -5, -5,
    -5, -5, -5, -8, -15, -15, 5, -15,
    -5, -5, -5, -5, -13, -13, -13, -13,
    -13, -8, -8, -13, -8, -13, -8, -10,
    -8, -5, -15, -15, -15, -20, -8, -3,
    -3, -3, -3, -5, 23, 10, 24, -3,
    -3, -3, -3, -3, -3, -5, -5, -5,
    -5, -3, -3, -3, 5, 5, 5, 5,
    -3, -3, -5, -5, -5, -5, -3, -3,
    -3, 15, 15, 10, -5, -5, 10, 10,
    15, -5, 15, -5, -5, -3, -3, -3,
    -3, -3, -3, -3, -3, -3, -3, -3,
    -3, -3, -3, -5, -5, -5, -5, -3,
    -3, -3, -3, -3, -5, -5, -5, -5,
    -3, -3, -3, 10, 10, -41, -41, -5,
    -5, -5, -5, -3, -5, -5, 10, -41,
    10, -41, -41, 5, 5, 5, 5, 10,
    10, -10, -10, 5, 10, -10, 10, -10,
    -10, 10, 10, -10, -10, 5, 10, -10,
    10, -10, -10, -5, -5, -5, -5, -5,
    10, 10, -10, -10, 5, 10, -10, 10,
    -10, -10, 23, 10, -10, -10, -18, 5,
    5, 5, 3, -10, -15, -15, -15, -8,
    -8, -8, -15, -8, -15, -8, -8, -8,
    -18, 5, 5, 5, 3, -10, -15, -15,
    -15, -8, -8, -8, -15, -8, -15, -8,
    -8, -8, -13, -13, -13, -13, -18, -5,
    -15, -15, -15, -18, 5, 5, 5, 3,
    -10, -15, -15, -15, -8, -8, -8, -15,
    -8, -15, -8, -8, -8, -18, 5, 5,
    5, 3, -10, -15, -15, -15, -8, -8,
    -8, -15, -8, -15, -8, -8, -8, -13,
    -13, -13, -13, -18, -5, -15, -15, -15,
    -8, -3, -3, -8, -15, -8, -8, -5,
    -20
};

/*Collect the kern pair's data in one place*/
static const lv_font_fmt_txt_kern_pair_t kern_pairs =
{
    .glyph_ids = kern_pair_glyph_ids,
    .values = kern_pair_values,
    .pair_cnt = 521,
    .glyph_ids_size = 1
};

/*--------------------
 *  ALL CUSTOM DATA
 *--------------------*/

#if LVGL_VERSION_MAJOR == 8
/*Store all the custom data of the font*/
static  lv_font_fmt_txt_glyph_cache_t cache;
#endif

#if LVGL_VERSION_MAJOR >= 8
static const lv_font_fmt_txt_dsc_t font_dsc = {
#else
static lv_font_fmt_txt_dsc_t font_dsc = {
#endif
    .glyph_bitmap = glyph_bitmap,
    .glyph_dsc = glyph_dsc,
    .cmaps = cmaps,
    .kern_dsc = &kern_pairs,
    .kern_scale = 16,
    .cmap_num = 12,
    .bpp = 4,
    .kern_classes = 0,
    .bitmap_format = 0,
#if LVGL_VERSION_MAJOR == 8
    .cache = &cache
#endif
};



/*-----------------
 *  PUBLIC FONT
 *----------------*/

/*Initialize a public general font descriptor*/
#if LVGL_VERSION_MAJOR >= 8
const lv_font_t ui_font_arabic1 = {
#else
lv_font_t ui_font_arabic1 = {
#endif
    .get_glyph_dsc = lv_font_get_glyph_dsc_fmt_txt,    /*Function pointer to get glyph's data*/
    .get_glyph_bitmap = lv_font_get_bitmap_fmt_txt,    /*Function pointer to get glyph's bitmap*/
    .line_height = 35,          /*The maximum line height required by the font*/
    .base_line = 11,             /*Baseline measured from the bottom of the line*/
#if !(LVGL_VERSION_MAJOR == 6 && LVGL_VERSION_MINOR == 0)
    .subpx = LV_FONT_SUBPX_NONE,
#endif
#if LV_VERSION_CHECK(7, 4, 0) || LVGL_VERSION_MAJOR >= 8
    .underline_position = -2,
    .underline_thickness = 1,
#endif
    .dsc = &font_dsc,          /*The custom font data. Will be accessed by `get_glyph_bitmap/dsc` */
#if LV_VERSION_CHECK(8, 2, 0) || LVGL_VERSION_MAJOR >= 9
    .fallback = NULL,
#endif
    .user_data = NULL,
};



#endif /*#if UI_FONT_ARABIC1*/

