/*******************************************************************************
 * Size: 16 px
 * Bpp: 1
 * Opts: --bpp 1 --size 16 --font C:/Users/lenovo/Desktop/lvgl/squarline/assets/NotoKufiArabic-SemiBold.ttf -o C:/Users/lenovo/Desktop/lvgl/squarline/assets\ui_font_arabic.c --format lvgl -r 0x0600-0x06FF -r 0xFB50-0xFDFF -r 0xFE70-0xFEFF --no-compress --no-prefilter
 ******************************************************************************/

#include "ui.h"

#ifndef UI_FONT_ARABIC
#define UI_FONT_ARABIC 1
#endif

#if UI_FONT_ARABIC

/*-----------------
 *    BITMAPS
 *----------------*/

/*Store the image of the glyphs*/
static LV_ATTRIBUTE_LARGE_CONST const uint8_t glyph_bitmap[] = {
    /* U+0600 "؀" */
    0x0, 0x0, 0x20, 0x0, 0x3, 0x0, 0x0, 0x19,
    0xff, 0xff, 0xf0,

    /* U+0601 "؁" */
    0xcc, 0xc0, 0x1e, 0xd6, 0xc1, 0xe2, 0xe3, 0xfe,
    0x6, 0x0, 0x0, 0x4,

    /* U+0602 "؂" */
    0x70, 0x0, 0x32, 0x0, 0xc, 0xc0, 0x3, 0x90,
    0x0, 0x7f, 0xff, 0xc0,

    /* U+0603 "؃" */
    0x0, 0x0, 0x33, 0xc0, 0x0, 0x3, 0x46, 0x0,
    0x0, 0x38, 0x30, 0x0, 0x3, 0x3, 0x0, 0x0,
    0x30, 0x37, 0xff, 0xff, 0xff,

    /* U+0604 "؄" */
    0x0, 0x0, 0x0, 0x0, 0x30, 0x0, 0x0, 0x0,
    0x33, 0x0, 0x0, 0x0, 0x3, 0x30, 0x0, 0x0,
    0x78, 0x33, 0x0, 0x0, 0xc, 0xc3, 0x30, 0x0,
    0x1, 0x84, 0x33, 0x0, 0x0, 0x18, 0x63, 0x30,
    0x0, 0x1, 0xc3, 0xef, 0x0, 0x0, 0xe, 0x0,
    0x0, 0x0, 0x0, 0x70, 0x0, 0xff, 0xff, 0xff,
    0x80, 0x0,

    /* U+0605 "؅" */
    0xf8, 0x0, 0x3, 0xe3, 0xff, 0xfe, 0x0,

    /* U+0606 "؆" */
    0xde, 0x1a, 0x6, 0x80, 0xb0, 0x33, 0xcc, 0xc1,
    0xe0, 0x78, 0xc, 0x2, 0x0, 0x80,

    /* U+0607 "؇" */
    0xc, 0x44, 0x34, 0x1b, 0x86, 0x3, 0x1c, 0x98,
    0x68, 0x3c, 0xc, 0x6, 0x2, 0x0,

    /* U+0608 "؈" */
    0x0, 0x7c, 0x0, 0xcc, 0x1, 0x8c, 0xf1, 0x8c,
    0x11, 0x8c, 0x31, 0x8c, 0x30, 0xcc, 0x30, 0x7f,
    0x30, 0xc, 0x18, 0x1c, 0xf, 0xf8,

    /* U+0609 "؉" */
    0x2, 0x1, 0x86, 0x40, 0x30, 0x8, 0x6, 0x1,
    0x0, 0xc0, 0x26, 0xd8, 0x4, 0x0,

    /* U+060A "؊" */
    0x2, 0x0, 0x18, 0x6, 0x40, 0x3, 0x0, 0x8,
    0x0, 0x60, 0x1, 0x0, 0xc, 0x0, 0x26, 0xcd,
    0x80, 0x4, 0x0, 0x0,

    /* U+060B "؋" */
    0x6, 0x0, 0x0, 0x1, 0xf1, 0x99, 0x8c, 0xc6,
    0x63, 0x31, 0x9c, 0xff, 0xe0, 0x0, 0x40, 0x20,
    0x10,

    /* U+060C "،" */
    0x6f, 0x60,

    /* U+060D "؍" */
    0x3b, 0x11, 0x80,

    /* U+060E "؎" */
    0x70, 0x0, 0x32, 0x0, 0xc, 0xc0, 0x3, 0x90,
    0x0, 0x7f, 0xff, 0xc0,

    /* U+060F "؏" */
    0xf, 0x8c, 0xc, 0x6, 0x3, 0x30, 0xf8, 0x60,
    0x60, 0x3f, 0x18, 0xdc, 0x6b, 0xe0,

    /* U+0610 "ؐ" */
    0xef, 0x0,

    /* U+0611 "ؑ" */
    0x7c, 0x0,

    /* U+0612 "ؒ" */
    0xe9, 0x73, 0x30,

    /* U+0613 "ؓ" */
    0xf, 0x6b, 0xd1, 0x80,

    /* U+0614 "ؔ" */
    0x3f,

    /* U+0615 "ؕ" */
    0x8e, 0xaf,

    /* U+0616 "ؖ" */
    0x31, 0x8c, 0x6c, 0x7c,

    /* U+0617 "ؗ" */
    0x17,

    /* U+0618 "ؘ" */
    0xc0,

    /* U+0619 "ؙ" */
    0x6f, 0x0,

    /* U+061A "ؚ" */
    0x60,

    /* U+061B "؛" */
    0x6b, 0x60, 0x0, 0x3, 0x0,

    /* U+061C "؜" */
    0x0,

    /* U+061D "؝" */
    0x7d, 0x9f, 0x6, 0xe, 0xc, 0xc, 0x18, 0x3c,
    0x78, 0x70,

    /* U+061E "؞" */
    0x60, 0x1, 0xb0,

    /* U+061F "؟" */
    0x7f, 0x8b, 0x6, 0xe, 0xe, 0xe, 0xc, 0x0,
    0x0, 0x60,

    /* U+0620 "ؠ" */
    0x0, 0xf0, 0x18, 0x3, 0x0, 0x60, 0x6, 0xc,
    0x78, 0xc3, 0xcc, 0x1e, 0xc0, 0xec, 0x6, 0x60,
    0x67, 0xf8, 0x0, 0x0, 0x0, 0x1e, 0x1, 0x20,
    0x1e, 0x0,

    /* U+0621 "ء" */
    0x7f, 0x8c, 0x30, 0xc3, 0xfc, 0x0,

    /* U+0622 "آ" */
    0x66, 0x60, 0xc, 0x30, 0xc3, 0xc, 0x30, 0xc3,
    0xc, 0x30, 0xc0,

    /* U+0623 "أ" */
    0xd2, 0x71, 0xb6, 0xdb, 0x6d, 0xb6,

    /* U+0624 "ؤ" */
    0x1c, 0x20, 0x70, 0x0, 0x7, 0xd9, 0xe3, 0xc7,
    0x8f, 0x1f, 0x37, 0xe0, 0xc3, 0x7c,

    /* U+0625 "إ" */
    0x6d, 0xb6, 0xdb, 0x6d, 0xb1, 0xe7,

    /* U+0626 "ئ" */
    0x70, 0x4, 0x0, 0x40, 0xf7, 0x18, 0x2, 0x0,
    0x60, 0x7, 0xc, 0x78, 0xc3, 0xcc, 0xe, 0xc0,
    0x6e, 0x6, 0x7f, 0x80,

    /* U+0627 "ا" */
    0xff, 0xff, 0xff,

    /* U+0628 "ب" */
    0x0, 0x60, 0xf, 0x1, 0xe0, 0x3c, 0x7, 0x80,
    0xf0, 0x1b, 0xff, 0x0, 0x0, 0x0, 0x18, 0x0,

    /* U+0629 "ة" */
    0x6c, 0x0, 0x0, 0x0, 0x3c, 0x66, 0xc3, 0xc3,
    0xc3, 0xc3, 0x67, 0x3c,

    /* U+062A "ت" */
    0x1b, 0x0, 0xc, 0x1, 0x80, 0x3c, 0x7, 0x80,
    0xf0, 0x1e, 0x3, 0xe0, 0x6f, 0xfc,

    /* U+062B "ث" */
    0xc, 0x0, 0x0, 0x0, 0xd, 0x80, 0x6, 0x0,
    0xf0, 0x1e, 0x3, 0xc0, 0x78, 0xf, 0x81, 0xbf,
    0xf0,

    /* U+062C "ج" */
    0xfc, 0x27, 0x1, 0x80, 0xc0, 0x20, 0x78, 0xfc,
    0xe2, 0xe0, 0x66, 0x30, 0xf, 0x80,

    /* U+062D "ح" */
    0xfc, 0x3, 0x1, 0x80, 0xc0, 0x30, 0x78, 0xfe,
    0xe2, 0xe0, 0x60, 0x30, 0x1c, 0x3, 0xe0,

    /* U+062E "خ" */
    0x30, 0x0, 0x0, 0xf8, 0xc, 0x6, 0x6, 0x6,
    0xf, 0x3f, 0x71, 0xe0, 0xc0, 0xc0, 0xc0, 0x7c,

    /* U+062F "د" */
    0x30, 0xf0, 0x60, 0x60, 0xc0, 0xc1, 0xff,

    /* U+0630 "ذ" */
    0x60, 0x0, 0x1, 0x7, 0x7, 0x7, 0x6, 0xc,
    0xc, 0x1f, 0xf0,

    /* U+0631 "ر" */
    0xc, 0x30, 0xc3, 0xc, 0x30, 0xc3, 0xc, 0x30,
    0xfe,

    /* U+0632 "ز" */
    0xc, 0x0, 0x3, 0xc, 0x30, 0xc3, 0xc, 0x30,
    0xc3, 0xf, 0xe0,

    /* U+0633 "س" */
    0x0, 0x0, 0x60, 0x31, 0x8c, 0x6, 0x31, 0x80,
    0xc6, 0x3c, 0x18, 0xc7, 0x83, 0x18, 0xf0, 0x63,
    0x9e, 0xf, 0xdf, 0xc1, 0x80, 0xc, 0x70, 0x0,
    0xfc, 0x0, 0x0,

    /* U+0634 "ش" */
    0x0, 0xc, 0x0, 0x0, 0x0, 0x0, 0x6c, 0x0,
    0x0, 0x30, 0x0, 0x6, 0x3, 0x18, 0xc0, 0x63,
    0x18, 0xc, 0x63, 0xc1, 0x8c, 0x78, 0x31, 0x8f,
    0x6, 0x39, 0xe0, 0xff, 0xfc, 0x18, 0x0, 0xc7,
    0x0, 0xf, 0xc0, 0x0,

    /* U+0635 "ص" */
    0x1, 0x9f, 0x0, 0x6c, 0x60, 0x1e, 0xc, 0x7,
    0x3, 0xc1, 0x80, 0xf0, 0x60, 0x3c, 0x18, 0xf,
    0x7, 0xff, 0xc1, 0x80, 0x18, 0xe0, 0x3, 0xe0,
    0x0,

    /* U+0636 "ض" */
    0x0, 0x18, 0x0, 0x0, 0x0, 0x0, 0x0, 0x0,
    0x0, 0x1, 0x9f, 0x0, 0x6c, 0x60, 0x1e, 0xc,
    0x7, 0x3, 0xc1, 0x80, 0xf0, 0x60, 0x3c, 0x18,
    0xf, 0x7, 0xff, 0xc1, 0x80, 0x18, 0xe0, 0x3,
    0xe0, 0x0,

    /* U+0637 "ط" */
    0x30, 0x3, 0x0, 0x30, 0x3, 0x0, 0x33, 0xc3,
    0x46, 0x38, 0x33, 0x83, 0x30, 0x33, 0x3, 0x30,
    0x3f, 0xff,

    /* U+0638 "ظ" */
    0x30, 0x3, 0xc, 0x30, 0x3, 0x0, 0x33, 0xc3,
    0x46, 0x38, 0x33, 0x83, 0x30, 0x33, 0x3, 0x30,
    0x3f, 0xff,

    /* U+0639 "ع" */
    0x1f, 0x30, 0x60, 0x60, 0x60, 0x66, 0x3e, 0x70,
    0xe0, 0xc0, 0xc0, 0xe0, 0x3e,

    /* U+063A "غ" */
    0x18, 0x0, 0x0, 0xf3, 0xc, 0x18, 0x30, 0x6c,
    0x7d, 0xc7, 0xc, 0x18, 0x30, 0x3f,

    /* U+063B "ػ" */
    0xc, 0x23, 0xe, 0x3, 0x80, 0x70, 0xe, 0x0,
    0xfc, 0x0, 0x6c, 0x3, 0xc0, 0x3c, 0x3, 0xc0,
    0x3c, 0x3, 0x7f, 0xf0,

    /* U+063C "ؼ" */
    0x0, 0x60, 0x1e, 0x3, 0x80, 0x70, 0xc, 0x0,
    0xfc, 0x0, 0x6c, 0x3, 0xc0, 0x3c, 0x3, 0xc0,
    0x3c, 0x3, 0x7f, 0xf0, 0x0, 0x0, 0x0, 0x0,
    0x1b, 0x0, 0x0, 0xc, 0x0,

    /* U+063D "ؽ" */
    0x20, 0x6, 0x0, 0x50, 0xfd, 0x98, 0x2, 0x0,
    0x60, 0x7, 0xc, 0x78, 0xc3, 0xcc, 0xe, 0xc0,
    0x6e, 0x6, 0x7f, 0x80,

    /* U+063E "ؾ" */
    0xd8, 0xf0, 0x18, 0x2, 0x0, 0x60, 0x7, 0xc,
    0x78, 0xc3, 0xcc, 0xe, 0xc0, 0x6e, 0x6, 0x7f,
    0x80,

    /* U+063F "ؿ" */
    0x30, 0x0, 0x0, 0xd8, 0xf0, 0x18, 0x2, 0x0,
    0x60, 0xc7, 0xc, 0x78, 0xc3, 0xcc, 0xe, 0xc0,
    0x66, 0x6, 0x7f, 0x80,

    /* U+0640 "ـ" */
    0xe0,

    /* U+0641 "ف" */
    0x0, 0x30, 0x0, 0x0, 0x0, 0x0, 0x1f, 0x0,
    0xcf, 0x6, 0x3c, 0x18, 0xf0, 0x63, 0xc1, 0x8f,
    0x87, 0x37, 0xff, 0xc0,

    /* U+0642 "ق" */
    0x3, 0x60, 0x0, 0x0, 0x0, 0x0, 0x0, 0x1f,
    0x81, 0x8c, 0x18, 0x60, 0xc3, 0xc6, 0x1e, 0x30,
    0xf0, 0xc7, 0x83, 0xfc, 0x1, 0xb0, 0x18, 0xff,
    0x80,

    /* U+0643 "ك" */
    0x0, 0x60, 0xc, 0x1, 0x80, 0x30, 0x46, 0x1c,
    0xf3, 0x9e, 0x3, 0xc0, 0x78, 0xf, 0x1, 0xbf,
    0xf0,

    /* U+0644 "ل" */
    0x1, 0x80, 0xc0, 0x60, 0x30, 0x18, 0xc, 0x6,
    0x3, 0x61, 0xe0, 0xf0, 0x78, 0x3c, 0x1e, 0xd,
    0x8c, 0x7c,

    /* U+0645 "م" */
    0x1f, 0x19, 0xcc, 0x66, 0x33, 0x19, 0x99, 0xf9,
    0x80, 0xc0, 0x60, 0x30, 0x18, 0xc, 0x0,

    /* U+0646 "ن" */
    0x18, 0x0, 0xc0, 0x60, 0x30, 0x1a, 0xf, 0x7,
    0x83, 0xc1, 0xe0, 0xf0, 0x6c, 0x63, 0xe0,

    /* U+0647 "ه" */
    0x3f, 0x82, 0xe, 0x0, 0x61, 0xc3, 0x32, 0x36,
    0x33, 0x63, 0x36, 0x33, 0x73, 0x3f, 0xff,

    /* U+0648 "و" */
    0x3e, 0xcf, 0x1e, 0x3c, 0x78, 0xf9, 0xbf, 0x6,
    0x1b, 0xe0,

    /* U+0649 "ى" */
    0x0, 0xf0, 0x18, 0x2, 0x0, 0x60, 0x7, 0xc,
    0x78, 0xc3, 0xcc, 0xe, 0xc0, 0x6e, 0x6, 0x7f,
    0x80,

    /* U+064A "ي" */
    0x0, 0xf0, 0x18, 0x2, 0x0, 0x60, 0x7, 0xc,
    0x78, 0xc3, 0xcc, 0xe, 0xc0, 0x6e, 0x6, 0x7f,
    0x80, 0x0, 0x0, 0x0, 0x0, 0x1b, 0x0,

    /* U+064B "ً" */
    0x7, 0x9e, 0x0,

    /* U+064C "ٌ" */
    0x1c, 0x55, 0xee,

    /* U+064D "ٍ" */
    0x1e, 0x3c,

    /* U+064E "َ" */
    0x1e, 0x0,

    /* U+064F "ُ" */
    0x39, 0x4f, 0xe0,

    /* U+0650 "ِ" */
    0x1e, 0x0,

    /* U+0651 "ّ" */
    0xad, 0x76,

    /* U+0652 "ْ" */
    0xf9, 0xf0,

    /* U+0653 "ٓ" */
    0x6c, 0xc0,

    /* U+0654 "ٔ" */
    0xf3, 0x80,

    /* U+0655 "ٕ" */
    0xf3, 0x80,

    /* U+0656 "ٖ" */
    0xe0,

    /* U+0657 "ٗ" */
    0x2b, 0x56,

    /* U+0658 "٘" */
    0x30,

    /* U+0659 "ٙ" */
    0xf0,

    /* U+065A "ٚ" */
    0xda, 0x9c,

    /* U+065B "ٛ" */
    0x66, 0x90,

    /* U+065C "ٜ" */
    0xc0,

    /* U+065D "ٝ" */
    0xe5, 0x38, 0xf0,

    /* U+065E "ٞ" */
    0xc3, 0xc3,

    /* U+065F "ٟ" */
    0x74, 0xf0,

    /* U+0660 "٠" */
    0xc, 0xe6, 0x0,

    /* U+0661 "١" */
    0xff, 0xff, 0xfc,

    /* U+0662 "٢" */
    0xff, 0x81, 0x83, 0x7, 0x6, 0xc, 0x1c, 0x18,
    0x30,

    /* U+0663 "٣" */
    0xed, 0xb6, 0xdb, 0x6f, 0xe3, 0x1, 0x80, 0xe0,
    0x30, 0x18, 0xe, 0x3, 0x0,

    /* U+0664 "٤" */
    0x0, 0x39, 0xe3, 0x6, 0x6, 0x6, 0x38, 0xe1,
    0x81, 0xf8,

    /* U+0665 "٥" */
    0x3c, 0x66, 0x66, 0xc3, 0xc3, 0xc3, 0xc3, 0xc3,
    0xc3, 0x66, 0x3c,

    /* U+0666 "٦" */
    0xfe, 0xc, 0x18, 0x30, 0x60, 0xc1, 0x83, 0x6,
    0xc,

    /* U+0667 "٧" */
    0x63, 0xb1, 0x98, 0xcc, 0x63, 0x71, 0xb0, 0xd8,
    0x6c, 0x1c, 0xe, 0x7, 0x0,

    /* U+0668 "٨" */
    0x1c, 0xe, 0x7, 0x6, 0xc3, 0x61, 0xb0, 0xdc,
    0xc6, 0x63, 0x31, 0x98, 0xe0,

    /* U+0669 "٩" */
    0x79, 0x9b, 0x1e, 0x3c, 0x7c, 0xdf, 0x83, 0x6,
    0xc, 0x18,

    /* U+066A "٪" */
    0x3, 0x6, 0x66, 0xc, 0x8, 0x18, 0x10, 0x30,
    0x26, 0x60, 0x40,

    /* U+066B "٫" */
    0x6f, 0x60,

    /* U+066C "٬" */
    0x6f, 0x60,

    /* U+066D "٭" */
    0x10, 0x22, 0x4f, 0xf3, 0x8d, 0x9b, 0x0,

    /* U+066E "ٮ" */
    0x0, 0x60, 0xf, 0x1, 0xe0, 0x3c, 0x7, 0x80,
    0xf0, 0x1b, 0xff,

    /* U+066F "ٯ" */
    0x1, 0xf8, 0x18, 0xc1, 0x86, 0xc, 0x3c, 0x61,
    0xe3, 0xf, 0xc, 0x78, 0x3f, 0xc0, 0x1b, 0x1,
    0x8f, 0xf8,

    /* U+0670 "ٰ" */
    0xe0,

    /* U+0671 "ٱ" */
    0x75, 0xf0, 0x66, 0x66, 0x66, 0x66, 0x66, 0x60,

    /* U+0672 "ٲ" */
    0x39, 0x8, 0xf0, 0x18, 0xc6, 0x31, 0x8c, 0x63,
    0x18, 0xc6,

    /* U+0673 "ٳ" */
    0x33, 0x33, 0x33, 0x33, 0x33, 0x33, 0x7, 0x4f,

    /* U+0674 "ٴ" */
    0x7f, 0x8c, 0x30, 0xc3, 0xfc, 0x0,

    /* U+0675 "ٵ" */
    0xc0, 0x18, 0x3, 0xf, 0xe3, 0xc, 0x61, 0x8c,
    0x31, 0xfe, 0x60, 0xc0, 0x18, 0x3, 0x0, 0x60,
    0x0,

    /* U+0676 "ٶ" */
    0x0, 0x1f, 0x0, 0x30, 0x3e, 0x30, 0x66, 0x30,
    0xc6, 0x3f, 0xc6, 0x70, 0xc6, 0x0, 0xc6, 0x0,
    0xe6, 0x0, 0x7e, 0x0, 0x6, 0x0, 0xc, 0x0,
    0xf8, 0x0,

    /* U+0677 "ٷ" */
    0x0, 0x0, 0xc, 0x0, 0xc, 0x0, 0x4, 0x0,
    0x18, 0x1f, 0x0, 0x30, 0x3e, 0x30, 0x66, 0x30,
    0xc6, 0x3f, 0xc6, 0x70, 0xc6, 0x0, 0xc6, 0x0,
    0xe6, 0x0, 0x7e, 0x0, 0x6, 0x0, 0xc, 0x0,
    0xf8, 0x0,

    /* U+0678 "ٸ" */
    0x0, 0x0, 0xf0, 0x0, 0xc, 0x0, 0x0, 0xc0,
    0x1, 0xe6, 0x0, 0x1a, 0x30, 0x1, 0x1, 0xfc,
    0x18, 0xc, 0x8, 0xe0, 0x0, 0xc7, 0x80, 0x6,
    0x1e, 0x0, 0x30, 0x38, 0x1, 0x80, 0xc0, 0x6,
    0x6, 0x0, 0x3f, 0xc0, 0x0,

    /* U+0679 "ٹ" */
    0x10, 0x3, 0x80, 0x48, 0xf, 0x0, 0x6, 0x0,
    0xc0, 0x1e, 0x3, 0xc0, 0x78, 0xf, 0x1, 0xbf,
    0xf0,

    /* U+067A "ٺ" */
    0xc, 0x0, 0x0, 0x0, 0x6, 0x0, 0x6, 0x0,
    0xf0, 0x1e, 0x3, 0xc0, 0x78, 0xf, 0x81, 0xbf,
    0xf0,

    /* U+067B "ٻ" */
    0x0, 0x60, 0xf, 0x1, 0xe0, 0x3c, 0x7, 0x80,
    0xf0, 0x1b, 0xff, 0x0, 0x0, 0xc0, 0x0, 0x0,
    0x0, 0x60,

    /* U+067C "ټ" */
    0x1b, 0x0, 0xc, 0x1, 0x80, 0x3c, 0x7, 0x80,
    0xf0, 0x1e, 0x3, 0xe0, 0x6f, 0xfc, 0x24, 0x7,
    0x80,

    /* U+067D "ٽ" */
    0x1b, 0x0, 0x0, 0x0, 0x6, 0x0, 0x6, 0x0,
    0xf0, 0x1e, 0x3, 0xc0, 0x78, 0xf, 0x81, 0xbf,
    0xf0,

    /* U+067E "پ" */
    0x0, 0x60, 0xf, 0x1, 0xe0, 0x3c, 0x7, 0x80,
    0xf0, 0x1b, 0xff, 0x0, 0x0, 0x0, 0x6c, 0x0,
    0x0, 0x60,

    /* U+067F "ٿ" */
    0x1e, 0x0, 0x0, 0x0, 0xf, 0x0, 0x6, 0x0,
    0xf0, 0x1e, 0x3, 0xc0, 0x78, 0xf, 0x81, 0xbf,
    0xf0,

    /* U+0680 "ڀ" */
    0x0, 0x60, 0xf, 0x1, 0xe0, 0x3c, 0x7, 0x80,
    0xf0, 0x1b, 0xff, 0x0, 0x0, 0x0, 0x6c, 0x0,
    0x1, 0xb0,

    /* U+0681 "ځ" */
    0x38, 0x10, 0xe, 0x0, 0x0, 0x7, 0xe1, 0x18,
    0xc, 0x2, 0x1, 0x83, 0xc7, 0xf7, 0x17, 0x3,
    0x1, 0x80, 0xe0, 0x3f, 0x0,

    /* U+0682 "ڂ" */
    0x30, 0x0, 0x0, 0x0, 0x3, 0x0, 0x0, 0x1,
    0xf0, 0xc, 0x3, 0x1, 0x80, 0xc0, 0xf1, 0xf9,
    0xc5, 0xc0, 0xc0, 0x60, 0x30, 0xf, 0x80,

    /* U+0683 "ڃ" */
    0xfc, 0x7, 0x1, 0x80, 0xc0, 0x70, 0xf8, 0xee,
    0xc2, 0xc0, 0x60, 0x33, 0x7e, 0x6, 0x0,

    /* U+0684 "ڄ" */
    0xfc, 0x3, 0x1, 0x80, 0x60, 0x30, 0xfd, 0xe7,
    0xc0, 0xc3, 0x60, 0x38, 0xe, 0x60, 0x30,

    /* U+0685 "څ" */
    0x18, 0x0, 0x0, 0xd, 0x80, 0x0, 0x3, 0xf1,
    0xc, 0x6, 0x1, 0x0, 0xc1, 0xe3, 0xfb, 0x8b,
    0x81, 0x80, 0xc0, 0x70, 0xf, 0x80,

    /* U+0686 "چ" */
    0xfc, 0x3, 0x1, 0x80, 0x40, 0x30, 0x78, 0xfe,
    0xe2, 0xc0, 0x66, 0xf0, 0x18, 0x6, 0x30,

    /* U+0687 "ڇ" */
    0xfc, 0x3, 0x0, 0x80, 0x40, 0x30, 0x78, 0xfe,
    0xe0, 0xc0, 0x63, 0xf0, 0xe, 0xf0, 0x78,

    /* U+0688 "ڈ" */
    0x40, 0xe1, 0x43, 0x80, 0x0, 0x8, 0x1c, 0x18,
    0x18, 0x30, 0x20, 0x60, 0xff, 0x80,

    /* U+0689 "ډ" */
    0x30, 0x70, 0x30, 0x20, 0x40, 0x40, 0xff, 0x24,
    0x78,

    /* U+068A "ڊ" */
    0x30, 0x70, 0x70, 0x60, 0x40, 0xc1, 0xff, 0x0,
    0x0, 0x60,

    /* U+068B "ڋ" */
    0x40, 0xe1, 0x43, 0x80, 0x0, 0x8, 0x1c, 0x18,
    0x18, 0x30, 0x20, 0x60, 0xff, 0x80, 0x0, 0x30,

    /* U+068C "ڌ" */
    0xd8, 0x0, 0x1, 0x3, 0x7, 0x7, 0x6, 0x4,
    0xc, 0x1f, 0xf0,

    /* U+068D "ڍ" */
    0x20, 0xf0, 0x60, 0x60, 0xc0, 0xc1, 0xff, 0x0,
    0x1, 0xb0,

    /* U+068E "ڎ" */
    0x60, 0x0, 0x6, 0xc0, 0x0, 0x8, 0x3c, 0x38,
    0x38, 0x30, 0x20, 0x60, 0xff, 0x80,

    /* U+068F "ڏ" */
    0xd8, 0x1, 0x80, 0x0, 0x6, 0x1e, 0x1c, 0x1c,
    0x18, 0x10, 0x30, 0x7f, 0xc0,

    /* U+0690 "ڐ" */
    0xd8, 0x0, 0x6, 0xc0, 0x0, 0xc, 0x1c, 0x18,
    0x18, 0x30, 0x20, 0x60, 0xff, 0x80,

    /* U+0691 "ڑ" */
    0x10, 0x38, 0x50, 0xf0, 0x0, 0x3, 0x6, 0xc,
    0x18, 0x30, 0x60, 0xc1, 0x83, 0x6, 0x19, 0xf0,

    /* U+0692 "ڒ" */
    0x32, 0x2c, 0x30, 0x60, 0x1, 0x83, 0x6, 0xc,
    0x18, 0x30, 0x60, 0xc1, 0x83, 0x6, 0xf8,

    /* U+0693 "ړ" */
    0xc, 0x18, 0x30, 0x60, 0xc1, 0x83, 0x6, 0xc,
    0x18, 0x33, 0xf1, 0x23, 0xc0,

    /* U+0694 "ڔ" */
    0x18, 0xc6, 0x31, 0x8c, 0x63, 0x18, 0xfc, 0x0,
    0x1, 0x80,

    /* U+0695 "ڕ" */
    0xc, 0x30, 0xc3, 0xc, 0x30, 0xc3, 0xc, 0x30,
    0xfe, 0x3, 0x65, 0x1c, 0x20,

    /* U+0696 "ږ" */
    0xc, 0x30, 0xc3, 0xc, 0x30, 0xdb, 0xd, 0x3f,
    0x80, 0x0, 0x3, 0x0,

    /* U+0697 "ڗ" */
    0x36, 0x0, 0x0, 0xc1, 0x83, 0x6, 0xc, 0x18,
    0x30, 0x60, 0xc1, 0x9e, 0x0,

    /* U+0698 "ژ" */
    0x18, 0x0, 0x1, 0xb0, 0x0, 0x6, 0xc, 0x18,
    0x30, 0x60, 0xc1, 0x83, 0x6, 0xc, 0xf0,

    /* U+0699 "ڙ" */
    0x3c, 0x0, 0xf, 0x0, 0x1, 0x86, 0x18, 0x61,
    0x86, 0x18, 0x61, 0x86, 0x1b, 0xc0,

    /* U+069A "ښ" */
    0x0, 0xc, 0x0, 0x0, 0xc, 0x0, 0x1, 0x80,
    0xc6, 0x30, 0x18, 0xc6, 0x3, 0x18, 0xf0, 0x63,
    0x1e, 0xc, 0x63, 0xc1, 0x8e, 0x78, 0x3f, 0x7f,
    0x6, 0x0, 0x31, 0xc0, 0x3, 0xf0, 0x60,

    /* U+069B "ڛ" */
    0x0, 0x0, 0x60, 0x31, 0x8c, 0x6, 0x31, 0x80,
    0xc6, 0x3c, 0x18, 0xc7, 0x83, 0x18, 0xf0, 0x63,
    0x9e, 0xf, 0xff, 0xc1, 0x80, 0xc, 0x70, 0x0,
    0xfc, 0x3c, 0x0, 0x0, 0x0, 0x0, 0x60,

    /* U+069C "ڜ" */
    0x0, 0xc, 0x0, 0x0, 0x0, 0x0, 0x6c, 0x0,
    0x0, 0x30, 0x0, 0x6, 0x3, 0x18, 0xc0, 0x63,
    0x18, 0xc, 0x63, 0xc1, 0x8c, 0x78, 0x31, 0x8f,
    0x6, 0x39, 0xe0, 0xff, 0xfc, 0x18, 0x0, 0xc7,
    0x0, 0xf, 0xc3, 0xc0, 0x0, 0x0, 0x0, 0x6,
    0x0,

    /* U+069D "ڝ" */
    0x1, 0x9f, 0x0, 0x6c, 0x60, 0x1e, 0xc, 0x7,
    0x3, 0xc1, 0x80, 0xf0, 0x60, 0x3c, 0x18, 0xf,
    0x7, 0xff, 0xc1, 0x80, 0x18, 0xe0, 0x3, 0xe3,
    0xc0,

    /* U+069E "ڞ" */
    0x0, 0x18, 0x0, 0x0, 0x0, 0x3, 0x60, 0x0,
    0x0, 0x0, 0x0, 0x0, 0x0, 0x0, 0x19, 0xf0,
    0x6, 0xc6, 0x1, 0xe0, 0xc0, 0x70, 0x3c, 0x18,
    0xf, 0x6, 0x3, 0xc1, 0x80, 0xf0, 0x7f, 0xfc,
    0x18, 0x1, 0x8e, 0x0, 0x3e, 0x0, 0x0,

    /* U+069F "ڟ" */
    0x0, 0xc3, 0x0, 0x33, 0x63, 0x0, 0x30, 0x3,
    0x3c, 0x34, 0x63, 0x83, 0x38, 0x33, 0x3, 0x30,
    0x33, 0x3, 0xff, 0xf0,

    /* U+06A0 "ڠ" */
    0x18, 0x0, 0x0, 0x36, 0x0, 0x0, 0x1f, 0x30,
    0x60, 0x60, 0x60, 0x6e, 0x3e, 0x70, 0xe0, 0xc0,
    0xc0, 0xe0, 0x3e,

    /* U+06A1 "ڡ" */
    0x0, 0x7c, 0x3, 0x3c, 0x18, 0xf0, 0x63, 0xc1,
    0x8f, 0x6, 0x3e, 0x1c, 0xdf, 0xff,

    /* U+06A2 "ڢ" */
    0x0, 0x7c, 0x3, 0x3c, 0x18, 0xf0, 0x63, 0xc1,
    0x8f, 0x6, 0x3e, 0x1c, 0xdf, 0xff, 0x0, 0x0,
    0x0, 0x0, 0x3, 0x0,

    /* U+06A3 "ڣ" */
    0x0, 0x30, 0x0, 0x0, 0x0, 0x0, 0x1f, 0x0,
    0xcf, 0x6, 0x3c, 0x18, 0xf0, 0x63, 0xc1, 0x8f,
    0x87, 0x37, 0xff, 0xc0, 0x0, 0x0, 0x0, 0x0,
    0xc0,

    /* U+06A4 "ڤ" */
    0x0, 0x30, 0x0, 0x0, 0x7, 0x80, 0x0, 0x0,
    0x0, 0x1, 0xf0, 0xc, 0xf0, 0x63, 0xc1, 0x8f,
    0x6, 0x3c, 0x18, 0xf8, 0x33, 0x7f, 0xfc,

    /* U+06A5 "ڥ" */
    0x0, 0x7c, 0x3, 0x3c, 0x18, 0xf0, 0x63, 0xc1,
    0x8f, 0x6, 0x3e, 0xc, 0xdf, 0xff, 0x0, 0x0,
    0x0, 0x0, 0x6, 0xc0, 0x0, 0x0, 0x30,

    /* U+06A6 "ڦ" */
    0x0, 0x78, 0x0, 0x0, 0x7, 0x80, 0x0, 0x0,
    0x0, 0x1, 0xf0, 0xc, 0xf0, 0x63, 0xc1, 0x8f,
    0x6, 0x3c, 0x18, 0xf8, 0x33, 0x7f, 0xfc,

    /* U+06A7 "ڧ" */
    0x1, 0x80, 0x0, 0x0, 0x0, 0x0, 0x0, 0x1f,
    0x81, 0x8c, 0x18, 0x60, 0xc3, 0xc6, 0x1e, 0x30,
    0xf0, 0xc7, 0x83, 0xfc, 0x1, 0xb0, 0x18, 0xff,
    0x80,

    /* U+06A8 "ڨ" */
    0x1, 0x80, 0x0, 0x0, 0xd8, 0x0, 0x0, 0x0,
    0x0, 0x0, 0x7, 0xe0, 0x63, 0x6, 0x18, 0x30,
    0xf1, 0x87, 0x8c, 0x3c, 0x31, 0xe0, 0xff, 0x0,
    0x6c, 0x6, 0x3f, 0xe0,

    /* U+06A9 "ک" */
    0x0, 0x60, 0x1e, 0x3, 0x80, 0x70, 0x6, 0x0,
    0xfc, 0x0, 0x6c, 0x3, 0xc0, 0x3c, 0x3, 0xc0,
    0x3c, 0x3, 0x7f, 0xf0,

    /* U+06AA "ڪ" */
    0x0, 0xc0, 0x0, 0xe0, 0x0, 0xe0, 0x0, 0xc0,
    0x0, 0xc0, 0x0, 0x7f, 0xf0, 0x0, 0xe, 0x0,
    0x3, 0x0, 0x1, 0xbf, 0xff, 0xc0,

    /* U+06AB "ګ" */
    0x0, 0x60, 0xe, 0x3, 0xe0, 0x32, 0x7, 0xe0,
    0xc0, 0xf, 0xc0, 0x6, 0xc0, 0x3c, 0x3, 0xc0,
    0x3c, 0x3, 0x7f, 0xf0,

    /* U+06AC "ڬ" */
    0x0, 0x60, 0xcc, 0x1, 0x81, 0x30, 0x46, 0x6,
    0xf3, 0xde, 0x3, 0xc0, 0x78, 0xf, 0x1, 0xbf,
    0xf0,

    /* U+06AD "ڭ" */
    0x6, 0x0, 0xc, 0x3d, 0x80, 0x30, 0x26, 0x8,
    0xc3, 0xde, 0x7b, 0xc0, 0x78, 0xf, 0x1, 0xe0,
    0x37, 0xfe,

    /* U+06AE "ڮ" */
    0x0, 0x60, 0xc, 0x1, 0x80, 0x30, 0xc6, 0x1c,
    0xf3, 0x9e, 0x3, 0xc0, 0x78, 0xf, 0x1, 0xbf,
    0xf0, 0x0, 0x0, 0x0, 0x0, 0xd8, 0x0, 0x1,
    0x80,

    /* U+06AF "گ" */
    0x0, 0xc0, 0x38, 0x6, 0x60, 0xde, 0xb, 0x80,
    0x70, 0x6, 0x0, 0xfc, 0x0, 0x6c, 0x3, 0xc0,
    0x3c, 0x3, 0xc0, 0x3c, 0x3, 0x7f, 0xf0,

    /* U+06B0 "ڰ" */
    0x0, 0xc0, 0x38, 0x6, 0x60, 0xce, 0x1b, 0xe0,
    0x32, 0x7, 0xe0, 0xc0, 0xf, 0xc0, 0x6, 0xc0,
    0x3c, 0x3, 0xc0, 0x3c, 0x3, 0x7f, 0xf0,

    /* U+06B1 "ڱ" */
    0xc, 0xc3, 0x1a, 0x6, 0xe0, 0xdc, 0x13, 0x80,
    0x70, 0xe, 0x0, 0xfc, 0x0, 0x6c, 0x3, 0xc0,
    0x3c, 0x3, 0xc0, 0x3c, 0x3, 0x7f, 0xf0,

    /* U+06B2 "ڲ" */
    0x0, 0xc0, 0x38, 0x6, 0x60, 0xde, 0xb, 0x80,
    0x70, 0xe, 0x0, 0xfc, 0x0, 0x6c, 0x3, 0xc0,
    0x3c, 0x3, 0xc0, 0x3c, 0x3, 0x7f, 0xf0, 0x0,
    0x0, 0x1, 0xb0,

    /* U+06B3 "ڳ" */
    0x0, 0xc0, 0x38, 0x6, 0x60, 0xde, 0x1b, 0x80,
    0x70, 0xc, 0x0, 0xfc, 0x0, 0x6c, 0x3, 0xc0,
    0x3c, 0x3, 0xc0, 0x3c, 0x3, 0x7f, 0xf0, 0x0,
    0x0, 0x0, 0xc0, 0x0, 0x0, 0x0, 0xc, 0x0,

    /* U+06B4 "ڴ" */
    0x20, 0x0, 0xcc, 0x33, 0x20, 0x6e, 0x9, 0xc1,
    0x38, 0x7, 0x0, 0xe0, 0xf, 0xc0, 0x6, 0xc0,
    0x3c, 0x3, 0xc0, 0x3c, 0x3, 0xc0, 0x37, 0xff,

    /* U+06B5 "ڵ" */
    0x2, 0x40, 0xf0, 0x18, 0x6, 0x1, 0x80, 0x60,
    0x18, 0x6, 0x1, 0x80, 0x60, 0x18, 0x6, 0x61,
    0xb0, 0x6c, 0x1b, 0x6, 0xc1, 0xb0, 0x66, 0x30,
    0xf8,

    /* U+06B6 "ڶ" */
    0x1, 0x80, 0x0, 0x0, 0x30, 0x18, 0xc, 0x6,
    0x3, 0x1, 0x80, 0xc0, 0x6c, 0x3c, 0x1e, 0xf,
    0x7, 0x83, 0xc1, 0xb1, 0x8f, 0x80,

    /* U+06B7 "ڷ" */
    0x1, 0x80, 0x0, 0xd, 0x80, 0x0, 0x0, 0x3,
    0x0, 0x60, 0xc, 0x1, 0x80, 0x30, 0x6, 0x0,
    0xc0, 0x18, 0xc3, 0x30, 0x66, 0xc, 0xc1, 0x98,
    0x33, 0x6, 0x31, 0x83, 0xe0,

    /* U+06B8 "ڸ" */
    0x1, 0x80, 0xc0, 0x60, 0x30, 0x18, 0xc, 0x6,
    0x3, 0x61, 0xe0, 0xf0, 0x78, 0x3c, 0x1e, 0xd,
    0x8c, 0x7c, 0x0, 0x0, 0x0, 0x6, 0xc0, 0x0,
    0x60,

    /* U+06B9 "ڹ" */
    0x18, 0x0, 0xc0, 0x60, 0x30, 0x1a, 0xf, 0x7,
    0x83, 0xc1, 0xe0, 0xf0, 0x6c, 0x63, 0xe0, 0x0,
    0x0, 0x0, 0x18, 0x0,

    /* U+06BA "ں" */
    0x1, 0x80, 0xc0, 0x60, 0x34, 0x1e, 0xf, 0x7,
    0x83, 0xc1, 0xe0, 0xd8, 0xc7, 0xc0,

    /* U+06BB "ڻ" */
    0x10, 0xe, 0x5, 0x3, 0x80, 0x18, 0xc, 0x6,
    0x3, 0xe1, 0xe0, 0xf0, 0x78, 0x3c, 0x1b, 0x18,
    0xf8,

    /* U+06BC "ڼ" */
    0x18, 0x0, 0xc0, 0x60, 0x30, 0x1a, 0xf, 0x7,
    0x83, 0xc1, 0xe0, 0xf0, 0x6c, 0x63, 0xe0, 0x90,
    0x48, 0x3c,

    /* U+06BD "ڽ" */
    0x18, 0x0, 0xd, 0x80, 0x30, 0x18, 0xc, 0x6,
    0x83, 0xc1, 0xe0, 0xf0, 0x78, 0x3c, 0x1b, 0x18,
    0xf8,

    /* U+06BE "ھ" */
    0x3f, 0x82, 0xe, 0x0, 0x61, 0xc3, 0x32, 0x36,
    0x33, 0x63, 0x36, 0x33, 0x73, 0x3f, 0xff,

    /* U+06BF "ڿ" */
    0x30, 0x0, 0x0, 0x1f, 0x80, 0x60, 0x30, 0x8,
    0x6, 0xf, 0x1f, 0xdc, 0x58, 0xc, 0xde, 0x3,
    0x0, 0xc6,

    /* U+06C0 "ۀ" */
    0x38, 0x38, 0x0, 0x0, 0x3c, 0x66, 0xc3, 0xc3,
    0xc3, 0xc3, 0x67, 0x3c,

    /* U+06C1 "ہ" */
    0x3c, 0x66, 0xc3, 0xc3, 0xc3, 0xc3, 0x67, 0x3c,

    /* U+06C2 "ۂ" */
    0x38, 0x38, 0x0, 0x0, 0x3c, 0x66, 0xc3, 0xc3,
    0xc3, 0xc3, 0x67, 0x3c,

    /* U+06C3 "ۃ" */
    0x6c, 0x0, 0x0, 0x0, 0x3c, 0x66, 0xc3, 0xc3,
    0xc3, 0xc3, 0x67, 0x3c,

    /* U+06C4 "ۄ" */
    0x3e, 0xcf, 0x1e, 0x3c, 0x78, 0xf9, 0xbf, 0x1e,
    0x4c, 0x98, 0xe1, 0x80, 0x0,

    /* U+06C5 "ۅ" */
    0x3e, 0xcf, 0x1e, 0x3c, 0x78, 0xf9, 0xbf, 0x6,
    0xfc, 0x30, 0xe0, 0x80,

    /* U+06C6 "ۆ" */
    0x26, 0x68, 0x60, 0xc0, 0x7, 0xd9, 0xe3, 0xc7,
    0x8f, 0x1f, 0x37, 0xe0, 0xc3, 0x7c,

    /* U+06C7 "ۇ" */
    0x0, 0x18, 0x30, 0x40, 0x0, 0xf, 0xb3, 0xc7,
    0x8f, 0x1e, 0x3e, 0x6f, 0xc1, 0x86, 0xf8,

    /* U+06C8 "ۈ" */
    0x10, 0x20, 0x40, 0x3, 0xec, 0xf1, 0xe3, 0xc7,
    0x8f, 0x9b, 0xf0, 0x61, 0xbe, 0x0,

    /* U+06C9 "ۉ" */
    0x8, 0x30, 0xd1, 0x20, 0x7, 0xd9, 0xe3, 0xc7,
    0x8f, 0x1f, 0x37, 0xe0, 0xc3, 0x7c,

    /* U+06CA "ۊ" */
    0x36, 0x0, 0x0, 0x3, 0xec, 0xf1, 0xe3, 0xc7,
    0x8f, 0x9b, 0xf0, 0x61, 0xbe, 0x0,

    /* U+06CB "ۋ" */
    0x18, 0x0, 0xd8, 0x0, 0x0, 0xf, 0xb3, 0xc7,
    0x8f, 0x1e, 0x3e, 0x6f, 0xc1, 0x86, 0xf8,

    /* U+06CC "ی" */
    0x0, 0xf0, 0x18, 0x2, 0x0, 0x60, 0x7, 0xc,
    0x78, 0xc3, 0xcc, 0xe, 0xc0, 0x6e, 0x6, 0x7f,
    0x80,

    /* U+06CD "ۍ" */
    0x0, 0x1e, 0x0, 0x60, 0x1, 0x0, 0xc6, 0x7,
    0x8e, 0x1b, 0x1e, 0x6, 0x1e, 0xc, 0xe, 0x18,
    0xc, 0x38, 0x18, 0x3f, 0xc0,

    /* U+06CE "ێ" */
    0xd8, 0x5, 0x0, 0x50, 0xf2, 0x18, 0x2, 0x0,
    0x60, 0x7, 0xc, 0x78, 0xc3, 0xcc, 0xe, 0xc0,
    0x6e, 0x6, 0x7f, 0x80,

    /* U+06CF "ۏ" */
    0x18, 0x0, 0x0, 0x3, 0xec, 0xf1, 0xe3, 0xc7,
    0x8f, 0x9b, 0xf0, 0x61, 0xbe, 0x0,

    /* U+06D0 "ې" */
    0x0, 0xf0, 0x18, 0x2, 0x0, 0x60, 0x7, 0xc,
    0x78, 0xc3, 0xcc, 0xe, 0xc0, 0x6e, 0x6, 0x7f,
    0x80, 0x0, 0x0, 0x0, 0xc0, 0x0, 0x0, 0x0,
    0x0, 0x0, 0xc0,

    /* U+06D1 "ۑ" */
    0x0, 0xf0, 0x18, 0x2, 0x0, 0x60, 0x7, 0xc,
    0x78, 0xc3, 0xcc, 0xe, 0xc0, 0x6e, 0x6, 0x7f,
    0x80, 0x0, 0x0, 0x0, 0x0, 0x1b, 0x0, 0x0,
    0x0, 0x0, 0xc0,

    /* U+06D2 "ے" */
    0x3, 0x0, 0x60, 0xc, 0x7, 0x7, 0xc1, 0xe0,
    0x30, 0x6, 0x0, 0x7f, 0xe0,

    /* U+06D3 "ۓ" */
    0x1c, 0x2, 0x0, 0x70, 0x0, 0x0, 0x0, 0x6,
    0x0, 0xc0, 0x70, 0x3c, 0x1e, 0x3, 0x0, 0x60,
    0x7, 0xfe,

    /* U+06D4 "۔" */
    0xe0,

    /* U+06D5 "ە" */
    0x3c, 0x66, 0xc3, 0xc3, 0xc3, 0xc3, 0x67, 0x3c,

    /* U+06D6 "ۖ" */
    0x20, 0x2f, 0x29, 0x29, 0xff, 0xfc,

    /* U+06D7 "ۗ" */
    0x2c, 0x4c, 0xa9, 0x5f, 0xff, 0x80,

    /* U+06D8 "ۘ" */
    0x39, 0x7e,

    /* U+06D9 "ۙ" */
    0x15, 0x55, 0xf0,

    /* U+06DA "ۚ" */
    0xe2, 0x7c, 0xe0,

    /* U+06DB "ۛ" */
    0x60, 0xf0,

    /* U+06DC "ۜ" */
    0x1, 0x15, 0x95, 0x9f, 0xf0,

    /* U+06DD "۝" */
    0x3, 0xe0, 0xe, 0xe, 0x7, 0xff, 0x4, 0x0,
    0x44, 0x0, 0x12, 0x0, 0xa, 0x0, 0x3, 0x0,
    0x1, 0x80, 0x0, 0xc0, 0x0, 0x60, 0x0, 0x38,
    0x0, 0x34, 0x0, 0x13, 0x0, 0x18, 0xe0, 0x38,
    0x2f, 0xf8, 0x1c, 0x1c, 0x1, 0xf0, 0x0,

    /* U+06DE "۞" */
    0x1, 0x80, 0x2, 0x40, 0x3f, 0xfc, 0x28, 0x14,
    0x30, 0xc, 0x20, 0x4, 0x61, 0x86, 0xa2, 0x45,
    0xa2, 0x45, 0x61, 0x86, 0x20, 0x4, 0x30, 0xc,
    0x28, 0x14, 0x3f, 0xfc, 0x2, 0x40, 0x1, 0x80,

    /* U+06DF "۟" */
    0xf7, 0x80,

    /* U+06E0 "۠" */
    0xf6, 0xf0,

    /* U+06E1 "ۡ" */
    0xef, 0x0,

    /* U+06E2 "ۢ" */
    0x75, 0xf8, 0x80,

    /* U+06E3 "ۣ" */
    0x1, 0x15, 0x95, 0x9f, 0xf0,

    /* U+06E4 "ۤ" */
    0x6c, 0xc0,

    /* U+06E5 "ۥ" */
    0xf6, 0xbe,

    /* U+06E6 "ۦ" */
    0x22, 0xcf,

    /* U+06E7 "ۧ" */
    0x22, 0xcf,

    /* U+06E8 "ۨ" */
    0x49, 0x9f,

    /* U+06E9 "۩" */
    0xc, 0x4, 0x83, 0xd1, 0xaa, 0xb5, 0xd4, 0xa3,
    0x30, 0xcc, 0x33, 0xc, 0xc3, 0xf1, 0x7a, 0x7f,
    0x80,

    /* U+06EA "۪" */
    0x57, 0x0,

    /* U+06EB "۫" */
    0x56, 0xa0,

    /* U+06EC "۬" */
    0xc0,

    /* U+06ED "ۭ" */
    0x75, 0xf8, 0x80,

    /* U+06EE "ۮ" */
    0x20, 0xc1, 0x44, 0x80, 0x4, 0xc, 0x1c, 0x1c,
    0x18, 0x30, 0x30, 0x7f, 0xc0,

    /* U+06EF "ۯ" */
    0x8, 0x18, 0x58, 0x90, 0x1, 0x83, 0x6, 0xc,
    0x18, 0x30, 0x60, 0xc1, 0x83, 0x6, 0xf8,

    /* U+06F0 "۰" */
    0xc, 0xe6, 0x0,

    /* U+06F1 "۱" */
    0xff, 0xff, 0xfc,

    /* U+06F2 "۲" */
    0xff, 0x81, 0x83, 0x7, 0x6, 0xc, 0x1c, 0x18,
    0x30,

    /* U+06F3 "۳" */
    0xed, 0xb6, 0xdb, 0x6f, 0xe3, 0x1, 0x80, 0xe0,
    0x30, 0x18, 0xe, 0x3, 0x0,

    /* U+06F4 "۴" */
    0xdc, 0xdb, 0xfb, 0x7e, 0x60, 0x60, 0x30, 0x30,
    0x38, 0x18, 0x18,

    /* U+06F5 "۵" */
    0x1c, 0x26, 0x66, 0x42, 0xc3, 0xc3, 0xc3, 0xc3,
    0xdb, 0xdb, 0x7e,

    /* U+06F6 "۶" */
    0x7f, 0xc, 0x30, 0xe5, 0xf3, 0x8c, 0x63, 0x8c,
    0x0,

    /* U+06F7 "۷" */
    0x63, 0xb1, 0x98, 0xcc, 0x63, 0x71, 0xb0, 0xd8,
    0x6c, 0x1c, 0xe, 0x7, 0x0,

    /* U+06F8 "۸" */
    0x1c, 0xe, 0x7, 0x6, 0xc3, 0x61, 0xb0, 0xdc,
    0xc6, 0x63, 0x31, 0x98, 0xe0,

    /* U+06F9 "۹" */
    0x79, 0x9b, 0x1e, 0x3c, 0x7c, 0xdf, 0x83, 0x6,
    0xc, 0x18,

    /* U+06FA "ۺ" */
    0x0, 0xc, 0x0, 0x0, 0x0, 0x0, 0x6c, 0x0,
    0x0, 0x30, 0x0, 0x6, 0x3, 0x18, 0xc0, 0x63,
    0x18, 0xc, 0x63, 0xc1, 0x8c, 0x78, 0x31, 0x8f,
    0x6, 0x39, 0xe0, 0xff, 0xfc, 0x18, 0x0, 0xc7,
    0x0, 0xf, 0xc1, 0x80,

    /* U+06FB "ۻ" */
    0x0, 0x18, 0x0, 0x0, 0x0, 0x0, 0x0, 0x0,
    0x0, 0x1, 0x9f, 0x0, 0x6c, 0x60, 0x1e, 0xc,
    0x7, 0x3, 0xc1, 0x80, 0xf0, 0x60, 0x3c, 0x18,
    0xf, 0x7, 0xff, 0xc1, 0x80, 0x18, 0xe0, 0x3,
    0xe1, 0x80,

    /* U+06FC "ۼ" */
    0x18, 0x0, 0x0, 0xf3, 0xc, 0x18, 0x30, 0x64,
    0x7d, 0xe7, 0xd, 0x98, 0x30, 0x3f,

    /* U+06FD "۽" */
    0x3f, 0x9c, 0x30, 0xc1, 0xfc, 0x0, 0x28, 0xa2,
    0x80,

    /* U+06FE "۾" */
    0x1f, 0x19, 0xcc, 0x66, 0x33, 0x19, 0x99, 0xf9,
    0x80, 0xca, 0x65, 0x32, 0x98, 0xc, 0x0,

    /* U+06FF "ۿ" */
    0x4, 0x0, 0xc0, 0x1a, 0x1, 0x20, 0x0, 0x0,
    0x0, 0x3f, 0x82, 0xe, 0x0, 0x61, 0xc3, 0x32,
    0x36, 0x33, 0x63, 0x36, 0x33, 0x73, 0x3f, 0xff,

    /* U+FB50 "ﭐ" */
    0x75, 0xf0, 0x66, 0x66, 0x66, 0x66, 0x66, 0x60,

    /* U+FB51 "ﭑ" */
    0x67, 0x80, 0x6, 0x31, 0x8c, 0x63, 0x18, 0xc6,
    0x31, 0x8f,

    /* U+FB52 "ﭒ" */
    0x0, 0x60, 0xf, 0x1, 0xe0, 0x3c, 0x7, 0x80,
    0xf0, 0x1b, 0xff, 0x0, 0x0, 0xc0, 0x0, 0x0,
    0x0, 0x60,

    /* U+FB53 "ﭓ" */
    0x0, 0x60, 0x3, 0x30, 0x19, 0x80, 0xcc, 0x6,
    0x60, 0x33, 0x1, 0x8f, 0xff, 0x0, 0x0, 0x0,
    0x3, 0x0, 0x0, 0x0, 0x0, 0x6, 0x0,

    /* U+FB54 "ﭔ" */
    0x33, 0x33, 0x33, 0x3f, 0x0, 0x60, 0x6,

    /* U+FB55 "ﭕ" */
    0x30, 0xc3, 0xc, 0x30, 0xc3, 0x3f, 0x0, 0x3,
    0x0, 0x0, 0xc0,

    /* U+FB56 "ﭖ" */
    0x0, 0x60, 0xf, 0x1, 0xe0, 0x3c, 0x7, 0x80,
    0xf0, 0x1b, 0xff, 0x0, 0x0, 0x0, 0x6c, 0x0,
    0x0, 0x60,

    /* U+FB57 "ﭗ" */
    0x0, 0x60, 0x3, 0x30, 0x19, 0x80, 0xcc, 0x6,
    0x60, 0x33, 0x1, 0x8f, 0xff, 0x0, 0x0, 0x0,
    0x0, 0x0, 0x36, 0x0, 0x0, 0x6, 0x0,

    /* U+FB58 "ﭘ" */
    0x18, 0x61, 0x86, 0x18, 0x61, 0xbe, 0x0, 0x0,
    0x1b, 0x0, 0xc0,

    /* U+FB59 "ﭙ" */
    0x30, 0x60, 0xc1, 0x83, 0x6, 0xc, 0x7f, 0x0,
    0x0, 0x3, 0x60, 0x6, 0x0,

    /* U+FB5A "ﭚ" */
    0x0, 0x60, 0xf, 0x1, 0xe0, 0x3c, 0x7, 0x80,
    0xf0, 0x1b, 0xff, 0x0, 0x0, 0x0, 0x6c, 0x0,
    0x1, 0xb0,

    /* U+FB5B "ﭛ" */
    0x0, 0x60, 0x3, 0x30, 0x19, 0x80, 0xcc, 0x6,
    0x60, 0x33, 0x1, 0x8f, 0xff, 0x0, 0x0, 0x0,
    0x7, 0x80, 0x0, 0x0, 0x0, 0xf, 0x0,

    /* U+FB5C "ﭜ" */
    0x18, 0xc6, 0x31, 0x8c, 0x7f, 0x0, 0x1e, 0x0,
    0x3c,

    /* U+FB5D "ﭝ" */
    0x18, 0x30, 0x60, 0xc1, 0x83, 0x6, 0x7f, 0x0,
    0x1, 0xe0, 0x0, 0xf, 0x0,

    /* U+FB5E "ﭞ" */
    0xc, 0x0, 0x0, 0x0, 0x6, 0x0, 0x6, 0x0,
    0xf0, 0x1e, 0x3, 0xc0, 0x78, 0xf, 0x81, 0xbf,
    0xf0,

    /* U+FB5F "ﭟ" */
    0xc, 0x0, 0x0, 0x0, 0x0, 0x18, 0xc0, 0x6,
    0x60, 0x33, 0x1, 0x98, 0xc, 0xc0, 0x67, 0x3,
    0x1f, 0xfe,

    /* U+FB60 "ﭠ" */
    0x18, 0x0, 0x6, 0x0, 0x0, 0xc3, 0xc, 0x30,
    0xc3, 0xf, 0xf0,

    /* U+FB61 "ﭡ" */
    0x30, 0x0, 0xc0, 0x0, 0x3, 0x6, 0xc, 0x18,
    0x30, 0x60, 0xc1, 0x9f, 0xc0,

    /* U+FB62 "ﭢ" */
    0x1e, 0x0, 0x0, 0x0, 0xf, 0x0, 0x6, 0x0,
    0xf0, 0x1e, 0x3, 0xc0, 0x78, 0xf, 0x81, 0xbf,
    0xf0,

    /* U+FB63 "ﭣ" */
    0x1b, 0x0, 0x0, 0x0, 0x0, 0x36, 0xc0, 0x6,
    0x60, 0x33, 0x1, 0x98, 0xc, 0xc0, 0x63, 0xff,
    0xc0,

    /* U+FB64 "ﭤ" */
    0x3c, 0x0, 0xf, 0x0, 0x0, 0xc3, 0xc, 0x30,
    0xc3, 0xf, 0xf0,

    /* U+FB65 "ﭥ" */
    0x78, 0x1, 0xe0, 0x0, 0x3, 0x6, 0xc, 0x18,
    0x30, 0x60, 0xc1, 0x9f, 0xc0,

    /* U+FB66 "ﭦ" */
    0x10, 0x3, 0x80, 0x48, 0xf, 0x0, 0x6, 0x0,
    0xc0, 0x1e, 0x3, 0xc0, 0x78, 0xf, 0x1, 0xbf,
    0xf0,

    /* U+FB67 "ﭧ" */
    0x8, 0x0, 0x40, 0x3, 0x80, 0x14, 0x0, 0xe6,
    0x0, 0x33, 0x1, 0x98, 0xc, 0xc0, 0x66, 0x3,
    0x1f, 0xfe,

    /* U+FB68 "ﭨ" */
    0x47, 0x57, 0x0, 0x33, 0x33, 0x33, 0x3f,

    /* U+FB69 "ﭩ" */
    0x40, 0xf1, 0x23, 0xc0, 0x0, 0x6, 0xc, 0x18,
    0x30, 0x60, 0xc1, 0x9f, 0xc0,

    /* U+FB6A "ﭪ" */
    0x0, 0x30, 0x0, 0x0, 0x7, 0x80, 0x0, 0x0,
    0x0, 0x1, 0xf0, 0xc, 0xf0, 0x63, 0xc1, 0x8f,
    0x6, 0x3c, 0x18, 0xf8, 0x33, 0x7f, 0xfc,

    /* U+FB6B "ﭫ" */
    0x0, 0x30, 0x0, 0x0, 0x0, 0x36, 0x0, 0x0,
    0x0, 0x0, 0x0, 0x0, 0x0, 0x1, 0xf0, 0x1,
    0x98, 0xc1, 0x8c, 0x60, 0xc6, 0x30, 0x63, 0x18,
    0x31, 0x8e, 0x1c, 0xc3, 0xff, 0xfc,

    /* U+FB6C "ﭬ" */
    0xc, 0x0, 0x6, 0xc0, 0x0, 0x0, 0x7c, 0x66,
    0x63, 0x31, 0x98, 0xcc, 0x67, 0x3f, 0xf8,

    /* U+FB6D "ﭭ" */
    0xc, 0x0, 0x0, 0x78, 0x0, 0x0, 0x0, 0x1f,
    0x6, 0x61, 0x8c, 0x31, 0x86, 0x30, 0xc6, 0x1c,
    0xcf, 0xfe,

    /* U+FB6E "ﭮ" */
    0x0, 0x78, 0x0, 0x0, 0x7, 0x80, 0x0, 0x0,
    0x0, 0x1, 0xf0, 0xc, 0xf0, 0x63, 0xc1, 0x8f,
    0x6, 0x3c, 0x18, 0xf8, 0x33, 0x7f, 0xfc,

    /* U+FB6F "ﭯ" */
    0x0, 0xd8, 0x0, 0x0, 0x0, 0x0, 0x0, 0x1b,
    0x0, 0x0, 0x0, 0x0, 0x0, 0x1, 0xf0, 0x1,
    0x98, 0xc1, 0x8c, 0x60, 0xc6, 0x30, 0x63, 0x18,
    0x31, 0x8e, 0x1c, 0xc3, 0xff, 0xfc,

    /* U+FB70 "ﭰ" */
    0x1b, 0x0, 0x6, 0xc0, 0x0, 0x0, 0x7c, 0x66,
    0x63, 0x31, 0x98, 0xcc, 0x67, 0x3f, 0xf8,

    /* U+FB71 "ﭱ" */
    0x1e, 0x0, 0x0, 0x78, 0x0, 0x0, 0x0, 0x1f,
    0x6, 0x61, 0x8c, 0x31, 0x86, 0x30, 0xc6, 0x1c,
    0xcf, 0xfe,

    /* U+FB72 "ﭲ" */
    0xfc, 0x3, 0x1, 0x80, 0x60, 0x30, 0xfd, 0xe7,
    0xc0, 0xc3, 0x60, 0x38, 0xe, 0x60, 0x30,

    /* U+FB73 "ﭳ" */
    0xfc, 0x11, 0x80, 0x60, 0x8, 0x2, 0x0, 0xc1,
    0xf1, 0xf7, 0xe0, 0x30, 0xcc, 0x3, 0x0, 0x73,
    0x0,

    /* U+FB74 "ﭴ" */
    0x7c, 0x23, 0x1, 0xc0, 0x60, 0x30, 0x18, 0xf,
    0xff, 0x0, 0x0, 0x6, 0x0, 0x0, 0x0, 0xc0,

    /* U+FB75 "ﭵ" */
    0x7c, 0x11, 0x80, 0x60, 0xc, 0x3, 0x0, 0xc0,
    0x3b, 0xff, 0x0, 0x0, 0x1, 0x80, 0x0, 0x0,
    0x6, 0x0,

    /* U+FB76 "ﭶ" */
    0xfc, 0x7, 0x1, 0x80, 0xc0, 0x70, 0xf8, 0xee,
    0xc2, 0xc0, 0x60, 0x33, 0x7e, 0x6, 0x0,

    /* U+FB77 "ﭷ" */
    0xfc, 0x13, 0x80, 0x60, 0x18, 0x6, 0x1, 0xc1,
    0xf1, 0xe7, 0xe0, 0x30, 0xc, 0x3, 0x36, 0x60,
    0x0,

    /* U+FB78 "ﭸ" */
    0x7c, 0x3, 0x1, 0xc0, 0xe0, 0x30, 0x18, 0xf,
    0xff, 0x0, 0x0, 0xf, 0x0,

    /* U+FB79 "ﭹ" */
    0x7c, 0x1, 0x80, 0x60, 0x1c, 0x7, 0x0, 0xc0,
    0x33, 0xff, 0x0, 0x0, 0x3, 0xc0,

    /* U+FB7A "ﭺ" */
    0xfc, 0x3, 0x1, 0x80, 0x40, 0x30, 0x78, 0xfe,
    0xe2, 0xc0, 0x66, 0xf0, 0x18, 0x6, 0x30,

    /* U+FB7B "ﭻ" */
    0xfc, 0x11, 0x80, 0x60, 0x8, 0x2, 0x0, 0xc1,
    0xf1, 0xe7, 0xe0, 0x30, 0xc, 0xdb, 0x0, 0x63,
    0x0,

    /* U+FB7C "ﭼ" */
    0x7c, 0x3, 0x0, 0xc0, 0x60, 0x30, 0x18, 0x7,
    0xff, 0x0, 0x0, 0x0, 0x6, 0xc0, 0x0, 0xc0,

    /* U+FB7D "ﭽ" */
    0x7c, 0x1, 0x80, 0x30, 0xc, 0x3, 0x0, 0xc0,
    0x1b, 0xff, 0x0, 0x0, 0x0, 0x0, 0xd8, 0x0,
    0x6, 0x0,

    /* U+FB7E "ﭾ" */
    0xfc, 0x3, 0x0, 0x80, 0x40, 0x30, 0x78, 0xfe,
    0xe0, 0xc0, 0x63, 0xf0, 0xe, 0xf0, 0x78,

    /* U+FB7F "ﭿ" */
    0xfc, 0x11, 0x80, 0x20, 0x8, 0x2, 0x0, 0xc1,
    0xf1, 0xf7, 0xe0, 0x31, 0xec, 0x3, 0x80, 0x77,
    0x80,

    /* U+FB80 "ﮀ" */
    0x7c, 0x23, 0x1, 0xc0, 0x60, 0x30, 0x18, 0xf,
    0xff, 0x0, 0x0, 0xf, 0x0, 0x0, 0x1, 0xe0,

    /* U+FB81 "ﮁ" */
    0x7c, 0x11, 0x80, 0x60, 0xc, 0x3, 0x0, 0xc0,
    0x33, 0xff, 0x0, 0x0, 0x3, 0xc0, 0x0, 0x0,
    0xf, 0x0,

    /* U+FB82 "ﮂ" */
    0x20, 0xf0, 0x60, 0x60, 0xc0, 0xc1, 0xff, 0x0,
    0x1, 0xb0,

    /* U+FB83 "ﮃ" */
    0x30, 0x1c, 0x7, 0x1, 0x80, 0x60, 0x10, 0x9,
    0xff, 0x0, 0x0, 0x1b, 0x0,

    /* U+FB84 "ﮄ" */
    0xd8, 0x0, 0x1, 0x3, 0x7, 0x7, 0x6, 0x4,
    0xc, 0x1f, 0xf0,

    /* U+FB85 "ﮅ" */
    0xd8, 0x0, 0x0, 0x0, 0x40, 0x38, 0x7, 0x0,
    0xe0, 0x18, 0x6, 0x0, 0xc0, 0x31, 0xff,

    /* U+FB86 "ﮆ" */
    0x60, 0x0, 0x6, 0xc0, 0x0, 0x8, 0x3c, 0x38,
    0x38, 0x30, 0x20, 0x60, 0xff, 0x80,

    /* U+FB87 "ﮇ" */
    0x60, 0x0, 0xd, 0x80, 0x0, 0x0, 0x4, 0x3,
    0x80, 0x70, 0xe, 0x1, 0x80, 0x60, 0xc, 0x3,
    0x1f, 0xf0,

    /* U+FB88 "ﮈ" */
    0x40, 0xe1, 0x43, 0x80, 0x0, 0x8, 0x1c, 0x18,
    0x18, 0x30, 0x20, 0x60, 0xff, 0x80,

    /* U+FB89 "ﮉ" */
    0x80, 0x70, 0x28, 0x1c, 0x0, 0x0, 0x0, 0x80,
    0x60, 0x38, 0xe, 0x3, 0x1, 0x80, 0x60, 0x33,
    0xfe,

    /* U+FB8A "ﮊ" */
    0x18, 0x0, 0x1, 0xb0, 0x0, 0x6, 0xc, 0x18,
    0x30, 0x60, 0xc1, 0x83, 0x6, 0xc, 0xf0,

    /* U+FB8B "ﮋ" */
    0x18, 0x0, 0x36, 0x0, 0x0, 0x18, 0x18, 0x18,
    0x18, 0x18, 0x18, 0x18, 0x1f, 0x18, 0x18, 0xf0,

    /* U+FB8C "ﮌ" */
    0x10, 0x38, 0x50, 0xf0, 0x0, 0x3, 0x6, 0xc,
    0x18, 0x30, 0x60, 0xc1, 0x83, 0x6, 0x19, 0xf0,

    /* U+FB8D "ﮍ" */
    0x10, 0x10, 0x1c, 0x1e, 0x0, 0x0, 0xc, 0xc,
    0xc, 0xc, 0xc, 0xc, 0xc, 0xf, 0xc, 0xc,
    0xf8,

    /* U+FB8E "ﮎ" */
    0x0, 0x60, 0x1e, 0x3, 0x80, 0x70, 0x6, 0x0,
    0xfc, 0x0, 0x6c, 0x3, 0xc0, 0x3c, 0x3, 0xc0,
    0x3c, 0x3, 0x7f, 0xf0,

    /* U+FB8F "ﮏ" */
    0x0, 0x60, 0x7, 0x80, 0x38, 0x1, 0xc0, 0x6,
    0x0, 0x3f, 0x0, 0x6, 0x30, 0xc, 0xc0, 0x33,
    0x0, 0xcc, 0x3, 0x30, 0xc, 0x7f, 0xfc,

    /* U+FB90 "ﮐ" */
    0x3, 0x3, 0x87, 0x3, 0x3, 0x1, 0xf0, 0xc,
    0x3, 0x1, 0x80, 0xc0, 0x60, 0x3f, 0xf8,

    /* U+FB91 "ﮑ" */
    0x3, 0x1, 0xe0, 0x70, 0x1c, 0x7, 0x0, 0xfc,
    0x0, 0xc0, 0xc, 0x1, 0x80, 0x30, 0x6, 0x0,
    0xcf, 0xfe,

    /* U+FB92 "ﮒ" */
    0x0, 0xc0, 0x38, 0x6, 0x60, 0xde, 0xb, 0x80,
    0x70, 0x6, 0x0, 0xfc, 0x0, 0x6c, 0x3, 0xc0,
    0x3c, 0x3, 0xc0, 0x3c, 0x3, 0x7f, 0xf0,

    /* U+FB93 "ﮓ" */
    0x0, 0xc0, 0xe, 0x0, 0x66, 0x3, 0x78, 0xb,
    0x80, 0x1c, 0x0, 0x60, 0x3, 0xf0, 0x0, 0x63,
    0x0, 0xcc, 0x3, 0x30, 0xc, 0xc0, 0x33, 0x0,
    0xc7, 0xff, 0xc0,

    /* U+FB94 "ﮔ" */
    0x6, 0x6, 0x4, 0xc4, 0xe5, 0xc0, 0xc0, 0xc0,
    0x7c, 0x3, 0x0, 0xc0, 0x60, 0x30, 0x18, 0xf,
    0xfe,

    /* U+FB95 "ﮕ" */
    0x6, 0x3, 0x80, 0xcc, 0x37, 0x85, 0xc0, 0x70,
    0x1c, 0x3, 0xf0, 0x3, 0x0, 0x30, 0x6, 0x0,
    0xc0, 0x18, 0x3, 0x3f, 0xf8,

    /* U+FB96 "ﮖ" */
    0x0, 0xc0, 0x38, 0x6, 0x60, 0xde, 0x1b, 0x80,
    0x70, 0xc, 0x0, 0xfc, 0x0, 0x6c, 0x3, 0xc0,
    0x3c, 0x3, 0xc0, 0x3c, 0x3, 0x7f, 0xf0, 0x0,
    0x0, 0x0, 0xc0, 0x0, 0x0, 0x0, 0xc, 0x0,

    /* U+FB97 "ﮗ" */
    0x0, 0xc0, 0xe, 0x0, 0x66, 0x3, 0x78, 0x1b,
    0x80, 0x1c, 0x0, 0xc0, 0x3, 0xf0, 0x0, 0x63,
    0x0, 0xcc, 0x3, 0x30, 0xc, 0xc0, 0x33, 0x0,
    0xc7, 0xff, 0xc0, 0x0, 0x0, 0x0, 0x30, 0x0,
    0x0, 0x0, 0x0, 0xc, 0x0,

    /* U+FB98 "ﮘ" */
    0x6, 0x6, 0x4, 0xc4, 0xe4, 0xe2, 0xc0, 0xc0,
    0x7c, 0x3, 0x80, 0xc0, 0x60, 0x30, 0x18, 0xf,
    0xfe, 0x0, 0x0, 0x6, 0x0, 0x0, 0x0, 0xc0,

    /* U+FB99 "ﮙ" */
    0xe, 0x3, 0x80, 0xcc, 0x37, 0x8d, 0xc0, 0x70,
    0x18, 0x3, 0xf0, 0x3, 0x0, 0x30, 0x6, 0x0,
    0xc0, 0x18, 0x3, 0x3f, 0xf8, 0x0, 0x0, 0x1,
    0x80, 0x0, 0x0, 0x0, 0xc0,

    /* U+FB9A "ﮚ" */
    0xc, 0xc3, 0x1a, 0x6, 0xe0, 0xdc, 0x13, 0x80,
    0x70, 0xe, 0x0, 0xfc, 0x0, 0x6c, 0x3, 0xc0,
    0x3c, 0x3, 0xc0, 0x3c, 0x3, 0x7f, 0xf0,

    /* U+FB9B "ﮛ" */
    0xc, 0xc0, 0xc6, 0x80, 0x6e, 0x3, 0x70, 0x13,
    0x80, 0x1c, 0x0, 0xe0, 0x3, 0xf0, 0x0, 0x63,
    0x0, 0xcc, 0x3, 0x30, 0xc, 0xc0, 0x33, 0x0,
    0xc7, 0xff, 0xc0,

    /* U+FB9C "ﮜ" */
    0x66, 0x66, 0x8d, 0xcd, 0xcd, 0xc1, 0xc1, 0xc0,
    0xfc, 0x3, 0x0, 0xc0, 0x60, 0x30, 0x18, 0xf,
    0xfe,

    /* U+FB9D "ﮝ" */
    0x66, 0x19, 0xa0, 0xdc, 0x37, 0xd, 0xc0, 0x70,
    0x1c, 0x3, 0xf0, 0x3, 0x0, 0x30, 0x6, 0x0,
    0xc0, 0x18, 0x3, 0x3f, 0xf8,

    /* U+FB9E "ﮞ" */
    0x1, 0x80, 0xc0, 0x60, 0x34, 0x1e, 0xf, 0x7,
    0x83, 0xc1, 0xe0, 0xd8, 0xc7, 0xc0,

    /* U+FB9F "ﮟ" */
    0x1, 0x80, 0x18, 0x1, 0x80, 0x18, 0xc1, 0x8c,
    0x18, 0xc1, 0x8c, 0x1f, 0xc1, 0x86, 0x38, 0x3e,
    0x0,

    /* U+FBA0 "ﮠ" */
    0x10, 0xe, 0x5, 0x3, 0x80, 0x18, 0xc, 0x6,
    0x3, 0xe1, 0xe0, 0xf0, 0x78, 0x3c, 0x1b, 0x18,
    0xf8,

    /* U+FBA1 "ﮡ" */
    0x10, 0x1, 0xc0, 0x14, 0x1, 0xc0, 0x1, 0x80,
    0x18, 0x1, 0x80, 0x18, 0x61, 0x8c, 0x18, 0xc1,
    0x8c, 0x1f, 0xc1, 0x86, 0x38, 0x3e, 0x0,

    /* U+FBA2 "ﮢ" */
    0x47, 0x57, 0x0, 0x33, 0x33, 0x33, 0x3f,

    /* U+FBA3 "ﮣ" */
    0x40, 0xf1, 0x23, 0xc0, 0x0, 0x6, 0xc, 0x18,
    0x30, 0x60, 0xc1, 0x9f, 0xc0,

    /* U+FBA4 "ﮤ" */
    0x38, 0x38, 0x0, 0x0, 0x3c, 0x66, 0xc3, 0xc3,
    0xc3, 0xc3, 0x67, 0x3c,

    /* U+FBA5 "ﮥ" */
    0x38, 0x8, 0x3, 0x80, 0x0, 0x6, 0xf, 0x86,
    0x63, 0x18, 0xc6, 0x31, 0x8c, 0x61, 0x98, 0x3f,
    0xc0,

    /* U+FBA6 "ﮦ" */
    0x3c, 0x66, 0xc3, 0xc3, 0xc3, 0xc3, 0x67, 0x3c,

    /* U+FBA7 "ﮧ" */
    0x3, 0x81, 0xf0, 0x76, 0x1c, 0xc7, 0x18, 0xc3,
    0x38, 0x78,

    /* U+FBA8 "ﮨ" */
    0x33, 0x33, 0x33, 0x3f, 0x66, 0x70,

    /* U+FBA9 "ﮩ" */
    0xe3, 0xcc, 0xc3, 0x30, 0x3c,

    /* U+FBAA "ﮪ" */
    0x3f, 0x82, 0xe, 0x0, 0x61, 0xc3, 0x32, 0x36,
    0x33, 0x63, 0x36, 0x33, 0x73, 0x3f, 0xff,

    /* U+FBAB "ﮫ" */
    0x3f, 0x80, 0x83, 0x80, 0x6, 0x7, 0xc, 0x32,
    0x31, 0x8c, 0xc6, 0x33, 0x18, 0xcc, 0x73, 0x33,
    0xff, 0xf0,

    /* U+FBAC "ﮬ" */
    0x1f, 0xc0, 0x83, 0x80, 0xc, 0x1e, 0x31, 0x99,
    0x98, 0xcc, 0xc6, 0x66, 0x33, 0x39, 0x9f, 0xff,
    0xc0,

    /* U+FBAD "ﮭ" */
    0x3f, 0x80, 0x41, 0xc0, 0x1, 0x80, 0xe1, 0x83,
    0x23, 0xc, 0x66, 0x18, 0xcc, 0x31, 0x98, 0x73,
    0x31, 0xff, 0xfc,

    /* U+FBAE "ﮮ" */
    0x3, 0x0, 0x60, 0xc, 0x7, 0x7, 0xc1, 0xe0,
    0x30, 0x6, 0x0, 0x7f, 0xe0,

    /* U+FBAF "ﮯ" */
    0x7c, 0x30, 0xc, 0x1, 0xff,

    /* U+FBB0 "ﮰ" */
    0x1c, 0x2, 0x0, 0x70, 0x0, 0x0, 0x0, 0x6,
    0x0, 0xc0, 0x70, 0x3c, 0x1e, 0x3, 0x0, 0x60,
    0x7, 0xfe,

    /* U+FBB1 "ﮱ" */
    0x38, 0x8, 0x2, 0x0, 0xe0, 0x0, 0x0, 0x7,
    0xc3, 0x0, 0xc0, 0x1f, 0xf0,

    /* U+FBB2 "﮲" */
    0xc0,

    /* U+FBB3 "﮳" */
    0xc0,

    /* U+FBB4 "﮴" */
    0xd8,

    /* U+FBB5 "﮵" */
    0xd8,

    /* U+FBB6 "﮶" */
    0x60, 0x1, 0xb0,

    /* U+FBB7 "﮷" */
    0x60, 0x1, 0xb0,

    /* U+FBB8 "﮸" */
    0xd8, 0x0, 0xc0,

    /* U+FBB9 "﮹" */
    0xd8, 0x0, 0xc0,

    /* U+FBBA "﮺" */
    0xf0, 0xf,

    /* U+FBBB "﮻" */
    0xf0, 0xf,

    /* U+FBBC "﮼" */
    0xb6, 0x80,

    /* U+FBBD "﮽" */
    0xc0, 0xc0,

    /* U+FBBE "﮾" */
    0xc0, 0xc0,

    /* U+FBBF "﮿" */
    0xf9, 0xf0,

    /* U+FBC0 "﯀" */
    0x8e, 0xaf,

    /* U+FBC1 "﯁" */
    0x8e, 0xaf,

    /* U+FBC2 "﯂" */
    0x35, 0xf0,

    /* U+FBD3 "ﯓ" */
    0x6, 0x0, 0xc, 0x3d, 0x80, 0x30, 0x26, 0x8,
    0xc3, 0xde, 0x7b, 0xc0, 0x78, 0xf, 0x1, 0xe0,
    0x37, 0xfe,

    /* U+FBD4 "ﯔ" */
    0x6, 0x0, 0x3, 0x3, 0xd8, 0x0, 0xc0, 0x26,
    0x2, 0x30, 0x3d, 0x99, 0xec, 0xc0, 0x66, 0x3,
    0x30, 0x19, 0x80, 0xc7, 0xff, 0x80,

    /* U+FBD5 "ﯕ" */
    0x80, 0x19, 0xb1, 0xc1, 0x81, 0x81, 0xc0, 0xfc,
    0x7, 0x1, 0x80, 0xc0, 0x60, 0x30, 0x1b, 0xfc,

    /* U+FBD6 "ﯖ" */
    0x80, 0x3, 0x30, 0xc7, 0x0, 0xc0, 0x18, 0x3,
    0x80, 0x3e, 0x0, 0x30, 0x1, 0x80, 0x18, 0x1,
    0x80, 0x18, 0x1, 0x87, 0xff,

    /* U+FBD7 "ﯗ" */
    0x0, 0x18, 0x30, 0x40, 0x0, 0xf, 0xb3, 0xc7,
    0x8f, 0x1e, 0x3e, 0x6f, 0xc1, 0x86, 0xf8,

    /* U+FBD8 "ﯘ" */
    0x0, 0xc, 0x6, 0x2, 0x0, 0x0, 0x0, 0xf8,
    0xcc, 0xc6, 0x63, 0x31, 0x98, 0xce, 0x63, 0xfc,
    0x18, 0x18, 0xf8, 0x0,

    /* U+FBD9 "ﯙ" */
    0x26, 0x68, 0x60, 0xc0, 0x7, 0xd9, 0xe3, 0xc7,
    0x8f, 0x1f, 0x37, 0xe0, 0xc3, 0x7c,

    /* U+FBDA "ﯚ" */
    0x6c, 0x14, 0xe, 0x2, 0x0, 0x1, 0xf1, 0x99,
    0x8c, 0xc6, 0x63, 0x31, 0x9c, 0xc7, 0xf8, 0x30,
    0x31, 0xf0,

    /* U+FBDB "ﯛ" */
    0x10, 0x20, 0x40, 0x3, 0xec, 0xf1, 0xe3, 0xc7,
    0x8f, 0x9b, 0xf0, 0x61, 0xbe, 0x0,

    /* U+FBDC "ﯜ" */
    0x10, 0x8, 0x4, 0x0, 0x3, 0xe3, 0x33, 0x19,
    0x8c, 0xc6, 0x63, 0x39, 0x8f, 0xf0, 0x60, 0x63,
    0xe0,

    /* U+FBDD "ﯝ" */
    0x0, 0x0, 0xc, 0x0, 0xc, 0x0, 0x4, 0x0,
    0x18, 0x1f, 0x0, 0x30, 0x3e, 0x30, 0x66, 0x30,
    0xc6, 0x3f, 0xc6, 0x70, 0xc6, 0x0, 0xc6, 0x0,
    0xe6, 0x0, 0x7e, 0x0, 0x6, 0x0, 0xc, 0x0,
    0xf8, 0x0,

    /* U+FBDE "ﯞ" */
    0x18, 0x0, 0xd8, 0x0, 0x0, 0xf, 0xb3, 0xc7,
    0x8f, 0x1e, 0x3e, 0x6f, 0xc1, 0x86, 0xf8,

    /* U+FBDF "ﯟ" */
    0x18, 0x0, 0x1b, 0x0, 0x0, 0x0, 0x0, 0xf8,
    0xcc, 0xc6, 0x63, 0x31, 0x98, 0xce, 0x63, 0xfc,
    0x19, 0x18, 0xf8, 0x0,

    /* U+FBE0 "ﯠ" */
    0x3e, 0xcf, 0x1e, 0x3c, 0x78, 0xf9, 0xbf, 0x6,
    0xfc, 0x30, 0xe0, 0x80,

    /* U+FBE1 "ﯡ" */
    0x3e, 0x33, 0x31, 0x98, 0xcc, 0x66, 0x33, 0x98,
    0xff, 0x6, 0x3f, 0x3, 0x3, 0x80, 0x80,

    /* U+FBE2 "ﯢ" */
    0x8, 0x30, 0xd1, 0x20, 0x7, 0xd9, 0xe3, 0xc7,
    0x8f, 0x1f, 0x37, 0xe0, 0xc3, 0x7c,

    /* U+FBE3 "ﯣ" */
    0x10, 0x1c, 0xa, 0xc, 0x80, 0x1, 0xf1, 0x99,
    0x8c, 0xc6, 0x63, 0x31, 0x9c, 0xc7, 0xf8, 0x30,
    0x31, 0xf0,

    /* U+FBE4 "ﯤ" */
    0x0, 0xf0, 0x18, 0x2, 0x0, 0x60, 0x7, 0xc,
    0x78, 0xc3, 0xcc, 0xe, 0xc0, 0x6e, 0x6, 0x7f,
    0x80, 0x0, 0x0, 0x0, 0xc0, 0x0, 0x0, 0x0,
    0x0, 0x0, 0xc0,

    /* U+FBE5 "ﯥ" */
    0x0, 0xe0, 0x6, 0x60, 0x8, 0x46, 0x38, 0xcc,
    0x7c, 0xd8, 0x7c, 0xf0, 0x18, 0x70, 0x30, 0x7f,
    0x80, 0x0, 0x0, 0x0, 0x0, 0x0, 0x0, 0xc0,
    0x0, 0x0, 0x0, 0x0, 0x6, 0x0,

    /* U+FBE6 "ﯦ" */
    0x18, 0xc6, 0x31, 0x8c, 0x7f, 0x0, 0xc, 0x0,
    0x18,

    /* U+FBE7 "ﯧ" */
    0x18, 0x30, 0x60, 0xc1, 0x83, 0x6, 0x7f, 0x0,
    0x0, 0xc0, 0x0, 0x6, 0x0,

    /* U+FBE8 "ﯨ" */
    0x33, 0x33, 0x33, 0x3f,

    /* U+FBE9 "ﯩ" */
    0x30, 0xc3, 0xc, 0x30, 0xc3, 0x3f,

    /* U+FBEA "ﯪ" */
    0x7, 0xc4, 0xc7, 0xc0, 0xc0, 0xc3, 0xc3, 0xc3,
    0xc3, 0xc3, 0xc3, 0xc3, 0xff,

    /* U+FBEB "ﯫ" */
    0x7, 0x31, 0xc, 0x73, 0x0, 0xc0, 0x30, 0xcc,
    0x33, 0xc, 0xc3, 0x30, 0xcc, 0x33, 0xc, 0xff,
    0xc0,

    /* U+FBEC "ﯬ" */
    0x0, 0xe, 0x0, 0x10, 0x0, 0x38, 0x0, 0x0,
    0x0, 0x0, 0x0, 0xc1, 0xe1, 0x87, 0xc3, 0x19,
    0x86, 0x63, 0xd, 0xc6, 0x1b, 0xc, 0x3e, 0x1f,
    0xe0,

    /* U+FBED "ﯭ" */
    0x0, 0xe, 0x0, 0x4, 0x0, 0x3, 0x80, 0x0,
    0x0, 0x0, 0x0, 0x0, 0x30, 0x1e, 0x18, 0x1f,
    0xc, 0x1d, 0x86, 0x1c, 0xc3, 0x1c, 0x61, 0x8c,
    0x30, 0xce, 0x1f, 0xf8,

    /* U+FBEE "ﯮ" */
    0x0, 0x38, 0x1, 0x0, 0xe, 0x0, 0x0, 0x0,
    0x1f, 0xd, 0x98, 0x78, 0xc3, 0xc6, 0x1e, 0x30,
    0xf1, 0x87, 0xcc, 0x37, 0xff, 0x83, 0x0, 0x30,
    0x1f, 0x0,

    /* U+FBEF "ﯯ" */
    0x0, 0x38, 0x0, 0x40, 0x0, 0xe0, 0x0, 0x0,
    0x0, 0x7, 0xc3, 0x19, 0x86, 0x63, 0xc, 0xc6,
    0x19, 0x8c, 0x33, 0x18, 0x67, 0x30, 0xc7, 0xff,
    0xe0, 0xc0, 0x3, 0x0, 0x7c, 0x0,

    /* U+FBF0 "ﯰ" */
    0x0, 0x0, 0xc1, 0xc2, 0x8, 0x20, 0x70, 0x0,
    0x0, 0x0, 0xf8, 0x6c, 0xc3, 0xc6, 0x1e, 0x30,
    0xf1, 0x87, 0x8c, 0x3e, 0x61, 0xbf, 0xfc, 0x18,
    0x1, 0x80, 0xf8, 0x0,

    /* U+FBF1 "ﯱ" */
    0x0, 0x0, 0x30, 0x70, 0x20, 0x80, 0x81, 0xc0,
    0x0, 0x0, 0x0, 0xf, 0x86, 0x33, 0xc, 0xc6,
    0x19, 0x8c, 0x33, 0x18, 0x66, 0x30, 0xce, 0x61,
    0x8f, 0xff, 0xc1, 0x80, 0x6, 0x0, 0xf8, 0x0,

    /* U+FBF2 "ﯲ" */
    0x6c, 0x39, 0x41, 0x6, 0xe, 0x0, 0x0, 0x0,
    0x1f, 0xd, 0x98, 0x78, 0xc3, 0xc6, 0x1e, 0x30,
    0xf1, 0x87, 0xcc, 0x37, 0xff, 0x83, 0x0, 0x30,
    0x1f, 0x0,

    /* U+FBF3 "ﯳ" */
    0x6c, 0x38, 0x50, 0x40, 0xe0, 0xe0, 0x0, 0x0,
    0x0, 0x7, 0xc3, 0x19, 0x86, 0x63, 0xc, 0xc6,
    0x19, 0x8c, 0x33, 0x18, 0x67, 0x30, 0xc7, 0xff,
    0xe0, 0xc0, 0x3, 0x0, 0x7c, 0x0,

    /* U+FBF4 "ﯴ" */
    0x10, 0x38, 0x81, 0x4, 0xe, 0x0, 0x0, 0x0,
    0x1f, 0xd, 0x98, 0x78, 0xc3, 0xc6, 0x1e, 0x30,
    0xf1, 0x87, 0xcc, 0x37, 0xff, 0x83, 0x0, 0x30,
    0x1f, 0x0,

    /* U+FBF5 "ﯵ" */
    0x0, 0x38, 0x20, 0x40, 0x40, 0xe0, 0x81, 0x0,
    0x0, 0x7, 0xc3, 0x19, 0x86, 0x63, 0xc, 0xc6,
    0x19, 0x8c, 0x33, 0x18, 0x67, 0x30, 0xc7, 0xff,
    0xe0, 0xc0, 0x3, 0x0, 0x7c, 0x0,

    /* U+FBF6 "ﯶ" */
    0x0, 0x0, 0xe0, 0x0, 0x10, 0x0, 0x3, 0x80,
    0x0, 0x0, 0x0, 0x0, 0x0, 0x0, 0xc0, 0x0,
    0x18, 0x7, 0x3, 0x3, 0x30, 0x60, 0x42, 0xf,
    0x1c, 0x61, 0xe3, 0xe6, 0x3c, 0x3e, 0x7f, 0x80,
    0xc0, 0x38, 0x18, 0x3, 0xfc, 0x0, 0x0, 0x0,
    0x0, 0x0, 0x0, 0x0, 0x0, 0x6, 0x0, 0x0,
    0x0, 0x0, 0x0, 0x0, 0x3, 0x0, 0x0,

    /* U+FBF7 "ﯷ" */
    0x0, 0x0, 0xe0, 0x0, 0x4, 0x0, 0x0, 0x38,
    0x0, 0x0, 0x0, 0x0, 0x0, 0x0, 0x0, 0x30,
    0x0, 0x1, 0x80, 0x1c, 0xc, 0x3, 0x30, 0x60,
    0x10, 0x83, 0x31, 0xc6, 0x19, 0x8f, 0x98, 0xcc,
    0x3e, 0x7f, 0xe0, 0x30, 0x3, 0x81, 0x80, 0xf,
    0xf0, 0x0, 0x0, 0x0, 0x0, 0x0, 0x0, 0x0,
    0x0, 0x0, 0x18, 0x0, 0x0, 0x0, 0x0, 0x0,
    0x0, 0x0, 0x30, 0x0, 0x0,

    /* U+FBF8 "ﯸ" */
    0x0, 0x70, 0x4, 0x0, 0x70, 0x0, 0x0, 0x1,
    0x83, 0x18, 0x31, 0x83, 0x18, 0x31, 0x83, 0x18,
    0x31, 0x83, 0xff, 0xf0, 0x0, 0x0, 0x1, 0x80,
    0x0, 0x0, 0x0, 0x18, 0x0,

    /* U+FBF9 "ﯹ" */
    0x0, 0x0, 0xe0, 0x0, 0x10, 0x0, 0x3, 0x80,
    0x0, 0x0, 0x0, 0x0, 0x0, 0x0, 0xc0, 0x0,
    0x18, 0x7, 0x3, 0x1, 0x30, 0x60, 0x42, 0xf,
    0xc, 0x61, 0xe1, 0xe6, 0x3c, 0x3e, 0x7f, 0x80,
    0xc0, 0x38, 0x18, 0x3, 0xfc, 0x0,

    /* U+FBFA "ﯺ" */
    0x0, 0x0, 0xe0, 0x0, 0x4, 0x0, 0x0, 0x38,
    0x0, 0x0, 0x0, 0x0, 0x0, 0x0, 0x0, 0x30,
    0x0, 0x1, 0x80, 0x1c, 0xc, 0x1, 0x30, 0x60,
    0x10, 0x83, 0x30, 0xc6, 0x19, 0x87, 0x98, 0xcc,
    0x3e, 0x7f, 0xe0, 0x30, 0x3, 0x81, 0x80, 0xf,
    0xf0, 0x0,

    /* U+FBFB "ﯻ" */
    0x1, 0xc0, 0x40, 0x1c, 0x0, 0x0, 0xc, 0x33,
    0xc, 0xc3, 0x30, 0xcc, 0x33, 0xc, 0xc3, 0xff,
    0xc0,

    /* U+FBFC "ﯼ" */
    0x0, 0xf0, 0x18, 0x2, 0x0, 0x60, 0x7, 0xc,
    0x78, 0xc3, 0xcc, 0xe, 0xc0, 0x6e, 0x6, 0x7f,
    0x80,

    /* U+FBFD "ﯽ" */
    0x0, 0xe0, 0x2, 0x60, 0xc, 0x46, 0x18, 0x4c,
    0x3e, 0xd8, 0x3c, 0xf0, 0x18, 0x70, 0x30, 0x7f,
    0xc0,

    /* U+FBFE "ﯾ" */
    0x18, 0x61, 0x86, 0x18, 0x61, 0xbe, 0x0, 0x6,
    0xc0,

    /* U+FBFF "ﯿ" */
    0x18, 0x30, 0x60, 0xc1, 0x83, 0x6, 0x7f, 0x0,
    0x1, 0xb0,

    /* U+FC00 "ﰀ" */
    0x0, 0x38, 0x1, 0x0, 0xe, 0x0, 0x0, 0x0,
    0x7e, 0xd, 0x18, 0x60, 0xc3, 0x3, 0x18, 0x18,
    0xc0, 0xc6, 0x3f, 0x37, 0xdf, 0xf0, 0x3, 0x0,
    0x18, 0x0, 0xc3, 0x3, 0x80, 0x0,

    /* U+FC01 "ﰁ" */
    0x0, 0x38, 0x1, 0x0, 0xe, 0x0, 0x0, 0x0,
    0x7e, 0xd, 0x38, 0x60, 0xc3, 0x7, 0x18, 0x18,
    0xc1, 0xc6, 0x3f, 0x37, 0x9f, 0xf0, 0x3, 0x0,
    0x18, 0x0, 0xc0, 0x3, 0xe0, 0x0,

    /* U+FC02 "ﰂ" */
    0x0, 0x1c, 0x0, 0x40, 0x1, 0xc0, 0x0, 0x0,
    0x0, 0x38, 0x33, 0x30, 0xcc, 0x63, 0x31, 0x8c,
    0xc6, 0x33, 0x18, 0xcc, 0xe3, 0x7e, 0xff, 0x0,
    0xc, 0x0, 0x30, 0x0, 0xc0, 0x3, 0x0, 0xc,
    0x0, 0x0,

    /* U+FC03 "ﰃ" */
    0x0, 0x0, 0xe0, 0x0, 0x10, 0x0, 0x3, 0x80,
    0x0, 0x0, 0x0, 0x0, 0x0, 0x0, 0xc0, 0x0,
    0x18, 0x7, 0x3, 0x1, 0x30, 0x60, 0x42, 0xf,
    0xc, 0x61, 0xe1, 0xe6, 0x3c, 0x3e, 0x7f, 0x80,
    0xc0, 0x38, 0x18, 0x3, 0xfc, 0x0,

    /* U+FC04 "ﰄ" */
    0x0, 0x0, 0xe0, 0x0, 0x10, 0x0, 0x3, 0x80,
    0x0, 0x0, 0x0, 0x0, 0x0, 0x0, 0xc0, 0x0,
    0x18, 0x7, 0x3, 0x1, 0x30, 0x60, 0x42, 0xf,
    0xc, 0x61, 0xe1, 0xe6, 0x3c, 0x1e, 0x7f, 0x80,
    0xc0, 0x38, 0x18, 0x3, 0xfc, 0x0, 0x0, 0x0,
    0x0, 0x0, 0x0, 0x0, 0x0, 0xd, 0x80, 0x0,

    /* U+FC05 "ﰅ" */
    0xfc, 0x1a, 0x30, 0xc1, 0x86, 0x6, 0x30, 0x31,
    0x81, 0x8c, 0x7e, 0x6f, 0xbf, 0xe0, 0x6, 0x0,
    0x30, 0xd, 0x86, 0x7, 0x0, 0x0,

    /* U+FC06 "ﰆ" */
    0xfc, 0x1a, 0x70, 0xc1, 0x86, 0xe, 0x30, 0x31,
    0x83, 0x8c, 0x7e, 0x6f, 0x3f, 0xe0, 0x6, 0x0,
    0x30, 0xd, 0x80, 0x7, 0xc0, 0x0,

    /* U+FC07 "ﰇ" */
    0x30, 0x0, 0x0, 0x0, 0x0, 0x0, 0xf, 0xc1,
    0xa7, 0xc, 0x18, 0x60, 0xe3, 0x7, 0x18, 0x38,
    0xc7, 0xe6, 0xf3, 0xfe, 0x0, 0x60, 0x3, 0x0,
    0xd8, 0x0, 0x7c, 0x0,

    /* U+FC08 "ﰈ" */
    0xe, 0xc, 0xcc, 0x33, 0x18, 0xcc, 0x63, 0x31,
    0x8c, 0xc6, 0x33, 0x38, 0xdf, 0xbf, 0xc0, 0x3,
    0x0, 0xc, 0x0, 0xf0, 0x0, 0xc0, 0x3, 0x0,
    0x0,

    /* U+FC09 "ﰉ" */
    0x0, 0x0, 0x60, 0x0, 0xc, 0x3, 0x81, 0x80,
    0x98, 0x30, 0x21, 0x7, 0x86, 0x30, 0xf0, 0xf3,
    0x1e, 0x1f, 0x3f, 0xc0, 0x60, 0x1c, 0xc, 0x1,
    0xfe, 0x3, 0x0,

    /* U+FC0A "ﰊ" */
    0x0, 0x0, 0x60, 0x0, 0xc, 0x3, 0x81, 0x80,
    0x98, 0x30, 0x21, 0x7, 0x86, 0x30, 0xf0, 0xf3,
    0x1e, 0xf, 0x3f, 0xc0, 0x60, 0x1c, 0xc, 0x1,
    0xfe, 0x3, 0x0, 0x0, 0x0, 0x0, 0x0, 0x0,
    0x0, 0x6, 0xc0, 0x0,

    /* U+FC0B "ﰋ" */
    0x0, 0x6c, 0x0, 0x0, 0x0, 0x0, 0x0, 0xfc,
    0x19, 0x18, 0x60, 0x61, 0x80, 0xc6, 0x3, 0x18,
    0xc, 0x61, 0xf9, 0x9f, 0x7e, 0xe0, 0x3, 0x0,
    0xc, 0x0, 0x30, 0xc0, 0x70, 0x0,

    /* U+FC0C "ﰌ" */
    0x0, 0x6c, 0x0, 0x0, 0x0, 0x0, 0x0, 0xfc,
    0x19, 0x38, 0x60, 0x61, 0x81, 0xc6, 0x3, 0x18,
    0x1c, 0x61, 0xf9, 0x9e, 0x7e, 0xe0, 0x3, 0x0,
    0xc, 0x0, 0x30, 0x0, 0x7c, 0x0,

    /* U+FC0D "ﰍ" */
    0x30, 0x6c, 0x0, 0x0, 0x0, 0x0, 0x0, 0xfc,
    0x19, 0x38, 0x60, 0x61, 0x81, 0xc6, 0x7, 0x18,
    0x1c, 0x61, 0xf9, 0x9e, 0x7e, 0xe0, 0x3, 0x0,
    0xc, 0x0, 0x30, 0x0, 0x7c, 0x0,

    /* U+FC0E "ﰎ" */
    0x0, 0x36, 0x0, 0x0, 0x0, 0x0, 0x0, 0x0,
    0xe0, 0xc6, 0x61, 0x8c, 0x63, 0x18, 0xc6, 0x31,
    0x8c, 0x63, 0x18, 0xce, 0x33, 0xf7, 0xec, 0x0,
    0x18, 0x0, 0x30, 0x0, 0x60, 0x0, 0xc0, 0x1,
    0x80, 0x0,

    /* U+FC0F "ﰏ" */
    0x0, 0x3, 0xb0, 0x0, 0x0, 0x0, 0x0, 0x0,
    0x0, 0x0, 0x0, 0x0, 0x60, 0x0, 0x6, 0x0,
    0xe0, 0x60, 0x13, 0x6, 0x2, 0x10, 0x6c, 0x31,
    0x86, 0xc3, 0xcc, 0x6c, 0x3e, 0x7e, 0xc0, 0x60,
    0xe, 0x6, 0x0, 0x7f, 0x80, 0x0,

    /* U+FC10 "ﰐ" */
    0x0, 0x3, 0xb0, 0x0, 0x0, 0x0, 0x0, 0x0,
    0x0, 0x0, 0x0, 0x0, 0x60, 0x0, 0x6, 0x0,
    0xe0, 0x60, 0x13, 0x6, 0x2, 0x10, 0x6c, 0x31,
    0x86, 0xc3, 0xcc, 0x6c, 0x1e, 0x7e, 0xc0, 0x60,
    0xe, 0x6, 0x0, 0x7f, 0x80, 0x0, 0x0, 0x0,
    0x0, 0x0, 0x0, 0x0, 0x0, 0x1b, 0x0, 0x0,

    /* U+FC11 "ﰑ" */
    0x0, 0x18, 0x0, 0x0, 0x6, 0xc0, 0x0, 0x0,
    0x0, 0x0, 0xf, 0xc1, 0x91, 0x86, 0x6, 0x18,
    0xc, 0x60, 0x31, 0x80, 0xc6, 0x1f, 0x99, 0xf7,
    0xee, 0x0, 0x30, 0x0, 0xc0, 0x3, 0xc, 0x7,
    0x0, 0x0,

    /* U+FC12 "ﰒ" */
    0x0, 0xc, 0x0, 0x0, 0x0, 0xd8, 0x0, 0x0,
    0x0, 0x0, 0x0, 0x3, 0x83, 0x19, 0x86, 0x31,
    0x8c, 0x63, 0x18, 0xc6, 0x31, 0x8c, 0x63, 0x38,
    0xcf, 0xdf, 0xb0, 0x0, 0x60, 0x0, 0xc0, 0x1,
    0x80, 0x3, 0x0, 0x6, 0x0, 0x0,

    /* U+FC13 "ﰓ" */
    0x0, 0x0, 0xc0, 0x0, 0x0, 0x0, 0x3, 0xb0,
    0x0, 0x0, 0x0, 0x0, 0x0, 0x0, 0x6, 0x0,
    0x0, 0x60, 0x0, 0x6, 0x0, 0xe0, 0x60, 0x13,
    0x6, 0x2, 0x10, 0x6c, 0x31, 0x86, 0xc3, 0xcc,
    0x6c, 0x3e, 0x7e, 0xc0, 0x60, 0xe, 0x6, 0x0,
    0x7f, 0x80, 0x0,

    /* U+FC14 "ﰔ" */
    0x0, 0x0, 0xc0, 0x0, 0x0, 0x0, 0x3, 0xb0,
    0x0, 0x0, 0x0, 0x0, 0x0, 0x0, 0x6, 0x0,
    0x0, 0x60, 0x0, 0x6, 0x0, 0xe0, 0x60, 0x13,
    0x6, 0x2, 0x10, 0x6c, 0x31, 0x86, 0xc3, 0xcc,
    0x6c, 0x1e, 0x7e, 0xc0, 0x60, 0xe, 0x6, 0x0,
    0x7f, 0x80, 0x0, 0x0, 0x0, 0x0, 0x0, 0x0,
    0x0, 0x0, 0x1b, 0x0, 0x0,

    /* U+FC15 "ﰕ" */
    0xfc, 0x3e, 0x13, 0x80, 0xc0, 0x60, 0x18, 0x1c,
    0x6, 0x3, 0x1, 0x80, 0xc0, 0x61, 0xf8, 0x1d,
    0xe7, 0xff, 0xe0, 0x0, 0x30, 0x0, 0xc, 0x0,
    0xc3, 0x0, 0x0, 0x7c, 0x0, 0x0,

    /* U+FC16 "ﰖ" */
    0xe, 0x1f, 0x6, 0x60, 0x30, 0xc6, 0x3, 0x18,
    0xc0, 0x63, 0x18, 0xc, 0x63, 0x1, 0x8c, 0xe0,
    0x3b, 0xf7, 0xff, 0xc0, 0x0, 0x18, 0x0, 0x3,
    0x0, 0x18, 0x60, 0x0, 0xc, 0x0, 0x1, 0x80,
    0x0, 0x0,

    /* U+FC17 "ﰗ" */
    0xfc, 0x1e, 0x11, 0x84, 0xc0, 0x60, 0x18, 0xc,
    0x6, 0x3, 0x1, 0x80, 0xc0, 0x61, 0xf8, 0xd,
    0xf7, 0xff, 0xe0, 0x0, 0x30, 0x0, 0xc, 0x0,
    0x3, 0xc, 0x0, 0x70, 0x0, 0x0,

    /* U+FC18 "ﰘ" */
    0xe, 0xf, 0x6, 0x61, 0x30, 0xc6, 0x3, 0x18,
    0xc0, 0x63, 0x18, 0xc, 0x63, 0x1, 0x8c, 0xe0,
    0x1b, 0xf7, 0xff, 0xc0, 0x0, 0x18, 0x0, 0x3,
    0x0, 0x0, 0x60, 0x0, 0xc, 0x0, 0x1, 0x80,
    0x0, 0x0,

    /* U+FC19 "ﰙ" */
    0x0, 0xc, 0x0, 0x0, 0x0, 0x0, 0x0, 0x0,
    0x0, 0xfc, 0x1e, 0x11, 0x84, 0xc0, 0x60, 0x18,
    0xc, 0x6, 0x3, 0x1, 0x80, 0xc0, 0x61, 0xf8,
    0xd, 0xf7, 0xff, 0xe0, 0x0, 0x30, 0x0, 0xc,
    0x0, 0x3, 0xc, 0x0, 0x70, 0x0, 0x0,

    /* U+FC1A "ﰚ" */
    0x0, 0xc, 0x0, 0x0, 0x0, 0x0, 0x0, 0x0,
    0x0, 0xfc, 0x1e, 0x13, 0x84, 0xc0, 0x60, 0x18,
    0x1c, 0x6, 0x3, 0x1, 0x80, 0xc0, 0x61, 0xf8,
    0xd, 0xe7, 0xff, 0xe0, 0x0, 0x30, 0x0, 0xc,
    0x0, 0x3, 0x0, 0x0, 0x7c, 0x0, 0x0,

    /* U+FC1B "ﰛ" */
    0x0, 0x6, 0x0, 0x0, 0x0, 0x0, 0x0, 0x0,
    0x0, 0x0, 0xe0, 0xf0, 0x66, 0x13, 0xc, 0x60,
    0x31, 0x8c, 0x6, 0x31, 0x80, 0xc6, 0x30, 0x18,
    0xce, 0x1, 0xbf, 0x7f, 0xfc, 0x0, 0x1, 0x80,
    0x0, 0x30, 0x0, 0x6, 0x0, 0x0, 0xc0, 0x0,
    0x18, 0x0, 0x0,

    /* U+FC1C "ﰜ" */
    0xfc, 0x0, 0x6, 0x8c, 0x30, 0xcc, 0x18, 0x61,
    0x98, 0x18, 0xc3, 0x30, 0x31, 0x86, 0x60, 0x63,
    0xc, 0xc7, 0xe6, 0x39, 0xbe, 0xff, 0xef, 0xe0,
    0x0, 0x1, 0x80, 0x0, 0x3, 0x0, 0x0, 0x6,
    0x18, 0x0, 0x7, 0x0, 0x0, 0x0,

    /* U+FC1D "ﰝ" */
    0xfc, 0x0, 0x6, 0x9c, 0x30, 0xcc, 0x18, 0x61,
    0x98, 0x38, 0xc3, 0x30, 0x31, 0x86, 0x60, 0xe3,
    0xc, 0xc7, 0xe6, 0x39, 0xbc, 0xff, 0xef, 0xe0,
    0x0, 0x1, 0x80, 0x0, 0x3, 0x0, 0x0, 0x6,
    0x0, 0x0, 0x7, 0xc0, 0x0, 0x0,

    /* U+FC1E "ﰞ" */
    0x30, 0x0, 0x0, 0x0, 0x0, 0x0, 0x0, 0x0,
    0x0, 0x0, 0x0, 0xf, 0xc0, 0x0, 0x69, 0xc3,
    0xc, 0xc1, 0x86, 0x19, 0x83, 0x8c, 0x33, 0x7,
    0x18, 0x66, 0xe, 0x30, 0xcc, 0x7e, 0x63, 0x9b,
    0xcf, 0xfe, 0xfe, 0x0, 0x0, 0x18, 0x0, 0x0,
    0x30, 0x0, 0x0, 0x60, 0x0, 0x0, 0x7c, 0x0,
    0x0,

    /* U+FC1F "ﰟ" */
    0xe, 0x0, 0x1, 0x99, 0x83, 0x18, 0xcc, 0x61,
    0x8c, 0x66, 0x30, 0xc6, 0x33, 0x18, 0x63, 0x19,
    0x8c, 0x31, 0x8c, 0xce, 0x18, 0xe6, 0xfd, 0xff,
    0xdf, 0xc0, 0x0, 0x0, 0x60, 0x0, 0x0, 0x30,
    0x0, 0x0, 0x18, 0x0, 0x0, 0xc, 0x0, 0x0,
    0x6, 0x0, 0x0, 0x0,

    /* U+FC20 "ﰠ" */
    0xfc, 0x19, 0xf1, 0x38, 0x6c, 0x60, 0x61, 0xe0,
    0xc1, 0xc7, 0x3, 0x3, 0x18, 0xc, 0x1c, 0x60,
    0x31, 0xf9, 0x80, 0xde, 0x7f, 0xff, 0xe0, 0x0,
    0x3, 0x0, 0x0, 0xc, 0x0, 0x0, 0x30, 0x0,
    0x0, 0x7c, 0x0, 0x0,

    /* U+FC21 "ﰡ" */
    0xe, 0xc, 0xf8, 0x66, 0x1b, 0x18, 0xc6, 0x3c,
    0x19, 0x8c, 0x70, 0x33, 0x18, 0xc0, 0x66, 0x31,
    0x80, 0xcc, 0xe3, 0x1, 0xbf, 0x7f, 0xff, 0xc0,
    0x0, 0x1, 0x80, 0x0, 0x3, 0x0, 0x0, 0x6,
    0x0, 0x0, 0xc, 0x0, 0x0, 0x18, 0x0, 0x0,
    0x0,

    /* U+FC22 "ﰢ" */
    0x0, 0x0, 0x40, 0x0, 0x0, 0x0, 0x0, 0x0,
    0x0, 0x0, 0x0, 0xf, 0xc1, 0x8f, 0x88, 0xc3,
    0x63, 0x81, 0x87, 0x83, 0x81, 0x8e, 0x7, 0x3,
    0x18, 0xe, 0x6, 0x30, 0x1c, 0x7e, 0x60, 0x3b,
    0xef, 0xff, 0xfe, 0x0, 0x0, 0x18, 0x0, 0x0,
    0x30, 0x0, 0x0, 0x61, 0x80, 0x0, 0x70, 0x0,
    0x0,

    /* U+FC23 "ﰣ" */
    0x0, 0x1, 0x80, 0x0, 0x0, 0x0, 0x0, 0x0,
    0x0, 0x0, 0x0, 0xfc, 0x19, 0xf1, 0x38, 0x6c,
    0x60, 0x61, 0xe0, 0xc1, 0xc7, 0x3, 0x3, 0x18,
    0xc, 0x1c, 0x60, 0x31, 0xf9, 0x80, 0xde, 0x7f,
    0xff, 0xe0, 0x0, 0x3, 0x0, 0x0, 0xc, 0x0,
    0x0, 0x30, 0x0, 0x0, 0x7c, 0x0, 0x0,

    /* U+FC24 "ﰤ" */
    0x30, 0x0, 0x40, 0x0, 0x0, 0x0, 0x0, 0x0,
    0x0, 0x0, 0x0, 0xf, 0xc1, 0x8f, 0x89, 0xc3,
    0x63, 0x81, 0x87, 0x83, 0x83, 0x8e, 0x7, 0x7,
    0x18, 0xe, 0xe, 0x30, 0x1c, 0x7e, 0x60, 0x3b,
    0xcf, 0xff, 0xfe, 0x0, 0x0, 0x18, 0x0, 0x0,
    0x30, 0x0, 0x0, 0x60, 0x0, 0x0, 0x7c, 0x0,
    0x0,

    /* U+FC25 "ﰥ" */
    0x0, 0x0, 0xc0, 0x0, 0x0, 0x0, 0x0, 0x0,
    0x0, 0x0, 0x0, 0x0, 0xe0, 0xcf, 0x86, 0x61,
    0xb1, 0x8c, 0x63, 0xc1, 0x98, 0xc7, 0x3, 0x31,
    0x8c, 0x6, 0x63, 0x18, 0xc, 0xce, 0x30, 0x1b,
    0xf7, 0xff, 0xfc, 0x0, 0x0, 0x18, 0x0, 0x0,
    0x30, 0x0, 0x0, 0x60, 0x0, 0x0, 0xc0, 0x0,
    0x1, 0x80, 0x0, 0x0,

    /* U+FC26 "ﰦ" */
    0x0, 0xc, 0x0, 0x0, 0x30, 0x0, 0x0, 0xc0,
    0x0, 0x3, 0x0, 0xfc, 0xc, 0xf1, 0x38, 0x34,
    0x60, 0x60, 0xe0, 0xc1, 0xc3, 0x83, 0x3, 0xc,
    0xc, 0x1c, 0x30, 0x31, 0xf8, 0xc0, 0xde, 0x7f,
    0xff, 0xe0, 0x0, 0x3, 0x0, 0x0, 0xc, 0x0,
    0x0, 0x30, 0x0, 0x0, 0x7c, 0x0, 0x0,

    /* U+FC27 "ﰧ" */
    0x0, 0x6, 0x0, 0x0, 0xc, 0x0, 0x0, 0x18,
    0x0, 0x0, 0x30, 0x0, 0xe0, 0x67, 0x86, 0x60,
    0xd1, 0x8c, 0x61, 0xc1, 0x98, 0xc3, 0x83, 0x31,
    0x86, 0x6, 0x63, 0xc, 0xc, 0xce, 0x18, 0x1b,
    0xf7, 0xff, 0xfc, 0x0, 0x0, 0x18, 0x0, 0x0,
    0x30, 0x0, 0x0, 0x60, 0x0, 0x0, 0xc0, 0x0,
    0x1, 0x80, 0x0, 0x0,

    /* U+FC28 "ﰨ" */
    0x0, 0x6, 0x30, 0x0, 0xc, 0x0, 0x0, 0x18,
    0x0, 0x0, 0x30, 0x0, 0xe0, 0x67, 0x86, 0x60,
    0xd1, 0x8c, 0x61, 0xc1, 0x98, 0xc3, 0x83, 0x31,
    0x86, 0x6, 0x63, 0xc, 0xc, 0xce, 0x18, 0x1b,
    0xf7, 0xff, 0xfc, 0x0, 0x0, 0x18, 0x0, 0x0,
    0x30, 0x0, 0x0, 0x60, 0x0, 0x0, 0xc0, 0x0,
    0x1, 0x80, 0x0, 0x0,

    /* U+FC29 "ﰩ" */
    0xfc, 0x7, 0x91, 0x83, 0x0, 0x61, 0x80, 0xc,
    0x60, 0x3, 0x18, 0x0, 0xc6, 0x1, 0xf8, 0xc1,
    0xf7, 0xff, 0xe0, 0x0, 0x30, 0x0, 0xc, 0x0,
    0x3, 0xc, 0x0, 0x70, 0x0, 0x0,

    /* U+FC2A "ﰪ" */
    0xe, 0x3, 0xc6, 0x60, 0xc0, 0xc6, 0x30, 0x18,
    0xc6, 0x3, 0x18, 0xc0, 0x63, 0x18, 0xc, 0xe1,
    0x83, 0xf7, 0xff, 0xc0, 0x0, 0x18, 0x0, 0x3,
    0x0, 0x0, 0x60, 0x0, 0xc, 0x0, 0x1, 0x80,
    0x0, 0x0,

    /* U+FC2B "ﰫ" */
    0x0, 0x6, 0x0, 0x0, 0x0, 0x0, 0x3, 0xf0,
    0x1e, 0x46, 0xc, 0x1, 0x86, 0x0, 0x31, 0x80,
    0xc, 0x60, 0x3, 0x18, 0x7, 0xe3, 0x7, 0xdf,
    0xff, 0x80, 0x0, 0xc0, 0x0, 0x30, 0x0, 0xc,
    0x30, 0x1, 0xc0, 0x0,

    /* U+FC2C "ﰬ" */
    0x0, 0x3, 0x0, 0x0, 0x0, 0x0, 0x0, 0x7,
    0x1, 0xe3, 0x30, 0x60, 0x63, 0x18, 0xc, 0x63,
    0x1, 0x8c, 0x60, 0x31, 0x8c, 0x6, 0x70, 0xc1,
    0xfb, 0xff, 0xe0, 0x0, 0xc, 0x0, 0x1, 0x80,
    0x0, 0x30, 0x0, 0x6, 0x0, 0x0, 0xc0, 0x0,
    0x0,

    /* U+FC2D "ﰭ" */
    0x0, 0x6, 0x0, 0x0, 0x0, 0x0, 0x3, 0xf0,
    0x1f, 0x6, 0xc, 0xc1, 0x86, 0x30, 0x31, 0x8c,
    0xc, 0x63, 0x3, 0x18, 0xc7, 0xe7, 0x37, 0xdf,
    0xff, 0x80, 0x0, 0xc0, 0x0, 0x30, 0x0, 0xc,
    0x30, 0x1, 0xc0, 0x0,

    /* U+FC2E "ﰮ" */
    0x0, 0x6, 0x0, 0x0, 0x0, 0x0, 0x3, 0xf0,
    0x1f, 0xe, 0xc, 0xc1, 0x86, 0x30, 0x71, 0x8c,
    0xc, 0x63, 0x7, 0x18, 0xc7, 0xe7, 0x37, 0x9f,
    0xff, 0x80, 0x0, 0xc0, 0x0, 0x30, 0x0, 0xc,
    0x0, 0x1, 0xf0, 0x0,

    /* U+FC2F "ﰯ" */
    0x30, 0x0, 0x0, 0x1, 0x80, 0x0, 0x0, 0x0,
    0x0, 0xfc, 0x7, 0xc3, 0x83, 0x30, 0x61, 0x8c,
    0x1c, 0x63, 0x7, 0x18, 0xc1, 0xc6, 0x33, 0xf9,
    0xcd, 0xe7, 0xff, 0xe0, 0x0, 0x30, 0x0, 0xc,
    0x0, 0x3, 0x0, 0x0, 0x7c, 0x0, 0x0,

    /* U+FC30 "ﰰ" */
    0x0, 0x3, 0x0, 0x0, 0x0, 0x0, 0x0, 0x7,
    0x1, 0xf3, 0x30, 0x66, 0x63, 0x18, 0xcc, 0x63,
    0x19, 0x8c, 0x63, 0x31, 0x8c, 0x66, 0x71, 0xcd,
    0xfb, 0xff, 0xe0, 0x0, 0xc, 0x0, 0x1, 0x80,
    0x0, 0x30, 0x0, 0x6, 0x0, 0x0, 0xc0, 0x0,
    0x0,

    /* U+FC31 "ﰱ" */
    0x0, 0x0, 0x18, 0x0, 0x0, 0x0, 0x0, 0x0,
    0x0, 0x0, 0x1, 0xf0, 0x0, 0x6, 0x60, 0x1c,
    0x18, 0xc0, 0x4c, 0x31, 0x81, 0x8, 0x63, 0xc3,
    0x18, 0xc7, 0x87, 0x99, 0xcf, 0xf, 0x9f, 0xfe,
    0x3, 0x0, 0xe, 0x6, 0x0, 0xf, 0xf0, 0x0,
    0x0,

    /* U+FC32 "ﰲ" */
    0x0, 0x0, 0x18, 0x0, 0x0, 0x0, 0x0, 0x0,
    0x0, 0x0, 0x1, 0xf0, 0x0, 0x6, 0x60, 0x1c,
    0x18, 0xc0, 0x4c, 0x31, 0x81, 0x8, 0x63, 0xc3,
    0x18, 0xc7, 0x87, 0x99, 0xcf, 0x7, 0x9f, 0xfe,
    0x3, 0x0, 0xe, 0x6, 0x0, 0xf, 0xf0, 0x0,
    0x0, 0x0, 0x0, 0x0, 0x0, 0x0, 0x0, 0x0,
    0x0, 0x36, 0x0, 0x0,

    /* U+FC33 "ﰳ" */
    0x0, 0xd, 0x80, 0x0, 0x0, 0x0, 0x0, 0x0,
    0x0, 0xfc, 0x7, 0xc3, 0x83, 0x30, 0x61, 0x8c,
    0x1c, 0x63, 0x3, 0x18, 0xc1, 0xc6, 0x31, 0xf9,
    0xcd, 0xe7, 0xff, 0xe0, 0x0, 0x30, 0x0, 0xc,
    0x0, 0x3, 0x0, 0x0, 0x7c, 0x0, 0x0,

    /* U+FC34 "ﰴ" */
    0x0, 0x6, 0xc0, 0x0, 0x0, 0x0, 0x0, 0x0,
    0x0, 0x0, 0xe0, 0x3e, 0x66, 0xc, 0xcc, 0x63,
    0x19, 0x8c, 0x63, 0x31, 0x8c, 0x66, 0x31, 0x8c,
    0xce, 0x39, 0xbf, 0x7f, 0xfc, 0x0, 0x1, 0x80,
    0x0, 0x30, 0x0, 0x6, 0x0, 0x0, 0xc0, 0x0,
    0x18, 0x0, 0x0,

    /* U+FC35 "ﰵ" */
    0x0, 0x0, 0x6c, 0x0, 0x0, 0x0, 0x0, 0x0,
    0x0, 0x0, 0x0, 0x0, 0x0, 0x3, 0xe0, 0x0,
    0xc, 0xc0, 0x38, 0x31, 0x80, 0x98, 0x63, 0x2,
    0x10, 0xc7, 0x86, 0x31, 0x8f, 0xf, 0x33, 0x9e,
    0x1f, 0x3f, 0xfc, 0x6, 0x0, 0x1c, 0xc, 0x0,
    0x1f, 0xe0, 0x0, 0x0,

    /* U+FC36 "ﰶ" */
    0x0, 0x0, 0x6c, 0x0, 0x0, 0x0, 0x0, 0x0,
    0x0, 0x0, 0x0, 0x0, 0x0, 0x3, 0xe0, 0x0,
    0xc, 0xc0, 0x38, 0x31, 0x80, 0x98, 0x63, 0x2,
    0x10, 0xc7, 0x86, 0x31, 0x8f, 0xf, 0x33, 0x9e,
    0xf, 0x3f, 0xfc, 0x6, 0x0, 0x1c, 0xc, 0x0,
    0x1f, 0xe0, 0x0, 0x0, 0x0, 0x0, 0x0, 0x0,
    0x0, 0x0, 0x0, 0x0, 0x6c, 0x0, 0x0,

    /* U+FC37 "ﰷ" */
    0x0, 0x6c, 0xe, 0xc1, 0xcc, 0x30, 0xc3, 0xc,
    0x3e, 0xc0, 0x7c, 0x3, 0xc0, 0x3c, 0x3, 0xc0,
    0x3c, 0x3, 0xff, 0xf0,

    /* U+FC38 "ﰸ" */
    0x0, 0x1, 0x80, 0x0, 0xe0, 0x0, 0x70, 0x0,
    0x30, 0x0, 0x18, 0x3f, 0x7, 0xcc, 0x60, 0x18,
    0x18, 0x3, 0x3, 0x0, 0xc0, 0xc0, 0x30, 0x30,
    0xc, 0x7e, 0x3, 0x7d, 0xff, 0xf8, 0x0, 0xc,
    0x0, 0x3, 0x0, 0x0, 0xc3, 0x0, 0x1c, 0x0,
    0x0,

    /* U+FC39 "ﰹ" */
    0x0, 0x1, 0x80, 0x0, 0xe0, 0x0, 0x70, 0x0,
    0x30, 0x0, 0x18, 0x3f, 0x7, 0xcc, 0xe0, 0x18,
    0x18, 0x3, 0x7, 0x0, 0xc0, 0xc0, 0x30, 0x30,
    0xc, 0x7e, 0x3, 0x79, 0xff, 0xf8, 0x0, 0xc,
    0x0, 0x3, 0x0, 0x0, 0xc0, 0x0, 0x1f, 0x0,
    0x0,

    /* U+FC3A "ﰺ" */
    0x0, 0x1, 0x8c, 0x1, 0xe0, 0x0, 0xe0, 0x0,
    0x30, 0x0, 0x18, 0x3f, 0x7, 0xcc, 0xe0, 0x18,
    0x18, 0x3, 0x7, 0x0, 0xc1, 0xc0, 0x30, 0x70,
    0xc, 0x7e, 0x3, 0x79, 0xff, 0xf8, 0x0, 0xc,
    0x0, 0x3, 0x0, 0x0, 0xc0, 0x0, 0x1f, 0x0,
    0x0,

    /* U+FC3B "ﰻ" */
    0x0, 0x0, 0x60, 0x18, 0xe, 0x1, 0x83, 0x80,
    0x18, 0x30, 0x1, 0x86, 0x0, 0x18, 0x7c, 0x1,
    0x80, 0x60, 0x18, 0x3, 0x1, 0x80, 0x3c, 0x18,
    0x3, 0xc1, 0x80, 0x3c, 0x18, 0x3, 0xc1, 0xff,
    0xfc, 0x18, 0x0, 0x63, 0x80, 0x3, 0xe0, 0x0,

    /* U+FC3C "ﰼ" */
    0x0, 0x0, 0xc0, 0x0, 0x38, 0x0, 0xe, 0x0,
    0x3, 0x0, 0x0, 0xc0, 0x0, 0x1f, 0x7, 0x80,
    0x31, 0x98, 0x3, 0x31, 0x80, 0x66, 0x30, 0xc,
    0xc6, 0x1, 0x99, 0xc0, 0x37, 0xef, 0xff, 0x80,
    0x0, 0x30, 0x0, 0x6, 0x0, 0x0, 0xc0, 0x0,
    0x18, 0x0, 0x3, 0x0, 0x0, 0x0,

    /* U+FC3D "ﰽ" */
    0x0, 0x0, 0xc, 0x0, 0x0, 0x38, 0x0, 0x0,
    0xe0, 0x0, 0x3, 0x0, 0x0, 0xc, 0x0, 0x0,
    0x1f, 0x0, 0x0, 0x3, 0x0, 0x70, 0x3, 0x1,
    0x30, 0x6, 0x4, 0x20, 0xf, 0xc, 0x60, 0x1e,
    0x1e, 0x60, 0x3c, 0x3e, 0x7f, 0xf8, 0xc, 0x0,
    0x38, 0x18, 0x0, 0x3f, 0xc0, 0x0,

    /* U+FC3E "ﰾ" */
    0x0, 0x0, 0xc, 0x0, 0x0, 0x38, 0x0, 0x0,
    0xe0, 0x0, 0x3, 0x0, 0x0, 0xc, 0x0, 0x0,
    0x1f, 0x0, 0x0, 0x3, 0x0, 0x70, 0x3, 0x1,
    0x30, 0x6, 0x4, 0x20, 0xf, 0xc, 0x60, 0x1e,
    0x1e, 0x60, 0x3c, 0x1e, 0x7f, 0xf8, 0xc, 0x0,
    0x38, 0x18, 0x0, 0x3f, 0xc0, 0x0, 0x0, 0x0,
    0x0, 0x0, 0x0, 0x0, 0x0, 0x0, 0x0, 0xd8,
    0x0, 0x0,

    /* U+FC3F "ﰿ" */
    0x0, 0x18, 0x0, 0xc0, 0x6, 0x0, 0x3f, 0xc1,
    0xa3, 0xc, 0x18, 0x60, 0x63, 0x3, 0x18, 0x18,
    0xc7, 0xe6, 0xfb, 0xfe, 0x0, 0x60, 0x3, 0x0,
    0x18, 0x60, 0x70, 0x0,

    /* U+FC40 "ﱀ" */
    0x0, 0x18, 0x0, 0xc0, 0x6, 0x0, 0x3f, 0xc1,
    0xa7, 0xc, 0x18, 0x60, 0xe3, 0x3, 0x18, 0x38,
    0xc7, 0xe6, 0xf3, 0xfe, 0x0, 0x60, 0x3, 0x0,
    0x18, 0x0, 0x7c, 0x0,

    /* U+FC41 "ﱁ" */
    0x30, 0x18, 0x0, 0xc0, 0x6, 0x0, 0x3f, 0xc1,
    0xa7, 0xc, 0x18, 0x60, 0xe3, 0x7, 0x18, 0x38,
    0xc7, 0xe6, 0xf3, 0xfe, 0x0, 0x60, 0x3, 0x0,
    0x18, 0x0, 0x7c, 0x0,

    /* U+FC42 "ﱂ" */
    0x0, 0xc, 0x0, 0x30, 0x0, 0xc0, 0x3, 0x0,
    0xc, 0x78, 0x33, 0x30, 0xcc, 0x63, 0x31, 0x8c,
    0xc6, 0x33, 0x38, 0xdf, 0xbf, 0xc0, 0x3, 0x0,
    0xc, 0x0, 0x30, 0x0, 0xc0, 0x3, 0x0, 0x0,

    /* U+FC43 "ﱃ" */
    0x0, 0x0, 0x60, 0x0, 0xc, 0x0, 0x1, 0x80,
    0x0, 0x30, 0x0, 0x6, 0x0, 0x0, 0xc0, 0x38,
    0x18, 0x9, 0x83, 0x2, 0x10, 0x78, 0x63, 0xf,
    0xf, 0x31, 0xe1, 0xf3, 0xfc, 0x6, 0x1, 0xc0,
    0xc0, 0x1f, 0xe0, 0x0,

    /* U+FC44 "ﱄ" */
    0x0, 0x0, 0x60, 0x0, 0xc, 0x0, 0x1, 0x80,
    0x0, 0x30, 0x0, 0x6, 0x0, 0x0, 0xc0, 0x38,
    0x18, 0x9, 0x83, 0x2, 0x10, 0x78, 0x63, 0xf,
    0xf, 0x31, 0xe0, 0xf3, 0xfc, 0x6, 0x1, 0xc0,
    0xc0, 0x1f, 0xe0, 0x0, 0x0, 0x0, 0x0, 0x0,
    0x0, 0x0, 0x0, 0x6c, 0x0, 0x0,

    /* U+FC45 "ﱅ" */
    0xfc, 0xf, 0x81, 0x86, 0x70, 0x31, 0x8c, 0xc,
    0x63, 0x3, 0x18, 0xc7, 0xe6, 0x67, 0xdf, 0xf3,
    0x80, 0x0, 0xc0, 0x0, 0x30, 0x0, 0xc, 0x30,
    0x1, 0xc0, 0x0,

    /* U+FC46 "ﱆ" */
    0xfc, 0xf, 0x81, 0x86, 0x70, 0x61, 0x8c, 0x1c,
    0x63, 0x3, 0x18, 0xc7, 0xe6, 0x67, 0x9f, 0xf3,
    0x80, 0x0, 0xc0, 0x0, 0x30, 0x0, 0xc, 0x0,
    0x1, 0xf0, 0x0,

    /* U+FC47 "ﱇ" */
    0x30, 0x0, 0x0, 0x0, 0x0, 0x0, 0x0, 0x0,
    0x0, 0x0, 0x0, 0x3f, 0x3, 0xe0, 0xe1, 0x9c,
    0x18, 0x63, 0x7, 0x18, 0xc1, 0xc6, 0x31, 0xf9,
    0x99, 0xe7, 0xfc, 0xe0, 0x0, 0x30, 0x0, 0xc,
    0x0, 0x3, 0x0, 0x0, 0x7c, 0x0, 0x0,

    /* U+FC48 "ﱈ" */
    0x1e, 0x7, 0xc6, 0x61, 0x9c, 0xc6, 0x31, 0x98,
    0xc6, 0x33, 0x18, 0xc6, 0x67, 0x19, 0x9f, 0xbf,
    0xe6, 0x0, 0x0, 0xc0, 0x0, 0x18, 0x0, 0x3,
    0x0, 0x0, 0x60, 0x0, 0xc, 0x0, 0x0,

    /* U+FC49 "ﱉ" */
    0x0, 0x0, 0x3c, 0x0, 0xe0, 0xc6, 0x1, 0x30,
    0xc3, 0x2, 0x10, 0xc3, 0xc3, 0x18, 0xc3, 0xc3,
    0xcc, 0xc6, 0xc3, 0xe7, 0xfc, 0xc0, 0x60, 0x0,
    0xe0, 0x60, 0x0, 0x7f, 0x80, 0x0,

    /* U+FC4A "ﱊ" */
    0x0, 0x0, 0x3c, 0x0, 0xe0, 0xc6, 0x1, 0x30,
    0xc3, 0x2, 0x10, 0xc3, 0xc3, 0x18, 0xc3, 0xc3,
    0xcc, 0xc6, 0xc1, 0xe7, 0xfc, 0xc0, 0x60, 0x0,
    0xe0, 0x60, 0x0, 0x7f, 0x80, 0x0, 0x0, 0x0,
    0x0, 0x0, 0x0, 0x0, 0x0, 0x0, 0x0, 0x1b,
    0x0, 0x0,

    /* U+FC4B "ﱋ" */
    0x0, 0x18, 0x0, 0x0, 0x0, 0x0, 0xf, 0xc1,
    0xa3, 0xc, 0x18, 0x60, 0x63, 0x3, 0x18, 0x18,
    0xc7, 0xe6, 0xfb, 0xfe, 0x0, 0x60, 0x3, 0x0,
    0x18, 0x60, 0x70, 0x0,

    /* U+FC4C "ﱌ" */
    0x0, 0x18, 0x0, 0x0, 0x0, 0x0, 0xf, 0xc1,
    0xa7, 0xc, 0x18, 0x60, 0xe3, 0x3, 0x18, 0x38,
    0xc7, 0xe6, 0xf3, 0xfe, 0x0, 0x60, 0x3, 0x0,
    0x18, 0x0, 0x7c, 0x0,

    /* U+FC4D "ﱍ" */
    0x30, 0x18, 0x0, 0x0, 0x0, 0x0, 0xf, 0xc1,
    0xa7, 0xc, 0x18, 0x60, 0xe3, 0x7, 0x18, 0x38,
    0xc7, 0xe6, 0xf3, 0xfe, 0x0, 0x60, 0x3, 0x0,
    0x18, 0x0, 0x7c, 0x0,

    /* U+FC4E "ﱎ" */
    0x0, 0xc, 0x0, 0x0, 0x0, 0x0, 0x0, 0xe,
    0xc, 0xcc, 0x33, 0x18, 0xcc, 0x63, 0x31, 0x8c,
    0xc6, 0x33, 0x38, 0xdf, 0xbf, 0xc0, 0x3, 0x0,
    0xc, 0x0, 0x30, 0x0, 0xc0, 0x3, 0x0, 0x0,

    /* U+FC4F "ﱏ" */
    0x0, 0x0, 0xc0, 0x0, 0x0, 0x0, 0x0, 0x0,
    0x0, 0x30, 0x0, 0x6, 0x0, 0x0, 0xc0, 0x38,
    0x18, 0x9, 0x83, 0x2, 0x10, 0x78, 0x63, 0xf,
    0xf, 0x31, 0xe1, 0xf3, 0xfc, 0x6, 0x1, 0xc0,
    0xc0, 0x1f, 0xe0, 0x0,

    /* U+FC50 "ﱐ" */
    0x0, 0x0, 0xc0, 0x0, 0x0, 0x0, 0x0, 0x0,
    0x0, 0x30, 0x0, 0x6, 0x0, 0x0, 0xc0, 0x38,
    0x18, 0x9, 0x83, 0x2, 0x10, 0x78, 0x63, 0xf,
    0xf, 0x31, 0xe0, 0xf3, 0xfc, 0x6, 0x1, 0xc0,
    0xc0, 0x1f, 0xe0, 0x0, 0x0, 0x0, 0x0, 0x0,
    0x0, 0x0, 0x0, 0x6c, 0x0, 0x0,

    /* U+FC51 "ﱑ" */
    0x0, 0xf, 0xe0, 0x0, 0x20, 0xe7, 0xc0, 0x1,
    0xb1, 0x81, 0xe3, 0x6, 0xc, 0xcc, 0xc, 0x63,
    0x30, 0x31, 0x8c, 0xc0, 0xc6, 0x33, 0x1f, 0x9c,
    0xcd, 0xf7, 0xff, 0xfe, 0x0, 0x0, 0x30, 0x0,
    0x0, 0xc0, 0x0, 0x3, 0xc, 0x0, 0x7, 0x0,
    0x0, 0x0,

    /* U+FC52 "ﱒ" */
    0x0, 0x7, 0xf0, 0x0, 0x8, 0x38, 0x0, 0x0,
    0x30, 0xf0, 0x1e, 0x33, 0x30, 0x64, 0x66, 0x31,
    0x8c, 0xcc, 0x63, 0x19, 0x98, 0xc6, 0x33, 0x33,
    0x8e, 0x66, 0xfd, 0xff, 0xff, 0x0, 0x0, 0x6,
    0x0, 0x0, 0xc, 0x0, 0x0, 0x18, 0x0, 0x0,
    0x30, 0x0, 0x0, 0x60, 0x0, 0x0,

    /* U+FC53 "ﱓ" */
    0x0, 0x0, 0x7f, 0x0, 0x0, 0x8, 0x38, 0x0,
    0x0, 0x3, 0x0, 0x0, 0x1e, 0x30, 0xe, 0x6,
    0x66, 0x2, 0x61, 0x8c, 0xc0, 0x84, 0x31, 0x9e,
    0x18, 0xc6, 0x33, 0xc3, 0xcc, 0xe6, 0x78, 0x7c,
    0xff, 0xff, 0x1, 0x80, 0x0, 0x70, 0x30, 0x0,
    0x7, 0xf8, 0x0, 0x0,

    /* U+FC54 "ﱔ" */
    0x0, 0x0, 0x7f, 0x0, 0x0, 0x8, 0x38, 0x0,
    0x0, 0x3, 0x0, 0x0, 0x1e, 0x30, 0xe, 0x6,
    0x66, 0x2, 0x61, 0x8c, 0xc0, 0x84, 0x31, 0x9e,
    0x18, 0xc6, 0x33, 0xc3, 0xcc, 0xe6, 0x78, 0x3c,
    0xff, 0xff, 0x1, 0x80, 0x0, 0x70, 0x30, 0x0,
    0x7, 0xf8, 0x0, 0x0, 0x0, 0x0, 0x0, 0x0,
    0x0, 0x0, 0x0, 0x0, 0x0, 0x0, 0x1b, 0x0,
    0x0, 0x0,

    /* U+FC55 "ﱕ" */
    0xfc, 0xc, 0x8c, 0x18, 0x18, 0x30, 0x18, 0x60,
    0x30, 0xc0, 0x61, 0x87, 0xe3, 0x3e, 0xfe, 0xe0,
    0x1, 0x80, 0x3, 0x0, 0xde, 0x18, 0x7, 0x0,
    0x0,

    /* U+FC56 "ﱖ" */
    0xfc, 0xc, 0x9c, 0x18, 0x18, 0x30, 0x38, 0x60,
    0x30, 0xc0, 0xe1, 0x87, 0xe3, 0x3c, 0xfe, 0xe0,
    0x1, 0x80, 0x3, 0x0, 0xde, 0x20, 0x7, 0xc0,
    0x0,

    /* U+FC57 "ﱗ" */
    0x30, 0x0, 0x0, 0x0, 0x0, 0x0, 0x0, 0xf,
    0xc0, 0xc9, 0xc1, 0x81, 0x83, 0x3, 0x86, 0x7,
    0xc, 0xe, 0x18, 0x7e, 0x33, 0xcf, 0xee, 0x0,
    0x18, 0x0, 0x30, 0xd, 0xe2, 0x0, 0x7c, 0x0,

    /* U+FC58 "ﱘ" */
    0xe, 0x6, 0x33, 0x6, 0x31, 0x86, 0x31, 0x86,
    0x31, 0x86, 0x31, 0x86, 0x33, 0x86, 0x7e, 0xfe,
    0xc0, 0x0, 0xc0, 0x0, 0xc0, 0x1b, 0xc0, 0x0,
    0xc0, 0x0, 0xc0, 0x0,

    /* U+FC59 "ﱙ" */
    0x0, 0x0, 0x30, 0x0, 0x3, 0x0, 0xe0, 0x30,
    0x13, 0x3, 0x2, 0x10, 0x3c, 0x31, 0x83, 0xc3,
    0xcc, 0x3c, 0x3e, 0x7f, 0xc0, 0x60, 0xe, 0x6,
    0x0, 0x7f, 0x81, 0xb0,

    /* U+FC5A "ﱚ" */
    0x0, 0x0, 0x30, 0x0, 0x3, 0x0, 0xe0, 0x30,
    0x13, 0x3, 0x2, 0x10, 0x3c, 0x31, 0x83, 0xc3,
    0xcc, 0x3c, 0x1e, 0x7f, 0xc0, 0x60, 0xe, 0x6,
    0x0, 0x7f, 0x81, 0xb0, 0x0, 0x0, 0x0, 0x0,
    0x0, 0x0, 0x0, 0x1b, 0x0, 0x0,

    /* U+FC5B "ﱛ" */
    0x20, 0x40, 0x80, 0x0, 0xc, 0x0, 0x0, 0x30,
    0x70, 0xe0, 0xe0, 0xc1, 0x81, 0x83, 0xfe,

    /* U+FC5C "ﱜ" */
    0x8, 0x20, 0x80, 0x0, 0x30, 0xc3, 0xc, 0x30,
    0xc3, 0xc, 0x30, 0xfe,

    /* U+FC5D "ﱝ" */
    0x20, 0x2, 0xf, 0x21, 0x80, 0x20, 0x6, 0x0,
    0x70, 0xc7, 0x8c, 0x3c, 0xc0, 0xec, 0x6, 0xe0,
    0x67, 0xf8,

    /* U+FC5E "ﱞ" */
    0x19, 0x77, 0xe0, 0x56, 0xbb,

    /* U+FC5F "ﱟ" */
    0xad, 0x76, 0x17, 0x5, 0xc0,

    /* U+FC60 "ﱠ" */
    0x13, 0x1, 0x5a, 0xec,

    /* U+FC61 "ﱡ" */
    0x31, 0x4d, 0xc0, 0x56, 0xbb,

    /* U+FC62 "ﱢ" */
    0xad, 0x76, 0x7, 0x0,

    /* U+FC63 "ﱣ" */
    0x21, 0x8, 0xa, 0xd7, 0x60,

    /* U+FC64 "ﱤ" */
    0x0, 0x70, 0x1, 0x0, 0x7, 0x0, 0x0, 0x0,
    0x0, 0x30, 0xc0, 0xc3, 0x3, 0xc, 0xc, 0x30,
    0x30, 0xc0, 0xc3, 0x3, 0xc, 0xf, 0xfc, 0x30,
    0x0, 0xc0, 0x3e, 0x0,

    /* U+FC65 "ﱥ" */
    0x0, 0x70, 0x1, 0x0, 0xc7, 0x0, 0x0, 0x0,
    0x0, 0x30, 0xc0, 0xc3, 0x3, 0xc, 0xc, 0x30,
    0x30, 0xc0, 0xc3, 0x3, 0xc, 0xf, 0xfc, 0x30,
    0x0, 0xc0, 0x3e, 0x0,

    /* U+FC66 "ﱦ" */
    0x0, 0x1c, 0x0, 0x8, 0x0, 0x7, 0x0, 0x0,
    0x0, 0x0, 0x0, 0x70, 0x60, 0xcc, 0x30, 0x63,
    0x18, 0x31, 0x8c, 0x18, 0xc6, 0xc, 0x63, 0x6,
    0x71, 0x87, 0xef, 0xfe, 0x0, 0x3, 0x0, 0x1,
    0x80, 0x0, 0xc0, 0x0, 0x60, 0x0, 0x30, 0x0,
    0x0,

    /* U+FC67 "ﱧ" */
    0x0, 0xe, 0x0, 0x2, 0x0, 0x0, 0xe0, 0x0,
    0x0, 0x18, 0x0, 0x0, 0x61, 0x80, 0x18, 0x60,
    0x6, 0x18, 0x1, 0x86, 0x10, 0x61, 0x8c, 0x18,
    0x63, 0x6, 0x18, 0xc1, 0xff, 0xf0, 0x60, 0x6,
    0x38, 0x0, 0xf8, 0x0,

    /* U+FC68 "ﱨ" */
    0x0, 0x0, 0xe0, 0x0, 0x4, 0x0, 0x0, 0x38,
    0x0, 0x0, 0x0, 0x0, 0x0, 0x0, 0x0, 0x30,
    0x0, 0x1, 0x80, 0x1c, 0xc, 0x1, 0x30, 0x60,
    0x10, 0x83, 0x30, 0xc6, 0x19, 0x87, 0x98, 0xcc,
    0x3e, 0x7f, 0xe0, 0x30, 0x3, 0x81, 0x80, 0xf,
    0xf0, 0x0,

    /* U+FC69 "ﱩ" */
    0x0, 0x0, 0xe0, 0x0, 0x4, 0x0, 0x0, 0x38,
    0x0, 0x0, 0x0, 0x0, 0x0, 0x0, 0x0, 0x30,
    0x0, 0x1, 0x80, 0x1c, 0xc, 0x1, 0x30, 0x60,
    0x10, 0x83, 0x30, 0xc6, 0x19, 0x87, 0x98, 0xcc,
    0x1e, 0x7f, 0xe0, 0x30, 0x3, 0x81, 0x80, 0xf,
    0xf0, 0x0, 0x0, 0x0, 0x0, 0x0, 0x0, 0x0,
    0x0, 0x0, 0x36, 0x0, 0x0,

    /* U+FC6A "ﱪ" */
    0xc, 0x30, 0x30, 0xc0, 0xc3, 0x3, 0xc, 0xc,
    0x30, 0x30, 0xc0, 0xc3, 0x3, 0xff, 0xc, 0x0,
    0x30, 0xf, 0x83, 0x0,

    /* U+FC6B "ﱫ" */
    0xc, 0x0, 0x0, 0x0, 0x0, 0x3, 0xc, 0xc,
    0x30, 0x30, 0xc0, 0xc3, 0x3, 0xc, 0xc, 0x30,
    0x30, 0xc0, 0xff, 0xc3, 0x0, 0xc, 0x3, 0xe0,
    0xc0,

    /* U+FC6C "ﱬ" */
    0xe, 0xc, 0x19, 0x86, 0xc, 0x63, 0x6, 0x31,
    0x83, 0x18, 0xc1, 0x8c, 0x60, 0xce, 0x30, 0xfd,
    0xff, 0xc0, 0x0, 0x60, 0x0, 0x30, 0x3, 0x18,
    0x0, 0xc, 0x0, 0x6, 0x0, 0x0,

    /* U+FC6D "ﱭ" */
    0x18, 0x0, 0x0, 0x61, 0x80, 0x18, 0x60, 0x6,
    0x18, 0x1, 0x86, 0x10, 0x61, 0x8c, 0x18, 0x63,
    0x6, 0x18, 0xc1, 0xff, 0xf0, 0x60, 0x6, 0x38,
    0x0, 0xf8, 0x18,

    /* U+FC6E "ﱮ" */
    0x0, 0x0, 0x60, 0x0, 0x3, 0x0, 0x38, 0x18,
    0x2, 0x60, 0xc0, 0x21, 0x6, 0x61, 0x8c, 0x33,
    0xf, 0x31, 0x98, 0x7c, 0xff, 0xc0, 0x60, 0x7,
    0x3, 0x0, 0x1f, 0xe0, 0x30,

    /* U+FC6F "ﱯ" */
    0x0, 0x0, 0x60, 0x0, 0x3, 0x0, 0x38, 0x18,
    0x2, 0x60, 0xc0, 0x21, 0x6, 0x61, 0x8c, 0x33,
    0xf, 0x31, 0x98, 0x3c, 0xff, 0xc0, 0x60, 0x7,
    0x3, 0x0, 0x1f, 0xe0, 0x30, 0x0, 0x0, 0x0,
    0x0, 0x0, 0x0, 0x0, 0x0, 0x6c, 0x0, 0x0,

    /* U+FC70 "ﱰ" */
    0x0, 0x78, 0x0, 0x0, 0x0, 0x0, 0x0, 0x0,
    0xc3, 0x1, 0x86, 0x3, 0xc, 0x6, 0x18, 0xc,
    0x30, 0x18, 0x60, 0x30, 0xc0, 0x7f, 0xf0, 0xc0,
    0x1, 0x80, 0x3e, 0x0, 0x0,

    /* U+FC71 "ﱱ" */
    0x0, 0x78, 0x18, 0x0, 0x0, 0x0, 0x0, 0x0,
    0xc3, 0x1, 0x86, 0x3, 0xc, 0x6, 0x18, 0xc,
    0x30, 0x18, 0x60, 0x30, 0xc0, 0x7f, 0xf0, 0xc0,
    0x1, 0x80, 0x3e, 0x0, 0x0,

    /* U+FC72 "ﱲ" */
    0x0, 0x1b, 0x0, 0x0, 0x0, 0x0, 0x0, 0x0,
    0x0, 0xe, 0x6, 0xc, 0xc1, 0x83, 0x18, 0x60,
    0xc6, 0x18, 0x31, 0x86, 0xc, 0x61, 0x83, 0x38,
    0x61, 0xfb, 0xff, 0xc0, 0x0, 0x30, 0x0, 0xc,
    0x0, 0x3, 0x0, 0x0, 0xc0, 0x0, 0x30, 0x0,
    0x0,

    /* U+FC73 "ﱳ" */
    0x0, 0xf, 0x0, 0x0, 0x0, 0x0, 0x0, 0x60,
    0x0, 0x1, 0x83, 0x0, 0x60, 0xc0, 0x18, 0x30,
    0x6, 0xc, 0x41, 0x83, 0x30, 0x60, 0xcc, 0x18,
    0x33, 0x7, 0xff, 0xc1, 0x80, 0x18, 0xe0, 0x3,
    0xe0, 0x0,

    /* U+FC74 "ﱴ" */
    0x0, 0x1, 0xb0, 0x0, 0x0, 0x0, 0x0, 0x0,
    0x0, 0x0, 0x0, 0x0, 0x0, 0x60, 0x0, 0x1,
    0x80, 0xe, 0x6, 0x0, 0x4c, 0x18, 0x2, 0x10,
    0x63, 0xc, 0x61, 0x8c, 0x3c, 0xc6, 0x30, 0xf9,
    0xff, 0xc0, 0x60, 0x3, 0x81, 0x80, 0x7, 0xf8,
    0x0, 0x0,

    /* U+FC75 "ﱵ" */
    0x0, 0x1, 0xb0, 0x0, 0x0, 0x0, 0x0, 0x0,
    0x0, 0x0, 0x0, 0x0, 0x0, 0x60, 0x0, 0x1,
    0x80, 0xe, 0x6, 0x0, 0x4c, 0x18, 0x2, 0x10,
    0x63, 0xc, 0x61, 0x8c, 0x3c, 0xc6, 0x30, 0x79,
    0xff, 0xc0, 0x60, 0x3, 0x81, 0x80, 0x7, 0xf8,
    0x0, 0x0, 0x0, 0x0, 0x0, 0x0, 0x0, 0x0,
    0x0, 0x1, 0xb0, 0x0, 0x0,

    /* U+FC76 "ﱶ" */
    0x0, 0x30, 0x0, 0x0, 0x1, 0xe0, 0x0, 0x0,
    0x0, 0x0, 0x0, 0x3, 0xc, 0x6, 0x18, 0xc,
    0x30, 0x18, 0x60, 0x30, 0xc0, 0x61, 0x80, 0xc3,
    0x1, 0xff, 0xc3, 0x0, 0x6, 0x0, 0xf8, 0x0,

    /* U+FC77 "ﱷ" */
    0x0, 0x30, 0x0, 0x0, 0x1, 0xe0, 0x60, 0x0,
    0x0, 0x0, 0x0, 0x3, 0xc, 0x6, 0x18, 0xc,
    0x30, 0x18, 0x60, 0x30, 0xc0, 0x61, 0x80, 0xc3,
    0x1, 0xff, 0xc3, 0x0, 0x6, 0x0, 0xf8, 0x0,

    /* U+FC78 "ﱸ" */
    0x0, 0xc, 0x0, 0x0, 0x0, 0x1, 0xb0, 0x0,
    0x0, 0x0, 0x0, 0x0, 0x0, 0x0, 0xe0, 0x60,
    0xcc, 0x18, 0x31, 0x86, 0xc, 0x61, 0x83, 0x18,
    0x60, 0xc6, 0x18, 0x33, 0x86, 0x1f, 0xbf, 0xfc,
    0x0, 0x3, 0x0, 0x0, 0xc0, 0x0, 0x30, 0x0,
    0xc, 0x0, 0x3, 0x0, 0x0,

    /* U+FC79 "ﱹ" */
    0x0, 0x6, 0x0, 0x0, 0x0, 0x0, 0xf0, 0x0,
    0x0, 0x0, 0x0, 0x6, 0x0, 0x0, 0x18, 0x30,
    0x6, 0xc, 0x1, 0x83, 0x0, 0x60, 0xc4, 0x18,
    0x33, 0x6, 0xc, 0xc1, 0x83, 0x30, 0x7f, 0xfc,
    0x18, 0x1, 0x8e, 0x0, 0x3e, 0x0, 0x0,

    /* U+FC7A "ﱺ" */
    0x0, 0x0, 0x60, 0x0, 0x0, 0x0, 0x0, 0x1b,
    0x0, 0x0, 0x0, 0x0, 0x0, 0x0, 0x0, 0x0,
    0x0, 0x0, 0x6, 0x0, 0x0, 0x18, 0x0, 0xe0,
    0x60, 0x4, 0xc1, 0x80, 0x21, 0x6, 0x30, 0xc6,
    0x18, 0xc3, 0xcc, 0x63, 0xf, 0x9f, 0xfc, 0x6,
    0x0, 0x38, 0x18, 0x0, 0x7f, 0x80, 0x0,

    /* U+FC7B "ﱻ" */
    0x0, 0x0, 0x60, 0x0, 0x0, 0x0, 0x0, 0x1b,
    0x0, 0x0, 0x0, 0x0, 0x0, 0x0, 0x0, 0x0,
    0x0, 0x0, 0x6, 0x0, 0x0, 0x18, 0x0, 0xe0,
    0x60, 0x4, 0xc1, 0x80, 0x21, 0x6, 0x30, 0xc6,
    0x18, 0xc3, 0xcc, 0x63, 0x7, 0x9f, 0xfc, 0x6,
    0x0, 0x38, 0x18, 0x0, 0x7f, 0x80, 0x0, 0x0,
    0x0, 0x0, 0x0, 0x0, 0x0, 0x0, 0x0, 0x1b,
    0x0, 0x0,

    /* U+FC7C "ﱼ" */
    0x0, 0x0, 0x18, 0x0, 0x0, 0x0, 0x0, 0x0,
    0x0, 0x0, 0x0, 0x0, 0xf8, 0x0, 0x0, 0x66,
    0x0, 0x38, 0x31, 0x80, 0x13, 0xc, 0x60, 0x8,
    0x43, 0x18, 0xc3, 0x18, 0xc6, 0x30, 0xf3, 0x39,
    0x8c, 0x3e, 0x7f, 0xff, 0x1, 0x80, 0x0, 0xe0,
    0x60, 0x0, 0x1f, 0xe0, 0x0, 0x0,

    /* U+FC7D "ﱽ" */
    0x0, 0x0, 0x18, 0x0, 0x0, 0x0, 0x0, 0x0,
    0x0, 0x0, 0x0, 0x0, 0xf8, 0x0, 0x0, 0x66,
    0x0, 0x38, 0x31, 0x80, 0x13, 0xc, 0x60, 0x8,
    0x43, 0x18, 0xc3, 0x18, 0xc6, 0x30, 0xf3, 0x39,
    0x8c, 0x1e, 0x7f, 0xff, 0x1, 0x80, 0x0, 0xe0,
    0x60, 0x0, 0x1f, 0xe0, 0x0, 0x0, 0x0, 0x0,
    0x0, 0x0, 0x0, 0x0, 0x0, 0x0, 0x0, 0x6,
    0xc0, 0x0, 0x0,

    /* U+FC7E "ﱾ" */
    0x0, 0x0, 0x6c, 0x0, 0x0, 0x0, 0x0, 0x0,
    0x0, 0x0, 0x0, 0x0, 0x0, 0x0, 0x0, 0x3e,
    0x0, 0x0, 0x19, 0x80, 0xe, 0xc, 0x60, 0x4,
    0xc3, 0x18, 0x2, 0x10, 0xc6, 0x30, 0xc6, 0x31,
    0x8c, 0x3c, 0xce, 0x63, 0xf, 0x9f, 0xff, 0xc0,
    0x60, 0x0, 0x38, 0x18, 0x0, 0x7, 0xf8, 0x0,
    0x0,

    /* U+FC7F "ﱿ" */
    0x0, 0x0, 0x6c, 0x0, 0x0, 0x0, 0x0, 0x0,
    0x0, 0x0, 0x0, 0x0, 0x0, 0x0, 0x0, 0x3e,
    0x0, 0x0, 0x19, 0x80, 0xe, 0xc, 0x60, 0x4,
    0xc3, 0x18, 0x2, 0x10, 0xc6, 0x30, 0xc6, 0x31,
    0x8c, 0x3c, 0xce, 0x63, 0x7, 0x9f, 0xff, 0xc0,
    0x60, 0x0, 0x38, 0x18, 0x0, 0x7, 0xf8, 0x0,
    0x0, 0x0, 0x0, 0x0, 0x0, 0x0, 0x0, 0x0,
    0x0, 0x0, 0x1, 0xb0, 0x0, 0x0,

    /* U+FC80 "ﲀ" */
    0x0, 0x61, 0x81, 0xc3, 0x7, 0x6, 0x18, 0xc,
    0x30, 0x18, 0x78, 0x30, 0x18, 0x60, 0x18, 0xc0,
    0x31, 0x80, 0x63, 0x0, 0xc6, 0x1, 0x8f, 0xff,
    0xe0,

    /* U+FC81 "ﲁ" */
    0x0, 0x0, 0x60, 0x6, 0x3, 0x80, 0x18, 0x38,
    0x0, 0x60, 0xc0, 0x1, 0x86, 0x0, 0x6, 0x1f,
    0x0, 0x18, 0x6, 0x0, 0x60, 0xc, 0x1, 0x80,
    0x33, 0x6, 0x0, 0xcc, 0x18, 0x3, 0x30, 0x60,
    0xc, 0xc1, 0xff, 0xff, 0x6, 0x0, 0x6, 0x38,
    0x0, 0xf, 0x80, 0x0,

    /* U+FC82 "ﲂ" */
    0x0, 0x0, 0xc0, 0x0, 0xe, 0x0, 0x0, 0xe0,
    0x0, 0xc, 0x0, 0x0, 0xc0, 0x0, 0x7, 0xc0,
    0x78, 0x3, 0x6, 0x60, 0xc, 0x31, 0x80, 0x61,
    0x8c, 0x3, 0xc, 0x60, 0x18, 0x67, 0x0, 0xc7,
    0xef, 0xff, 0xe0, 0x0, 0x3, 0x0, 0x0, 0x18,
    0x0, 0x0, 0xc0, 0x0, 0x6, 0x0, 0x0, 0x30,
    0x0, 0x0,

    /* U+FC83 "ﲃ" */
    0x0, 0x0, 0xc, 0x0, 0x0, 0x7, 0x0, 0x0,
    0x3, 0x80, 0x0, 0x1, 0x80, 0x0, 0x0, 0xc0,
    0x0, 0x0, 0x3e, 0x0, 0x0, 0x0, 0xc0, 0x3,
    0x80, 0x18, 0x1, 0x30, 0x6, 0x0, 0x84, 0x1,
    0x8c, 0x31, 0x80, 0x63, 0xf, 0x30, 0x18, 0xc3,
    0xe7, 0xff, 0xf0, 0x18, 0x0, 0xe, 0x6, 0x0,
    0x1, 0xfe, 0x0, 0x0,

    /* U+FC84 "ﲄ" */
    0x0, 0x0, 0xc, 0x0, 0x0, 0x7, 0x0, 0x0,
    0x3, 0x80, 0x0, 0x1, 0x80, 0x0, 0x0, 0xc0,
    0x0, 0x0, 0x3e, 0x0, 0x0, 0x0, 0xc0, 0x3,
    0x80, 0x18, 0x1, 0x30, 0x6, 0x0, 0x84, 0x1,
    0x8c, 0x31, 0x80, 0x63, 0xf, 0x30, 0x18, 0xc1,
    0xe7, 0xff, 0xf0, 0x18, 0x0, 0xe, 0x6, 0x0,
    0x1, 0xfe, 0x0, 0x0, 0x0, 0x0, 0x0, 0x0,
    0x0, 0x0, 0x0, 0x0, 0x0, 0x0, 0x6c, 0x0,
    0x0,

    /* U+FC85 "ﲅ" */
    0x0, 0xc, 0x0, 0x6, 0x0, 0x3, 0x0, 0x1,
    0x80, 0x0, 0xc0, 0xf0, 0x60, 0xcc, 0x30, 0x63,
    0x18, 0x31, 0x8c, 0x18, 0xc6, 0xc, 0xe3, 0xf,
    0xdf, 0xfc, 0x0, 0x6, 0x0, 0x3, 0x0, 0x1,
    0x80, 0x0, 0xc0, 0x0, 0x60, 0x0, 0x0,

    /* U+FC86 "ﲆ" */
    0x0, 0x0, 0x60, 0x0, 0x3, 0x0, 0x0, 0x18,
    0x0, 0x0, 0xc0, 0x0, 0x6, 0x0, 0x0, 0x30,
    0x3, 0x81, 0x80, 0x26, 0xc, 0x2, 0x10, 0x66,
    0x18, 0xc3, 0x30, 0xf3, 0x19, 0x87, 0xcf, 0xfc,
    0x6, 0x0, 0x70, 0x30, 0x1, 0xfe, 0x0, 0x0,

    /* U+FC87 "ﲇ" */
    0x0, 0x0, 0x60, 0x0, 0x3, 0x0, 0x0, 0x18,
    0x0, 0x0, 0xc0, 0x0, 0x6, 0x0, 0x0, 0x30,
    0x3, 0x81, 0x80, 0x26, 0xc, 0x2, 0x10, 0x66,
    0x18, 0xc3, 0x30, 0xf3, 0x19, 0x83, 0xcf, 0xfc,
    0x6, 0x0, 0x70, 0x30, 0x1, 0xfe, 0x0, 0x0,
    0x0, 0x0, 0x0, 0x0, 0x0, 0x0, 0x0, 0x6,
    0xc0, 0x0,

    /* U+FC88 "ﲈ" */
    0xc0, 0x1, 0x80, 0x3, 0x0, 0x6, 0x0, 0xc,
    0x0, 0x18, 0x3c, 0x31, 0x8c, 0x63, 0xc, 0xc6,
    0x19, 0x8c, 0x33, 0x18, 0xe7, 0xff, 0x70,

    /* U+FC89 "ﲉ" */
    0x1e, 0x7, 0x81, 0x98, 0x66, 0xc, 0x63, 0x18,
    0x63, 0x18, 0xc3, 0x18, 0xc6, 0x19, 0xc6, 0x71,
    0xfb, 0xfe, 0xf8, 0x0, 0x0, 0xc0, 0x0, 0x6,
    0x0, 0x0, 0x30, 0x0, 0x1, 0x80, 0x0, 0xc,
    0x0, 0x0, 0x0,

    /* U+FC8A "ﲊ" */
    0x0, 0x60, 0x0, 0x0, 0x0, 0x0, 0x0, 0xc,
    0x30, 0x30, 0xc0, 0xc3, 0x3, 0xc, 0xc, 0x30,
    0x30, 0xc0, 0xc3, 0x3, 0xff, 0xc, 0x0, 0x30,
    0xf, 0x80, 0x0,

    /* U+FC8B "ﲋ" */
    0x0, 0x60, 0x30, 0x0, 0x0, 0x0, 0x0, 0xc,
    0x30, 0x30, 0xc0, 0xc3, 0x3, 0xc, 0xc, 0x30,
    0x30, 0xc0, 0xc3, 0x3, 0xff, 0xc, 0x0, 0x30,
    0xf, 0x80, 0x0,

    /* U+FC8C "ﲌ" */
    0x0, 0xc, 0x0, 0x0, 0x0, 0x0, 0x0, 0x0,
    0x0, 0xe0, 0xc1, 0x98, 0x60, 0xc6, 0x30, 0x63,
    0x18, 0x31, 0x8c, 0x18, 0xc6, 0xc, 0xe3, 0xf,
    0xdf, 0xfc, 0x0, 0x6, 0x0, 0x3, 0x0, 0x1,
    0x80, 0x0, 0xc0, 0x0, 0x60, 0x0, 0x0,

    /* U+FC8D "ﲍ" */
    0x0, 0x6, 0x0, 0x0, 0x0, 0x0, 0x0, 0x60,
    0x0, 0x1, 0x86, 0x0, 0x61, 0x80, 0x18, 0x60,
    0x6, 0x18, 0x41, 0x86, 0x30, 0x61, 0x8c, 0x18,
    0x63, 0x7, 0xff, 0xc1, 0x80, 0x18, 0xe0, 0x3,
    0xe0, 0x0,

    /* U+FC8E "ﲎ" */
    0x0, 0x0, 0xc0, 0x0, 0x0, 0x0, 0x0, 0x0,
    0x0, 0x0, 0x0, 0x0, 0x6, 0x0, 0x0, 0x30,
    0x3, 0x81, 0x80, 0x26, 0xc, 0x2, 0x10, 0x66,
    0x18, 0xc3, 0x30, 0xf3, 0x19, 0x87, 0xcf, 0xfc,
    0x6, 0x0, 0x70, 0x30, 0x1, 0xfe, 0x0, 0x0,

    /* U+FC8F "ﲏ" */
    0x0, 0x0, 0xc0, 0x0, 0x0, 0x0, 0x0, 0x0,
    0x0, 0x0, 0x0, 0x0, 0x6, 0x0, 0x0, 0x30,
    0x3, 0x81, 0x80, 0x26, 0xc, 0x2, 0x10, 0x66,
    0x18, 0xc3, 0x30, 0xf3, 0x19, 0x83, 0xcf, 0xfc,
    0x6, 0x0, 0x70, 0x30, 0x1, 0xfe, 0x0, 0x0,
    0x0, 0x0, 0x0, 0x0, 0x0, 0x0, 0x0, 0x6,
    0xc0, 0x0,

    /* U+FC90 "ﲐ" */
    0x20, 0x0, 0x40, 0x0, 0x83, 0x80, 0x19, 0x80,
    0x21, 0x18, 0xe3, 0x30, 0xf3, 0x61, 0xf3, 0xc0,
    0x61, 0xc0, 0xc1, 0xfe, 0x0,

    /* U+FC91 "ﲑ" */
    0xc, 0x30, 0x18, 0x60, 0x30, 0xc0, 0x61, 0x80,
    0xc3, 0x1, 0x86, 0x3, 0xc, 0x7, 0xff, 0xc,
    0x0, 0x18, 0x1, 0xe1, 0xb0,

    /* U+FC92 "ﲒ" */
    0xc, 0x0, 0x0, 0x0, 0x0, 0x0, 0x61, 0x80,
    0xc3, 0x1, 0x86, 0x3, 0xc, 0x6, 0x18, 0xc,
    0x30, 0x18, 0x60, 0x3f, 0xf8, 0x60, 0x0, 0xc0,
    0xf, 0xd, 0x80,

    /* U+FC93 "ﲓ" */
    0xe, 0x6, 0xc, 0xc1, 0x83, 0x18, 0x60, 0xc6,
    0x18, 0x31, 0x86, 0xc, 0x61, 0x83, 0x38, 0x61,
    0xfb, 0xff, 0xc0, 0x0, 0x30, 0x0, 0xc, 0x1,
    0xb3, 0x0, 0x0, 0xc0, 0x0, 0x30, 0x0, 0x0,

    /* U+FC94 "ﲔ" */
    0x18, 0x0, 0x0, 0x60, 0xc0, 0x18, 0x30, 0x6,
    0xc, 0x1, 0x83, 0x10, 0x60, 0xcc, 0x18, 0x33,
    0x6, 0xc, 0xc1, 0xff, 0xf0, 0x60, 0x6, 0x38,
    0x0, 0xf8, 0x36,

    /* U+FC95 "ﲕ" */
    0x0, 0x0, 0x60, 0x0, 0x1, 0x80, 0xe, 0x6,
    0x0, 0x4c, 0x18, 0x2, 0x10, 0x63, 0xc, 0x61,
    0x8c, 0x3c, 0xc6, 0x30, 0xf9, 0xff, 0xc0, 0x60,
    0x3, 0x81, 0x80, 0x7, 0xf8, 0xf, 0x0,

    /* U+FC96 "ﲖ" */
    0x0, 0x0, 0x60, 0x0, 0x1, 0x80, 0xe, 0x6,
    0x0, 0x4c, 0x18, 0x2, 0x10, 0x63, 0xc, 0x61,
    0x8c, 0x3c, 0xc6, 0x30, 0x79, 0xff, 0xc0, 0x60,
    0x3, 0x81, 0x80, 0x7, 0xf8, 0xf, 0x0, 0x0,
    0x0, 0x0, 0x0, 0x0, 0x0, 0x0, 0x1, 0xb0,
    0x0, 0x0,

    /* U+FC97 "ﲗ" */
    0x0, 0x3c, 0x0, 0x80, 0x3, 0xc0, 0x0, 0x0,
    0x1, 0xf0, 0x34, 0x60, 0xc1, 0x83, 0x6, 0xc,
    0x8, 0x30, 0x30, 0xc0, 0xc3, 0xff, 0xfc, 0x0,
    0x0, 0x0, 0x6, 0x0,

    /* U+FC98 "ﲘ" */
    0x0, 0x1c, 0x0, 0x40, 0x1, 0xc0, 0x0, 0x0,
    0x1, 0xf8, 0x32, 0x60, 0xc0, 0xc3, 0x3, 0xc,
    0xc, 0x30, 0x30, 0xc0, 0x63, 0xff, 0xfc,

    /* U+FC99 "ﲙ" */
    0x0, 0x1c, 0x60, 0x40, 0x1, 0xc0, 0x0, 0x0,
    0x1, 0xf8, 0x32, 0x60, 0xc0, 0xc3, 0x3, 0xc,
    0xc, 0x30, 0x30, 0xc0, 0x63, 0xff, 0xfc,

    /* U+FC9A "ﲚ" */
    0x0, 0xe, 0x0, 0x10, 0x0, 0x38, 0x0, 0x0,
    0x0, 0x1, 0xc0, 0xc4, 0xc1, 0x98, 0xc3, 0x31,
    0x86, 0x63, 0xc, 0xc6, 0x19, 0x9c, 0x3f, 0xef,
    0xe0,

    /* U+FC9B "ﲛ" */
    0x0, 0x0, 0xe0, 0x0, 0x10, 0x0, 0x2, 0xf,
    0xe0, 0x71, 0x7, 0x0, 0x0, 0x60, 0xc3, 0x86,
    0x18, 0xc8, 0xc3, 0x31, 0x98, 0x66, 0x33, 0xc,
    0xc6, 0x61, 0x9c, 0xcc, 0x3f, 0xff, 0xfe,

    /* U+FC9C "ﲜ" */
    0x7c, 0xd, 0x18, 0x30, 0x60, 0xc1, 0x83, 0x2,
    0xc, 0xc, 0x30, 0x30, 0xff, 0xff, 0x0, 0x0,
    0x0, 0x1, 0x81, 0x80,

    /* U+FC9D "ﲝ" */
    0x7e, 0xc, 0x98, 0x30, 0x30, 0xc0, 0xc3, 0x3,
    0xc, 0xc, 0x30, 0x18, 0xff, 0xff, 0x0, 0x0,
    0x0, 0x0, 0x1, 0x80,

    /* U+FC9E "ﲞ" */
    0x18, 0x0, 0x0, 0x0, 0x0, 0x0, 0x0, 0x7e,
    0xc, 0x98, 0x30, 0x30, 0xc0, 0xc3, 0x3, 0xc,
    0xc, 0x30, 0x18, 0xff, 0xff, 0x0, 0x0, 0x0,
    0x0, 0x1, 0x80,

    /* U+FC9F "ﲟ" */
    0xe, 0x6, 0x26, 0xc, 0xc6, 0x19, 0x8c, 0x33,
    0x18, 0x66, 0x30, 0xcc, 0xe1, 0xff, 0x7f, 0x0,
    0x0, 0x0, 0x0, 0x0, 0x30,

    /* U+FCA0 "ﲠ" */
    0x1f, 0xc0, 0x2, 0xe, 0x0, 0x0, 0xc1, 0x87,
    0xc, 0x31, 0x91, 0x86, 0x63, 0x30, 0xcc, 0x66,
    0x19, 0x8c, 0xc3, 0x39, 0x98, 0x7f, 0xff, 0xfc,
    0x0, 0x0, 0x0, 0x0, 0x0, 0x0, 0xc,

    /* U+FCA1 "ﲡ" */
    0x0, 0x7c, 0x0, 0x0, 0x0, 0x0, 0x0, 0x7c,
    0xd, 0x18, 0x30, 0x60, 0xc1, 0x83, 0x2, 0xc,
    0xc, 0x30, 0x30, 0xff, 0xff, 0x0, 0x0, 0x0,
    0x1, 0x80, 0x0,

    /* U+FCA2 "ﲢ" */
    0x0, 0x36, 0x0, 0x0, 0x0, 0x0, 0x0, 0x7,
    0xe0, 0xc4, 0xc1, 0x80, 0xc3, 0x1, 0x86, 0x3,
    0xc, 0x6, 0x18, 0x6, 0x37, 0xff, 0xe0,

    /* U+FCA3 "ﲣ" */
    0x18, 0x36, 0x0, 0x0, 0x0, 0x0, 0x0, 0x7,
    0xe0, 0xc4, 0xc1, 0x80, 0xc3, 0x1, 0x86, 0x3,
    0xc, 0x6, 0x18, 0x6, 0x37, 0xff, 0xe0,

    /* U+FCA4 "ﲤ" */
    0x0, 0x3b, 0x0, 0x0, 0x0, 0x0, 0x0, 0x0,
    0xe, 0x6, 0x13, 0x6, 0x31, 0x86, 0x31, 0x86,
    0x31, 0x86, 0x31, 0x86, 0x33, 0x86, 0xfe, 0xfe,

    /* U+FCA5 "ﲥ" */
    0x0, 0x1, 0xb1, 0x0, 0x0, 0x1f, 0xc0, 0x1,
    0x7, 0x0, 0x0, 0x30, 0x60, 0xe1, 0x86, 0x19,
    0x18, 0x63, 0x19, 0x86, 0x31, 0x98, 0x63, 0x19,
    0x86, 0x39, 0x98, 0x6f, 0xff, 0xfe,

    /* U+FCA6 "ﲦ" */
    0x0, 0xc, 0x0, 0x0, 0x0, 0x3b, 0x0, 0x0,
    0x0, 0x0, 0x0, 0x0, 0xe, 0x6, 0x13, 0x6,
    0x31, 0x86, 0x31, 0x86, 0x31, 0x86, 0x31, 0x86,
    0x33, 0x86, 0xfe, 0xfe,

    /* U+FCA7 "ﲧ" */
    0x7e, 0x1f, 0x4, 0xc0, 0x30, 0xc, 0x3, 0x1,
    0x80, 0x60, 0x30, 0xc, 0x6, 0x1, 0x80, 0x60,
    0x3f, 0xff, 0xff, 0x0, 0x0, 0x0, 0x0, 0x0,
    0x0, 0x18, 0x0,

    /* U+FCA8 "ﲨ" */
    0xe, 0xf, 0x81, 0x30, 0x8c, 0x31, 0x80, 0xc3,
    0x18, 0xc, 0x31, 0x80, 0x63, 0x18, 0x6, 0x33,
    0x80, 0x6f, 0xff, 0xff, 0x0, 0x0, 0x0, 0x0,
    0x0, 0x0, 0x3, 0x0,

    /* U+FCA9 "ﲩ" */
    0x7c, 0x1f, 0x8, 0xc2, 0x30, 0x18, 0x6, 0x3,
    0x0, 0xc0, 0x20, 0xc, 0x6, 0x1, 0x80, 0xc0,
    0x37, 0xff, 0xff, 0x0, 0x0, 0x0, 0x0, 0x0,
    0x60, 0x0, 0x0,

    /* U+FCAA "ﲪ" */
    0xe, 0xf, 0x81, 0x30, 0x8c, 0x31, 0x80, 0xc3,
    0x18, 0xc, 0x31, 0x80, 0x63, 0x18, 0x6, 0x33,
    0x80, 0x6f, 0xff, 0xff,

    /* U+FCAB "ﲫ" */
    0x0, 0xc, 0x0, 0x0, 0x0, 0x0, 0x0, 0x0,
    0x0, 0x7, 0xc1, 0xf0, 0x8c, 0x23, 0x1, 0x80,
    0x60, 0x30, 0xc, 0x2, 0x1, 0xc0, 0x60, 0x18,
    0xc, 0x3, 0x7f, 0xff, 0xf0, 0x0, 0x0, 0x0,
    0x0, 0x6, 0x0, 0x0,

    /* U+FCAC "ﲬ" */
    0x0, 0x6, 0x0, 0x0, 0x0, 0x0, 0x0, 0x0,
    0x0, 0x0, 0xe, 0xf, 0x81, 0x30, 0x8c, 0x31,
    0x80, 0xc3, 0x18, 0xc, 0x31, 0x80, 0xe3, 0x18,
    0x6, 0x33, 0x80, 0x6f, 0xff, 0xff,

    /* U+FCAD "ﲭ" */
    0x7c, 0x0, 0x3, 0x46, 0xc, 0x63, 0x6, 0xc,
    0x63, 0x6, 0xc, 0x63, 0x2, 0xc, 0x63, 0x3,
    0xc, 0x63, 0x3, 0xc, 0x73, 0xff, 0xff, 0xdf,
    0x0, 0x0, 0x0, 0x0, 0x0, 0x0, 0x18, 0x0,
    0x0,

    /* U+FCAE "ﲮ" */
    0x7e, 0x0, 0x3, 0x26, 0xc, 0x63, 0x3, 0xc,
    0x63, 0x3, 0xc, 0x63, 0x3, 0xc, 0x63, 0x3,
    0xc, 0x63, 0x1, 0x8c, 0x73, 0xff, 0xff, 0xdf,

    /* U+FCAF "ﲯ" */
    0x18, 0x0, 0x0, 0x0, 0x0, 0x0, 0x0, 0x0,
    0x0, 0x0, 0x0, 0x0, 0x7e, 0x0, 0x3, 0x26,
    0xc, 0x63, 0x3, 0xc, 0x63, 0x3, 0xc, 0x63,
    0x3, 0xc, 0x63, 0x3, 0xc, 0x63, 0x1, 0x8c,
    0x73, 0xff, 0xff, 0xdf,

    /* U+FCB0 "ﲰ" */
    0xe, 0x0, 0x1, 0x89, 0x83, 0x18, 0xcc, 0x61,
    0x8c, 0x66, 0x30, 0xc6, 0x33, 0x18, 0x63, 0x19,
    0x8c, 0x31, 0x8c, 0xce, 0x18, 0xe7, 0xfd, 0xff,
    0xdf,

    /* U+FCB1 "ﲱ" */
    0x7e, 0xc, 0xf0, 0x98, 0x34, 0x60, 0x30, 0xe0,
    0xc0, 0xc3, 0x83, 0x3, 0xc, 0xc, 0xc, 0x30,
    0x30, 0x18, 0xc0, 0xff, 0xff, 0xff,

    /* U+FCB2 "ﲲ" */
    0x18, 0x0, 0x0, 0x0, 0x0, 0x0, 0x0, 0x0,
    0x0, 0x0, 0x0, 0x7e, 0xc, 0xf0, 0x98, 0x34,
    0x60, 0x30, 0xe0, 0xc0, 0xc3, 0x83, 0x3, 0xc,
    0xc, 0xc, 0x30, 0x30, 0x18, 0xc0, 0xff, 0xff,
    0xff,

    /* U+FCB3 "ﲳ" */
    0xe, 0x6, 0x78, 0x26, 0xd, 0x18, 0xc6, 0x1c,
    0x19, 0x8c, 0x38, 0x33, 0x18, 0x60, 0x66, 0x30,
    0xc0, 0xcc, 0xe1, 0x81, 0xff, 0x7f, 0xff,

    /* U+FCB4 "ﲴ" */
    0x0, 0x1, 0x80, 0x0, 0x0, 0x0, 0x0, 0x0,
    0x0, 0x0, 0x0, 0x7c, 0xc, 0xf1, 0x18, 0x34,
    0x60, 0x60, 0xe0, 0xc1, 0x83, 0x83, 0x2, 0xc,
    0xc, 0xc, 0x30, 0x30, 0x30, 0xc0, 0xff, 0xff,
    0xff, 0x0, 0x0, 0x0, 0x0, 0x0, 0x1, 0x80,
    0x0, 0x0,

    /* U+FCB5 "ﲵ" */
    0x0, 0x0, 0xc0, 0x0, 0x0, 0x0, 0x0, 0x0,
    0x0, 0x0, 0x0, 0x7e, 0xc, 0xf0, 0x98, 0x34,
    0x60, 0x30, 0xe0, 0xc0, 0xc3, 0x83, 0x3, 0xc,
    0xc, 0xc, 0x30, 0x30, 0x18, 0xc0, 0xff, 0xff,
    0xff,

    /* U+FCB6 "ﲶ" */
    0x18, 0x0, 0xc0, 0x0, 0x0, 0x0, 0x0, 0x0,
    0x0, 0x0, 0x0, 0x7e, 0xc, 0xf0, 0x98, 0x34,
    0x60, 0x30, 0xe0, 0xc0, 0xc3, 0x83, 0x3, 0xc,
    0xc, 0xc, 0x30, 0x30, 0x18, 0xc0, 0xff, 0xff,
    0xff,

    /* U+FCB7 "ﲷ" */
    0x0, 0x0, 0x60, 0x0, 0x0, 0x0, 0x0, 0x0,
    0x0, 0x0, 0x0, 0x0, 0xe0, 0x67, 0x82, 0x60,
    0xd1, 0x8c, 0x61, 0xc1, 0x98, 0xc3, 0x83, 0x31,
    0x86, 0x6, 0x63, 0xc, 0xc, 0xce, 0x18, 0x1f,
    0xf7, 0xff, 0xf0,

    /* U+FCB8 "ﲸ" */
    0x0, 0xc, 0x0, 0x0, 0x18, 0x0, 0x0, 0x30,
    0x0, 0x0, 0x60, 0x7, 0xe0, 0xcf, 0x84, 0xc1,
    0xb1, 0x80, 0xc3, 0xc1, 0x81, 0x87, 0x3, 0x3,
    0xc, 0x6, 0x6, 0x18, 0xc, 0x6, 0x30, 0x1f,
    0xff, 0xff, 0xf0,

    /* U+FCB9 "ﲹ" */
    0x0, 0x6, 0x30, 0x0, 0xc, 0x0, 0x0, 0x18,
    0x0, 0x0, 0x30, 0x0, 0xe0, 0x67, 0x82, 0x60,
    0xd1, 0x8c, 0x61, 0xc1, 0x98, 0xc3, 0x83, 0x31,
    0x86, 0x6, 0x63, 0xc, 0xc, 0xce, 0x18, 0x1f,
    0xf7, 0xff, 0xf0,

    /* U+FCBA "ﲺ" */
    0x7c, 0x7, 0x91, 0x83, 0x0, 0x61, 0x80, 0x18,
    0x60, 0x2, 0x18, 0x0, 0xc6, 0x0, 0x30, 0xc3,
    0xff, 0xff, 0x0, 0x0, 0x0, 0x0, 0x1, 0x80,
    0x0,

    /* U+FCBB "ﲻ" */
    0xe, 0x3, 0xe2, 0x60, 0xc0, 0xc6, 0x30, 0x18,
    0xc6, 0x3, 0x18, 0xc0, 0x63, 0x18, 0xc, 0xe1,
    0x87, 0xf7, 0xff,

    /* U+FCBC "ﲼ" */
    0x0, 0x6, 0x0, 0x0, 0x0, 0x0, 0x1, 0xf0,
    0x1e, 0x46, 0xc, 0x1, 0x86, 0x0, 0x61, 0x80,
    0x8, 0x60, 0x3, 0x18, 0x0, 0xc3, 0xf, 0xff,
    0xfc, 0x0, 0x0, 0x0, 0x0, 0x6, 0x0, 0x0,

    /* U+FCBD "ﲽ" */
    0x0, 0x3, 0x0, 0x0, 0x0, 0x0, 0x0, 0x7,
    0x1, 0xf1, 0x30, 0x60, 0x63, 0x18, 0xc, 0x63,
    0x1, 0x8c, 0x60, 0x31, 0x8c, 0x6, 0x70, 0xc3,
    0xfb, 0xff, 0x80,

    /* U+FCBE "ﲾ" */
    0x0, 0x6, 0x0, 0x0, 0x0, 0x0, 0x1, 0xf0,
    0x1f, 0x46, 0xc, 0xc1, 0x86, 0x30, 0x61, 0x8c,
    0x8, 0x63, 0x3, 0x18, 0xc0, 0xc7, 0x3f, 0xff,
    0xfc, 0x0, 0x0, 0x0, 0x0, 0x6, 0x0, 0x0,

    /* U+FCBF "ﲿ" */
    0x0, 0x3, 0x0, 0x0, 0x0, 0x0, 0x0, 0x3f,
    0x1, 0xf0, 0x60, 0x66, 0x6, 0x18, 0xc0, 0xc3,
    0x18, 0x18, 0x63, 0x3, 0xc, 0x60, 0x31, 0xcf,
    0xff, 0xff, 0x80,

    /* U+FCC0 "ﳀ" */
    0x18, 0x0, 0x0, 0x0, 0x60, 0x0, 0x0, 0x0,
    0x0, 0x7, 0xe0, 0x3e, 0xc, 0xc, 0xc0, 0xc3,
    0x18, 0x18, 0x63, 0x3, 0xc, 0x60, 0x61, 0x8c,
    0x6, 0x39, 0xff, 0xff, 0xf0,

    /* U+FCC1 "ﳁ" */
    0x0, 0x1, 0x80, 0x0, 0x0, 0x0, 0x0, 0x0,
    0xe0, 0x3f, 0x13, 0x6, 0x33, 0x18, 0xc3, 0x31,
    0x8c, 0x33, 0x18, 0xc3, 0x31, 0x8c, 0x33, 0x38,
    0xe3, 0xfe, 0xff, 0xf0,

    /* U+FCC2 "ﳂ" */
    0x0, 0x7, 0x80, 0x0, 0x0, 0x0, 0x0, 0x0,
    0x0, 0x7, 0xe0, 0x3e, 0xc, 0xc, 0xc0, 0xc3,
    0x18, 0x18, 0x63, 0x3, 0xc, 0x60, 0x61, 0x8c,
    0x6, 0x39, 0xff, 0xff, 0xf0,

    /* U+FCC3 "ﳃ" */
    0x0, 0x6, 0xc0, 0x0, 0x0, 0x0, 0x0, 0x0,
    0x0, 0x0, 0xe, 0x3, 0xf1, 0x30, 0x63, 0x31,
    0x8c, 0x33, 0x18, 0xc3, 0x31, 0x8c, 0x33, 0x18,
    0xc3, 0x33, 0x8e, 0x3f, 0xef, 0xff,

    /* U+FCC4 "ﳄ" */
    0x0, 0x1, 0x80, 0x0, 0xe0, 0x0, 0x70, 0x0,
    0x30, 0x0, 0x18, 0x1f, 0x7, 0xc4, 0x60, 0x18,
    0x18, 0x3, 0x6, 0x0, 0xc0, 0x80, 0x30, 0x30,
    0xc, 0xc, 0x3, 0xff, 0xff, 0xc0, 0x0, 0x0,
    0x0, 0x0, 0x60, 0x0,

    /* U+FCC5 "ﳅ" */
    0x0, 0x0, 0xc0, 0x0, 0x38, 0x0, 0xe, 0x0,
    0x3, 0x0, 0x0, 0xc0, 0x7c, 0x1f, 0x9, 0x80,
    0x30, 0x18, 0x3, 0x3, 0x0, 0x60, 0x60, 0xc,
    0xc, 0x1, 0x80, 0xc0, 0x3f, 0xff, 0xfe,

    /* U+FCC6 "ﳆ" */
    0x0, 0x0, 0xc3, 0x0, 0x38, 0x0, 0x1c, 0x0,
    0x3, 0x0, 0x0, 0xc0, 0x7c, 0x1f, 0x9, 0x80,
    0x30, 0x18, 0x3, 0x3, 0x0, 0x60, 0x60, 0xc,
    0xc, 0x1, 0x80, 0xc0, 0x3f, 0xff, 0xfe,

    /* U+FCC7 "ﳇ" */
    0x0, 0x18, 0xc0, 0xe3, 0x7, 0xc, 0x30, 0x30,
    0xc0, 0xc3, 0xc3, 0x1, 0xcc, 0x3, 0x30, 0xc,
    0xc0, 0x33, 0x0, 0xcc, 0x3, 0xff, 0xfc,

    /* U+FCC8 "ﳈ" */
    0x0, 0x0, 0xc0, 0x0, 0x38, 0x0, 0xe, 0x0,
    0x3, 0x0, 0x0, 0xc0, 0x0, 0x1f, 0x7, 0x80,
    0x31, 0x98, 0x3, 0x31, 0x80, 0x66, 0x30, 0xc,
    0xc6, 0x1, 0x99, 0xc0, 0x3f, 0xef, 0xfe,

    /* U+FCC9 "ﳉ" */
    0x0, 0xc, 0x0, 0x30, 0x0, 0xc0, 0x3, 0x7c,
    0xd, 0x18, 0x30, 0x60, 0xc1, 0x83, 0x2, 0xc,
    0xc, 0x30, 0x30, 0xff, 0xff, 0x0, 0x0, 0x0,
    0x1, 0x80, 0x0,

    /* U+FCCA "ﳊ" */
    0x0, 0xc, 0x0, 0x30, 0x0, 0xc0, 0x3, 0x7e,
    0xc, 0x98, 0x30, 0x30, 0xc0, 0xc3, 0x3, 0xc,
    0xc, 0x30, 0x18, 0xff, 0xff,

    /* U+FCCB "ﳋ" */
    0x18, 0xc, 0x0, 0x30, 0x0, 0xc0, 0x3, 0x7e,
    0xc, 0x98, 0x30, 0x30, 0xc0, 0xc3, 0x3, 0xc,
    0xc, 0x30, 0x18, 0xff, 0xff,

    /* U+FCCC "ﳌ" */
    0x0, 0x6, 0x0, 0xc, 0x0, 0x18, 0x0, 0x30,
    0x0, 0x63, 0xc0, 0xcc, 0xc1, 0x98, 0xc3, 0x31,
    0x86, 0x63, 0xc, 0xce, 0x1f, 0xf7, 0xf0,

    /* U+FCCD "ﳍ" */
    0x0, 0x0, 0x60, 0x0, 0xc, 0x7f, 0x1, 0x88,
    0x38, 0x30, 0x3, 0x6, 0x1c, 0x30, 0xc6, 0x46,
    0x19, 0x8c, 0xc3, 0x31, 0x98, 0x66, 0x33, 0xc,
    0xe6, 0x61, 0xff, 0xff, 0xf0,

    /* U+FCCE "ﳎ" */
    0x7c, 0xf, 0x81, 0x86, 0x70, 0x61, 0x8c, 0x8,
    0x63, 0x3, 0x18, 0xc0, 0xc6, 0x6f, 0xff, 0xf0,
    0x0, 0x0, 0x0, 0x0, 0x6, 0x0, 0x0,

    /* U+FCCF "ﳏ" */
    0x7e, 0x7, 0x80, 0xe3, 0x18, 0xc, 0x61, 0x81,
    0x8c, 0x30, 0x31, 0x86, 0x3, 0x31, 0xbf, 0xff,
    0xe0,

    /* U+FCD0 "ﳐ" */
    0x18, 0x0, 0x0, 0x0, 0x0, 0x0, 0x0, 0x0,
    0x0, 0x0, 0x0, 0x0, 0xfc, 0xf, 0x81, 0xc3,
    0x38, 0x18, 0x63, 0x3, 0xc, 0x60, 0x61, 0x8c,
    0x6, 0x33, 0x7f, 0xff, 0xc0,

    /* U+FCD1 "ﳑ" */
    0x1e, 0x3, 0xc3, 0x30, 0xc6, 0x31, 0x8c, 0x33,
    0x18, 0xc3, 0x31, 0x8c, 0x33, 0x38, 0xc6, 0xfe,
    0xff, 0xc0,

    /* U+FCD2 "ﳒ" */
    0x0, 0x18, 0x0, 0x0, 0x0, 0x0, 0x0, 0x7c,
    0xd, 0x18, 0x30, 0x60, 0xc1, 0x83, 0x2, 0xc,
    0xc, 0x30, 0x30, 0xff, 0xff, 0x0, 0x0, 0x0,
    0x1, 0x80, 0x0,

    /* U+FCD3 "ﳓ" */
    0x0, 0xc, 0x0, 0x0, 0x0, 0x0, 0x0, 0x7e,
    0xc, 0x98, 0x30, 0x30, 0xc0, 0xc3, 0x3, 0xc,
    0xc, 0x30, 0x18, 0xff, 0xff,

    /* U+FCD4 "ﳔ" */
    0x18, 0xc, 0x0, 0x0, 0x0, 0x0, 0x0, 0x7e,
    0xc, 0x98, 0x30, 0x30, 0xc0, 0xc3, 0x3, 0xc,
    0xc, 0x30, 0x18, 0xff, 0xff,

    /* U+FCD5 "ﳕ" */
    0x0, 0xc, 0x0, 0x0, 0x0, 0x0, 0x0, 0x0,
    0xe0, 0x62, 0x60, 0xcc, 0x61, 0x98, 0xc3, 0x31,
    0x86, 0x63, 0xc, 0xce, 0x1f, 0xf7, 0xf0,

    /* U+FCD6 "ﳖ" */
    0x0, 0x0, 0x62, 0x0, 0x0, 0x7f, 0x0, 0x8,
    0x38, 0x0, 0x3, 0x6, 0x1c, 0x30, 0xc6, 0x46,
    0x19, 0x8c, 0xc3, 0x31, 0x98, 0x66, 0x33, 0xc,
    0xe6, 0x61, 0xff, 0xff, 0xf0,

    /* U+FCD7 "ﳗ" */
    0x0, 0xf, 0xe0, 0x0, 0x20, 0xe3, 0xc0, 0x1,
    0x91, 0x81, 0xe3, 0x6, 0xc, 0x8c, 0x18, 0x63,
    0x30, 0x21, 0x8c, 0xc0, 0xc6, 0x33, 0x3, 0x1c,
    0xcf, 0xff, 0xff, 0xf0, 0x0, 0x0, 0x0, 0x0,
    0x0, 0x18, 0x0, 0x0,

    /* U+FCD8 "ﳘ" */
    0x0, 0x7, 0xf0, 0x0, 0x8, 0x38, 0x0, 0x0,
    0x30, 0xf0, 0x1e, 0x33, 0x30, 0x66, 0x66, 0x31,
    0x8c, 0xcc, 0x63, 0x19, 0x98, 0xc6, 0x33, 0x33,
    0x8e, 0x67, 0xfd, 0xff, 0xfc,

    /* U+FCD9 "ﳙ" */
    0x2, 0x0, 0x10, 0x0, 0x80, 0x0, 0x0, 0x0,
    0xf, 0xe0, 0x41, 0xc0, 0x6, 0xf, 0x18, 0xcc,
    0xcc, 0x66, 0x63, 0x33, 0x19, 0x9c, 0xcf, 0xff,
    0xe0,

    /* U+FCDA "ﳚ" */
    0x7c, 0x6, 0x8c, 0xc, 0x18, 0x18, 0x30, 0x30,
    0x20, 0x60, 0x60, 0xc0, 0xc1, 0xff, 0xff, 0x0,
    0x0, 0x0, 0x0, 0x60, 0xd8,

    /* U+FCDB "ﳛ" */
    0x7e, 0x6, 0x4c, 0xc, 0xc, 0x18, 0x18, 0x30,
    0x30, 0x60, 0x60, 0xc0, 0x61, 0xff, 0xff, 0x0,
    0x0, 0x0, 0x0, 0x0, 0x78,

    /* U+FCDC "ﳜ" */
    0x18, 0x0, 0x0, 0x0, 0x0, 0x0, 0x0, 0x0,
    0x7e, 0x6, 0x26, 0x6, 0x3, 0x6, 0x3, 0x6,
    0x3, 0x6, 0x3, 0x6, 0x1, 0x86, 0xff, 0xfe,
    0x0, 0x0, 0x0, 0x0, 0x0, 0x1b,

    /* U+FCDD "ﳝ" */
    0xe, 0x3, 0x13, 0x3, 0x31, 0x83, 0x31, 0x83,
    0x31, 0x83, 0x31, 0x83, 0x33, 0x83, 0xfe, 0xff,
    0x0, 0x0, 0x0, 0x0, 0x0, 0x1b,

    /* U+FCDE "ﳞ" */
    0x1f, 0xc0, 0x1, 0x7, 0x0, 0x0, 0x30, 0x30,
    0xe1, 0x83, 0x19, 0x18, 0x33, 0x19, 0x83, 0x31,
    0x98, 0x33, 0x19, 0x83, 0x39, 0x98, 0x3f, 0xff,
    0xff, 0x0, 0x0, 0x0, 0x0, 0x0, 0x0, 0x0,
    0xf0,

    /* U+FCDF "ﳟ" */
    0x0, 0xe, 0x0, 0x4, 0x0, 0x3, 0x80, 0x0,
    0x0, 0x0, 0x0, 0x70, 0x30, 0x4c, 0x18, 0x63,
    0xc, 0x31, 0x86, 0x18, 0xc3, 0xc, 0x61, 0x86,
    0x70, 0xcf, 0xef, 0xf8,

    /* U+FCE0 "ﳠ" */
    0x0, 0x0, 0xe0, 0x0, 0x2, 0x0, 0x0, 0x8,
    0x3, 0xf0, 0x38, 0x10, 0x70, 0x0, 0x0, 0xc1,
    0x80, 0xe1, 0x86, 0x6, 0x46, 0x18, 0x31, 0x98,
    0x60, 0xc6, 0x61, 0x83, 0x19, 0x86, 0xe, 0x66,
    0x18, 0xff, 0xff, 0xfc,

    /* U+FCE1 "ﳡ" */
    0xe, 0x6, 0x9, 0x83, 0xc, 0x61, 0x86, 0x30,
    0xc3, 0x18, 0x61, 0x8c, 0x30, 0xce, 0x19, 0xfd,
    0xff, 0x0, 0x0, 0x0, 0x0, 0x0, 0x1, 0x80,

    /* U+FCE2 "ﳢ" */
    0x1f, 0xc0, 0x0, 0x41, 0xc0, 0x0, 0x3, 0x6,
    0x3, 0x86, 0x18, 0x19, 0x18, 0x60, 0xc6, 0x61,
    0x83, 0x19, 0x86, 0xc, 0x66, 0x18, 0x39, 0x98,
    0x63, 0xff, 0xff, 0xf0, 0x0, 0x0, 0x0, 0x0,
    0x0, 0x0, 0x0, 0x60,

    /* U+FCE3 "ﳣ" */
    0x0, 0x1b, 0x0, 0x0, 0x0, 0x0, 0x0, 0x0,
    0x0, 0xe, 0x6, 0x4, 0xc1, 0x83, 0x18, 0x60,
    0xc6, 0x18, 0x31, 0x86, 0xc, 0x61, 0x83, 0x38,
    0x63, 0xfb, 0xff,

    /* U+FCE4 "ﳤ" */
    0x0, 0x0, 0xf0, 0x40, 0x0, 0x1, 0xfc, 0x0,
    0x4, 0x1c, 0x0, 0x0, 0x30, 0x30, 0x38, 0x60,
    0xc1, 0x91, 0x83, 0xc, 0x66, 0xc, 0x31, 0x98,
    0x30, 0xc6, 0x60, 0xc3, 0x99, 0x83, 0x3f, 0xff,
    0xff,

    /* U+FCE5 "ﳥ" */
    0x0, 0x6, 0x0, 0x0, 0x0, 0x1, 0xb0, 0x0,
    0x0, 0x0, 0x0, 0x0, 0x0, 0x0, 0xe0, 0x60,
    0x4c, 0x18, 0x31, 0x86, 0xc, 0x61, 0x83, 0x18,
    0x60, 0xc6, 0x18, 0x33, 0x86, 0x3f, 0xbf, 0xf0,

    /* U+FCE6 "ﳦ" */
    0x0, 0x0, 0x60, 0x0, 0x0, 0x0, 0x0, 0xf,
    0x4, 0x0, 0x0, 0x1f, 0xc0, 0x0, 0x41, 0xc0,
    0x0, 0x3, 0x3, 0x3, 0x86, 0xc, 0x19, 0x18,
    0x30, 0xc6, 0x60, 0xc3, 0x19, 0x83, 0xc, 0x66,
    0xc, 0x39, 0x98, 0x33, 0xff, 0xff, 0xf0,

    /* U+FCE7 "ﳧ" */
    0xe, 0x0, 0x1, 0x82, 0x60, 0xc6, 0x30, 0xc6,
    0x18, 0xc6, 0x18, 0xc3, 0x18, 0xc3, 0x18, 0x63,
    0x18, 0x63, 0xc, 0x63, 0xc, 0xe1, 0x8e, 0x67,
    0xf7, 0xff, 0x7f,

    /* U+FCE8 "ﳨ" */
    0x1f, 0xc0, 0x0, 0x0, 0x10, 0x70, 0x0, 0x0,
    0x0, 0x30, 0x0, 0x18, 0xe, 0x18, 0x63, 0x18,
    0x19, 0x18, 0x63, 0x18, 0x31, 0x98, 0x63, 0x18,
    0x31, 0x98, 0x63, 0x18, 0x31, 0x98, 0x63, 0x18,
    0x39, 0x98, 0x63, 0x98, 0xff, 0xff, 0xfe, 0xff,

    /* U+FCE9 "ﳩ" */
    0x0, 0x0, 0x30, 0x0, 0x0, 0x0, 0x0, 0x0,
    0x1, 0xe0, 0x0, 0x0, 0x0, 0x0, 0xe0, 0x0,
    0x18, 0x26, 0xc, 0x63, 0xc, 0x61, 0x8c, 0x61,
    0x8c, 0x31, 0x8c, 0x31, 0x86, 0x31, 0x86, 0x30,
    0xc6, 0x30, 0xce, 0x18, 0xe6, 0x7f, 0x7f, 0xff,
    0xf0,

    /* U+FCEA "ﳪ" */
    0x0, 0x0, 0x3, 0x0, 0x0, 0x0, 0x0, 0x0,
    0x1f, 0xc0, 0x6, 0xc0, 0x0, 0x70, 0x0, 0x18,
    0x0, 0x30, 0x0, 0x18, 0xe, 0x18, 0x63, 0x18,
    0x19, 0x18, 0x63, 0x18, 0x31, 0x98, 0x63, 0x18,
    0x31, 0x98, 0x63, 0x18, 0x31, 0x98, 0x63, 0x18,
    0x39, 0x98, 0x63, 0x98, 0xff, 0xff, 0xff, 0xff,

    /* U+FCEB "ﳫ" */
    0x0, 0x18, 0x18, 0x1c, 0xc, 0x1c, 0x6, 0x18,
    0x3, 0xc, 0x1, 0x87, 0x80, 0xc0, 0x60, 0x60,
    0x18, 0x30, 0xc, 0x18, 0x6, 0xc, 0x3, 0x6,
    0x1, 0x8f, 0xff, 0xf8,

    /* U+FCEC "ﳬ" */
    0x0, 0x0, 0xc0, 0x0, 0x7, 0x0, 0x0, 0x38,
    0x0, 0x1, 0x80, 0x0, 0xc, 0x0, 0x0, 0x3e,
    0x1, 0xe0, 0xc, 0xc, 0xc0, 0x18, 0x31, 0x80,
    0x60, 0xc6, 0x1, 0x83, 0x18, 0x6, 0xc, 0xe0,
    0x18, 0xfe, 0xff, 0xfc,

    /* U+FCED "ﳭ" */
    0x0, 0x6, 0x0, 0x3, 0x0, 0x1, 0x80, 0x0,
    0xc0, 0x0, 0x60, 0xf0, 0x30, 0xcc, 0x18, 0x63,
    0xc, 0x31, 0x86, 0x18, 0xc3, 0xc, 0xe1, 0x9f,
    0xdf, 0xf0,

    /* U+FCEE "ﳮ" */
    0x0, 0xc, 0x0, 0x0, 0x0, 0x0, 0x0, 0x0,
    0x0, 0xe0, 0x60, 0x98, 0x30, 0xc6, 0x18, 0x63,
    0xc, 0x31, 0x86, 0x18, 0xc3, 0xc, 0xe1, 0x9f,
    0xdf, 0xf0,

    /* U+FCEF "ﳯ" */
    0x0, 0x0, 0x60, 0x40, 0x0, 0x1, 0xfc, 0x0,
    0x4, 0x1c, 0x0, 0x0, 0x30, 0x60, 0x38, 0x61,
    0x81, 0x91, 0x86, 0xc, 0x66, 0x18, 0x31, 0x98,
    0x60, 0xc6, 0x61, 0x83, 0x99, 0x86, 0x3f, 0xff,
    0xff,

    /* U+FCF0 "ﳰ" */
    0xe, 0x6, 0x4, 0xc1, 0x83, 0x18, 0x60, 0xc6,
    0x18, 0x31, 0x86, 0xc, 0x61, 0x83, 0x38, 0x63,
    0xfb, 0xff, 0x0, 0x0, 0x0, 0x0, 0x0, 0x0,
    0xf0,

    /* U+FCF1 "ﳱ" */
    0x1f, 0xc0, 0x0, 0x41, 0xc0, 0x0, 0x3, 0x3,
    0x3, 0x86, 0xc, 0x19, 0x18, 0x30, 0xc6, 0x60,
    0xc3, 0x19, 0x83, 0xc, 0x66, 0xc, 0x39, 0x98,
    0x33, 0xff, 0xff, 0xf0, 0x0, 0x0, 0x0, 0x0,
    0x0, 0x0, 0x0, 0xd8,

    /* U+FCF2 "ﳲ" */
    0x39, 0x2, 0x69, 0xdc, 0x0, 0x0, 0x0, 0x0,
    0x3e,

    /* U+FCF3 "ﳳ" */
    0x38, 0xa3, 0xbc, 0x2, 0x9d, 0xc0, 0x0, 0x0,
    0x0, 0x3, 0xe0,

    /* U+FCF4 "ﳴ" */
    0xad, 0xf0, 0x3, 0x20, 0x0, 0x0, 0x1, 0xf0,

    /* U+FCF5 "ﳵ" */
    0x0, 0x0, 0x60, 0x0, 0x0, 0xc, 0x0, 0x0,
    0x1, 0x80, 0x0, 0x0, 0x30, 0x0, 0x0, 0x6,
    0x78, 0x0, 0x0, 0xd1, 0x80, 0x38, 0x1c, 0x18,
    0x9, 0x83, 0x83, 0x2, 0x10, 0x60, 0x78, 0x63,
    0xc, 0xf, 0xf, 0x31, 0x81, 0xe1, 0xf3, 0xff,
    0xfc, 0x6, 0x0, 0x1, 0xc0, 0xc0, 0x0, 0x1f,
    0xe0, 0x0, 0x0,

    /* U+FCF6 "ﳶ" */
    0x0, 0x0, 0x60, 0x0, 0x0, 0xc, 0x0, 0x0,
    0x1, 0x80, 0x0, 0x0, 0x30, 0x0, 0x0, 0x6,
    0x78, 0x0, 0x0, 0xd1, 0x80, 0x38, 0x1c, 0x18,
    0x9, 0x83, 0x83, 0x2, 0x10, 0x60, 0x78, 0x63,
    0xc, 0xf, 0xf, 0x31, 0x81, 0xe0, 0xf3, 0xff,
    0xfc, 0x6, 0x0, 0x1, 0xc0, 0xc0, 0x0, 0x1f,
    0xe0, 0x0, 0x0, 0x0, 0x0, 0x0, 0x0, 0x0,
    0x0, 0x0, 0x0, 0x0, 0x0, 0x6c, 0x0, 0x0,
    0x0,

    /* U+FCF7 "ﳷ" */
    0x0, 0x0, 0x3e, 0x0, 0x0, 0xc8, 0x3, 0x83,
    0x0, 0x9, 0x86, 0x0, 0x21, 0xc, 0x18, 0x63,
    0x18, 0x30, 0xf3, 0x18, 0x61, 0xf3, 0xff, 0xc0,
    0x60, 0x1, 0xc0, 0xc0, 0x1, 0xfe, 0x0, 0x0,

    /* U+FCF8 "ﳸ" */
    0x0, 0x0, 0x3e, 0x0, 0x0, 0xc8, 0x3, 0x83,
    0x0, 0x9, 0x86, 0x0, 0x21, 0xc, 0x18, 0x63,
    0x18, 0x30, 0xf3, 0x18, 0x60, 0xf3, 0xff, 0xc0,
    0x60, 0x1, 0xc0, 0xc0, 0x1, 0xfe, 0x0, 0x0,
    0x0, 0x0, 0x0, 0x0, 0x0, 0x0, 0x0, 0x0,
    0x6, 0xc0, 0x0, 0x0,

    /* U+FCF9 "ﳹ" */
    0x0, 0x0, 0x30, 0x0, 0x0, 0x0, 0x0, 0x0,
    0x0, 0x0, 0x1, 0xf0, 0x0, 0x6, 0x40, 0x1c,
    0x18, 0x0, 0x4c, 0x30, 0x1, 0x8, 0x60, 0xc3,
    0x18, 0xc1, 0x87, 0x98, 0xc3, 0xf, 0x9f, 0xfe,
    0x3, 0x0, 0xe, 0x6, 0x0, 0xf, 0xf0, 0x0,
    0x0,

    /* U+FCFA "ﳺ" */
    0x0, 0x0, 0x30, 0x0, 0x0, 0x0, 0x0, 0x0,
    0x0, 0x0, 0x1, 0xf0, 0x0, 0x6, 0x40, 0x1c,
    0x18, 0x0, 0x4c, 0x30, 0x1, 0x8, 0x60, 0xc3,
    0x18, 0xc1, 0x87, 0x98, 0xc3, 0x7, 0x9f, 0xfe,
    0x3, 0x0, 0xe, 0x6, 0x0, 0xf, 0xf0, 0x0,
    0x0, 0x0, 0x0, 0x0, 0x0, 0x0, 0x0, 0x0,
    0x0, 0x36, 0x0, 0x0,

    /* U+FCFB "ﳻ" */
    0x0, 0x0, 0x0, 0x18, 0x0, 0x3, 0x18, 0xc0,
    0x38, 0x18, 0xc6, 0x2, 0x60, 0xc6, 0x30, 0x21,
    0x6, 0x31, 0xe1, 0x8c, 0x31, 0x8f, 0xf, 0x31,
    0x8e, 0x78, 0x7c, 0xff, 0xdf, 0xc0, 0x60, 0x0,
    0x7, 0x3, 0x0, 0x0, 0x1f, 0xe0, 0x0, 0x0,

    /* U+FCFC "ﳼ" */
    0x0, 0x0, 0x0, 0x18, 0x0, 0x3, 0x18, 0xc0,
    0x38, 0x18, 0xc6, 0x2, 0x60, 0xc6, 0x30, 0x21,
    0x6, 0x31, 0xe1, 0x8c, 0x31, 0x8f, 0xf, 0x31,
    0x8e, 0x78, 0x3c, 0xff, 0xdf, 0xc0, 0x60, 0x0,
    0x7, 0x3, 0x0, 0x0, 0x1f, 0xe0, 0x0, 0x0,
    0x0, 0x0, 0x0, 0x0, 0x0, 0x0, 0x0, 0x0,
    0x0, 0x0, 0x0, 0x6c, 0x0, 0x0, 0x0,

    /* U+FCFD "ﳽ" */
    0x0, 0x0, 0x3, 0x0, 0x0, 0x0, 0x0, 0x0,
    0x0, 0x0, 0x0, 0x0, 0x0, 0xf, 0x0, 0x0,
    0x0, 0x1, 0x80, 0x0, 0x31, 0x8c, 0x3, 0x81,
    0x8c, 0x60, 0x26, 0xc, 0x63, 0x2, 0x10, 0x63,
    0x1e, 0x18, 0xc3, 0x18, 0xf0, 0xf3, 0x18, 0xe7,
    0x87, 0xcf, 0xff, 0xfc, 0x6, 0x0, 0x0, 0x70,
    0x30, 0x0, 0x1, 0xfe, 0x0, 0x0, 0x0,

    /* U+FCFE "ﳾ" */
    0x0, 0x0, 0x3, 0x0, 0x0, 0x0, 0x0, 0x0,
    0x0, 0x0, 0x0, 0x0, 0x0, 0xf, 0x0, 0x0,
    0x0, 0x1, 0x80, 0x0, 0x31, 0x8c, 0x3, 0x81,
    0x8c, 0x60, 0x26, 0xc, 0x63, 0x2, 0x10, 0x63,
    0x1e, 0x18, 0xc3, 0x18, 0xf0, 0xf3, 0x18, 0xe7,
    0x83, 0xcf, 0xff, 0xfc, 0x6, 0x0, 0x0, 0x70,
    0x30, 0x0, 0x1, 0xfe, 0x0, 0x0, 0x0, 0x0,
    0x0, 0x0, 0x0, 0x0, 0x0, 0x0, 0x0, 0x0,
    0x0, 0x6, 0xc0, 0x0, 0x0,

    /* U+FCFF "ﳿ" */
    0x0, 0x0, 0xf8, 0x0, 0x0, 0x8c, 0x0, 0xe0,
    0xc, 0x1, 0x30, 0xc, 0x2, 0x10, 0x6, 0xc3,
    0x18, 0x6, 0xc3, 0xcc, 0x6, 0xc3, 0xe7, 0xff,
    0xc0, 0x60, 0x0, 0xe0, 0x60, 0x0, 0x7f, 0x80,
    0x0,

    /* U+FD00 "ﴀ" */
    0x0, 0x0, 0xf8, 0x0, 0x0, 0x8c, 0x0, 0xe0,
    0xc, 0x1, 0x30, 0xc, 0x2, 0x10, 0x6, 0xc3,
    0x18, 0x6, 0xc3, 0xcc, 0x6, 0xc1, 0xe7, 0xff,
    0xc0, 0x60, 0x0, 0xe0, 0x60, 0x0, 0x7f, 0x80,
    0x0, 0x0, 0x0, 0x0, 0x0, 0x0, 0x0, 0x0,
    0x0, 0x0, 0x1b, 0x0, 0x0,

    /* U+FD01 "ﴁ" */
    0x0, 0x0, 0xf8, 0x0, 0x0, 0x8c, 0x0, 0xe0,
    0xc, 0x1, 0x30, 0xc, 0x2, 0x10, 0x6, 0xc3,
    0x18, 0x6, 0xc3, 0xcc, 0x6, 0xc3, 0xe7, 0xff,
    0xc0, 0x60, 0x0, 0xe0, 0x60, 0x0, 0x7f, 0x80,
    0x30,

    /* U+FD02 "ﴂ" */
    0x0, 0x0, 0xf8, 0x0, 0x0, 0x8c, 0x0, 0xe0,
    0xc, 0x1, 0x30, 0xc, 0x2, 0x10, 0x6, 0xc3,
    0x18, 0x6, 0xc3, 0xcc, 0x6, 0xc1, 0xe7, 0xff,
    0xc0, 0x60, 0x0, 0xe0, 0x60, 0x0, 0x7f, 0x80,
    0x30, 0x0, 0x0, 0x0, 0x0, 0x0, 0x0, 0x0,
    0x0, 0x0, 0x1b, 0x0, 0x0,

    /* U+FD03 "ﴃ" */
    0x0, 0x0, 0x60, 0x0, 0x0, 0x0, 0x0, 0x0,
    0x0, 0x0, 0x0, 0x0, 0x0, 0x0, 0xf8, 0x0,
    0x0, 0x8c, 0x0, 0xe0, 0xc, 0x1, 0x30, 0xc,
    0x2, 0x10, 0xe, 0xc3, 0x18, 0x6, 0xc3, 0xcc,
    0x6, 0xc3, 0xe7, 0xff, 0xc0, 0x60, 0x0, 0xe0,
    0x60, 0x0, 0x7f, 0x80, 0x0,

    /* U+FD04 "ﴄ" */
    0x0, 0x0, 0x60, 0x0, 0x0, 0x0, 0x0, 0x0,
    0x0, 0x0, 0x0, 0x0, 0x0, 0x0, 0xf8, 0x0,
    0x0, 0x8c, 0x0, 0xe0, 0xc, 0x1, 0x30, 0xc,
    0x2, 0x10, 0xe, 0xc3, 0x18, 0x6, 0xc3, 0xcc,
    0x6, 0xc1, 0xe7, 0xff, 0xc0, 0x60, 0x0, 0xe0,
    0x60, 0x0, 0x7f, 0x80, 0x0, 0x0, 0x0, 0x0,
    0x0, 0x0, 0x0, 0x0, 0x0, 0x0, 0x1b, 0x0,
    0x0,

    /* U+FD05 "ﴅ" */
    0x0, 0x0, 0x67, 0x80, 0x0, 0xd, 0x18, 0x3,
    0x81, 0xc1, 0x80, 0x98, 0x38, 0x30, 0x21, 0x6,
    0x7, 0x86, 0x30, 0xc0, 0xf0, 0xf3, 0x18, 0x1e,
    0x1f, 0x3f, 0xff, 0xc0, 0x60, 0x0, 0x1c, 0xc,
    0x0, 0x1, 0xfe, 0x0, 0x0, 0x0,

    /* U+FD06 "ﴆ" */
    0x0, 0x0, 0x67, 0x80, 0x0, 0xd, 0x18, 0x3,
    0x81, 0xc1, 0x80, 0x98, 0x38, 0x30, 0x21, 0x6,
    0x7, 0x86, 0x30, 0xc0, 0xf0, 0xf3, 0x18, 0x1e,
    0xf, 0x3f, 0xff, 0xc0, 0x60, 0x0, 0x1c, 0xc,
    0x0, 0x1, 0xfe, 0x0, 0x0, 0x0, 0x0, 0x0,
    0x0, 0x0, 0x0, 0x0, 0x0, 0x0, 0x0, 0x6,
    0xc0, 0x0, 0x0,

    /* U+FD07 "ﴇ" */
    0x0, 0x0, 0x6, 0x0, 0x0, 0x0, 0x0, 0x0,
    0x0, 0x0, 0x0, 0x0, 0x0, 0x0, 0x0, 0x6,
    0x78, 0x0, 0x0, 0xd1, 0x80, 0x38, 0x1c, 0x18,
    0x9, 0x83, 0x83, 0x2, 0x10, 0x60, 0x78, 0x63,
    0xc, 0xf, 0xf, 0x31, 0x81, 0xe1, 0xf3, 0xff,
    0xfc, 0x6, 0x0, 0x1, 0xc0, 0xc0, 0x0, 0x1f,
    0xe0, 0x0, 0x0,

    /* U+FD08 "ﴈ" */
    0x0, 0x0, 0x6, 0x0, 0x0, 0x0, 0x0, 0x0,
    0x0, 0x0, 0x0, 0x0, 0x0, 0x0, 0x0, 0x6,
    0x78, 0x0, 0x0, 0xd1, 0x80, 0x38, 0x1c, 0x18,
    0x9, 0x83, 0x83, 0x2, 0x10, 0x60, 0x78, 0x63,
    0xc, 0xf, 0xf, 0x31, 0x81, 0xe0, 0xf3, 0xff,
    0xfc, 0x6, 0x0, 0x1, 0xc0, 0xc0, 0x0, 0x1f,
    0xe0, 0x0, 0x0, 0x0, 0x0, 0x0, 0x0, 0x0,
    0x0, 0x0, 0x0, 0x0, 0x0, 0x6c, 0x0, 0x0,
    0x0,

    /* U+FD09 "ﴉ" */
    0x0, 0x0, 0x60, 0x0, 0x0, 0x0, 0x0, 0x0,
    0x0, 0x0, 0xd, 0x8f, 0xc0, 0x0, 0x68, 0xc3,
    0xc, 0xc1, 0x86, 0x19, 0x81, 0x8c, 0x33, 0x3,
    0x18, 0x66, 0x6, 0x30, 0xcc, 0x7e, 0x63, 0x9b,
    0xef, 0xff, 0xfe, 0x0, 0x0, 0x18, 0x0, 0x0,
    0x30, 0x0, 0x0, 0x61, 0x80, 0x0, 0x70, 0x0,
    0x0,

    /* U+FD0A "ﴊ" */
    0x0, 0x0, 0x60, 0x0, 0x0, 0x0, 0x0, 0x0,
    0x0, 0x0, 0xd, 0x8f, 0xc0, 0x0, 0x69, 0xc3,
    0xc, 0xc1, 0x86, 0x19, 0x83, 0x8c, 0x33, 0x3,
    0x18, 0x66, 0xe, 0x30, 0xcc, 0x7e, 0x63, 0x9b,
    0xcf, 0xff, 0xfe, 0x0, 0x0, 0x18, 0x0, 0x0,
    0x30, 0x0, 0x0, 0x60, 0x0, 0x0, 0x7c, 0x0,
    0x0,

    /* U+FD0B "ﴋ" */
    0x30, 0x0, 0x60, 0x0, 0x0, 0x0, 0x0, 0x0,
    0x0, 0x0, 0xd, 0x8f, 0xc0, 0x0, 0x69, 0xc3,
    0xc, 0xc1, 0x86, 0x19, 0x83, 0x8c, 0x33, 0x7,
    0x18, 0x66, 0xe, 0x30, 0xcc, 0x7e, 0x63, 0x9b,
    0xcf, 0xff, 0xfe, 0x0, 0x0, 0x18, 0x0, 0x0,
    0x30, 0x0, 0x0, 0x60, 0x0, 0x0, 0x7c, 0x0,
    0x0,

    /* U+FD0C "ﴌ" */
    0x0, 0x0, 0x30, 0x0, 0x0, 0x0, 0x0, 0x0,
    0x0, 0x0, 0x0, 0x1b, 0x0, 0xe0, 0x0, 0x19,
    0x98, 0x31, 0x8c, 0xc6, 0x18, 0xc6, 0x63, 0xc,
    0x63, 0x31, 0x86, 0x31, 0x98, 0xc3, 0x18, 0xcc,
    0xe1, 0x8e, 0x6f, 0xdf, 0xff, 0xfc, 0x0, 0x0,
    0x6, 0x0, 0x0, 0x3, 0x0, 0x0, 0x1, 0x80,
    0x0, 0x0, 0xc0, 0x0, 0x0, 0x60, 0x0, 0x0,
    0x0,

    /* U+FD0D "ﴍ" */
    0x0, 0x1, 0x80, 0x0, 0x0, 0x0, 0x0, 0x0,
    0x0, 0x0, 0xd8, 0xc, 0x0, 0xc, 0x30, 0xc6,
    0x30, 0xc3, 0x18, 0xc3, 0xc, 0x63, 0xc, 0x31,
    0x8c, 0x30, 0xc6, 0x30, 0xc3, 0x1c, 0xc3, 0xff,
    0xff, 0xc, 0x0, 0x0, 0x30, 0x0, 0xf, 0x80,
    0x0, 0x0,

    /* U+FD0E "ﴎ" */
    0xc, 0x0, 0xc, 0x30, 0xc6, 0x30, 0xc3, 0x18,
    0xc3, 0xc, 0x63, 0xc, 0x31, 0x8c, 0x30, 0xc6,
    0x30, 0xc3, 0x1c, 0xc3, 0xff, 0xdf, 0xc, 0x0,
    0x0, 0x30, 0x0, 0xf, 0x80, 0x0, 0x0,

    /* U+FD0F "ﴏ" */
    0xc, 0x33, 0xc0, 0xc3, 0x46, 0xc, 0x38, 0x30,
    0xc3, 0x83, 0xc, 0x30, 0x30, 0xc3, 0x3, 0xc,
    0x30, 0x30, 0xff, 0xff, 0xc, 0x0, 0x0, 0xc0,
    0x0, 0xf8, 0x0, 0x0,

    /* U+FD10 "ﴐ" */
    0x0, 0x3, 0x0, 0x0, 0x0, 0x0, 0x0, 0x0,
    0x0, 0x0, 0xc, 0x33, 0xc0, 0xc3, 0x46, 0xc,
    0x38, 0x30, 0xc3, 0x83, 0xc, 0x30, 0x30, 0xc3,
    0x3, 0xc, 0x30, 0x30, 0xff, 0xff, 0xc, 0x0,
    0x0, 0xc0, 0x0, 0xf8, 0x0, 0x0,

    /* U+FD11 "ﴑ" */
    0x0, 0x0, 0x60, 0x0, 0x0, 0x3, 0x0, 0x0,
    0x0, 0x18, 0x0, 0x0, 0x0, 0xc0, 0x0, 0x0,
    0x6, 0x78, 0x0, 0x0, 0x34, 0x60, 0x3, 0x81,
    0xc1, 0x80, 0x26, 0xe, 0xc, 0x2, 0x10, 0x60,
    0x66, 0x18, 0xc3, 0x3, 0x30, 0xf3, 0x18, 0x19,
    0x87, 0xcf, 0xff, 0xfc, 0x6, 0x0, 0x0, 0x70,
    0x30, 0x0, 0x1, 0xfe, 0x0, 0x0, 0x0,

    /* U+FD12 "ﴒ" */
    0x0, 0x0, 0x60, 0x0, 0x0, 0x3, 0x0, 0x0,
    0x0, 0x18, 0x0, 0x0, 0x0, 0xc0, 0x0, 0x0,
    0x6, 0x78, 0x0, 0x0, 0x34, 0x60, 0x3, 0x81,
    0xc1, 0x80, 0x26, 0xe, 0xc, 0x2, 0x10, 0x60,
    0x66, 0x18, 0xc3, 0x3, 0x30, 0xf3, 0x18, 0x19,
    0x83, 0xcf, 0xff, 0xfc, 0x6, 0x0, 0x0, 0x70,
    0x30, 0x0, 0x1, 0xfe, 0x0, 0x0, 0x0, 0x0,
    0x0, 0x0, 0x0, 0x0, 0x0, 0x0, 0x0, 0x0,
    0x0, 0x6, 0xc0, 0x0, 0x0,

    /* U+FD13 "ﴓ" */
    0x0, 0x0, 0x7f, 0x0, 0x0, 0x61, 0x80, 0x38,
    0x30, 0xc0, 0x26, 0x18, 0xc0, 0x21, 0x6, 0x66,
    0x18, 0xc3, 0xe3, 0xf, 0x30, 0xe1, 0x87, 0xcf,
    0xff, 0xc0, 0x60, 0x0, 0x70, 0x30, 0x0, 0x1f,
    0xe0, 0x0, 0x0,

    /* U+FD14 "ﴔ" */
    0x0, 0x0, 0x7f, 0x0, 0x0, 0x61, 0x80, 0x38,
    0x30, 0xc0, 0x26, 0x18, 0xc0, 0x21, 0x6, 0x66,
    0x18, 0xc3, 0xe3, 0xf, 0x30, 0xe1, 0x83, 0xcf,
    0xff, 0xc0, 0x60, 0x0, 0x70, 0x30, 0x0, 0x1f,
    0xe0, 0x0, 0x0, 0x0, 0x0, 0x0, 0x0, 0x0,
    0x0, 0x0, 0x0, 0x0, 0x6c, 0x0, 0x0,

    /* U+FD15 "ﴕ" */
    0x0, 0x0, 0x18, 0x0, 0x0, 0x0, 0x0, 0x0,
    0x0, 0x0, 0x0, 0x0, 0x0, 0x0, 0x7, 0xf0,
    0x0, 0x6, 0x18, 0x3, 0x83, 0xc, 0x2, 0x61,
    0x8c, 0x2, 0x10, 0x66, 0x61, 0x8c, 0x3e, 0x30,
    0xf3, 0xe, 0x18, 0x7c, 0xff, 0xfc, 0x6, 0x0,
    0x7, 0x3, 0x0, 0x1, 0xfe, 0x0, 0x0,

    /* U+FD16 "ﴖ" */
    0x0, 0x0, 0x18, 0x0, 0x0, 0x0, 0x0, 0x0,
    0x0, 0x0, 0x0, 0x0, 0x0, 0x0, 0x7, 0xf0,
    0x0, 0x6, 0x18, 0x3, 0x83, 0xc, 0x2, 0x61,
    0x8c, 0x2, 0x10, 0x66, 0x61, 0x8c, 0x3e, 0x30,
    0xf3, 0xe, 0x18, 0x3c, 0xff, 0xfc, 0x6, 0x0,
    0x7, 0x3, 0x0, 0x1, 0xfe, 0x0, 0x0, 0x0,
    0x0, 0x0, 0x0, 0x0, 0x0, 0x0, 0x0, 0x0,
    0x6, 0xc0, 0x0, 0x0,

    /* U+FD17 "ﴗ" */
    0x0, 0x0, 0x0, 0x18, 0x0, 0x0, 0xc6, 0x30,
    0x3, 0x81, 0x8c, 0x60, 0x9, 0x83, 0x18, 0xc0,
    0x21, 0x6, 0x31, 0x98, 0x63, 0xc, 0x63, 0x30,
    0xf3, 0x18, 0xe6, 0x61, 0xf3, 0xff, 0x7f, 0xc0,
    0x60, 0x0, 0x1, 0xc0, 0xc0, 0x0, 0x1, 0xfe,
    0x0, 0x0, 0x0,

    /* U+FD18 "ﴘ" */
    0x0, 0x0, 0x0, 0x18, 0x0, 0x0, 0xc6, 0x30,
    0x3, 0x81, 0x8c, 0x60, 0x9, 0x83, 0x18, 0xc0,
    0x21, 0x6, 0x31, 0x98, 0x63, 0xc, 0x63, 0x30,
    0xf3, 0x18, 0xe6, 0x60, 0xf3, 0xff, 0x7f, 0xc0,
    0x60, 0x0, 0x1, 0xc0, 0xc0, 0x0, 0x1, 0xfe,
    0x0, 0x0, 0x0, 0x0, 0x0, 0x0, 0x0, 0x0,
    0x0, 0x0, 0x0, 0x0, 0x0, 0x0, 0x6, 0xc0,
    0x0, 0x0, 0x0,

    /* U+FD19 "ﴙ" */
    0x0, 0x0, 0x3, 0x0, 0x0, 0x0, 0x0, 0x0,
    0x0, 0x0, 0x1e, 0x0, 0x0, 0x0, 0x0, 0xc0,
    0x0, 0x0, 0x1, 0x80, 0x0, 0xc, 0x63, 0x0,
    0x38, 0x18, 0xc6, 0x0, 0x98, 0x31, 0x8c, 0x2,
    0x10, 0x63, 0x19, 0x86, 0x30, 0xc6, 0x33, 0xf,
    0x31, 0x8e, 0x66, 0x1f, 0x3f, 0xff, 0xfc, 0x6,
    0x0, 0x0, 0x1c, 0xc, 0x0, 0x0, 0x1f, 0xe0,
    0x0, 0x0, 0x0,

    /* U+FD1A "ﴚ" */
    0x0, 0x0, 0x3, 0x0, 0x0, 0x0, 0x0, 0x0,
    0x0, 0x0, 0x1e, 0x0, 0x0, 0x0, 0x0, 0xc0,
    0x0, 0x0, 0x1, 0x80, 0x0, 0xc, 0x63, 0x0,
    0x38, 0x18, 0xc6, 0x0, 0x98, 0x31, 0x8c, 0x2,
    0x10, 0x63, 0x19, 0x86, 0x30, 0xc6, 0x33, 0xf,
    0x31, 0x8e, 0x66, 0xf, 0x3f, 0xff, 0xfc, 0x6,
    0x0, 0x0, 0x1c, 0xc, 0x0, 0x0, 0x1f, 0xe0,
    0x0, 0x0, 0x0, 0x0, 0x0, 0x0, 0x0, 0x0,
    0x0, 0x0, 0x0, 0x0, 0x0, 0x0, 0x6c, 0x0,
    0x0, 0x0,

    /* U+FD1B "ﴛ" */
    0x0, 0x0, 0xf8, 0x0, 0x0, 0x46, 0x0, 0x38,
    0x3, 0x0, 0x26, 0x1, 0x80, 0x21, 0x0, 0xc6,
    0x18, 0xc0, 0x33, 0xf, 0x30, 0x19, 0x87, 0xcf,
    0xff, 0xc0, 0x60, 0x0, 0x70, 0x30, 0x0, 0x1f,
    0xe0, 0x0, 0x0,

    /* U+FD1C "ﴜ" */
    0x0, 0x0, 0xf8, 0x0, 0x0, 0x46, 0x0, 0x38,
    0x3, 0x0, 0x26, 0x1, 0x80, 0x21, 0x0, 0xc6,
    0x18, 0xc0, 0x33, 0xf, 0x30, 0x19, 0x83, 0xcf,
    0xff, 0xc0, 0x60, 0x0, 0x70, 0x30, 0x0, 0x1f,
    0xe0, 0x0, 0x0, 0x0, 0x0, 0x0, 0x0, 0x0,
    0x0, 0x0, 0x0, 0x0, 0x6c, 0x0, 0x0,

    /* U+FD1D "ﴝ" */
    0x0, 0x0, 0xf8, 0x0, 0x0, 0x46, 0x0, 0x38,
    0x3, 0x0, 0x26, 0x1, 0x80, 0x21, 0x0, 0x46,
    0x18, 0xc0, 0x33, 0xf, 0x30, 0x19, 0x87, 0xcf,
    0xff, 0xc0, 0x60, 0x0, 0x70, 0x30, 0x0, 0x1f,
    0xe0, 0xc, 0x0,

    /* U+FD1E "ﴞ" */
    0x0, 0x0, 0xf8, 0x0, 0x0, 0x46, 0x0, 0x38,
    0x3, 0x0, 0x26, 0x1, 0x80, 0x21, 0x0, 0x46,
    0x18, 0xc0, 0x33, 0xf, 0x30, 0x19, 0x83, 0xcf,
    0xff, 0xc0, 0x60, 0x0, 0x70, 0x30, 0x0, 0x1f,
    0xe0, 0xc, 0x0, 0x0, 0x0, 0x0, 0x0, 0x0,
    0x0, 0x0, 0x0, 0x0, 0x6c, 0x0, 0x0,

    /* U+FD1F "ﴟ" */
    0x0, 0x0, 0x60, 0x0, 0x0, 0x0, 0x0, 0x0,
    0x0, 0x0, 0x0, 0x0, 0x0, 0x0, 0xf, 0x80,
    0x0, 0x4, 0xe0, 0x3, 0x80, 0x30, 0x2, 0x60,
    0x18, 0x2, 0x10, 0xc, 0x61, 0x8c, 0x3, 0x30,
    0xf3, 0x1, 0x98, 0x7c, 0xff, 0xfc, 0x6, 0x0,
    0x7, 0x3, 0x0, 0x1, 0xfe, 0x0, 0x0,

    /* U+FD20 "ﴠ" */
    0x0, 0x0, 0x60, 0x0, 0x0, 0x0, 0x0, 0x0,
    0x0, 0x0, 0x0, 0x0, 0x0, 0x0, 0xf, 0x80,
    0x0, 0x4, 0xe0, 0x3, 0x80, 0x30, 0x2, 0x60,
    0x18, 0x2, 0x10, 0xc, 0x61, 0x8c, 0x3, 0x30,
    0xf3, 0x1, 0x98, 0x3c, 0xff, 0xfc, 0x6, 0x0,
    0x7, 0x3, 0x0, 0x1, 0xfe, 0x0, 0x0, 0x0,
    0x0, 0x0, 0x0, 0x0, 0x0, 0x0, 0x0, 0x0,
    0x6, 0xc0, 0x0, 0x0,

    /* U+FD21 "ﴡ" */
    0x0, 0x0, 0x67, 0x80, 0x0, 0x3, 0x46, 0x0,
    0x38, 0x1c, 0x18, 0x2, 0x60, 0xe0, 0xc0, 0x21,
    0x6, 0x6, 0x61, 0x8c, 0x30, 0x33, 0xf, 0x31,
    0x81, 0x98, 0x7c, 0xff, 0xff, 0xc0, 0x60, 0x0,
    0x7, 0x3, 0x0, 0x0, 0x1f, 0xe0, 0x0, 0x0,

    /* U+FD22 "ﴢ" */
    0x0, 0x0, 0x67, 0x80, 0x0, 0x3, 0x46, 0x0,
    0x38, 0x1c, 0x18, 0x2, 0x60, 0xe0, 0xc0, 0x21,
    0x6, 0x6, 0x61, 0x8c, 0x30, 0x33, 0xf, 0x31,
    0x81, 0x98, 0x3c, 0xff, 0xff, 0xc0, 0x60, 0x0,
    0x7, 0x3, 0x0, 0x0, 0x1f, 0xe0, 0x0, 0x0,
    0x0, 0x0, 0x0, 0x0, 0x0, 0x0, 0x0, 0x0,
    0x0, 0x0, 0x0, 0x6c, 0x0, 0x0, 0x0,

    /* U+FD23 "ﴣ" */
    0x0, 0x0, 0x6, 0x0, 0x0, 0x0, 0x0, 0x0,
    0x0, 0x0, 0x0, 0x0, 0x0, 0x0, 0x0, 0x0,
    0x6, 0x78, 0x0, 0x0, 0x34, 0x60, 0x3, 0x81,
    0xc1, 0x80, 0x26, 0xe, 0xc, 0x2, 0x10, 0x60,
    0x66, 0x18, 0xc3, 0x3, 0x30, 0xf3, 0x18, 0x19,
    0x87, 0xcf, 0xff, 0xfc, 0x6, 0x0, 0x0, 0x70,
    0x30, 0x0, 0x1, 0xfe, 0x0, 0x0, 0x0,

    /* U+FD24 "ﴤ" */
    0x0, 0x0, 0x6, 0x0, 0x0, 0x0, 0x0, 0x0,
    0x0, 0x0, 0x0, 0x0, 0x0, 0x0, 0x0, 0x0,
    0x6, 0x78, 0x0, 0x0, 0x34, 0x60, 0x3, 0x81,
    0xc1, 0x80, 0x26, 0xe, 0xc, 0x2, 0x10, 0x60,
    0x66, 0x18, 0xc3, 0x3, 0x30, 0xf3, 0x18, 0x19,
    0x83, 0xcf, 0xff, 0xfc, 0x6, 0x0, 0x0, 0x70,
    0x30, 0x0, 0x1, 0xfe, 0x0, 0x0, 0x0, 0x0,
    0x0, 0x0, 0x0, 0x0, 0x0, 0x0, 0x0, 0x0,
    0x0, 0x6, 0xc0, 0x0, 0x0,

    /* U+FD25 "ﴥ" */
    0x0, 0x0, 0x60, 0x0, 0x0, 0x0, 0x0, 0x0,
    0x1b, 0x0, 0x0, 0x0, 0x0, 0xfc, 0x0, 0x6,
    0x11, 0x86, 0x19, 0x80, 0x61, 0x86, 0x60, 0xc,
    0x61, 0x98, 0x3, 0x18, 0x66, 0x0, 0xc6, 0x19,
    0x81, 0xf9, 0x8e, 0x61, 0xf7, 0xff, 0xff, 0xe0,
    0x0, 0x0, 0x30, 0x0, 0x0, 0xc, 0x0, 0x0,
    0x3, 0xc, 0x0, 0x0, 0x70, 0x0, 0x0, 0x0,

    /* U+FD26 "ﴦ" */
    0x0, 0x0, 0x60, 0x0, 0x0, 0x0, 0x0, 0x0,
    0x1b, 0x0, 0x0, 0x0, 0x0, 0xfc, 0x0, 0x6,
    0x13, 0x86, 0x19, 0x80, 0x61, 0x86, 0x60, 0x1c,
    0x61, 0x98, 0x3, 0x18, 0x66, 0x1, 0xc6, 0x19,
    0x81, 0xf9, 0x8e, 0x61, 0xe7, 0xff, 0xff, 0xe0,
    0x0, 0x0, 0x30, 0x0, 0x0, 0xc, 0x0, 0x0,
    0x3, 0x0, 0x0, 0x0, 0x7c, 0x0, 0x0, 0x0,

    /* U+FD27 "ﴧ" */
    0x30, 0x0, 0x60, 0x0, 0x0, 0x0, 0x0, 0x0,
    0x1b, 0x0, 0x0, 0x0, 0x0, 0xfc, 0x0, 0x6,
    0x13, 0x86, 0x19, 0x80, 0x61, 0x86, 0x60, 0x1c,
    0x61, 0x98, 0x7, 0x18, 0x66, 0x1, 0xc6, 0x19,
    0x81, 0xf9, 0x8e, 0x61, 0xe7, 0xff, 0xff, 0xe0,
    0x0, 0x0, 0x30, 0x0, 0x0, 0xc, 0x0, 0x0,
    0x3, 0x0, 0x0, 0x0, 0x7c, 0x0, 0x0, 0x0,

    /* U+FD28 "ﴨ" */
    0x0, 0x0, 0x30, 0x0, 0x0, 0x0, 0x0, 0x0,
    0x3, 0x60, 0x0, 0x0, 0x0, 0x0, 0xe0, 0x0,
    0x18, 0x66, 0xc, 0x63, 0xc, 0x61, 0x8c, 0x61,
    0x8c, 0x31, 0x8c, 0x31, 0x86, 0x31, 0x86, 0x30,
    0xc6, 0x30, 0xce, 0x18, 0xe6, 0x3f, 0x7f, 0xff,
    0xfc, 0x0, 0x0, 0x1, 0x80, 0x0, 0x0, 0x30,
    0x0, 0x0, 0x6, 0x0, 0x0, 0x0, 0xc0, 0x0,
    0x0, 0x18, 0x0, 0x0, 0x0,

    /* U+FD29 "ﴩ" */
    0x0, 0x1, 0x80, 0x0, 0x0, 0x0, 0x0, 0x3,
    0xc0, 0xc, 0x0, 0xc, 0xc, 0x0, 0xc, 0xc,
    0x31, 0x8c, 0xc, 0x31, 0x8c, 0xc, 0x31, 0x8c,
    0xc, 0x31, 0x8c, 0xc, 0x31, 0x8c, 0xc, 0x31,
    0xcc, 0xf, 0xff, 0xff, 0xc, 0x0, 0x0, 0xc,
    0x0, 0x0, 0xf8, 0x0, 0x0,

    /* U+FD2A "ﴪ" */
    0xc, 0x0, 0xc, 0xc, 0x31, 0x8c, 0xc, 0x31,
    0x8c, 0xc, 0x31, 0x8c, 0xc, 0x31, 0x8c, 0xc,
    0x31, 0x8c, 0xc, 0x31, 0xcc, 0xf, 0xff, 0x7f,
    0xc, 0x0, 0x0, 0xc, 0x0, 0x0, 0xf8, 0x0,
    0x0,

    /* U+FD2B "ﴫ" */
    0xc, 0x33, 0xc0, 0x18, 0x68, 0xc0, 0x30, 0xe0,
    0xc0, 0x61, 0xc1, 0x80, 0xc3, 0x3, 0x1, 0x86,
    0x6, 0x3, 0xc, 0xc, 0x7, 0xff, 0xff, 0xc,
    0x0, 0x0, 0x18, 0x0, 0x3, 0xe0, 0x0, 0x0,

    /* U+FD2C "ﴬ" */
    0x0, 0x3, 0x0, 0x0, 0x0, 0x0, 0x0, 0x0,
    0x0, 0x0, 0x0, 0x0, 0xc3, 0x3c, 0x1, 0x86,
    0x8c, 0x3, 0xe, 0xc, 0x6, 0x1c, 0x18, 0xc,
    0x30, 0x30, 0x18, 0x60, 0x60, 0x30, 0xc0, 0xc0,
    0x7f, 0xff, 0xf0, 0xc0, 0x0, 0x1, 0x80, 0x0,
    0x3e, 0x0, 0x0, 0x0,

    /* U+FD2D "ﴭ" */
    0x0, 0x0, 0x60, 0x0, 0x0, 0x0, 0x0, 0x0,
    0x0, 0x0, 0x1, 0xb0, 0x7c, 0x0, 0x3, 0x46,
    0xc, 0x63, 0x6, 0xc, 0x63, 0x6, 0xc, 0x63,
    0x2, 0xc, 0x63, 0x3, 0xc, 0x63, 0x3, 0xc,
    0x73, 0xff, 0xff, 0xff, 0x0, 0x0, 0x0, 0x0,
    0x0, 0x0, 0x18, 0x0, 0x0,

    /* U+FD2E "ﴮ" */
    0x0, 0x0, 0x60, 0x0, 0x0, 0x0, 0x0, 0x0,
    0x0, 0x0, 0x0, 0xd8, 0x7e, 0x0, 0x3, 0x26,
    0xc, 0x63, 0x3, 0xc, 0x63, 0x3, 0xc, 0x63,
    0x3, 0xc, 0x63, 0x3, 0xc, 0x63, 0x1, 0x8c,
    0x73, 0xff, 0xff, 0xff,

    /* U+FD2F "ﴯ" */
    0x18, 0x0, 0x60, 0x0, 0x0, 0x0, 0x0, 0x0,
    0x0, 0x0, 0x0, 0xd8, 0x7e, 0x0, 0x3, 0x26,
    0xc, 0x63, 0x3, 0xc, 0x63, 0x3, 0xc, 0x63,
    0x3, 0xc, 0x63, 0x3, 0xc, 0x63, 0x1, 0x8c,
    0x73, 0xff, 0xff, 0xff,

    /* U+FD30 "ﴰ" */
    0x0, 0x0, 0x30, 0x0, 0x0, 0x0, 0x0, 0x0,
    0x0, 0x0, 0x0, 0xf, 0x0, 0xe0, 0x0, 0x18,
    0x98, 0x31, 0x8c, 0xc6, 0x18, 0xc6, 0x63, 0xc,
    0x63, 0x31, 0x86, 0x31, 0x98, 0xc3, 0x18, 0xcc,
    0xe1, 0x8e, 0x7f, 0xdf, 0xff, 0xf0,

    /* U+FD31 "ﴱ" */
    0x1f, 0xc0, 0x0, 0x0, 0x83, 0x80, 0x0, 0x0,
    0xc, 0x0, 0x6, 0x1c, 0x30, 0xc6, 0x31, 0x91,
    0x86, 0x31, 0x98, 0xcc, 0x31, 0x8c, 0xc6, 0x61,
    0x8c, 0x66, 0x33, 0xc, 0x63, 0x39, 0x98, 0x63,
    0x9f, 0xff, 0xff, 0xf7, 0xc0,

    /* U+FD32 "ﴲ" */
    0x0, 0x0, 0x3, 0x0, 0x0, 0x0, 0x0, 0x3,
    0xf0, 0x0, 0x0, 0x20, 0xe0, 0xd, 0x80, 0x3,
    0x0, 0x1, 0x87, 0xc, 0x31, 0x8c, 0x64, 0x61,
    0x8c, 0x66, 0x33, 0xc, 0x63, 0x31, 0x98, 0x63,
    0x19, 0x8c, 0xc3, 0x18, 0xce, 0x66, 0x18, 0xe7,
    0xff, 0xff, 0xff, 0xf0,

    /* U+FD33 "ﴳ" */
    0x0, 0x6, 0x0, 0x0, 0xc, 0x0, 0x0, 0x18,
    0x0, 0x0, 0x30, 0x0, 0xe0, 0x67, 0x82, 0x60,
    0xd1, 0x8c, 0x61, 0xc1, 0x98, 0xc3, 0x83, 0x31,
    0x86, 0x6, 0x63, 0xc, 0xc, 0xce, 0x18, 0x1f,
    0xf7, 0xff, 0xf0,

    /* U+FD34 "ﴴ" */
    0x7c, 0x0, 0x3, 0x11, 0x83, 0x18, 0xc0, 0x60,
    0xc6, 0x30, 0x18, 0x31, 0x8c, 0x2, 0xc, 0x63,
    0x0, 0xc3, 0x18, 0xc0, 0x30, 0xc7, 0x33, 0xff,
    0xff, 0x7f, 0x0, 0x0, 0x0, 0x0, 0x0, 0x0,
    0x1, 0x80, 0x0, 0x0,

    /* U+FD35 "ﴵ" */
    0x7e, 0x0, 0x3, 0x4, 0xc1, 0x8c, 0x60, 0xc,
    0x31, 0x8c, 0x1, 0x86, 0x31, 0x80, 0x30, 0xc6,
    0x30, 0x6, 0x18, 0xc6, 0x0, 0x63, 0x1c, 0xc7,
    0xff, 0xfe, 0xff,

    /* U+FD36 "ﴶ" */
    0x18, 0x0, 0x0, 0x0, 0x0, 0x0, 0x0, 0x0,
    0x0, 0x0, 0x0, 0x0, 0x0, 0x7, 0xe0, 0x0,
    0x30, 0x4c, 0x18, 0xc6, 0x0, 0xc3, 0x18, 0xc0,
    0x18, 0x63, 0x18, 0x3, 0xc, 0x63, 0x0, 0x61,
    0x8c, 0x60, 0x6, 0x31, 0xcc, 0x7f, 0xff, 0xef,
    0xf0,

    /* U+FD37 "ﴷ" */
    0x0, 0x0, 0x60, 0x0, 0x0, 0x0, 0x0, 0x0,
    0x1b, 0x0, 0x0, 0x0, 0x0, 0x7c, 0x0, 0x3,
    0x11, 0x83, 0x18, 0xc0, 0x60, 0xc6, 0x30, 0x18,
    0x31, 0x8c, 0x2, 0xc, 0x63, 0x0, 0xc3, 0x18,
    0xc0, 0x30, 0xc7, 0x33, 0xff, 0xff, 0xff, 0x0,
    0x0, 0x0, 0x0, 0x0, 0x0, 0x1, 0x80, 0x0,
    0x0,

    /* U+FD38 "ﴸ" */
    0x0, 0x0, 0x60, 0x0, 0x0, 0x0, 0x0, 0x0,
    0x3, 0x60, 0x0, 0x0, 0x0, 0x7, 0xe0, 0x0,
    0x30, 0x4c, 0x18, 0xc6, 0x0, 0xc3, 0x18, 0xc0,
    0x18, 0x63, 0x18, 0x3, 0xc, 0x63, 0x0, 0x61,
    0x8c, 0x60, 0x6, 0x31, 0xcc, 0x7f, 0xff, 0xff,
    0xf0,

    /* U+FD39 "ﴹ" */
    0x18, 0x0, 0x60, 0x0, 0x0, 0x0, 0x0, 0x0,
    0x3, 0x60, 0x0, 0x0, 0x0, 0x7, 0xe0, 0x0,
    0x30, 0x4c, 0x18, 0xc6, 0x0, 0xc3, 0x18, 0xc0,
    0x18, 0x63, 0x18, 0x3, 0xc, 0x63, 0x0, 0x61,
    0x8c, 0x60, 0x6, 0x31, 0xcc, 0x7f, 0xff, 0xff,
    0xf0,

    /* U+FD3A "ﴺ" */
    0x0, 0x6, 0x0, 0x0, 0x3, 0x0, 0x0, 0x1,
    0x80, 0x0, 0x0, 0xc0, 0x0, 0xe0, 0x67, 0x80,
    0x98, 0x34, 0x60, 0xc6, 0x1c, 0x18, 0x63, 0xe,
    0xc, 0x31, 0x86, 0x6, 0x18, 0xc3, 0x3, 0xc,
    0xe1, 0x81, 0x9f, 0xdf, 0xff, 0xf0,

    /* U+FD3B "ﴻ" */
    0x0, 0x6, 0x30, 0x0, 0x3, 0x0, 0x0, 0x1,
    0x80, 0x0, 0x0, 0xc0, 0x0, 0xe0, 0x67, 0x80,
    0x98, 0x34, 0x60, 0xc6, 0x1c, 0x18, 0x63, 0xe,
    0xc, 0x31, 0x86, 0x6, 0x18, 0xc3, 0x3, 0xc,
    0xe1, 0x81, 0x9f, 0xdf, 0xff, 0xf0,

    /* U+FD3C "ﴼ" */
    0x36, 0x1d, 0x0, 0x31, 0x8c, 0x63, 0x18, 0xc6,
    0x31, 0x8c, 0x78,

    /* U+FD3D "ﴽ" */
    0x3c, 0x78, 0x6, 0x66, 0x66, 0x66, 0x66, 0x66,
    0x60,

    /* U+FD3E "﴾" */
    0xc, 0x31, 0x86, 0x30, 0xcf, 0xed, 0xfd, 0x43,
    0x6, 0x18, 0x30, 0xc0,

    /* U+FD3F "﴿" */
    0xc1, 0x86, 0x18, 0x33, 0xfd, 0x7f, 0x50, 0xc6,
    0x18, 0xe3, 0x0,

    /* U+FD40 "﵀" */
    0x0, 0x0, 0x0, 0x0, 0x0, 0x29, 0x0, 0x4,
    0x80, 0x2a, 0x40, 0x35, 0x20, 0x2a, 0x90, 0xf,
    0xc8, 0x20, 0x0, 0x30, 0xdc, 0xa8, 0xa1, 0xaf,
    0xff, 0x10, 0x0, 0x8, 0x0, 0x18,

    /* U+FD41 "﵁" */
    0x0, 0x20, 0x0, 0x0, 0x0, 0x0, 0xa, 0x40,
    0x0, 0x12, 0x0, 0xa, 0x90, 0x0, 0xd4, 0x80,
    0xa, 0xa4, 0x0, 0x2f, 0x20, 0x24, 0x2, 0x3,
    0xe, 0x6, 0xa9, 0x40, 0xd4, 0xbf, 0xff, 0xa4,
    0x1, 0x1, 0x10, 0x6, 0x18, 0x60, 0x20, 0x0,
    0xfc, 0x80,

    /* U+FD42 "﵂" */
    0x0, 0x0, 0x0, 0x0, 0x0, 0x0, 0x22, 0x0,
    0x1, 0x20, 0x0, 0xb2, 0x0, 0x1b, 0x20, 0x82,
    0xb2, 0x8, 0x1f, 0x20, 0x82, 0x0, 0x9, 0xc,
    0x0, 0xb2, 0x81, 0x9f, 0xde, 0xa5, 0x28, 0x17,
    0x91, 0x82, 0x1, 0x40, 0x18, 0x63, 0x1, 0x0,
    0xf, 0xe8, 0x0,

    /* U+FD43 "﵃" */
    0x0, 0x0, 0x0, 0x0, 0x0, 0x0, 0x0, 0xd2,
    0x0, 0x0, 0x24, 0x0, 0x9, 0x48, 0x0, 0x32,
    0x90, 0x0, 0x65, 0x20, 0x0, 0x3e, 0x40, 0x0,
    0x80, 0x0, 0xcc, 0x31, 0x3, 0xaa, 0x82, 0xc7,
    0xfb, 0xfa, 0xa8, 0xa0, 0x4f, 0x52, 0xc0, 0x80,
    0xa2, 0x0, 0xc3, 0x3, 0x1, 0x80, 0x1, 0xfd,
    0xc0,

    /* U+FD44 "﵄" */
    0x0, 0x0, 0x0, 0x0, 0x0, 0x0, 0x0, 0x1a,
    0x80, 0x0, 0x2, 0x80, 0x0, 0xa, 0x80, 0x0,
    0xca, 0x80, 0x0, 0xca, 0x80, 0x80, 0x7c, 0x80,
    0x80, 0x20, 0x0, 0x91, 0xc, 0x40, 0xab, 0x28,
    0x19, 0x7f, 0xdf, 0xa5, 0x2, 0x82, 0x79, 0x1,
    0x82, 0x1, 0x4, 0x1, 0x86, 0x3, 0x1, 0x80,
    0x0, 0xfe, 0x80,

    /* U+FD45 "﵅" */
    0x0, 0x10, 0x0, 0x0, 0x10, 0x0, 0x0, 0x52,
    0x0, 0x0, 0x24, 0x0, 0x5, 0x48, 0x0, 0x1a,
    0x90, 0x0, 0x55, 0x20, 0x0, 0x5e, 0x40, 0x0,
    0x40, 0x0, 0x46, 0x18, 0x0, 0x15, 0x40, 0x68,
    0x9a, 0x91, 0x58, 0xfb, 0xdc, 0xb2, 0xa0, 0x5e,
    0x7e, 0xc0, 0xc0, 0x83, 0x1, 0xc2, 0x1, 0xfe,
    0x80,

    /* U+FD46 "﵆" */
    0x0, 0x0, 0x3, 0x52, 0x30, 0x2a, 0x48, 0x15,
    0x48, 0x6, 0xa9, 0x99, 0x55, 0x34, 0x97, 0xbf,
    0xe0, 0x11, 0x40, 0x22, 0x2b, 0xc, 0x3b, 0x41,
    0xff, 0xff, 0x0, 0x2, 0x0, 0x10, 0xcc, 0x42,
    0x1a, 0x98, 0x1, 0x30, 0xff, 0xee,

    /* U+FD47 "﵇" */
    0x0, 0x11, 0x14, 0x0, 0x4c, 0x45, 0x0, 0x4b,
    0x1, 0x40, 0x2a, 0xcd, 0x50, 0x2, 0x55, 0x5c,
    0x3, 0xb7, 0xfb, 0x1, 0x0, 0x0, 0x81, 0xa0,
    0x0, 0x2e, 0xa0, 0x0, 0x2a, 0x17, 0xff, 0xf7,
    0xf0, 0x0, 0x0, 0x0, 0x0, 0x1, 0x0,

    /* U+FD48 "﵈" */
    0x0, 0x4, 0x45, 0x0, 0x4, 0x44, 0x50, 0x1,
    0x2c, 0x5, 0x0, 0x2a, 0xcd, 0x50, 0x0, 0x95,
    0x57, 0x0, 0x3b, 0x7f, 0xb0, 0x4, 0x0, 0x2,
    0x0, 0xa0, 0x4, 0x2e, 0x14, 0x0, 0xca, 0x81,
    0xff, 0xff, 0x7f, 0x20, 0x0, 0xa0, 0x4, 0x0,
    0xd, 0x0,

    /* U+FD49 "﵉" */
    0x0, 0x88, 0xa0, 0x11, 0x11, 0x40, 0x96, 0x2,
    0x82, 0xac, 0xd5, 0x9, 0x2a, 0xae, 0x1e, 0xdf,
    0xec, 0x20, 0x0, 0x10, 0x78, 0x4, 0x2e, 0xd0,
    0x19, 0x51, 0xff, 0xfd, 0xfc, 0x0, 0x60, 0x0,
    0x0, 0xd8, 0x0,

    /* U+FD4A "﵊" */
    0x0, 0x0, 0x0, 0x1, 0xc8, 0x8b, 0xf0, 0x48,
    0x40, 0x2, 0x6e, 0x0, 0x14, 0x50, 0x2, 0xa1,
    0xff, 0xef, 0xda, 0x64, 0x12, 0x1b, 0x60, 0x92,
    0x58, 0x64, 0xa9, 0xc4, 0xa5, 0x9b, 0xff, 0xa1,
    0x10, 0x15, 0x25, 0x80, 0xa0, 0xac, 0x5, 0x6,
    0xe6, 0xaa, 0xcd, 0xff, 0x6c, 0x0, 0x0, 0xe0,
    0x0, 0x3, 0x0, 0x0, 0x60,

    /* U+FD4B "﵋" */
    0x40, 0x1, 0xa0, 0x1a, 0x85, 0x59, 0xff, 0x8,
    0x0, 0xc0, 0x0, 0x10, 0x5, 0x53, 0x9f, 0x56,
    0x41, 0x3e, 0x1f, 0xc0,

    /* U+FD4C "﵌" */
    0x0, 0x0, 0x0, 0xc, 0x52, 0x18, 0xa, 0xa4,
    0x41, 0x15, 0x4c, 0x6, 0xa, 0x98, 0xd4, 0x15,
    0x32, 0x57, 0xfb, 0xff, 0x10, 0x11, 0x4c, 0xe8,
    0x3d, 0xa1, 0x50, 0x3, 0x21, 0x7f, 0xfb, 0xf1,
    0x4c, 0xc5, 0x26, 0x96, 0x9a, 0xab, 0x6d, 0x75,
    0x7f, 0xff, 0x69, 0xc0, 0x19, 0x16, 0x80, 0x0,
    0x0,

    /* U+FD4D "﵍" */
    0x0, 0x88, 0xa0, 0x11, 0x11, 0x40, 0x96, 0x2,
    0x82, 0xac, 0xd5, 0x9, 0x2a, 0xae, 0x1e, 0xdf,
    0xfc, 0x20, 0x0, 0x10, 0x60, 0x4, 0x2e, 0x80,
    0x19, 0x51, 0xff, 0xfd, 0xfc, 0x0, 0x50, 0x0,
    0x0, 0x50, 0x0,

    /* U+FD4E "﵎" */
    0x0, 0x0, 0xc6, 0x83, 0x20, 0x8d, 0xcd, 0x35,
    0x2d, 0x3f, 0x18, 0x89, 0xbf, 0xff, 0x28, 0x80,
    0x2a, 0x10, 0xaa, 0x7e, 0x9f, 0x2, 0x0, 0x38,
    0x40,

    /* U+FD4F "﵏" */
    0x0, 0x40, 0x0, 0x0, 0x0, 0x0, 0x52, 0x0,
    0x1, 0x20, 0x1, 0x52, 0x0, 0x35, 0x20, 0x5,
    0x52, 0x0, 0x2f, 0x20, 0x1, 0x0, 0x1, 0x12,
    0x62, 0x2b, 0x51, 0xa3, 0xff, 0xe1, 0x42, 0x80,
    0x28, 0x38, 0x6,

    /* U+FD50 "ﵐ" */
    0x0, 0x0, 0xd, 0x80, 0x0, 0x0, 0x0, 0x0,
    0x0, 0x0, 0x0, 0x0, 0x0, 0xe0, 0xf8, 0x30,
    0x98, 0x46, 0x18, 0xc6, 0x3, 0xc, 0x63, 0x1,
    0x86, 0x31, 0x80, 0x43, 0x18, 0xc0, 0x31, 0x8c,
    0xe0, 0x18, 0xdf, 0xdf, 0xff, 0xe0, 0x0, 0x0,
    0x0, 0x0, 0x0, 0x0, 0x0, 0xc, 0x0,

    /* U+FD51 "ﵑ" */
    0x0, 0x0, 0xf, 0x0, 0x0, 0x0, 0x0, 0x0,
    0x0, 0x0, 0x0, 0x0, 0x0, 0xfc, 0x1e, 0x6,
    0x11, 0x84, 0xc1, 0x80, 0x60, 0x30, 0x60, 0xc,
    0x4, 0x18, 0x3, 0x1, 0x6, 0x0, 0xc0, 0x61,
    0x81, 0xf8, 0x18, 0x61, 0xf7, 0xff, 0xff, 0xe0,
    0x0, 0x0, 0x30, 0x0, 0x0, 0xc, 0x0, 0x0,
    0x3, 0xc, 0x0, 0x0, 0x70, 0x0, 0x0, 0x0,

    /* U+FD52 "ﵒ" */
    0x0, 0x0, 0x1b, 0x0, 0x0, 0x0, 0x0, 0x0,
    0x0, 0x0, 0x0, 0x0, 0x7c, 0x1f, 0x6, 0x46,
    0x13, 0x86, 0x6, 0x1, 0x86, 0x6, 0x1, 0x86,
    0x2, 0x1, 0x86, 0x3, 0x0, 0xc6, 0x3, 0x0,
    0xc6, 0xff, 0xff, 0xfe, 0x0, 0x0, 0x0, 0x0,
    0x0, 0x0, 0x18, 0x0, 0x0,

    /* U+FD53 "ﵓ" */
    0x0, 0x0, 0xd, 0x80, 0x0, 0x0, 0x0, 0x0,
    0x0, 0x0, 0x0, 0x0, 0x0, 0xe0, 0xf8, 0x30,
    0x98, 0x4c, 0x18, 0xc6, 0x3, 0xc, 0x63, 0x1,
    0x86, 0x31, 0x80, 0xc3, 0x18, 0xc0, 0x31, 0x8c,
    0xe0, 0x18, 0xdf, 0xdf, 0xff, 0xe0,

    /* U+FD54 "ﵔ" */
    0x0, 0x6, 0xd, 0x80, 0x0, 0x0, 0x0, 0x0,
    0x0, 0x0, 0x0, 0x0, 0x0, 0xe0, 0xf8, 0x30,
    0x98, 0x4c, 0x18, 0xc6, 0x3, 0xc, 0x63, 0x1,
    0x86, 0x31, 0x80, 0xc3, 0x18, 0xc0, 0x21, 0x8c,
    0xe0, 0x18, 0xdf, 0xdf, 0xff, 0xe0,

    /* U+FD55 "ﵕ" */
    0x0, 0x0, 0x1d, 0x80, 0x0, 0x0, 0x0, 0x0,
    0x0, 0x0, 0x0, 0x0, 0x7, 0xc0, 0x70, 0x32,
    0x30, 0x4c, 0x18, 0x18, 0x63, 0xc, 0xc, 0x31,
    0x86, 0x2, 0x18, 0xc3, 0x1, 0x8c, 0x61, 0x80,
    0xc6, 0x70, 0xdf, 0xff, 0xef, 0xe0, 0x0, 0x0,
    0x0, 0x0, 0x0, 0x0, 0x60, 0x0, 0x0,

    /* U+FD56 "ﵖ" */
    0x0, 0x0, 0xd, 0x80, 0x0, 0x0, 0x0, 0x0,
    0x0, 0x0, 0x0, 0x0, 0x7, 0xe0, 0x78, 0x30,
    0x30, 0x66, 0x18, 0xc, 0x61, 0x8c, 0x6, 0x30,
    0xc6, 0x3, 0x18, 0x63, 0x1, 0x8c, 0x31, 0x80,
    0x66, 0x38, 0xdf, 0xff, 0xf7, 0xe0,

    /* U+FD57 "ﵗ" */
    0x18, 0x0, 0xd, 0x80, 0x0, 0x0, 0x0, 0x0,
    0x0, 0x0, 0x0, 0x0, 0x7, 0xe0, 0x38, 0x30,
    0x30, 0x26, 0x18, 0xc, 0x31, 0x8c, 0x6, 0x18,
    0xc6, 0x3, 0xc, 0x63, 0x1, 0x86, 0x31, 0x80,
    0x63, 0x38, 0xdf, 0xff, 0xf7, 0xe0,

    /* U+FD58 "ﵘ" */
    0xfc, 0x7, 0x7, 0xc1, 0x38, 0x26, 0x11, 0x80,
    0x61, 0x8c, 0x6, 0x1, 0xc6, 0x30, 0x18, 0x3,
    0x18, 0xc0, 0x20, 0x1c, 0x63, 0x0, 0xc1, 0xf9,
    0x9c, 0x3, 0x1e, 0x7f, 0xdf, 0xff, 0xe0, 0x0,
    0x0, 0x3, 0x0, 0x0, 0x0, 0xc, 0x0, 0x0,
    0x18, 0x30, 0x0, 0x0, 0x0, 0x7c, 0x0, 0x0,
    0x0,

    /* U+FD59 "ﵙ" */
    0x7e, 0x7, 0x87, 0xc1, 0x30, 0x66, 0x3, 0x0,
    0xc6, 0x18, 0xc, 0x6, 0x30, 0xc0, 0x60, 0x31,
    0x86, 0x3, 0x1, 0x8c, 0x30, 0x18, 0x6, 0x63,
    0x80, 0xff, 0xff, 0xf7, 0xff, 0x0, 0x0, 0x0,
    0x0, 0x0, 0x0, 0x0, 0x0, 0x0, 0x0, 0x60,

    /* U+FD5A "ﵚ" */
    0x0, 0x0, 0x3c, 0x1e, 0x0, 0x0, 0xc, 0xc2,
    0x60, 0x3, 0x83, 0xc, 0x4, 0x0, 0x98, 0x61,
    0x80, 0x80, 0x21, 0xc, 0x30, 0x19, 0x86, 0x31,
    0x86, 0x3, 0x30, 0xf3, 0x31, 0xc0, 0x66, 0xf,
    0x3f, 0xef, 0xff, 0xc0, 0x60, 0x0, 0x0, 0x1c,
    0xc, 0x0, 0x0, 0x1, 0xfe, 0x0, 0x0, 0x0,
    0x0, 0x0, 0x0, 0x0, 0x0, 0x0, 0x0, 0x0,
    0x0, 0x0, 0x0, 0x0, 0x0, 0x6, 0xc0, 0x0,
    0x0, 0x0,

    /* U+FD5B "ﵛ" */
    0x0, 0x0, 0x3c, 0x1e, 0x0, 0x0, 0xc, 0xc2,
    0x60, 0x3, 0x83, 0xc, 0x4, 0x0, 0x98, 0x61,
    0x80, 0x80, 0x21, 0xc, 0x30, 0x19, 0x86, 0x31,
    0x86, 0x3, 0x30, 0xf3, 0x31, 0xc0, 0x66, 0x1f,
    0x3f, 0xef, 0xff, 0xc0, 0x60, 0x0, 0x0, 0x1c,
    0xc, 0x0, 0x0, 0x1, 0xfe, 0x0, 0x0, 0x0,
    0x0,

    /* U+FD5C "ﵜ" */
    0x7c, 0x1f, 0x0, 0x1, 0xa3, 0x9, 0xc3, 0x18,
    0xc1, 0x80, 0x61, 0x8c, 0x60, 0xc0, 0x30, 0xc6,
    0x30, 0x20, 0x18, 0x63, 0x18, 0x18, 0x6, 0x31,
    0x8c, 0xc, 0x3, 0x18, 0xe7, 0xff, 0xff, 0xff,
    0xdf, 0x0, 0x0, 0x0, 0x0, 0x0, 0x0, 0x0,
    0x0, 0x6, 0x0, 0x0, 0x0, 0x0,

    /* U+FD5D "ﵝ" */
    0x7e, 0x1f, 0x0, 0x0, 0xc9, 0x80, 0x60, 0xc6,
    0x30, 0x30, 0x18, 0x31, 0x8c, 0xc, 0x2, 0xc,
    0x63, 0x3, 0x0, 0x83, 0x18, 0xc0, 0xc0, 0x30,
    0xc6, 0x30, 0x18, 0xc, 0x31, 0xcf, 0xff, 0xff,
    0xff, 0xdf, 0x0, 0x0, 0x0, 0x0, 0x0, 0x0,
    0x0, 0x0, 0x0, 0x0, 0x60, 0x0, 0x0,

    /* U+FD5E "ﵞ" */
    0x0, 0x0, 0xf8, 0x0, 0xc, 0x0, 0x0, 0x46,
    0x18, 0xc6, 0x0, 0x38, 0x3, 0xc, 0x63, 0x0,
    0x26, 0x1, 0x86, 0x31, 0x80, 0x21, 0x0, 0x43,
    0x18, 0xc6, 0x18, 0xc0, 0x31, 0x8c, 0x63, 0xf,
    0x30, 0x18, 0xc7, 0x31, 0x87, 0xcf, 0xff, 0xfe,
    0xff, 0xc0, 0x60, 0x0, 0x0, 0x0, 0x70, 0x30,
    0x0, 0x0, 0x0, 0x1f, 0xe0, 0xc, 0x0, 0x0,
    0x0,

    /* U+FD5F "ﵟ" */
    0xfc, 0x7, 0x0, 0x0, 0xc0, 0xe0, 0x98, 0x31,
    0x8c, 0x6, 0x18, 0xc3, 0x18, 0xc0, 0x71, 0x8c,
    0x31, 0x8c, 0x3, 0x18, 0xc3, 0x18, 0xc0, 0x71,
    0x8c, 0x31, 0x8c, 0x1f, 0x99, 0xc3, 0x1c, 0xc7,
    0x9f, 0xf7, 0xff, 0x7f, 0xe0, 0x0, 0x0, 0x0,
    0xc, 0x0, 0x0, 0x0, 0x0, 0xc0, 0x0, 0x0,
    0x0, 0xc, 0x0, 0x0, 0x0, 0x0, 0x7c, 0x0,
    0x0, 0x0, 0x0,

    /* U+FD60 "ﵠ" */
    0x7e, 0x7, 0x80, 0x0, 0xc1, 0x83, 0x30, 0xc6,
    0x30, 0x31, 0x86, 0x31, 0x8c, 0xc, 0x61, 0x8c,
    0x63, 0x3, 0x18, 0x63, 0x18, 0xc0, 0xc6, 0x18,
    0xc6, 0x30, 0x19, 0x8e, 0x31, 0xcf, 0xff, 0xfe,
    0xff, 0xdf,

    /* U+FD61 "ﵡ" */
    0x7c, 0x7, 0x0, 0x0, 0xd1, 0x82, 0x60, 0xc6,
    0x30, 0x61, 0x8c, 0x31, 0x8c, 0x18, 0x63, 0xc,
    0x63, 0x2, 0x18, 0xc3, 0x18, 0xc0, 0xc6, 0x30,
    0xc6, 0x30, 0x31, 0x9c, 0x31, 0xcf, 0xff, 0xfd,
    0xff, 0xdf, 0x0, 0x0, 0x0, 0x0, 0x0, 0x0,
    0x0, 0x0, 0x1, 0x80, 0x0, 0x0, 0x0,

    /* U+FD62 "ﵢ" */
    0xe, 0x3, 0x80, 0x0, 0x61, 0x98, 0x26, 0xc,
    0x63, 0xc, 0x63, 0x18, 0x63, 0x18, 0x63, 0x18,
    0xc3, 0x18, 0xc3, 0x18, 0xc6, 0x18, 0xc6, 0x18,
    0xc6, 0x30, 0xc6, 0x30, 0xce, 0x33, 0x86, 0x39,
    0x8f, 0xdf, 0xf7, 0xff, 0x7f, 0xc0, 0x0, 0x0,
    0x0, 0x6, 0x0, 0x0, 0x0, 0x0, 0x30, 0x0,
    0x0, 0x0, 0x1, 0x80, 0x0, 0x0, 0x0, 0xc,
    0x0, 0x0, 0x0, 0x0, 0x60, 0x0, 0x0, 0x0,
    0x0,

    /* U+FD63 "ﵣ" */
    0xe, 0x3, 0xc0, 0x0, 0x62, 0x60, 0xcc, 0x31,
    0x8c, 0xc6, 0x30, 0xc6, 0x31, 0x98, 0xc6, 0x18,
    0xc6, 0x33, 0x18, 0xc3, 0x18, 0xc6, 0x63, 0x18,
    0x63, 0x18, 0xcc, 0xe3, 0x1c, 0x63, 0x9f, 0xf7,
    0xfe, 0xff, 0xdf,

    /* U+FD64 "ﵤ" */
    0xfc, 0x1e, 0x6, 0x78, 0x13, 0x80, 0xc1, 0xa3,
    0x0, 0x60, 0x30, 0x70, 0x60, 0x1c, 0x4, 0x1c,
    0x18, 0x3, 0x1, 0x6, 0x6, 0x1, 0xc0, 0x61,
    0x81, 0x81, 0xf8, 0x18, 0x60, 0x61, 0xe7, 0xff,
    0xff, 0xff, 0xe0, 0x0, 0x0, 0x0, 0x30, 0x0,
    0x0, 0x0, 0xc, 0x0, 0x0, 0x0, 0x3, 0x0,
    0x0, 0x0, 0x0, 0x7c, 0x0, 0x0, 0x0, 0x0,

    /* U+FD65 "ﵥ" */
    0x7e, 0xf, 0x3, 0x3c, 0x26, 0x1, 0x83, 0x46,
    0x3, 0x1, 0x83, 0x83, 0x3, 0x0, 0x83, 0x83,
    0x3, 0x0, 0x83, 0x3, 0x3, 0x0, 0xc3, 0x3,
    0x1, 0x80, 0xc3, 0x3, 0xff, 0xff, 0xff, 0xff,

    /* U+FD66 "ﵦ" */
    0xe, 0x3, 0x81, 0x9e, 0x6, 0x60, 0x98, 0x34,
    0x60, 0xc6, 0x31, 0x87, 0x6, 0x18, 0xc6, 0x30,
    0xe0, 0xc3, 0x18, 0xc6, 0x18, 0x18, 0x63, 0x18,
    0xc3, 0x3, 0xc, 0xe3, 0x38, 0x60, 0x63, 0xf7,
    0xfd, 0xff, 0xff, 0xc0, 0x0, 0x0, 0x0, 0x18,
    0x0, 0x0, 0x0, 0x3, 0x0, 0x0, 0x0, 0x0,
    0x60, 0x0, 0x0, 0x0, 0xc, 0x0, 0x0, 0x0,
    0x1, 0x80, 0x0, 0x0, 0x0, 0x0,

    /* U+FD67 "ﵧ" */
    0x0, 0x0, 0x0, 0x18, 0x0, 0x0, 0x0, 0x0,
    0x0, 0x0, 0x0, 0x0, 0xd, 0x80, 0x0, 0x0,
    0x0, 0x0, 0x0, 0xe0, 0xf8, 0x0, 0xc, 0x19,
    0x84, 0xe1, 0x8c, 0x60, 0xc6, 0x3, 0xc, 0x63,
    0x6, 0x30, 0x18, 0x63, 0x18, 0x31, 0x80, 0xc3,
    0x18, 0xc1, 0x8c, 0x3, 0x18, 0xc6, 0xc, 0xe0,
    0x18, 0xc7, 0x30, 0xfd, 0xff, 0xff, 0xff, 0xfc,
    0x0, 0x0, 0x0, 0x0, 0x60, 0x0, 0x0, 0x0,
    0x3, 0x0, 0x0, 0x0, 0x0, 0x18, 0x0, 0x0,
    0x0, 0x0, 0xc0, 0x0, 0x0, 0x0, 0x6, 0x0,
    0x0, 0x0, 0x0, 0x0,

    /* U+FD68 "ﵨ" */
    0x0, 0x0, 0x0, 0xc, 0x0, 0x0, 0x0, 0x0,
    0x0, 0x0, 0x0, 0x0, 0x0, 0x0, 0x0, 0x0,
    0xd8, 0xe, 0xf, 0x80, 0x0, 0xc4, 0xc2, 0x60,
    0xc3, 0x33, 0x18, 0xc, 0x30, 0xcc, 0xc6, 0x3,
    0xc, 0x33, 0x31, 0x80, 0xc3, 0xc, 0xcc, 0x60,
    0x18, 0xc3, 0x33, 0x38, 0x6, 0x31, 0xcf, 0xfb,
    0xff, 0xff, 0xff,

    /* U+FD69 "ﵩ" */
    0x0, 0x0, 0x0, 0x1, 0x80, 0x0, 0x0, 0x0,
    0x0, 0x0, 0x0, 0x0, 0x0, 0x0, 0xd8, 0x0,
    0x0, 0x0, 0x0, 0x0, 0x0, 0x0, 0xf, 0x80,
    0x0, 0xc0, 0x0, 0x4, 0x61, 0x8c, 0x60, 0x3,
    0x80, 0x30, 0xc6, 0x30, 0x2, 0x60, 0x18, 0x63,
    0x18, 0x2, 0x10, 0x4, 0x31, 0x8c, 0x61, 0x8c,
    0x3, 0x18, 0xc6, 0x30, 0xf3, 0x1, 0x8c, 0x73,
    0x18, 0x3c, 0xff, 0xff, 0xff, 0xfc, 0x6, 0x0,
    0x0, 0x0, 0x7, 0x3, 0x0, 0x0, 0x0, 0x1,
    0xfe, 0x0, 0xc0, 0x0, 0x0, 0x0, 0x0, 0x0,
    0x0, 0x0, 0x0, 0x0, 0x0, 0x0, 0x0, 0x0,
    0x0, 0x0, 0x0, 0x0, 0x6, 0xc0, 0x0, 0x0,
    0x0, 0x0,

    /* U+FD6A "ﵪ" */
    0x30, 0x0, 0x0, 0x18, 0x0, 0x0, 0x0, 0x0,
    0x0, 0x0, 0x0, 0x0, 0x6c, 0x0, 0x0, 0x0,
    0x0, 0x0, 0xfc, 0x7, 0x0, 0x0, 0xc0, 0xe0,
    0x98, 0x31, 0x8c, 0x6, 0x18, 0xc3, 0x18, 0xc0,
    0x71, 0x8c, 0x31, 0x8c, 0x7, 0x18, 0xc3, 0x18,
    0xc0, 0x71, 0x8c, 0x31, 0x8c, 0x3f, 0x99, 0xc3,
    0x1c, 0xc7, 0x9f, 0xf7, 0xff, 0xff, 0xe0, 0x0,
    0x0, 0x0, 0xc, 0x0, 0x0, 0x0, 0x0, 0xc0,
    0x0, 0x0, 0x0, 0xc, 0x0, 0x0, 0x0, 0x0,
    0x7c, 0x0, 0x0, 0x0, 0x0,

    /* U+FD6B "ﵫ" */
    0x18, 0x0, 0x0, 0xc, 0x0, 0x0, 0x0, 0x0,
    0x0, 0x0, 0x0, 0x0, 0x0, 0x0, 0x0, 0x0,
    0xd8, 0x7e, 0x3, 0x80, 0x0, 0xc1, 0x81, 0x30,
    0xc3, 0x30, 0x30, 0xc6, 0x30, 0xcc, 0xc, 0x31,
    0x8c, 0x33, 0x3, 0xc, 0x63, 0xc, 0xc0, 0xc3,
    0x18, 0xc3, 0x30, 0x18, 0xce, 0x31, 0xcf, 0xff,
    0xfe, 0xff, 0xff,

    /* U+FD6C "ﵬ" */
    0x0, 0x0, 0x0, 0xc, 0x0, 0x0, 0x0, 0x0,
    0x0, 0x0, 0x0, 0x0, 0xd, 0x80, 0x0, 0x0,
    0x0, 0x0, 0x0, 0xe0, 0x38, 0x0, 0x6, 0x19,
    0x82, 0x60, 0xc6, 0x30, 0xc6, 0x31, 0x86, 0x31,
    0x86, 0x31, 0x8c, 0x31, 0x8c, 0x31, 0x8c, 0x61,
    0x8c, 0x61, 0x8c, 0x63, 0xc, 0x63, 0xc, 0xe3,
    0x38, 0x63, 0x98, 0xfd, 0xff, 0x7f, 0xff, 0xfc,
    0x0, 0x0, 0x0, 0x0, 0x60, 0x0, 0x0, 0x0,
    0x3, 0x0, 0x0, 0x0, 0x0, 0x18, 0x0, 0x0,
    0x0, 0x0, 0xc0, 0x0, 0x0, 0x0, 0x6, 0x0,
    0x0, 0x0, 0x0, 0x0,

    /* U+FD6D "ﵭ" */
    0x0, 0x0, 0x0, 0xc, 0x0, 0x0, 0x0, 0x0,
    0x0, 0x0, 0x0, 0x0, 0x0, 0x0, 0x0, 0x0,
    0xd, 0x80, 0xe0, 0x3c, 0x0, 0x6, 0x26, 0xc,
    0xc3, 0x18, 0xcc, 0x63, 0xc, 0x63, 0x19, 0x8c,
    0x61, 0x8c, 0x63, 0x31, 0x8c, 0x31, 0x8c, 0x66,
    0x31, 0x86, 0x31, 0x8c, 0xce, 0x31, 0xc6, 0x39,
    0xff, 0x7f, 0xef, 0xff, 0xf0,

    /* U+FD6E "ﵮ" */
    0x0, 0x0, 0x0, 0x3, 0x0, 0x0, 0x0, 0x0,
    0x0, 0x0, 0x0, 0x0, 0x0, 0x0, 0x0, 0x0,
    0x0, 0x0, 0x0, 0x0, 0x0, 0xf, 0x83, 0x3c,
    0x0, 0x0, 0x13, 0x6, 0x8c, 0x0, 0x38, 0x3,
    0xe, 0xc, 0x0, 0x98, 0x6, 0x1c, 0x18, 0x2,
    0x10, 0xc, 0x30, 0x31, 0x86, 0x30, 0x8, 0x60,
    0x63, 0xf, 0x30, 0x18, 0xc0, 0xc6, 0x1f, 0x3f,
    0xff, 0xff, 0xfc, 0x6, 0x0, 0x0, 0x0, 0x1c,
    0xc, 0x0, 0x0, 0x0, 0x1f, 0xe0, 0x0, 0x0,
    0x0, 0x0,

    /* U+FD6F "ﵯ" */
    0x0, 0x6, 0x0, 0x30, 0x0, 0x0, 0x0, 0x0,
    0x0, 0x0, 0x0, 0x0, 0x0, 0x0, 0x0, 0x0,
    0x0, 0x0, 0xe0, 0xf8, 0x33, 0xc0, 0x66, 0x13,
    0x86, 0x8c, 0xc, 0x60, 0x30, 0xe0, 0xc1, 0x8c,
    0x6, 0x1c, 0x18, 0x31, 0x80, 0xc3, 0x3, 0x6,
    0x30, 0xc, 0x60, 0x60, 0xce, 0x1, 0x8c, 0xc,
    0x3f, 0x7f, 0xff, 0xff, 0xfc, 0x0, 0x0, 0x0,
    0x1, 0x80, 0x0, 0x0, 0x0, 0x30, 0x0, 0x0,
    0x0, 0x6, 0x0, 0x0, 0x0, 0x0, 0xc0, 0x0,
    0x0, 0x0, 0x18, 0x0, 0x0, 0x0, 0x0,

    /* U+FD70 "ﵰ" */
    0x0, 0x6, 0x0, 0x30, 0x0, 0x0, 0x0, 0x0,
    0x0, 0x0, 0x0, 0x0, 0x0, 0x0, 0x0, 0x0,
    0x0, 0xe0, 0xf8, 0x33, 0xe0, 0x98, 0x4c, 0x1b,
    0x18, 0xc6, 0x3, 0xf, 0x6, 0x63, 0x1, 0x87,
    0x3, 0x31, 0x80, 0xc3, 0x1, 0x98, 0xc0, 0x21,
    0x80, 0xcc, 0xe0, 0x18, 0xc0, 0x7f, 0xdf, 0xff,
    0xff, 0xf0,

    /* U+FD71 "ﵱ" */
    0x0, 0x0, 0x6, 0x0, 0x0, 0x0, 0x1, 0x80,
    0x0, 0x0, 0x0, 0x60, 0x0, 0x0, 0x0, 0x18,
    0x0, 0xfc, 0x7, 0x6, 0x7c, 0x13, 0x82, 0x61,
    0xb1, 0x80, 0x61, 0x8c, 0x78, 0x30, 0x1c, 0x63,
    0x1c, 0xc, 0x3, 0x18, 0xc6, 0x3, 0x1, 0xc6,
    0x31, 0x80, 0xc1, 0xf9, 0x9c, 0x60, 0x31, 0xe7,
    0xfd, 0xff, 0xff, 0xe0, 0x0, 0x0, 0x0, 0x30,
    0x0, 0x0, 0x0, 0xc, 0x0, 0x0, 0x0, 0x3,
    0x0, 0x0, 0x0, 0x0, 0x7c, 0x0, 0x0, 0x0,
    0x0,

    /* U+FD72 "ﵲ" */
    0x0, 0x0, 0x1, 0x80, 0x0, 0x0, 0x0, 0xc0,
    0x0, 0x0, 0x0, 0x60, 0x0, 0x0, 0x0, 0x30,
    0x7, 0xe0, 0x78, 0x19, 0xe1, 0x30, 0x66, 0xd,
    0x18, 0xc, 0x61, 0x87, 0x6, 0x6, 0x30, 0xc3,
    0x83, 0x3, 0x18, 0x61, 0x81, 0x81, 0x8c, 0x30,
    0xc0, 0xc0, 0x66, 0x38, 0x60, 0x7f, 0xff, 0xf7,
    0xff, 0xf0,

    /* U+FD73 "ﵳ" */
    0x0, 0x0, 0x1, 0x80, 0x0, 0x0, 0x0, 0x60,
    0x0, 0x0, 0x0, 0x18, 0x0, 0x0, 0x0, 0x6,
    0x0, 0xe, 0x3, 0xc1, 0x9f, 0x4, 0xc1, 0x98,
    0x6c, 0x63, 0x18, 0xc3, 0x1e, 0xc, 0xc6, 0x30,
    0xc7, 0x3, 0x31, 0x8c, 0x31, 0x80, 0xcc, 0x63,
    0xc, 0x60, 0x33, 0x38, 0xc7, 0x18, 0xf, 0xfb,
    0xff, 0x7f, 0xff,

    /* U+FD74 "ﵴ" */
    0x0, 0x0, 0x0, 0x18, 0x0, 0x0, 0x0, 0x0,
    0x18, 0x0, 0x0, 0x0, 0x0, 0x18, 0x0, 0x0,
    0x0, 0x0, 0x18, 0x0, 0x0, 0x0, 0x3c, 0x19,
    0xe0, 0x0, 0x0, 0x66, 0x1a, 0x30, 0x0, 0xe0,
    0xc3, 0x1c, 0x18, 0x1, 0x30, 0xc3, 0x1c, 0x18,
    0x2, 0x10, 0xc3, 0x18, 0x18, 0xc3, 0x18, 0xc3,
    0x18, 0x18, 0xc3, 0xcc, 0xc7, 0x18, 0x18, 0xc1,
    0xe7, 0xfd, 0xff, 0xff, 0xc0, 0x60, 0x0, 0x0,
    0x0, 0xe0, 0x60, 0x0, 0x0, 0x0, 0x7f, 0x80,
    0x0, 0x0, 0x0, 0x0, 0x0, 0x0, 0x0, 0x0,
    0x0, 0x0, 0x0, 0x0, 0x0, 0x0, 0x0, 0x0,
    0x0, 0x0, 0x1b, 0x0, 0x0, 0x0, 0x0,

    /* U+FD75 "ﵵ" */
    0xe, 0xf, 0x1, 0xf8, 0xcc, 0x6, 0x18, 0x63,
    0x18, 0xc, 0x31, 0x8c, 0x60, 0x30, 0xce, 0x31,
    0x80, 0xc3, 0xf0, 0xc6, 0x3, 0x7, 0x83, 0x38,
    0x6, 0xe, 0x1f, 0xbf, 0xff, 0xff, 0xc0, 0x0,
    0x0, 0x3, 0x0, 0x0, 0x0, 0xc, 0x0, 0x60,
    0x0, 0x30, 0x0, 0x0, 0x0, 0xc0, 0x0, 0x0,
    0x3, 0x0, 0x0, 0x0, 0x0,

    /* U+FD76 "ﵶ" */
    0x0, 0x0, 0x1, 0xf8, 0x3c, 0xf, 0x6, 0x18,
    0xcc, 0x33, 0xc, 0x31, 0x8c, 0x63, 0x18, 0x63,
    0x18, 0xc6, 0x19, 0x86, 0x31, 0x8c, 0x3f, 0xc,
    0xe3, 0x38, 0x3c, 0x3f, 0x7f, 0xdf, 0xff, 0xc0,
    0x0, 0x0, 0x1, 0x80, 0x0, 0x0, 0x3, 0x0,
    0x0, 0x0, 0x6, 0x0, 0x0, 0x0, 0xc, 0x0,
    0x0, 0x0, 0x18, 0x0, 0x0, 0x0, 0x0,

    /* U+FD77 "ﵷ" */
    0xe, 0x3, 0xc0, 0xf8, 0x98, 0x33, 0xc, 0xc,
    0x63, 0xc, 0xc0, 0x63, 0x18, 0x66, 0x3, 0x18,
    0xc3, 0x30, 0x18, 0xc6, 0x19, 0x80, 0xce, 0x31,
    0xc6, 0x1f, 0xdf, 0xfb, 0xff,

    /* U+FD78 "ﵸ" */
    0x0, 0x0, 0x0, 0xf, 0x80, 0x0, 0x7, 0x87,
    0x18, 0x3, 0x83, 0x18, 0x43, 0x0, 0x98, 0x61,
    0x8c, 0x60, 0x21, 0xc, 0x31, 0x99, 0x86, 0x31,
    0x86, 0x1e, 0x30, 0xf3, 0x31, 0xc1, 0x86, 0x1f,
    0x3f, 0xef, 0xff, 0xc0, 0x60, 0x0, 0x0, 0x1c,
    0xc, 0x0, 0x0, 0x1, 0xfe, 0x0, 0x0, 0x0,
    0x0,

    /* U+FD79 "ﵹ" */
    0x0, 0x0, 0x0, 0x60, 0x0, 0x0, 0x0, 0x0,
    0x0, 0x0, 0x0, 0x0, 0x0, 0x0, 0x0, 0x0,
    0x0, 0x0, 0x1f, 0x83, 0xc0, 0xf0, 0x61, 0x8c,
    0xc3, 0x30, 0xc3, 0x18, 0xc6, 0x31, 0x86, 0x31,
    0x8c, 0x61, 0x98, 0x63, 0x18, 0xc3, 0xe0, 0xce,
    0x33, 0x83, 0x83, 0xf7, 0xfd, 0xff, 0xfc, 0x0,
    0x0, 0x0, 0x18, 0x0, 0x0, 0x0, 0x30, 0x0,
    0x0, 0x0, 0x60, 0x0, 0x0, 0x0, 0xc0, 0x0,
    0x0, 0x1, 0x80, 0x0, 0x0, 0x0,

    /* U+FD7A "ﵺ" */
    0x0, 0x0, 0x0, 0x6, 0x0, 0x0, 0x0, 0x0,
    0x0, 0x0, 0x0, 0x0, 0x0, 0x0, 0x0, 0x0,
    0x0, 0x0, 0x0, 0x0, 0x1, 0xf8, 0x0, 0x0,
    0x78, 0x71, 0x80, 0x38, 0x31, 0x84, 0x30, 0x9,
    0x86, 0x18, 0xc6, 0x2, 0x10, 0xc3, 0x19, 0x98,
    0x63, 0x18, 0x61, 0xe3, 0xf, 0x33, 0x1c, 0x38,
    0x60, 0xf3, 0xfe, 0xff, 0xfc, 0x6, 0x0, 0x0,
    0x1, 0xc0, 0xc0, 0x0, 0x0, 0x1f, 0xe0, 0x0,
    0x0, 0x0, 0x0, 0x0, 0x0, 0x0, 0x0, 0x0,
    0x0, 0x0, 0x0, 0x0, 0x0, 0x0, 0x0, 0x6c,
    0x0, 0x0, 0x0, 0x0,

    /* U+FD7B "ﵻ" */
    0x0, 0x0, 0x0, 0x6, 0x0, 0x0, 0x0, 0x0,
    0x0, 0x0, 0x0, 0x0, 0x0, 0x0, 0x0, 0x0,
    0x0, 0x0, 0x0, 0x0, 0x1, 0xf8, 0x0, 0x0,
    0x78, 0x71, 0x80, 0x38, 0x31, 0x84, 0x30, 0x9,
    0x86, 0x18, 0xc6, 0x2, 0x10, 0xc3, 0x19, 0x98,
    0x63, 0x18, 0x61, 0xe3, 0xf, 0x33, 0x1c, 0x38,
    0x61, 0xf3, 0xfe, 0xff, 0xfc, 0x6, 0x0, 0x0,
    0x1, 0xc0, 0xc0, 0x0, 0x0, 0x1f, 0xe0, 0x0,
    0x0, 0x0,

    /* U+FD7C "ﵼ" */
    0x0, 0x6, 0x0, 0x0, 0x0, 0x0, 0x1, 0x80,
    0x0, 0x0, 0x0, 0x0, 0x0, 0x0, 0x0, 0x0,
    0xe0, 0xf8, 0xf, 0x86, 0x60, 0x38, 0x33, 0xc,
    0x60, 0x30, 0xc6, 0x18, 0xc0, 0x61, 0x8c, 0x31,
    0x80, 0xc3, 0x18, 0x63, 0x0, 0xc6, 0x30, 0xce,
    0x1, 0x8e, 0x63, 0xf7, 0xff, 0xff, 0xfc, 0x0,
    0x0, 0x0, 0x18, 0x0, 0x0, 0x0, 0x30, 0x0,
    0x0, 0x0, 0x60, 0x0, 0x0, 0x0, 0xc0, 0x0,
    0x0, 0x1, 0x80, 0x0, 0x0, 0x0,

    /* U+FD7D "ﵽ" */
    0x0, 0x6, 0x0, 0x0, 0x0, 0x0, 0x6, 0x0,
    0x0, 0x0, 0x0, 0x0, 0x0, 0x0, 0x0, 0xe0,
    0xf8, 0xf, 0x89, 0x80, 0xc0, 0xcc, 0xc6, 0x3,
    0xc, 0x66, 0x30, 0x18, 0x63, 0x31, 0x80, 0xc3,
    0x19, 0x8c, 0x2, 0x18, 0xcc, 0xe0, 0x18, 0xe7,
    0xfd, 0xff, 0xff, 0xf0,

    /* U+FD7E "ﵾ" */
    0x0, 0x0, 0x3, 0x60, 0x0, 0x0, 0x0, 0x0,
    0x0, 0x0, 0x0, 0x0, 0x0, 0x0, 0x0, 0xf,
    0xc0, 0x70, 0x1f, 0x1, 0xc1, 0x30, 0x66, 0x1,
    0x86, 0x31, 0x8c, 0x3, 0x8c, 0x63, 0x18, 0x3,
    0x18, 0xc6, 0x30, 0xe, 0x31, 0x8c, 0x60, 0x7e,
    0x67, 0x1c, 0xc3, 0xcf, 0xfb, 0xff, 0xfe, 0x0,
    0x0, 0x0, 0x18, 0x0, 0x0, 0x0, 0x30, 0x0,
    0x0, 0x0, 0x60, 0x0, 0x0, 0x0, 0x7c, 0x0,
    0x0, 0x0,

    /* U+FD7F "ﵿ" */
    0x0, 0x0, 0x1, 0xb0, 0x0, 0x0, 0x0, 0x0,
    0x0, 0x0, 0x0, 0x0, 0x0, 0x0, 0x0, 0x0,
    0xe, 0x3, 0x80, 0xf8, 0x33, 0x4, 0xc1, 0x98,
    0x31, 0x8c, 0x63, 0x18, 0x31, 0x8c, 0x63, 0x18,
    0x31, 0x8c, 0x63, 0x18, 0x31, 0x8c, 0x63, 0x18,
    0x33, 0x8c, 0xe3, 0x98, 0x7e, 0xff, 0xbf, 0xff,
    0xc0, 0x0, 0x0, 0x0, 0xc0, 0x0, 0x0, 0x0,
    0xc0, 0x0, 0x0, 0x0, 0xc0, 0x0, 0x0, 0x0,
    0xc0, 0x0, 0x0, 0x0, 0xc0, 0x0, 0x0, 0x0,

    /* U+FD80 "ﶀ" */
    0x0, 0x0, 0x3, 0x0, 0x0, 0x0, 0xc0, 0x0,
    0x0, 0x30, 0x0, 0x0, 0xc, 0xe, 0xf, 0x83,
    0xc, 0xc2, 0x70, 0xc3, 0x18, 0xc, 0x30, 0xc6,
    0x3, 0xc, 0x31, 0x80, 0xc3, 0xc, 0x60, 0x18,
    0xc3, 0x38, 0x6, 0x31, 0xfb, 0xff, 0xff, 0xc0,
    0x0, 0x0, 0x30, 0x0, 0x0, 0xc, 0x0, 0x0,
    0x3, 0x0, 0x0, 0x0, 0xc0, 0x0, 0x0, 0x30,
    0x0, 0x0, 0x0,

    /* U+FD81 "ﶁ" */
    0x0, 0x0, 0x0, 0x30, 0x0, 0x0, 0x0, 0x60,
    0x0, 0x0, 0x0, 0xc0, 0x0, 0x0, 0x1, 0x80,
    0x0, 0xf, 0x83, 0x0, 0x0, 0x13, 0x6, 0x0,
    0x38, 0x3, 0xc, 0x0, 0x98, 0x6, 0x18, 0x2,
    0x10, 0xc, 0x31, 0x86, 0x30, 0x8, 0x63, 0xf,
    0x30, 0x18, 0xc6, 0xf, 0x3f, 0xff, 0xfc, 0x6,
    0x0, 0x0, 0x1c, 0xc, 0x0, 0x0, 0x1f, 0xe0,
    0x0, 0x0, 0x0, 0x0, 0x0, 0x0, 0x0, 0x0,
    0x0, 0x0, 0x0, 0x0, 0x0, 0x0, 0x6c, 0x0,
    0x0, 0x0,

    /* U+FD82 "ﶂ" */
    0x0, 0x0, 0x0, 0x30, 0x0, 0x0, 0x0, 0x60,
    0x0, 0x0, 0x0, 0xc0, 0x0, 0x0, 0x1, 0x80,
    0x0, 0xf, 0x83, 0x0, 0x0, 0x13, 0x6, 0x0,
    0x38, 0x3, 0xc, 0x0, 0x98, 0x6, 0x18, 0x2,
    0x10, 0xc, 0x31, 0x86, 0x30, 0x8, 0x63, 0xf,
    0x30, 0x18, 0xc6, 0x1f, 0x3f, 0xff, 0xfc, 0x6,
    0x0, 0x0, 0x1c, 0xc, 0x0, 0x0, 0x1f, 0xe0,
    0x0, 0x0, 0x0,

    /* U+FD83 "ﶃ" */
    0x0, 0x0, 0x6, 0x0, 0x0, 0xc, 0x0, 0x0,
    0x18, 0x0, 0x0, 0x37, 0xc1, 0xf0, 0x68, 0xc2,
    0x30, 0xc1, 0x80, 0x61, 0x83, 0x0, 0xc3, 0x2,
    0x0, 0x86, 0x6, 0x1, 0x8c, 0xc, 0x3, 0x1f,
    0xff, 0xff, 0xf0, 0x0, 0x0, 0x0, 0x0, 0x0,
    0x6, 0x1, 0x80, 0x0,

    /* U+FD84 "ﶄ" */
    0x0, 0x0, 0x6, 0x0, 0x0, 0x3, 0x0, 0x0,
    0x1, 0x80, 0x0, 0x0, 0xcf, 0xc3, 0xe0, 0x62,
    0x30, 0x18, 0x30, 0x18, 0xc, 0x18, 0x6, 0x2,
    0xc, 0x3, 0x1, 0x6, 0x1, 0x80, 0xc3, 0x7,
    0xe0, 0x61, 0x8f, 0xbf, 0xff, 0xfe, 0x0, 0x0,
    0x6, 0x0, 0x0, 0x3, 0x0, 0x30, 0x1, 0x86,
    0x0, 0x0, 0x70, 0x0, 0x0, 0x0,

    /* U+FD85 "ﶅ" */
    0x0, 0x6, 0x3, 0x0, 0x0, 0x0, 0xc0, 0x0,
    0x0, 0x30, 0x0, 0x0, 0xc, 0xe, 0xf, 0x83,
    0xc, 0xc2, 0x70, 0xc3, 0x18, 0xc, 0x30, 0xc6,
    0x3, 0xc, 0x31, 0x80, 0xc3, 0xc, 0x60, 0x18,
    0xc3, 0x38, 0x6, 0x31, 0xfb, 0xff, 0xff, 0xc0,
    0x0, 0x0, 0x30, 0x0, 0x0, 0xc, 0x0, 0x0,
    0x3, 0x0, 0x0, 0x0, 0xc0, 0x0, 0x0, 0x30,
    0x0, 0x0, 0x0,

    /* U+FD86 "ﶆ" */
    0x0, 0x6, 0x3, 0x0, 0x0, 0x3, 0x0, 0x0,
    0x3, 0x0, 0x0, 0x3, 0xe, 0xf, 0x83, 0x13,
    0x9, 0x83, 0x31, 0x80, 0xc3, 0x31, 0x80, 0xc3,
    0x31, 0x80, 0xc3, 0x31, 0x80, 0x43, 0x33, 0x80,
    0x63, 0xfe, 0xff, 0xff,

    /* U+FD87 "ﶇ" */
    0x0, 0x0, 0x3, 0x0, 0x0, 0x0, 0xc0, 0x0,
    0x0, 0x30, 0x0, 0x0, 0xc, 0x0, 0x0, 0x3,
    0x3f, 0x3, 0xc0, 0xc0, 0x61, 0x98, 0x30, 0x18,
    0x63, 0xc, 0x7, 0x18, 0xc3, 0x0, 0xc6, 0x30,
    0xc1, 0xf9, 0x9c, 0x31, 0xe7, 0xfd, 0xff, 0xe0,
    0x0, 0x0, 0x30, 0x0, 0x0, 0xc, 0x0, 0x0,
    0x3, 0x0, 0x0, 0x0, 0x7c, 0x0, 0x0, 0x0,

    /* U+FD88 "ﶈ" */
    0x0, 0x0, 0x3, 0x0, 0x0, 0x3, 0x0, 0x0,
    0x3, 0x0, 0x0, 0x3, 0x0, 0x0, 0x3, 0x7e,
    0x7, 0x83, 0x7, 0x18, 0xc3, 0x3, 0x18, 0x63,
    0x3, 0x18, 0x63, 0x3, 0x18, 0x63, 0x1, 0x98,
    0xe3, 0xff, 0xff, 0xbf,

    /* U+FD89 "ﶉ" */
    0x7c, 0x1f, 0x3, 0xc0, 0x60, 0x18, 0xc6, 0x6,
    0x1, 0x8c, 0x30, 0x20, 0x18, 0xc3, 0x3, 0x1,
    0x8c, 0x30, 0x30, 0xc, 0xc6, 0xff, 0xff, 0xff,
    0xc0, 0x0, 0x0, 0x0, 0x0, 0x0, 0x0, 0x1,
    0x80, 0x0, 0x0,

    /* U+FD8A "ﶊ" */
    0x1e, 0xf, 0x81, 0xf1, 0x98, 0x6, 0x19, 0xcc,
    0x60, 0x30, 0xc6, 0x63, 0x1, 0x86, 0x33, 0x18,
    0xc, 0x31, 0x99, 0xc0, 0x31, 0x9b, 0xfb, 0xff,
    0xff, 0x80,

    /* U+FD8B "ﶋ" */
    0x0, 0x0, 0xf8, 0x1f, 0x0, 0x1c, 0x1, 0x86,
    0x70, 0x4, 0xc0, 0x30, 0xc6, 0x1, 0x8, 0x6,
    0x18, 0xcc, 0x31, 0x80, 0xc3, 0x19, 0x87, 0x98,
    0xc, 0x67, 0x30, 0x79, 0xff, 0xff, 0xbe, 0x3,
    0x0, 0x0, 0x0, 0xe0, 0x60, 0x0, 0x0, 0xf,
    0xf0, 0x0, 0x0, 0x0, 0x0, 0x0, 0x0, 0x0,
    0x0, 0x0, 0x0, 0x0, 0x0, 0x0, 0x0, 0x0,
    0x0, 0x36, 0x0, 0x0, 0x0, 0x0,

    /* U+FD8C "ﶌ" */
    0x7e, 0x1f, 0x3, 0xe0, 0x70, 0x18, 0x67, 0x3,
    0x1, 0x86, 0x30, 0x30, 0x8, 0x63, 0x3, 0x0,
    0xc6, 0x30, 0x18, 0xc, 0x66, 0xff, 0xff, 0xff,
    0xc0, 0x0, 0x0, 0x0, 0x0, 0x0, 0x0, 0x0,
    0x0, 0x60, 0x0,

    /* U+FD8D "ﶍ" */
    0x1e, 0xf, 0x81, 0xf1, 0x98, 0x6, 0x19, 0xcc,
    0x60, 0x30, 0xc6, 0x63, 0x1, 0x86, 0x33, 0x18,
    0x6, 0x31, 0x99, 0xc0, 0x31, 0x9b, 0xfb, 0xff,
    0xff, 0x80, 0x0, 0x0, 0x0, 0x0, 0x0, 0x0,
    0x0, 0x0, 0x18, 0x0, 0x0,

    /* U+FD8E "ﶎ" */
    0x0, 0xc, 0x0, 0x0, 0x0, 0x0, 0x0, 0x0,
    0x0, 0x0, 0x0, 0x0, 0x0, 0x0, 0x0, 0x0,
    0x0, 0x7, 0xc1, 0xf0, 0x3c, 0x6, 0x1, 0x8c,
    0x60, 0x60, 0x18, 0xc3, 0x2, 0x1, 0x8c, 0x30,
    0x30, 0x18, 0xc3, 0x3, 0x0, 0xcc, 0x6f, 0xff,
    0xff, 0xfc, 0x0, 0x0, 0x0, 0x0, 0x0, 0x0,
    0x0, 0x18, 0x0, 0x0, 0x0,

    /* U+FD8F "ﶏ" */
    0x0, 0x6, 0x0, 0x0, 0x0, 0x0, 0x0, 0x0,
    0x0, 0x0, 0x0, 0x0, 0x0, 0x0, 0x0, 0x0,
    0x0, 0x0, 0xf, 0x7, 0xc0, 0xf8, 0xcc, 0x3,
    0xc, 0xe6, 0x30, 0x18, 0x63, 0x31, 0x80, 0xc3,
    0x19, 0x8c, 0x6, 0x18, 0xcc, 0xe0, 0x18, 0xcd,
    0xfd, 0xff, 0xff, 0xc0,

    /* U+FD92 "ﶒ" */
    0x18, 0x0, 0x0, 0x0, 0x0, 0x0, 0x0, 0x0,
    0x0, 0x0, 0x0, 0x0, 0x0, 0x0, 0x0, 0x0,
    0x0, 0x0, 0x3f, 0xf, 0x80, 0xf0, 0x1c, 0x6,
    0x18, 0xc0, 0x60, 0x30, 0xc3, 0x3, 0x0, 0x86,
    0x18, 0x18, 0x6, 0x30, 0xc0, 0x60, 0x31, 0x8d,
    0xff, 0xff, 0xff, 0xc0, 0x0, 0x0, 0x0, 0x0,
    0x0, 0x0, 0x0, 0x0, 0x18, 0x0, 0x0,

    /* U+FD93 "ﶓ" */
    0x0, 0x0, 0x3, 0xf8, 0x0, 0x0, 0x2, 0xe,
    0x0, 0x0, 0x0, 0x6, 0x7c, 0xf, 0x1, 0xe3,
    0x6, 0x19, 0x83, 0x33, 0x6, 0x18, 0xc6, 0x33,
    0x2, 0x18, 0xc6, 0x33, 0x3, 0x18, 0xc6, 0x33,
    0x3, 0x19, 0xc7, 0x33, 0xff, 0xff, 0x7f, 0xff,
    0x0, 0x0, 0x0, 0x0, 0x0, 0x0, 0x0, 0x0,
    0x18, 0x0, 0x0, 0x0,

    /* U+FD94 "ﶔ" */
    0x0, 0x0, 0x1, 0xfc, 0x0, 0x0, 0x0, 0x83,
    0x80, 0x0, 0x0, 0x0, 0xc3, 0xc0, 0x78, 0x1e,
    0x33, 0x30, 0xc6, 0x19, 0x99, 0x8c, 0x61, 0x98,
    0xcc, 0xc6, 0x30, 0xcc, 0x66, 0x63, 0x18, 0x66,
    0x33, 0x33, 0x8c, 0x73, 0x99, 0xff, 0x7f, 0xef,
    0xff, 0xc0,

    /* U+FD95 "ﶕ" */
    0x0, 0x0, 0x3, 0x0, 0x0, 0x0, 0x0, 0x0,
    0x0, 0x0, 0x0, 0x0, 0xe, 0xf, 0x83, 0x13,
    0x9, 0x83, 0x31, 0x80, 0xc3, 0x31, 0x80, 0xc3,
    0x31, 0x80, 0xc3, 0x31, 0x80, 0x63, 0x33, 0x80,
    0x63, 0xfe, 0xff, 0xff,

    /* U+FD96 "ﶖ" */
    0x0, 0x0, 0x0, 0x30, 0x0, 0x0, 0x0, 0x0,
    0x0, 0x0, 0x0, 0x0, 0x0, 0x0, 0x0, 0x0,
    0x0, 0xf, 0x83, 0x0, 0x0, 0x13, 0x6, 0x0,
    0x38, 0x3, 0xc, 0x0, 0x98, 0x6, 0x18, 0x2,
    0x10, 0xc, 0x31, 0x86, 0x30, 0x8, 0x63, 0xf,
    0x30, 0x18, 0xc6, 0x1f, 0x3f, 0xff, 0xfc, 0x6,
    0x0, 0x0, 0x1c, 0xc, 0x0, 0x0, 0x1f, 0xe0,
    0x0, 0x0, 0x0,

    /* U+FD97 "ﶗ" */
    0x0, 0x0, 0x6, 0x0, 0x0, 0x0, 0x0, 0x0,
    0x0, 0x0, 0x0, 0x0, 0x0, 0xe, 0x1f, 0x3,
    0xc, 0xc0, 0x60, 0xc3, 0x18, 0xc, 0x30, 0xc6,
    0x3, 0xc, 0x31, 0x80, 0xc3, 0xc, 0x60, 0x30,
    0xc3, 0x38, 0x6, 0x31, 0xfb, 0xff, 0xff, 0xc0,
    0x0, 0x0, 0x30, 0x0, 0x0, 0xc, 0x0, 0x60,
    0x3, 0x0, 0x0, 0x0, 0xc0, 0x0, 0x0, 0x30,
    0x0, 0x0, 0x0,

    /* U+FD98 "ﶘ" */
    0x0, 0x0, 0x3, 0x0, 0x0, 0x0, 0x0, 0x0,
    0x0, 0x0, 0x0, 0x0, 0xe, 0xf, 0x83, 0x13,
    0x8, 0xc3, 0x31, 0x80, 0xc3, 0x31, 0x80, 0xc3,
    0x31, 0x80, 0x43, 0x31, 0x80, 0x63, 0x33, 0x80,
    0x63, 0xfe, 0xff, 0xff, 0x0, 0x0, 0x0, 0x0,
    0x0, 0x0, 0x0, 0x3, 0x0,

    /* U+FD99 "ﶙ" */
    0x0, 0x0, 0x0, 0x30, 0x0, 0x0, 0x0, 0x0,
    0x0, 0x0, 0x0, 0x0, 0x0, 0x0, 0x0, 0x0,
    0x0, 0xf, 0x83, 0x0, 0x0, 0x11, 0x86, 0x0,
    0x38, 0x3, 0xc, 0x0, 0x98, 0x6, 0x18, 0x2,
    0x10, 0x4, 0x31, 0x86, 0x30, 0xc, 0x63, 0xf,
    0x30, 0x18, 0xc6, 0x1f, 0x3f, 0xff, 0xfc, 0x6,
    0x0, 0x0, 0x1c, 0xc, 0x0, 0x0, 0x1f, 0xe0,
    0xc, 0x0, 0x0,

    /* U+FD9A "ﶚ" */
    0x0, 0x0, 0x0, 0x30, 0x0, 0x0, 0x0, 0x0,
    0x0, 0x0, 0x0, 0x0, 0x0, 0x0, 0x0, 0x0,
    0x0, 0x3, 0xc1, 0x80, 0x0, 0xc, 0xc3, 0x0,
    0x38, 0x30, 0xc6, 0x0, 0x98, 0x61, 0x8c, 0x2,
    0x10, 0xc3, 0x19, 0x86, 0x31, 0x86, 0x33, 0xf,
    0x33, 0x1c, 0x66, 0xf, 0x3f, 0xef, 0xfc, 0x6,
    0x0, 0x0, 0x1c, 0xc, 0x0, 0x0, 0x1f, 0xe0,
    0x0, 0x0, 0x0, 0x0, 0x0, 0x0, 0x0, 0x0,
    0x0, 0x0, 0x0, 0x0, 0x0, 0x0, 0x6c, 0x0,
    0x0, 0x0,

    /* U+FD9B "ﶛ" */
    0x0, 0x0, 0x0, 0x30, 0x0, 0x0, 0x0, 0x0,
    0x0, 0x0, 0x0, 0x0, 0x0, 0x0, 0x0, 0x0,
    0x0, 0x3, 0xc1, 0x80, 0x0, 0xc, 0xc3, 0x0,
    0x38, 0x30, 0xc6, 0x0, 0x98, 0x61, 0x8c, 0x2,
    0x10, 0xc3, 0x19, 0x86, 0x31, 0x86, 0x33, 0xf,
    0x33, 0x1c, 0x66, 0x1f, 0x3f, 0xef, 0xfc, 0x6,
    0x0, 0x0, 0x1c, 0xc, 0x0, 0x0, 0x1f, 0xe0,
    0x0, 0x0, 0x0,

    /* U+FD9C "ﶜ" */
    0xe, 0x3, 0x81, 0x83, 0x30, 0x4c, 0x18, 0x31,
    0x8c, 0x61, 0x83, 0x18, 0xc6, 0x18, 0x31, 0x8c,
    0x61, 0x83, 0x18, 0xc6, 0x18, 0x33, 0x8c, 0xe1,
    0x87, 0xef, 0xfb, 0xff, 0xc0, 0x0, 0x0, 0xc,
    0x0, 0x0, 0x0, 0xc0, 0x0, 0x6, 0xcc, 0x0,
    0x0, 0x0, 0xc0, 0x0, 0x0, 0xc, 0x0, 0x0,
    0x0,

    /* U+FD9D "ﶝ" */
    0xe, 0x3, 0xc0, 0xc4, 0xc1, 0x98, 0x33, 0x18,
    0xc3, 0xc, 0xc6, 0x30, 0xc3, 0x31, 0x8c, 0x30,
    0xcc, 0x63, 0xc, 0x33, 0x38, 0xc7, 0xf, 0xfb,
    0xff, 0x7f, 0x0, 0x0, 0x0, 0x0, 0x0, 0x0,
    0x0, 0x0, 0x0, 0x3c,

    /* U+FD9E "ﶞ" */
    0x0, 0x0, 0x60, 0x0, 0x0, 0x0, 0x0, 0x0,
    0x0, 0x0, 0x0, 0x0, 0x0, 0x0, 0x0, 0x0,
    0x0, 0xf, 0x83, 0x0, 0x0, 0x13, 0x6, 0x0,
    0x38, 0x3, 0xc, 0x0, 0x98, 0x6, 0x18, 0x2,
    0x10, 0xc, 0x31, 0x86, 0x30, 0x8, 0x63, 0xf,
    0x30, 0x18, 0xc6, 0xf, 0x3f, 0xff, 0xfc, 0x6,
    0x0, 0x0, 0x1c, 0xc, 0x0, 0x0, 0x1f, 0xe0,
    0x0, 0xc, 0x0, 0x0, 0x0, 0x0, 0x0, 0x0,
    0x0, 0x0, 0x0, 0x0, 0x0, 0x0, 0x6c, 0x0,
    0x0, 0x0,

    /* U+FD9F "ﶟ" */
    0x0, 0x0, 0x0, 0x6c, 0x0, 0x0, 0x0, 0x0,
    0x0, 0x0, 0x0, 0x0, 0x0, 0x0, 0x0, 0x0,
    0x0, 0x0, 0xf8, 0x18, 0x0, 0x0, 0x8c, 0x18,
    0x0, 0xe0, 0xc, 0x18, 0x1, 0x30, 0xc, 0x18,
    0x2, 0x10, 0x4, 0x18, 0xc3, 0x18, 0x6, 0x18,
    0xc3, 0xcc, 0x6, 0x18, 0xc1, 0xe7, 0xff, 0xff,
    0xc0, 0x60, 0x0, 0x0, 0xe0, 0x60, 0x0, 0x0,
    0x7f, 0x80, 0x30, 0x0, 0x0, 0x0, 0x0, 0x0,
    0x0, 0x0, 0x0, 0x0, 0x0, 0x0, 0x0, 0x0,
    0x1b, 0x0, 0x0, 0x0,

    /* U+FDA0 "ﶠ" */
    0x0, 0x0, 0x0, 0x6c, 0x0, 0x0, 0x0, 0x0,
    0x0, 0x0, 0x0, 0x0, 0x0, 0x0, 0x0, 0x0,
    0x0, 0x0, 0xf8, 0x18, 0x0, 0x0, 0x8c, 0x18,
    0x0, 0xe0, 0xc, 0x18, 0x1, 0x30, 0xc, 0x18,
    0x2, 0x10, 0x4, 0x18, 0xc3, 0x18, 0x6, 0x18,
    0xc3, 0xcc, 0x6, 0x18, 0xc3, 0xe7, 0xff, 0xff,
    0xc0, 0x60, 0x0, 0x0, 0xe0, 0x60, 0x0, 0x0,
    0x7f, 0x80, 0x30, 0x0,

    /* U+FDA1 "ﶡ" */
    0x0, 0x0, 0x60, 0x6c, 0x0, 0x0, 0x0, 0x0,
    0x0, 0x0, 0x0, 0x0, 0x0, 0x0, 0x0, 0x0,
    0x0, 0x0, 0xf8, 0x18, 0x0, 0x0, 0x98, 0x18,
    0x0, 0xe0, 0xc, 0x18, 0x1, 0x30, 0xc, 0x18,
    0x2, 0x10, 0xc, 0x18, 0xc3, 0x18, 0x4, 0x18,
    0xc3, 0xcc, 0x6, 0x18, 0xc1, 0xe7, 0xff, 0xff,
    0xc0, 0x60, 0x0, 0x0, 0xe0, 0x60, 0x0, 0x0,
    0x7f, 0x80, 0x0, 0x0, 0x0, 0x0, 0x0, 0x0,
    0x0, 0x0, 0x0, 0x0, 0x0, 0x0, 0x0, 0x0,
    0x1b, 0x0, 0x0, 0x0,

    /* U+FDA2 "ﶢ" */
    0x0, 0x0, 0x60, 0x6c, 0x0, 0x0, 0x0, 0x0,
    0x0, 0x0, 0x0, 0x0, 0x0, 0x0, 0x0, 0x0,
    0x0, 0x0, 0xf8, 0x18, 0x0, 0x0, 0x98, 0x18,
    0x0, 0xe0, 0xc, 0x18, 0x1, 0x30, 0xc, 0x18,
    0x2, 0x10, 0xc, 0x18, 0xc3, 0x18, 0x4, 0x18,
    0xc3, 0xcc, 0x6, 0x18, 0xc3, 0xe7, 0xff, 0xff,
    0xc0, 0x60, 0x0, 0x0, 0xe0, 0x60, 0x0, 0x0,
    0x7f, 0x80, 0x0, 0x0,

    /* U+FDA3 "ﶣ" */
    0x0, 0x0, 0x0, 0x3c, 0x0, 0x0, 0x0, 0x0,
    0x0, 0x0, 0x0, 0x0, 0x0, 0x0, 0x0, 0x0,
    0x0, 0x0, 0x3c, 0x18, 0x0, 0x0, 0x66, 0x18,
    0x0, 0xe0, 0xc3, 0x18, 0x1, 0x30, 0xc3, 0x18,
    0x2, 0x10, 0xc3, 0x18, 0xc3, 0x18, 0xc3, 0x18,
    0xc3, 0xcc, 0xc7, 0x18, 0xc1, 0xe7, 0xfd, 0xff,
    0xc0, 0x60, 0x0, 0x0, 0xe0, 0x60, 0x0, 0x0,
    0x7f, 0x80, 0x0, 0x0, 0x0, 0x0, 0x0, 0x0,
    0x0, 0x0, 0x0, 0x0, 0x0, 0x0, 0x0, 0x0,
    0x1b, 0x0, 0x0, 0x0,

    /* U+FDA4 "ﶤ" */
    0x0, 0x0, 0x0, 0x3c, 0x0, 0x0, 0x0, 0x0,
    0x0, 0x0, 0x0, 0x0, 0x0, 0x0, 0x0, 0x0,
    0x0, 0x0, 0x3c, 0x18, 0x0, 0x0, 0x66, 0x18,
    0x0, 0xe0, 0xc3, 0x18, 0x1, 0x30, 0xc3, 0x18,
    0x2, 0x10, 0xc3, 0x18, 0xc3, 0x18, 0xc3, 0x18,
    0xc3, 0xcc, 0xc7, 0x18, 0xc3, 0xe7, 0xfd, 0xff,
    0xc0, 0x60, 0x0, 0x0, 0xe0, 0x60, 0x0, 0x0,
    0x7f, 0x80, 0x0, 0x0,

    /* U+FDA5 "ﶥ" */
    0x0, 0x0, 0x3c, 0x3e, 0x0, 0x0, 0xc, 0xc2,
    0x60, 0x3, 0x83, 0xc, 0xc, 0x0, 0x98, 0x61,
    0x80, 0x80, 0x21, 0xc, 0x30, 0x19, 0x86, 0x31,
    0x86, 0x3, 0x30, 0xf3, 0x31, 0xc0, 0x66, 0xf,
    0x3f, 0xef, 0xff, 0xc0, 0x60, 0x0, 0x0, 0x1c,
    0xc, 0x0, 0x0, 0x1, 0xfe, 0x0, 0x0, 0x30,
    0x0, 0x0, 0x0, 0x0, 0x0, 0x0, 0x0, 0x0,
    0x0, 0x0, 0x0, 0x0, 0x0, 0x6, 0xc0, 0x0,
    0x0, 0x0,

    /* U+FDA6 "ﶦ" */
    0x0, 0x0, 0xf8, 0xfc, 0x0, 0x0, 0x4c, 0x27,
    0x0, 0x38, 0x3, 0x1, 0x80, 0x26, 0x1, 0x80,
    0xe0, 0x21, 0x0, 0xc0, 0x76, 0x18, 0xc0, 0x20,
    0x3b, 0xf, 0x30, 0x18, 0xf, 0x87, 0xcf, 0xff,
    0xff, 0xc0, 0x60, 0x0, 0x0, 0x70, 0x30, 0x0,
    0x0, 0x1f, 0xe0, 0x0, 0xc, 0x0,

    /* U+FDA7 "ﶧ" */
    0x0, 0x0, 0x3c, 0x3e, 0x0, 0x0, 0xc, 0xc2,
    0x60, 0x3, 0x83, 0xc, 0xc, 0x0, 0x98, 0x61,
    0x80, 0x80, 0x21, 0xc, 0x30, 0x19, 0x86, 0x31,
    0x86, 0x3, 0x30, 0xf3, 0x31, 0xc0, 0x66, 0x1f,
    0x3f, 0xef, 0xff, 0xc0, 0x60, 0x0, 0x0, 0x1c,
    0xc, 0x0, 0x0, 0x1, 0xfe, 0x0, 0x0, 0x30,
    0x0,

    /* U+FDA8 "ﶨ" */
    0x0, 0x0, 0x60, 0x0, 0x0, 0x0, 0x0, 0x0,
    0x0, 0x0, 0x0, 0x0, 0x0, 0x0, 0x0, 0x0,
    0x0, 0x0, 0x0, 0x0, 0x0, 0x0, 0xf, 0x80,
    0x0, 0xc0, 0x0, 0x4, 0xc1, 0x8c, 0x60, 0x3,
    0x80, 0x30, 0xc6, 0x30, 0x2, 0x60, 0x18, 0x63,
    0x18, 0x2, 0x10, 0xc, 0x31, 0x8c, 0x61, 0x8c,
    0x2, 0x18, 0xc6, 0x30, 0xf3, 0x1, 0x8c, 0x73,
    0x18, 0x7c, 0xff, 0xff, 0xef, 0xfc, 0x6, 0x0,
    0x0, 0x0, 0x7, 0x3, 0x0, 0x0, 0x0, 0x1,
    0xfe, 0x0, 0x0, 0x0, 0x0,

    /* U+FDA9 "ﶩ" */
    0x0, 0x0, 0xf8, 0x33, 0xc0, 0x0, 0x1, 0x30,
    0x68, 0xc0, 0x3, 0x80, 0x30, 0xe0, 0xc0, 0x9,
    0x80, 0x61, 0xc1, 0x80, 0x21, 0x0, 0xc3, 0x3,
    0x18, 0x63, 0x0, 0x86, 0x6, 0x30, 0xf3, 0x1,
    0x8c, 0xc, 0x60, 0xf3, 0xff, 0xff, 0xff, 0xc0,
    0x60, 0x0, 0x0, 0x1, 0xc0, 0xc0, 0x0, 0x0,
    0x1, 0xfe, 0x0, 0x0, 0x0, 0x0, 0x0, 0x0,
    0x0, 0x0, 0x0, 0x0, 0x0, 0x0, 0x0, 0x0,
    0x0, 0x0, 0x0, 0x0, 0x6, 0xc0, 0x0, 0x0,
    0x0, 0x0,

    /* U+FDAA "ﶪ" */
    0x0, 0x0, 0x0, 0x1, 0x80, 0x0, 0x0, 0x0,
    0x0, 0x0, 0x0, 0x0, 0x0, 0x0, 0xd8, 0x0,
    0x0, 0x0, 0x0, 0x0, 0x0, 0x0, 0xf, 0x80,
    0x0, 0xc0, 0x0, 0x4, 0xc1, 0x8c, 0x60, 0x3,
    0x80, 0x30, 0xc6, 0x30, 0x2, 0x60, 0x18, 0x63,
    0x18, 0x2, 0x10, 0xc, 0x31, 0x8c, 0x61, 0x8c,
    0x2, 0x18, 0xc6, 0x30, 0xf3, 0x1, 0x8c, 0x73,
    0x18, 0x3c, 0xff, 0xff, 0xff, 0xfc, 0x6, 0x0,
    0x0, 0x0, 0x7, 0x3, 0x0, 0x0, 0x0, 0x1,
    0xfe, 0x0, 0x0, 0x0, 0x0, 0x0, 0x0, 0x0,
    0x0, 0x0, 0x0, 0x0, 0x0, 0x0, 0x0, 0x0,
    0x0, 0x0, 0x0, 0x0, 0x6, 0xc0, 0x0, 0x0,
    0x0, 0x0,

    /* U+FDAB "ﶫ" */
    0x0, 0x0, 0x0, 0x3, 0x0, 0x0, 0x0, 0x0,
    0x0, 0x0, 0x0, 0x0, 0x0, 0x0, 0x0, 0x0,
    0x0, 0x0, 0x0, 0x0, 0x0, 0xf, 0x83, 0x3c,
    0x0, 0x0, 0x13, 0x6, 0x8c, 0x0, 0x38, 0x3,
    0xe, 0xc, 0x0, 0x98, 0x6, 0x1c, 0x18, 0x2,
    0x10, 0xc, 0x30, 0x31, 0x86, 0x30, 0x8, 0x60,
    0x63, 0xf, 0x30, 0x18, 0xc0, 0xc6, 0xf, 0x3f,
    0xff, 0xff, 0xfc, 0x6, 0x0, 0x0, 0x0, 0x1c,
    0xc, 0x0, 0x0, 0x0, 0x1f, 0xe0, 0x0, 0x0,
    0x0, 0x0, 0x0, 0x0, 0x0, 0x0, 0x0, 0x0,
    0x0, 0x0, 0x0, 0x0, 0x0, 0x0, 0x0, 0x0,
    0x6c, 0x0, 0x0, 0x0, 0x0,

    /* U+FDAC "ﶬ" */
    0x0, 0x0, 0x0, 0x30, 0x0, 0x0, 0x0, 0x60,
    0x0, 0x0, 0x0, 0xc0, 0x0, 0x0, 0x1, 0x80,
    0x0, 0xf, 0x83, 0x0, 0x0, 0x11, 0x86, 0x0,
    0x38, 0x3, 0xc, 0x0, 0x98, 0x6, 0x18, 0x2,
    0x10, 0x4, 0x31, 0x86, 0x30, 0xc, 0x63, 0xf,
    0x30, 0x18, 0xc6, 0xf, 0x3f, 0xff, 0xfc, 0x6,
    0x0, 0x0, 0x1c, 0xc, 0x0, 0x0, 0x1f, 0xe0,
    0xc, 0x0, 0x0, 0x0, 0x0, 0x0, 0x0, 0x0,
    0x0, 0x0, 0x0, 0x0, 0x0, 0x0, 0x6c, 0x0,
    0x0, 0x0,

    /* U+FDAD "ﶭ" */
    0x0, 0x0, 0x0, 0x18, 0x0, 0x0, 0x0, 0x30,
    0x0, 0x0, 0x0, 0x60, 0x0, 0x0, 0x0, 0xc0,
    0x0, 0x0, 0x1, 0x80, 0x0, 0x7, 0x83, 0x0,
    0x38, 0x31, 0x86, 0x0, 0x98, 0x61, 0x8c, 0x2,
    0x10, 0xc3, 0x19, 0x86, 0x31, 0x86, 0x33, 0xf,
    0x33, 0x1c, 0x66, 0xf, 0x3f, 0xef, 0xfc, 0x6,
    0x0, 0x0, 0x1c, 0xc, 0x0, 0x0, 0x1f, 0xe0,
    0x0, 0x0, 0x0, 0x0, 0x0, 0x0, 0x0, 0x0,
    0x0, 0x0, 0x0, 0x0, 0x0, 0x0, 0x6c, 0x0,
    0x0, 0x0,

    /* U+FDAE "ﶮ" */
    0x0, 0x0, 0xf8, 0x18, 0x0, 0x0, 0x98, 0x18,
    0x0, 0xe0, 0xc, 0x18, 0x1, 0x30, 0xc, 0x18,
    0x2, 0x10, 0xc, 0x18, 0xc3, 0x18, 0x4, 0x18,
    0xc3, 0xcc, 0x6, 0x18, 0xc1, 0xe7, 0xff, 0xff,
    0xc0, 0x60, 0x0, 0x0, 0xe0, 0x60, 0x0, 0x0,
    0x7f, 0x80, 0x0, 0x6c, 0x0, 0x0, 0x0, 0x0,
    0x0, 0x0, 0x0, 0x0, 0x0, 0x0, 0x0, 0x0,
    0x1b, 0x0, 0x0, 0x0,

    /* U+FDAF "ﶯ" */
    0x0, 0x0, 0xf8, 0x18, 0x0, 0x0, 0x8c, 0x18,
    0x0, 0xe0, 0xc, 0x18, 0x1, 0x30, 0xc, 0x18,
    0x2, 0x10, 0x4, 0x18, 0xc3, 0x18, 0x6, 0x18,
    0xc3, 0xcc, 0x6, 0x18, 0xc1, 0xe7, 0xff, 0xff,
    0xc0, 0x60, 0x0, 0x0, 0xe0, 0x60, 0x0, 0x0,
    0x7f, 0x80, 0x30, 0x6c, 0x0, 0x0, 0x0, 0x0,
    0x0, 0x0, 0x0, 0x0, 0x0, 0x0, 0x0, 0x0,
    0x1b, 0x0, 0x0, 0x0,

    /* U+FDB0 "ﶰ" */
    0x0, 0x0, 0x3c, 0x18, 0x0, 0x0, 0x66, 0x18,
    0x0, 0xe0, 0xc3, 0x18, 0x1, 0x30, 0xc3, 0x18,
    0x2, 0x10, 0xc3, 0x18, 0xc3, 0x18, 0xc3, 0x18,
    0xc3, 0xcc, 0xc7, 0x18, 0xc1, 0xe7, 0xfd, 0xff,
    0xc0, 0x60, 0x0, 0x0, 0xe0, 0x60, 0x0, 0x0,
    0x7f, 0x80, 0x0, 0x36, 0x0, 0x0, 0x0, 0x0,
    0x0, 0x0, 0x0, 0x0, 0x0, 0x0, 0x0, 0x0,
    0x1b, 0x0, 0x0, 0x0,

    /* U+FDB1 "ﶱ" */
    0x0, 0x0, 0x3c, 0xf, 0x0, 0xe, 0xc, 0x63,
    0x18, 0x1, 0x30, 0xc3, 0x30, 0xc0, 0x21, 0xc,
    0x33, 0xc, 0xc3, 0x18, 0xc3, 0x30, 0xcc, 0x3c,
    0xcc, 0x73, 0x1c, 0xc1, 0xe7, 0xfd, 0xff, 0x7c,
    0x6, 0x0, 0x0, 0x0, 0xe0, 0x60, 0x0, 0x0,
    0x7, 0xf8, 0x0, 0x0, 0x0, 0x0, 0x0, 0x0,
    0x0, 0x0, 0x0, 0x0, 0x0, 0x0, 0x0, 0x0,
    0x0, 0x0, 0x1, 0xb0, 0x0, 0x0, 0x0,

    /* U+FDB2 "ﶲ" */
    0x0, 0x0, 0x0, 0xf, 0x0, 0x0, 0x0, 0x0,
    0x0, 0x0, 0x0, 0x0, 0x0, 0x0, 0x0, 0x0,
    0x0, 0x0, 0x0, 0x0, 0x3c, 0x7, 0xc0, 0x0,
    0x6, 0x60, 0xcc, 0x0, 0xe0, 0xc3, 0x18, 0xc0,
    0x13, 0xc, 0x31, 0x8c, 0x2, 0x10, 0xc3, 0x18,
    0xcc, 0x31, 0x8c, 0x31, 0x8c, 0xc3, 0xcc, 0xc7,
    0x1c, 0xcc, 0x1e, 0x7f, 0xdf, 0xff, 0xc0, 0x60,
    0x0, 0x0, 0xe, 0x6, 0x0, 0x0, 0x0, 0x7f,
    0x80, 0x0, 0x0, 0x0, 0x0, 0x0, 0x0, 0x0,
    0x0, 0x0, 0x0, 0x0, 0x0, 0x0, 0x0, 0x0,
    0x0, 0x1b, 0x0, 0x0, 0x0, 0x0,

    /* U+FDB3 "ﶳ" */
    0x0, 0x0, 0x0, 0x30, 0x0, 0x0, 0x0, 0x0,
    0x0, 0x0, 0x0, 0x0, 0x0, 0x0, 0x0, 0x0,
    0x0, 0xf, 0x83, 0x0, 0x0, 0x13, 0x6, 0x0,
    0x38, 0x3, 0xc, 0x0, 0x98, 0x6, 0x18, 0x2,
    0x10, 0xc, 0x31, 0x86, 0x30, 0x8, 0x63, 0xf,
    0x30, 0x18, 0xc6, 0xf, 0x3f, 0xff, 0xfc, 0x6,
    0x0, 0x0, 0x1c, 0xc, 0x0, 0x0, 0x1f, 0xe0,
    0x0, 0x0, 0x0, 0x0, 0x0, 0x0, 0x0, 0x0,
    0x0, 0x0, 0x0, 0x0, 0x0, 0x0, 0x6c, 0x0,
    0x0, 0x0,

    /* U+FDB4 "ﶴ" */
    0x0, 0x0, 0x1, 0xb0, 0x0, 0x0, 0x0, 0x0,
    0x0, 0x0, 0x0, 0x0, 0x0, 0x0, 0x7, 0xe0,
    0x78, 0xf, 0x83, 0x6, 0x60, 0xcc, 0xc, 0x61,
    0x8c, 0x60, 0x63, 0xc, 0x63, 0x3, 0x18, 0x63,
    0x18, 0x18, 0xc3, 0x18, 0xc0, 0x66, 0x38, 0xe7,
    0xff, 0xff, 0x7f, 0xf0,

    /* U+FDB5 "ﶵ" */
    0x0, 0x0, 0x3, 0x0, 0x0, 0x3, 0x0, 0x0,
    0x3, 0x0, 0x0, 0x3, 0xe, 0xf, 0x83, 0x13,
    0x9, 0x83, 0x31, 0x80, 0xc3, 0x31, 0x80, 0xc3,
    0x31, 0x80, 0xc3, 0x31, 0x80, 0x63, 0x33, 0x80,
    0x63, 0xfe, 0xff, 0xff,

    /* U+FDB6 "ﶶ" */
    0x0, 0x0, 0x0, 0xf, 0x80, 0x0, 0x7, 0x87,
    0x18, 0x3, 0x83, 0x18, 0x43, 0x0, 0x98, 0x61,
    0x8c, 0x60, 0x21, 0xc, 0x31, 0x99, 0x86, 0x31,
    0x86, 0x1e, 0x30, 0xf3, 0x31, 0xc1, 0x86, 0xf,
    0x3f, 0xef, 0xff, 0xc0, 0x60, 0x0, 0x0, 0x1c,
    0xc, 0x0, 0x0, 0x1, 0xfe, 0x0, 0x0, 0x0,
    0x0, 0x0, 0x0, 0x0, 0x0, 0x0, 0x0, 0x0,
    0x0, 0x0, 0x0, 0x0, 0x0, 0x6, 0xc0, 0x0,
    0x0, 0x0,

    /* U+FDB7 "ﶷ" */
    0x0, 0x0, 0x0, 0x3, 0x0, 0x0, 0x0, 0x0,
    0x70, 0x0, 0x0, 0x0, 0xe, 0x0, 0x0, 0x0,
    0x1, 0x80, 0x0, 0x0, 0x0, 0x18, 0x0, 0x0,
    0x0, 0x1, 0xe0, 0x0, 0x0, 0x3c, 0x3, 0x0,
    0xe, 0xc, 0x60, 0x18, 0x1, 0x30, 0xc3, 0x1,
    0x80, 0x21, 0xc, 0x30, 0x18, 0xc3, 0x18, 0xc3,
    0x1, 0x8c, 0x3c, 0xcc, 0x70, 0x18, 0xc1, 0xe7,
    0xfd, 0xff, 0xfc, 0x6, 0x0, 0x0, 0x0, 0xe0,
    0x60, 0x0, 0x0, 0x7, 0xf8, 0x0, 0x0, 0x0,
    0x0, 0x0, 0x0, 0x0, 0x0, 0x0, 0x0, 0x0,
    0x0, 0x0, 0x0, 0x0, 0x0, 0x1, 0xb0, 0x0,
    0x0, 0x0,

    /* U+FDB8 "ﶸ" */
    0x0, 0x0, 0x6, 0x0, 0x0, 0x0, 0x0, 0x0,
    0x0, 0x0, 0x0, 0x0, 0x7e, 0x1f, 0x3, 0x26,
    0x1, 0x83, 0x3, 0x1, 0x83, 0x3, 0x0, 0x83,
    0x3, 0x0, 0x83, 0x3, 0x0, 0xc3, 0x1, 0x80,
    0xc3, 0xff, 0xff, 0xff, 0x0, 0x0, 0x0, 0x0,
    0x0, 0x0, 0x0, 0x6, 0x0,

    /* U+FDB9 "ﶹ" */
    0x0, 0x0, 0x60, 0x0, 0x0, 0x0, 0x0, 0x0,
    0x0, 0x0, 0x0, 0x0, 0x0, 0x0, 0x0, 0x0,
    0x0, 0x0, 0x0, 0x0, 0x0, 0x0, 0x0, 0x1,
    0xf0, 0x3e, 0x0, 0x38, 0x3, 0xc, 0xe0, 0x9,
    0x80, 0x61, 0x8c, 0x2, 0x10, 0xc, 0x31, 0x98,
    0x63, 0x1, 0x86, 0x33, 0xf, 0x30, 0x18, 0xce,
    0x60, 0xf3, 0xff, 0xff, 0x7c, 0x6, 0x0, 0x0,
    0x1, 0xc0, 0xc0, 0x0, 0x0, 0x1f, 0xe0, 0x0,
    0x0, 0x0, 0x0, 0x0, 0x0, 0x0, 0x0, 0x0,
    0x0, 0x0, 0x0, 0x0, 0x0, 0x0, 0x0, 0x6c,
    0x0, 0x0, 0x0, 0x0,

    /* U+FDBA "ﶺ" */
    0x0, 0x0, 0x3, 0x0, 0x0, 0x3, 0x0, 0x0,
    0x3, 0x0, 0x0, 0x3, 0xe, 0xf, 0x83, 0x13,
    0x8, 0xc3, 0x31, 0x80, 0xc3, 0x31, 0x80, 0xc3,
    0x31, 0x80, 0x43, 0x31, 0x80, 0x63, 0x33, 0x80,
    0x63, 0xfe, 0xff, 0xff, 0x0, 0x0, 0x0, 0x0,
    0x0, 0x0, 0x0, 0x3, 0x0,

    /* U+FDBB "ﶻ" */
    0x0, 0x0, 0x0, 0x30, 0x0, 0x0, 0x0, 0xe0,
    0x0, 0x0, 0x3, 0x80, 0x0, 0x0, 0xc, 0x0,
    0x0, 0x0, 0x30, 0x0, 0x0, 0x0, 0x7c, 0x7,
    0x81, 0xe0, 0xc, 0x19, 0x86, 0x60, 0xc, 0x31,
    0x8c, 0x60, 0x18, 0x63, 0x18, 0xc0, 0x30, 0xc6,
    0x31, 0x80, 0x61, 0x9c, 0x67, 0x0, 0xc7, 0xef,
    0xfb, 0xff, 0xf8, 0x0, 0x0, 0x0, 0x30, 0x0,
    0x0, 0x0, 0x60, 0x0, 0x0, 0x0, 0xc0, 0x0,
    0x0, 0x1, 0x80, 0x0, 0x0, 0x3, 0x0, 0x0,
    0x0, 0x0,

    /* U+FDBC "ﶼ" */
    0x0, 0x0, 0x3, 0x0, 0x0, 0x0, 0xc0, 0x0,
    0x0, 0x30, 0x0, 0x0, 0xc, 0xe, 0x1f, 0x3,
    0xc, 0xc0, 0x60, 0xc3, 0x18, 0xc, 0x30, 0xc6,
    0x3, 0xc, 0x31, 0x80, 0xc3, 0xc, 0x60, 0x30,
    0xc3, 0x38, 0x6, 0x31, 0xfb, 0xff, 0xff, 0xc0,
    0x0, 0x0, 0x30, 0x0, 0x0, 0xc, 0x0, 0x60,
    0x3, 0x0, 0x0, 0x0, 0xc0, 0x0, 0x0, 0x30,
    0x0, 0x0, 0x0,

    /* U+FDBD "ﶽ" */
    0x0, 0x0, 0xc, 0x0, 0x0, 0x0, 0x0, 0x0,
    0x0, 0x0, 0x0, 0x0, 0xf, 0xc3, 0xe0, 0x62,
    0x70, 0x18, 0x30, 0x18, 0xc, 0x18, 0xe, 0x2,
    0xc, 0x3, 0x1, 0x6, 0x3, 0x80, 0xc3, 0x7,
    0xe0, 0x61, 0x8f, 0x3f, 0xff, 0xfe, 0x0, 0x0,
    0x6, 0x0, 0x0, 0x3, 0x0, 0x30, 0x1, 0x80,
    0x0, 0x0, 0x7c, 0x0, 0x0, 0x0,

    /* U+FDBE "ﶾ" */
    0x0, 0x0, 0xf8, 0x7c, 0x0, 0x0, 0x26, 0x9,
    0x80, 0xe, 0x0, 0xc0, 0x30, 0x4, 0xc0, 0x30,
    0xc, 0x2, 0x10, 0xc, 0x3, 0x30, 0xc6, 0x1,
    0x0, 0xcc, 0x3c, 0xc0, 0x60, 0x3b, 0x7, 0x9f,
    0xff, 0xff, 0xc0, 0x60, 0x0, 0x0, 0x38, 0x18,
    0x0, 0x0, 0x7, 0xf8, 0x0, 0x1, 0x80, 0x0,
    0x0, 0x0, 0x0, 0x0, 0x0, 0x0, 0x0, 0x0,
    0x0, 0x0, 0x0, 0x1, 0xb0, 0x0, 0x0, 0x0,

    /* U+FDBF "ﶿ" */
    0x0, 0x0, 0xf8, 0x3c, 0x0, 0x0, 0x23, 0x9,
    0x80, 0xe, 0x0, 0xc0, 0x30, 0x4, 0xc0, 0x30,
    0xc, 0x2, 0x10, 0x4, 0x3, 0x30, 0xc6, 0x1,
    0x80, 0xcc, 0x3c, 0xc0, 0x60, 0x1b, 0x7, 0x9f,
    0xff, 0xff, 0xc0, 0x60, 0x0, 0x0, 0x38, 0x18,
    0x0, 0x0, 0x7, 0xf8, 0x3, 0x0, 0x0, 0x0,
    0x0, 0x0, 0x0, 0x0, 0x0, 0x0, 0x0, 0x0,
    0x0, 0x0, 0x0, 0x1, 0xb0, 0x0, 0x0, 0x0,

    /* U+FDC0 "ﷀ" */
    0x0, 0x0, 0xf8, 0x1f, 0x0, 0x1c, 0x1, 0x86,
    0x70, 0x4, 0xc0, 0x30, 0xc6, 0x1, 0x8, 0x6,
    0x18, 0xcc, 0x31, 0x80, 0x63, 0x19, 0x87, 0x98,
    0xc, 0x67, 0x30, 0x79, 0xff, 0xff, 0xbe, 0x3,
    0x0, 0x0, 0x0, 0xe0, 0x60, 0x0, 0x0, 0xf,
    0xf0, 0x6, 0x0, 0x0, 0x0, 0x0, 0x0, 0x0,
    0x0, 0x0, 0x0, 0x0, 0x0, 0x0, 0x0, 0x0,
    0x0, 0x36, 0x0, 0x0, 0x0, 0x0,

    /* U+FDC1 "ﷁ" */
    0x0, 0x0, 0x0, 0x6, 0x0, 0x0, 0x0, 0x0,
    0x0, 0x0, 0x0, 0x0, 0x0, 0x0, 0x0, 0x3,
    0xc0, 0x7c, 0x0, 0x0, 0x66, 0xc, 0xc0, 0xe,
    0xc, 0x31, 0x8c, 0x1, 0x30, 0xc3, 0x18, 0xc0,
    0x21, 0xc, 0x31, 0x8c, 0xc3, 0x18, 0xc3, 0x18,
    0xcc, 0x3c, 0xcc, 0x71, 0xcc, 0xc1, 0xe7, 0xfd,
    0xff, 0xfc, 0x6, 0x0, 0x0, 0x0, 0xe0, 0x60,
    0x0, 0x0, 0x7, 0xf8, 0x0, 0x0, 0x0, 0x0,
    0x0, 0x0, 0x0, 0x0, 0x0, 0x0, 0x0, 0x0,
    0x0, 0x0, 0x0, 0x0, 0x1, 0xb0, 0x0, 0x0,
    0x0,

    /* U+FDC2 "ﷂ" */
    0x0, 0x0, 0xf8, 0x30, 0x0, 0x1, 0x30, 0x60,
    0x3, 0x80, 0x30, 0xc0, 0x9, 0x80, 0x61, 0x80,
    0x21, 0x0, 0xc3, 0x18, 0x63, 0x0, 0x86, 0x30,
    0xf3, 0x1, 0x8c, 0x60, 0xf3, 0xff, 0xff, 0xc0,
    0x60, 0x0, 0x1, 0xc0, 0xc0, 0x0, 0x1, 0xfe,
    0x0, 0x0, 0xc0, 0x0, 0x0, 0x0, 0x0, 0x0,
    0x0, 0x0, 0x0, 0x0, 0x0, 0x0, 0x6, 0xc0,
    0x0, 0x0, 0x0,

    /* U+FDC3 "ﷃ" */
    0x0, 0x0, 0x0, 0x30, 0x0, 0x0, 0x3, 0x80,
    0x0, 0x0, 0x38, 0x0, 0x0, 0x3, 0x0, 0x0,
    0x0, 0x18, 0x0, 0x0, 0x0, 0xf0, 0x78, 0xf,
    0x0, 0xe6, 0x61, 0x8c, 0x3, 0x31, 0x8c, 0x30,
    0x19, 0x8c, 0x61, 0x80, 0xcc, 0x63, 0xc, 0x6,
    0x67, 0x18, 0xe0, 0x3f, 0xef, 0xfd, 0xff, 0x80,

    /* U+FDC4 "ﷄ" */
    0xe, 0xf, 0x80, 0xf0, 0x98, 0x46, 0xc, 0xc,
    0x60, 0x30, 0xc0, 0x63, 0x1, 0x86, 0x3, 0x18,
    0x4, 0x30, 0x18, 0xc0, 0x31, 0x80, 0xce, 0x1,
    0x86, 0x1f, 0xdf, 0xff, 0xff, 0x0, 0x0, 0x0,
    0x0, 0x0, 0x0, 0x0, 0x0, 0x0, 0xc0, 0x0,

    /* U+FDC5 "ﷅ" */
    0xe, 0x3, 0xc1, 0x9e, 0x9, 0x83, 0x30, 0xd1,
    0x8c, 0x63, 0xc, 0x70, 0x66, 0x31, 0x86, 0x38,
    0x33, 0x18, 0xc3, 0x18, 0x19, 0x8c, 0x61, 0x8c,
    0xc, 0xce, 0x31, 0xc6, 0x7, 0xfd, 0xff, 0xbf,
    0xff,

    /* U+FDC6 "ﷆ" */
    0x0, 0x0, 0x60, 0x0, 0x0, 0x0, 0x0, 0x0,
    0x0, 0x0, 0x0, 0x0, 0x0, 0x0, 0x0, 0x0,
    0x0, 0x0, 0x0, 0x0, 0x0, 0x0, 0xf, 0x80,
    0x0, 0xc0, 0x0, 0x4, 0xc1, 0x8c, 0x60, 0x3,
    0x80, 0x30, 0xc6, 0x30, 0x2, 0x60, 0x18, 0x63,
    0x18, 0x2, 0x10, 0xc, 0x31, 0x8c, 0x61, 0x8c,
    0x2, 0x18, 0xc6, 0x30, 0xf3, 0x1, 0x8c, 0x73,
    0x18, 0x3c, 0xff, 0xff, 0xef, 0xfc, 0x6, 0x0,
    0x0, 0x0, 0x7, 0x3, 0x0, 0x0, 0x0, 0x1,
    0xfe, 0x0, 0x0, 0x0, 0x0, 0x0, 0x0, 0x0,
    0x0, 0x0, 0x0, 0x0, 0x0, 0x0, 0x0, 0x0,
    0x0, 0x0, 0x0, 0x0, 0x6, 0xc0, 0x0, 0x0,
    0x0, 0x0,

    /* U+FDC7 "ﷇ" */
    0x0, 0x0, 0x0, 0x30, 0x0, 0x0, 0x0, 0x0,
    0x0, 0x0, 0x0, 0x0, 0x0, 0x0, 0x0, 0x0,
    0x0, 0xf, 0x83, 0x0, 0x0, 0x11, 0x86, 0x0,
    0x38, 0x3, 0xc, 0x0, 0x98, 0x6, 0x18, 0x2,
    0x10, 0x4, 0x31, 0x86, 0x30, 0xc, 0x63, 0xf,
    0x30, 0x18, 0xc6, 0xf, 0x3f, 0xff, 0xfc, 0x6,
    0x0, 0x0, 0x1c, 0xc, 0x0, 0x0, 0x1f, 0xe0,
    0xc, 0x0, 0x0, 0x0, 0x0, 0x0, 0x0, 0x0,
    0x0, 0x0, 0x0, 0x0, 0x0, 0x0, 0x6c, 0x0,
    0x0, 0x0,

    /* U+FDCF "﷏" */
    0x22, 0x8, 0x44, 0x41, 0x70, 0x43, 0x60, 0x19,
    0xac, 0x1d, 0x53, 0xeb, 0x5e, 0xdf, 0xe0, 0x1,
    0x4, 0x0, 0x2e, 0x80, 0x95, 0xf, 0xff, 0xfc,
    0x0, 0x0, 0x0, 0x18, 0x0,

    /* U+FDF0 "ﷰ" */
    0x0, 0xc0, 0x0, 0x0, 0xc0, 0x0, 0x0, 0xc0,
    0x0, 0x0, 0xc0, 0x0, 0x0, 0xc3, 0x3c, 0x0,
    0xc3, 0x46, 0x0, 0xc3, 0x83, 0x0, 0xc3, 0x83,
    0x0, 0xc3, 0x3, 0x0, 0xc3, 0x3, 0x0, 0xc3,
    0x3, 0x7f, 0xff, 0xff, 0xc0, 0x0, 0x0, 0xc0,
    0x0, 0x0, 0x7f, 0xc0, 0x0,

    /* U+FDF1 "ﷱ" */
    0x0, 0xc3, 0x60, 0x6, 0x0, 0x0, 0x30, 0x0,
    0x1, 0x80, 0x0, 0xc, 0x1f, 0x80, 0x61, 0x8c,
    0x3, 0x18, 0x60, 0x18, 0xc3, 0x0, 0xc6, 0x18,
    0x6, 0x30, 0xc0, 0x31, 0xc6, 0xff, 0xff, 0xfc,
    0x0, 0x0, 0x60, 0x0, 0x1, 0xff, 0x0, 0x0,

    /* U+FDF2 "ﷲ" */
    0x0, 0x20, 0x0, 0x0, 0x0, 0x0, 0x0, 0x0,
    0x0, 0x29, 0x0, 0x0, 0xa4, 0x0, 0x3, 0x70,
    0x30, 0x0, 0x0, 0xc0, 0xc, 0x33, 0x6, 0x30,
    0xcc, 0xf8, 0xc3, 0x36, 0x63, 0xc, 0xf1, 0x8c,
    0x33, 0xc6, 0x30, 0xcf, 0x18, 0xc3, 0x3c, 0x63,
    0xc, 0xd9, 0x8c, 0x33, 0x3f, 0xff, 0xcc,

    /* U+FDF3 "ﷳ" */
    0x0, 0x0, 0x0, 0x60, 0x0, 0x0, 0x4, 0x0,
    0x0, 0x0, 0x40, 0x0, 0x0, 0x87, 0x0, 0x0,
    0x38, 0x0, 0x0, 0x7, 0x6, 0x0, 0x0, 0xe0,
    0x60, 0x0, 0xc, 0x6, 0xc, 0x30, 0xf0, 0x60,
    0xc3, 0x1, 0xc6, 0xc, 0x30, 0xc, 0x60, 0xc3,
    0x0, 0xc6, 0xc, 0x30, 0xc, 0x60, 0xc3, 0x0,
    0xc6, 0xc, 0x30, 0xc, 0x60, 0xff, 0xff, 0xc6,
    0xc, 0x0, 0x0, 0x0, 0xc0, 0x0, 0x0, 0xf8,
    0x30, 0x0, 0x0,

    /* U+FDF4 "ﷴ" */
    0x0, 0x3, 0x0, 0x0, 0x0, 0x0, 0x30, 0x0,
    0x0, 0x0, 0x0, 0x0, 0x0, 0x7, 0x0, 0x5,
    0x20, 0x0, 0x14, 0x0, 0x17, 0x83, 0x1, 0x70,
    0x0, 0x60, 0x10, 0x7, 0x80, 0x0, 0x0, 0x0,
    0x0, 0xc, 0x0, 0x0, 0x0, 0x0, 0x38, 0xf,
    0x7, 0x80, 0xf0, 0x70, 0xc6, 0x3, 0xc, 0x60,
    0xc3, 0xc, 0xc, 0x30, 0xc1, 0x8c, 0x30, 0x10,
    0xc3, 0x6, 0x30, 0xc0, 0x63, 0xc, 0x18, 0xc7,
    0x1, 0x8c, 0x6f, 0xff, 0xff, 0xff, 0xff, 0x0,

    /* U+FDF5 "ﷵ" */
    0x0, 0x0, 0x3, 0x0, 0x0, 0x0, 0x0, 0xc,
    0x0, 0x0, 0x0, 0x0, 0x30, 0x0, 0x0, 0x0,
    0x0, 0xc0, 0x0, 0xe, 0x7, 0xe3, 0xc, 0xf0,
    0xcc, 0x61, 0x8c, 0x34, 0x63, 0x18, 0xc6, 0x30,
    0xe0, 0xcc, 0x63, 0x30, 0xc3, 0x83, 0x31, 0x8f,
    0xc3, 0xc, 0xc, 0xc6, 0x1e, 0xc, 0x30, 0x33,
    0x38, 0x38, 0x30, 0xc0, 0xdf, 0xbf, 0xff, 0xff,
    0xff, 0xc0, 0x0, 0x0, 0x0, 0x3, 0x0, 0x0,
    0x0, 0x0, 0xc, 0x0, 0x0, 0x0, 0x0, 0x30,
    0x0, 0x0, 0x0, 0x0, 0xc0, 0x0, 0x0, 0x0,
    0x3, 0x0, 0x0, 0x0, 0x0, 0x0,

    /* U+FDF6 "ﷶ" */
    0x1, 0x80, 0x0, 0x0, 0x0, 0x0, 0xc0, 0x0,
    0x0, 0x0, 0x0, 0x60, 0x0, 0x0, 0x0, 0x0,
    0x30, 0x0, 0x0, 0x0, 0x0, 0x18, 0x3e, 0x0,
    0x6, 0x18, 0xc, 0x33, 0xc, 0x63, 0xc, 0x6,
    0x31, 0x86, 0x31, 0x86, 0x3, 0x18, 0xc3, 0x18,
    0xc3, 0xc1, 0x8c, 0x61, 0x8c, 0x61, 0xe0, 0xc6,
    0x30, 0xc6, 0x30, 0xf0, 0x63, 0x98, 0x63, 0x98,
    0x78, 0x30, 0xff, 0xff, 0x7c, 0x3c, 0x18, 0x6,
    0x0, 0x0, 0x1b, 0x18, 0x6, 0x0, 0x0, 0xc,
    0xf8, 0x3e, 0x0, 0x0, 0x3c,

    /* U+FDF7 "ﷷ" */
    0x0, 0x0, 0x30, 0x0, 0x0, 0x0, 0xc0, 0x0,
    0x0, 0x3, 0x0, 0x1, 0x80, 0xc, 0x0, 0x3e,
    0xc, 0x30, 0x7d, 0x98, 0x30, 0xc3, 0xc, 0x60,
    0xc3, 0x18, 0x31, 0x83, 0xc, 0x60, 0xc6, 0xc,
    0x31, 0x83, 0x18, 0x30, 0xc6, 0x6, 0x60, 0xc3,
    0xc, 0xf, 0xff, 0xff, 0xff, 0x0, 0x0, 0x0,
    0x0, 0x0, 0x0, 0x0, 0x0, 0x3, 0x60, 0x0,
    0x0,

    /* U+FDF8 "ﷸ" */
    0x0, 0xc, 0x0, 0x0, 0x0, 0x0, 0xc, 0x0,
    0x0, 0x0, 0x0, 0xc, 0x0, 0x0, 0x0, 0x0,
    0xc, 0x0, 0x0, 0x0, 0xe, 0xc, 0x0, 0x6,
    0x1f, 0x33, 0xc, 0x18, 0xc6, 0x33, 0x31, 0x8c,
    0x18, 0xc6, 0x63, 0x31, 0x8c, 0x18, 0xc6, 0x63,
    0x31, 0x8c, 0x18, 0xc6, 0x63, 0x31, 0x8c, 0x18,
    0xc6, 0x63, 0x33, 0x8c, 0x18, 0xe6, 0x73, 0x7e,
    0xff, 0xff, 0xbe, 0x3f, 0xc0, 0x0, 0x0, 0x0,
    0x3, 0xc0, 0x0, 0x0, 0x0, 0x6, 0xc0, 0x0,
    0x0, 0x0, 0x7c, 0xc0, 0x0, 0x0, 0x0, 0x0,
    0xc0, 0x0, 0x0, 0x0, 0x0, 0xc0, 0x0, 0x0,
    0x0, 0x0,

    /* U+FDF9 "ﷹ" */
    0x0, 0x0, 0x60, 0x0, 0x0, 0x0, 0x30, 0x0,
    0x0, 0x0, 0x18, 0x0, 0x0, 0x0, 0xc, 0x0,
    0x0, 0x0, 0x6, 0x19, 0xe0, 0x0, 0x3, 0xd,
    0x18, 0x3, 0x81, 0x87, 0x6, 0x2, 0x60, 0xc3,
    0x83, 0x2, 0x10, 0x61, 0x81, 0xe1, 0x8c, 0x30,
    0xc0, 0xf0, 0xf3, 0x18, 0x60, 0x78, 0x7c, 0xff,
    0xff, 0xfc, 0x6, 0x0, 0x0, 0x7, 0x3, 0x0,
    0x0, 0x1, 0xfe, 0x0, 0x0, 0x0,

    /* U+FDFA "ﷺ" */
    0x0, 0x0, 0x46, 0xa4, 0xe0, 0xa9, 0x1, 0xaa,
    0x63, 0xaa, 0x9f, 0x5f, 0xbe, 0xf0, 0x22, 0x80,
    0x98, 0xac, 0x65, 0xda, 0x19, 0xf, 0xe1, 0xfc,
    0x0, 0x95, 0xa, 0xd4, 0x1b, 0x7f, 0xff, 0xb8,
    0x0, 0x6, 0x0, 0x6, 0x80, 0x0, 0x0,

    /* U+FDFB "ﷻ" */
    0x4, 0x80, 0x4, 0x80, 0x8, 0x80, 0x4, 0x10,
    0x4, 0x90, 0x24, 0xb2, 0x56, 0x98, 0x5c, 0x84,
    0xb4, 0x9b, 0x56, 0xff, 0x75, 0x7c, 0x3b, 0x44,
    0x26, 0x90, 0x23, 0x0, 0x3c, 0x0,

    /* U+FDFC "﷼" */
    0x1, 0x8c, 0x0, 0x0, 0x63, 0x0, 0x0, 0x18,
    0xc0, 0x0, 0x6, 0x30, 0x0, 0x1, 0x8c, 0x30,
    0xc0, 0x63, 0xc, 0x30, 0x18, 0xc3, 0xc, 0x6,
    0x30, 0xc3, 0x61, 0x8c, 0x30, 0xf0, 0x63, 0xc,
    0x3c, 0x18, 0xc3, 0xf, 0x6, 0x3f, 0xc3, 0xc1,
    0x80, 0x0, 0xd8, 0xc0, 0x0, 0x33, 0xe0, 0x36,
    0xf8,

    /* U+FDFD "﷽" */
    0x0, 0x0, 0x0, 0x0, 0x0, 0x0, 0x0, 0x0,
    0x0, 0x0, 0x4, 0x0, 0x0, 0x0, 0x0, 0x0,
    0x0, 0x0, 0x0, 0x0, 0x0, 0x0, 0x0, 0x0,
    0x0, 0x0, 0x0, 0x0, 0x0, 0x0, 0x0, 0x0,
    0x0, 0x0, 0x0, 0x0, 0x0, 0x0, 0x0, 0x0,
    0x0, 0x0, 0x0, 0x0, 0x0, 0x0, 0x0, 0x60,
    0x0, 0x0, 0x0, 0x0, 0x60, 0x0, 0x0, 0x0,
    0x0, 0x0, 0x0, 0x0, 0x0, 0x0, 0x0, 0x0,
    0x0, 0x0, 0x0, 0x0, 0xf, 0x0, 0x0, 0x0,
    0x0, 0xf, 0x1, 0x50, 0x0, 0x0, 0x0, 0x0,
    0x0, 0x0, 0x0, 0x0, 0x0, 0x0, 0x0, 0x0,
    0x0, 0x6, 0x0, 0x0, 0x0, 0x0, 0x6, 0x0,
    0x1f, 0x6, 0x0, 0x0, 0x0, 0x0, 0x0, 0x0,
    0x0, 0x0, 0x0, 0x0, 0x0, 0x0, 0x0, 0x66,
    0x0, 0x0, 0x0, 0x0, 0x66, 0x0, 0x0, 0x60,
    0x0, 0x0, 0x0, 0x0, 0x0, 0x0, 0x0, 0x0,
    0x0, 0x0, 0x0, 0x0, 0x6, 0x61, 0x80, 0x0,
    0x0, 0x6, 0x60, 0x6, 0x66, 0x0, 0x0, 0x0,
    0x0, 0x0, 0x0, 0x0, 0x0, 0x0, 0x0, 0x0,
    0x0, 0x0, 0x66, 0x0, 0x0, 0x0, 0x0, 0x66,
    0x6, 0x66, 0x60, 0x0, 0x0, 0x0, 0x0, 0x0,
    0x0, 0x0, 0x0, 0x0, 0x3c, 0x31, 0xe0, 0xc6,
    0x60, 0x31, 0xf1, 0xe0, 0xc6, 0x63, 0xe6, 0x66,
    0x1e, 0x0, 0x0, 0x0, 0x0, 0x0, 0x0, 0x6,
    0x66, 0x36, 0x63, 0x3, 0xc, 0x66, 0x3, 0x31,
    0x83, 0xc, 0x66, 0x66, 0x66, 0x63, 0x30, 0x0,
    0x0, 0x0, 0x0, 0x0, 0x0, 0x66, 0x63, 0x66,
    0x30, 0x30, 0xc6, 0x60, 0x33, 0x18, 0x30, 0xc6,
    0x66, 0x66, 0x66, 0x33, 0x0, 0x0, 0x0, 0x0,
    0x0, 0x0, 0x6, 0x66, 0x36, 0x63, 0x3, 0xc,
    0x66, 0x63, 0x31, 0x83, 0xc, 0x66, 0x66, 0x66,
    0x63, 0x30, 0x0, 0x0, 0x0, 0x0, 0x0, 0x0,
    0x66, 0x63, 0x26, 0x30, 0x10, 0xc6, 0x66, 0x33,
    0x38, 0x10, 0xc6, 0x66, 0x66, 0x66, 0x13, 0x0,
    0x0, 0x0, 0x0, 0x0, 0x0, 0x6, 0x66, 0x3f,
    0xff, 0xff, 0x8f, 0xe6, 0x63, 0xfe, 0xff, 0x8f,
    0xe6, 0x3f, 0xfe, 0x67, 0xff, 0xff, 0xff, 0xff,
    0xff, 0xff, 0xff, 0xfd, 0xff, 0xc0, 0x0, 0x0,
    0xc0, 0x6, 0x30, 0x0, 0x0, 0xc0, 0x0, 0x0,
    0x0, 0x60, 0x0, 0x0, 0x0, 0x0, 0x0, 0x0,
    0x0, 0x0, 0xc, 0x7, 0x80, 0xc, 0x0, 0x63,
    0x0, 0x0, 0xc, 0x0, 0x0, 0x0, 0x6, 0x0,
    0x0, 0x0, 0x0, 0x0, 0x0, 0x0, 0x0, 0x0,
    0xc0, 0x0, 0x3, 0x80, 0x3, 0xe0, 0x0, 0x3,
    0x80, 0x0, 0x0, 0x0, 0x60, 0x0, 0x0, 0x0,
    0x0, 0x0, 0x0, 0x0, 0x0, 0x6c, 0x0, 0x0,
    0x0, 0x0, 0x0, 0x0, 0x0, 0x0, 0x0, 0x0,
    0x0, 0x6, 0x0, 0x0, 0x0, 0x0, 0x0, 0x0,
    0x0, 0x0, 0x0,

    /* U+FDFE "﷾" */
    0x0, 0x0, 0x0, 0xe, 0x70, 0x0, 0x3a, 0x40,
    0x0, 0xac, 0x80, 0x2, 0xea, 0x0, 0xa, 0xc9,
    0x80, 0x2f, 0xea, 0x3, 0x80, 0x5c, 0xf, 0xff,
    0x20, 0xa8, 0x3, 0x86, 0x66, 0x0, 0x69, 0x86,
    0x15, 0x59, 0xef, 0xfc, 0x0, 0x0, 0x0, 0x0,
    0x20, 0x0,

    /* U+FDFF "﷿" */
    0x1, 0x0, 0x0, 0x2, 0xe0, 0x14, 0x1, 0x7c,
    0xc, 0x0, 0xd8, 0x2, 0x32, 0x8e, 0x2c, 0x80,
    0xe4, 0x63, 0xc0, 0x60,

    /* U+FE70 "ﹰ" */
    0x7, 0x9e, 0x0,

    /* U+FE71 "ﹱ" */
    0x1, 0xd2, 0xe0, 0x0, 0x0, 0x7, 0xc0,

    /* U+FE72 "ﹲ" */
    0x1c, 0x55, 0xee,

    /* U+FE73 "ﹳ" */
    0x46, 0x31, 0x8c, 0x61, 0x87,

    /* U+FE74 "ﹴ" */
    0x1e, 0x3c,

    /* U+FE76 "ﹶ" */
    0x1e, 0x0,

    /* U+FE77 "ﹷ" */
    0x13, 0x0, 0x0, 0x0, 0x1f,

    /* U+FE78 "ﹸ" */
    0x39, 0x4f, 0xe0,

    /* U+FE79 "ﹹ" */
    0x39, 0x7c, 0x0, 0x0, 0x0, 0x7, 0xc0,

    /* U+FE7A "ﹺ" */
    0x1e, 0x0,

    /* U+FE7B "ﹻ" */
    0xf8, 0x0, 0xe0, 0x0,

    /* U+FE7C "ﹼ" */
    0xad, 0x76,

    /* U+FE7D "ﹽ" */
    0x26, 0x9d, 0xc0, 0x0, 0x0, 0x0, 0x3, 0xe0,

    /* U+FE7E "ﹾ" */
    0xf9, 0xf0,

    /* U+FE7F "ﹿ" */
    0x72, 0x9c, 0x0, 0x0, 0x0, 0x7, 0xc0,

    /* U+FE80 "ﺀ" */
    0x7f, 0x8c, 0x30, 0xc3, 0xfc, 0x0,

    /* U+FE81 "ﺁ" */
    0x66, 0x60, 0xc, 0x30, 0xc3, 0xc, 0x30, 0xc3,
    0xc, 0x30, 0xc0,

    /* U+FE82 "ﺂ" */
    0x78, 0x0, 0xc, 0x30, 0xc3, 0xc, 0x30, 0xc3,
    0xc, 0x30, 0xc3, 0xc0,

    /* U+FE83 "ﺃ" */
    0xd2, 0x71, 0xb6, 0xdb, 0x6d, 0xb6,

    /* U+FE84 "ﺄ" */
    0xe4, 0x38, 0x0, 0x31, 0x8c, 0x63, 0x18, 0xc6,
    0x31, 0x8c, 0x78,

    /* U+FE85 "ﺅ" */
    0x1c, 0x20, 0x70, 0x0, 0x7, 0xd9, 0xe3, 0xc7,
    0x8f, 0x1f, 0x37, 0xe0, 0xc3, 0x7c,

    /* U+FE86 "ﺆ" */
    0x38, 0x10, 0xe, 0x0, 0x0, 0x1, 0xf1, 0x99,
    0x8c, 0xc6, 0x63, 0x31, 0x9c, 0xc7, 0xf8, 0x30,
    0x31, 0xf0,

    /* U+FE87 "ﺇ" */
    0x6d, 0xb6, 0xdb, 0x6d, 0xb1, 0xe7,

    /* U+FE88 "ﺈ" */
    0x63, 0x18, 0xc6, 0x31, 0x8c, 0x63, 0x18, 0xf0,
    0x72, 0x1c,

    /* U+FE89 "ﺉ" */
    0x70, 0x4, 0x0, 0x40, 0xf7, 0x18, 0x2, 0x0,
    0x60, 0x7, 0xc, 0x78, 0xc3, 0xcc, 0xe, 0xc0,
    0x6e, 0x6, 0x7f, 0x80,

    /* U+FE8A "ﺊ" */
    0x70, 0x0, 0x80, 0x1, 0xc0, 0x0, 0x7, 0x0,
    0x13, 0x0, 0x42, 0x30, 0xc6, 0x61, 0xe6, 0xc3,
    0xe7, 0x80, 0xc3, 0x81, 0x83, 0xfc, 0x0,

    /* U+FE8B "ﺋ" */
    0x74, 0x70, 0x3, 0x33, 0x33, 0x33, 0xf0,

    /* U+FE8C "ﺌ" */
    0x71, 0x7, 0x0, 0x0, 0xc3, 0xc, 0x30, 0xc3,
    0xc, 0xfc,

    /* U+FE8D "ﺍ" */
    0xff, 0xff, 0xff,

    /* U+FE8E "ﺎ" */
    0xcc, 0xcc, 0xcc, 0xcc, 0xcc, 0xcf,

    /* U+FE8F "ﺏ" */
    0x0, 0x60, 0xf, 0x1, 0xe0, 0x3c, 0x7, 0x80,
    0xf0, 0x1b, 0xff, 0x0, 0x0, 0x0, 0x18, 0x0,

    /* U+FE90 "ﺐ" */
    0x0, 0x60, 0x3, 0x30, 0x19, 0x80, 0xcc, 0x6,
    0x60, 0x33, 0x1, 0x8f, 0xff, 0x0, 0x0, 0x0,
    0x3, 0x0,

    /* U+FE91 "ﺑ" */
    0x33, 0x33, 0x33, 0x3f, 0x0, 0x60,

    /* U+FE92 "ﺒ" */
    0x30, 0xc3, 0xc, 0x30, 0xc3, 0x3f, 0x0, 0x3,
    0x0,

    /* U+FE93 "ﺓ" */
    0x6c, 0x0, 0x0, 0x0, 0x3c, 0x66, 0xc3, 0xc3,
    0xc3, 0xc3, 0x67, 0x3c,

    /* U+FE94 "ﺔ" */
    0x6c, 0x0, 0x0, 0x0, 0x18, 0x3e, 0x19, 0x8c,
    0x63, 0x18, 0xc6, 0x31, 0x86, 0x60, 0xff,

    /* U+FE95 "ﺕ" */
    0x1b, 0x0, 0xc, 0x1, 0x80, 0x3c, 0x7, 0x80,
    0xf0, 0x1e, 0x3, 0xe0, 0x6f, 0xfc,

    /* U+FE96 "ﺖ" */
    0x1b, 0x60, 0x3, 0x30, 0x19, 0x80, 0xcc, 0x6,
    0x60, 0x33, 0x81, 0x8f, 0xff,

    /* U+FE97 "ﺗ" */
    0xd8, 0x0, 0x63, 0x18, 0xc6, 0x31, 0x8d, 0xe0,

    /* U+FE98 "ﺘ" */
    0x78, 0x0, 0x0, 0x1, 0x83, 0x6, 0xc, 0x18,
    0x30, 0x67, 0xf0,

    /* U+FE99 "ﺙ" */
    0xc, 0x0, 0x0, 0x0, 0xd, 0x80, 0x6, 0x0,
    0xf0, 0x1e, 0x3, 0xc0, 0x78, 0xf, 0x81, 0xbf,
    0xf0,

    /* U+FE9A "ﺚ" */
    0x6, 0x0, 0x0, 0x6, 0xd8, 0x0, 0xcc, 0x6,
    0x60, 0x33, 0x1, 0x98, 0xc, 0xe0, 0x63, 0xff,
    0xc0,

    /* U+FE9B "ﺛ" */
    0x30, 0x36, 0x0, 0x18, 0xc6, 0x31, 0x8c, 0x63,
    0x78,

    /* U+FE9C "ﺜ" */
    0x30, 0x1, 0xe0, 0x0, 0x0, 0x6, 0xc, 0x18,
    0x30, 0x60, 0xc1, 0x9f, 0xc0,

    /* U+FE9D "ﺝ" */
    0xfc, 0x27, 0x1, 0x80, 0xc0, 0x20, 0x78, 0xfc,
    0xe2, 0xe0, 0x66, 0x30, 0xf, 0x80,

    /* U+FE9E "ﺞ" */
    0xfc, 0x11, 0x80, 0x60, 0x8, 0x2, 0x0, 0xc1,
    0xf1, 0xf7, 0xe0, 0x30, 0xc, 0x3, 0xc, 0x70,
    0x0,

    /* U+FE9F "ﺟ" */
    0x7c, 0x23, 0x1, 0xc0, 0x60, 0x30, 0x18, 0xf,
    0xff, 0x0, 0x0, 0x6, 0x0,

    /* U+FEA0 "ﺠ" */
    0x7c, 0x11, 0x80, 0x60, 0xc, 0x3, 0x0, 0xc0,
    0x33, 0xff, 0x0, 0x0, 0x1, 0x80,

    /* U+FEA1 "ﺡ" */
    0xfc, 0x3, 0x1, 0x80, 0xc0, 0x30, 0x78, 0xfe,
    0xe2, 0xe0, 0x60, 0x30, 0x1c, 0x3, 0xe0,

    /* U+FEA2 "ﺢ" */
    0xfc, 0x13, 0x80, 0x60, 0x18, 0x2, 0x0, 0xc1,
    0xf1, 0xe7, 0xe0, 0x30, 0xc, 0x3, 0x0, 0x7e,
    0x0,

    /* U+FEA3 "ﺣ" */
    0x7c, 0x23, 0x0, 0xc0, 0x60, 0x30, 0x18, 0x7,
    0xff,

    /* U+FEA4 "ﺤ" */
    0x7c, 0x11, 0x80, 0x60, 0xc, 0x3, 0x0, 0xc0,
    0x3b, 0xff,

    /* U+FEA5 "ﺥ" */
    0x30, 0x0, 0x0, 0xf8, 0xc, 0x6, 0x6, 0x6,
    0xf, 0x3f, 0x71, 0xe0, 0xc0, 0xc0, 0xc0, 0x7c,

    /* U+FEA6 "ﺦ" */
    0x30, 0x0, 0x0, 0x0, 0x0, 0xfc, 0x13, 0x80,
    0x60, 0x18, 0x6, 0x1, 0xc1, 0xf1, 0xe7, 0xe0,
    0x30, 0xc, 0x3, 0x0, 0x7c, 0x0,

    /* U+FEA7 "ﺧ" */
    0x30, 0x0, 0x0, 0x0, 0x7, 0xc2, 0x30, 0x1c,
    0xe, 0x3, 0x1, 0x80, 0xff, 0xf0,

    /* U+FEA8 "ﺨ" */
    0x30, 0x0, 0x0, 0x0, 0x0, 0x7c, 0x11, 0x80,
    0x60, 0x1c, 0x3, 0x0, 0xc0, 0x33, 0xff,

    /* U+FEA9 "ﺩ" */
    0x30, 0xf0, 0x60, 0x60, 0xc0, 0xc1, 0xff,

    /* U+FEAA "ﺪ" */
    0x30, 0x1c, 0x6, 0x1, 0x80, 0xc0, 0x30, 0x19,
    0xff,

    /* U+FEAB "ﺫ" */
    0x60, 0x0, 0x1, 0x7, 0x7, 0x7, 0x6, 0xc,
    0xc, 0x1f, 0xf0,

    /* U+FEAC "ﺬ" */
    0x60, 0x0, 0x0, 0x6, 0x3, 0x80, 0xc0, 0x30,
    0x18, 0x6, 0x3, 0x1, 0x9f, 0xf0,

    /* U+FEAD "ﺭ" */
    0xc, 0x30, 0xc3, 0xc, 0x30, 0xc3, 0xc, 0x30,
    0xfe,

    /* U+FEAE "ﺮ" */
    0xc, 0xc, 0xc, 0xc, 0xc, 0xc, 0xc, 0xf,
    0xc, 0xc, 0xf8,

    /* U+FEAF "ﺯ" */
    0xc, 0x0, 0x3, 0xc, 0x30, 0xc3, 0xc, 0x30,
    0xc3, 0xf, 0xe0,

    /* U+FEB0 "ﺰ" */
    0xc, 0x0, 0x0, 0xc, 0xc, 0xc, 0xc, 0xc,
    0xc, 0xc, 0xf, 0xc, 0xc, 0xf8,

    /* U+FEB1 "ﺱ" */
    0x0, 0x0, 0x60, 0x31, 0x8c, 0x6, 0x31, 0x80,
    0xc6, 0x3c, 0x18, 0xc7, 0x83, 0x18, 0xf0, 0x63,
    0x9e, 0xf, 0xdf, 0xc1, 0x80, 0xc, 0x70, 0x0,
    0xfc, 0x0, 0x0,

    /* U+FEB2 "ﺲ" */
    0x0, 0x0, 0x60, 0x6, 0x31, 0x80, 0x18, 0xc6,
    0x0, 0x63, 0x18, 0xc1, 0x8c, 0x63, 0x6, 0x31,
    0x8c, 0x18, 0xe6, 0x30, 0x7e, 0xff, 0xc1, 0x80,
    0x1, 0x8e, 0x0, 0x3, 0xf0, 0x0, 0x0,

    /* U+FEB3 "ﺳ" */
    0x0, 0xc, 0xc6, 0x33, 0x18, 0xcc, 0x63, 0x31,
    0x8c, 0xc6, 0x33, 0x1c, 0xff, 0xdf,

    /* U+FEB4 "ﺴ" */
    0x0, 0xc, 0x31, 0x8c, 0x31, 0x8c, 0x31, 0x8c,
    0x31, 0x8c, 0x31, 0x8c, 0x31, 0xcc, 0xff, 0x7f,

    /* U+FEB5 "ﺵ" */
    0x0, 0xc, 0x0, 0x0, 0x0, 0x0, 0x6c, 0x0,
    0x0, 0x30, 0x0, 0x6, 0x3, 0x18, 0xc0, 0x63,
    0x18, 0xc, 0x63, 0xc1, 0x8c, 0x78, 0x31, 0x8f,
    0x6, 0x39, 0xe0, 0xff, 0xfc, 0x18, 0x0, 0xc7,
    0x0, 0xf, 0xc0, 0x0,

    /* U+FEB6 "ﺶ" */
    0x0, 0xc, 0x0, 0x0, 0x0, 0x0, 0x1, 0xb0,
    0x0, 0x0, 0x18, 0x0, 0x0, 0x60, 0x6, 0x31,
    0x80, 0x18, 0xc6, 0x0, 0x63, 0x18, 0xc1, 0x8c,
    0x63, 0x6, 0x31, 0x8c, 0x18, 0xe6, 0x30, 0x7f,
    0xff, 0xc1, 0x80, 0x1, 0x8e, 0x0, 0x3, 0xf0,
    0x0, 0x0,

    /* U+FEB7 "ﺷ" */
    0x1, 0x80, 0x0, 0x0, 0x0, 0x0, 0xd8, 0x0,
    0xc, 0xc6, 0x33, 0x18, 0xcc, 0x63, 0x31, 0x8c,
    0xc6, 0x33, 0x1c, 0xff, 0xff,

    /* U+FEB8 "ﺸ" */
    0x1, 0x80, 0x0, 0x0, 0x3, 0x60, 0x0, 0xc,
    0x0, 0xc, 0x31, 0x8c, 0x31, 0x8c, 0x31, 0x8c,
    0x31, 0x8c, 0x31, 0x8c, 0x31, 0xcc, 0xff, 0xff,

    /* U+FEB9 "ﺹ" */
    0x1, 0x9f, 0x0, 0x6c, 0x60, 0x1e, 0xc, 0x7,
    0x3, 0xc1, 0x80, 0xf0, 0x60, 0x3c, 0x18, 0xf,
    0x7, 0xff, 0xc1, 0x80, 0x18, 0xe0, 0x3, 0xe0,
    0x0,

    /* U+FEBA "ﺺ" */
    0x1, 0x9f, 0x0, 0x1b, 0x18, 0x1, 0xe0, 0xc0,
    0x1c, 0xc, 0xc1, 0x80, 0xcc, 0x18, 0xc, 0xc1,
    0x80, 0xcc, 0x1f, 0xff, 0xc1, 0x80, 0x6, 0x38,
    0x0, 0x3e, 0x0, 0x0,

    /* U+FEBB "ﺻ" */
    0x33, 0xc3, 0x46, 0x38, 0x33, 0x83, 0x30, 0x33,
    0x3, 0x30, 0x3f, 0xff,

    /* U+FEBC "ﺼ" */
    0x33, 0xc0, 0xd1, 0x83, 0x83, 0xe, 0xc, 0x30,
    0x30, 0xc0, 0xc3, 0x3, 0x3f, 0xff,

    /* U+FEBD "ﺽ" */
    0x0, 0x18, 0x0, 0x0, 0x0, 0x0, 0x0, 0x0,
    0x0, 0x1, 0x9f, 0x0, 0x6c, 0x60, 0x1e, 0xc,
    0x7, 0x3, 0xc1, 0x80, 0xf0, 0x60, 0x3c, 0x18,
    0xf, 0x7, 0xff, 0xc1, 0x80, 0x18, 0xe0, 0x3,
    0xe0, 0x0,

    /* U+FEBE "ﺾ" */
    0x0, 0x18, 0x0, 0x0, 0x0, 0x0, 0x0, 0x0,
    0x0, 0x0, 0x1, 0x9f, 0x0, 0x1b, 0x18, 0x1,
    0xe0, 0xc0, 0x1c, 0xc, 0xc1, 0x80, 0xcc, 0x18,
    0xc, 0xc1, 0x80, 0xcc, 0x1f, 0xff, 0xc1, 0x80,
    0x6, 0x38, 0x0, 0x3e, 0x0, 0x0,

    /* U+FEBF "ﺿ" */
    0x3, 0x0, 0x0, 0x0, 0x0, 0x0, 0x33, 0xc3,
    0x46, 0x38, 0x33, 0x83, 0x30, 0x33, 0x3, 0x30,
    0x3f, 0xff,

    /* U+FEC0 "ﻀ" */
    0x3, 0x0, 0x0, 0x0, 0x0, 0x0, 0x0, 0x33,
    0xc0, 0xd1, 0x83, 0x83, 0xe, 0xc, 0x30, 0x30,
    0xc0, 0xc3, 0x3, 0x3f, 0xff,

    /* U+FEC1 "ﻁ" */
    0x30, 0x3, 0x0, 0x30, 0x3, 0x0, 0x33, 0xc3,
    0x46, 0x38, 0x33, 0x83, 0x30, 0x33, 0x3, 0x30,
    0x3f, 0xff,

    /* U+FEC2 "ﻂ" */
    0x30, 0x0, 0xc0, 0x3, 0x0, 0xc, 0x0, 0x33,
    0xc0, 0xd1, 0x83, 0x83, 0xe, 0xc, 0x30, 0x30,
    0xc0, 0xc3, 0x3, 0x3f, 0xff,

    /* U+FEC3 "ﻃ" */
    0x18, 0x0, 0xc0, 0x6, 0x0, 0x30, 0x1, 0x9e,
    0xd, 0x18, 0x70, 0x63, 0x83, 0x18, 0x18, 0xc0,
    0xc6, 0x7, 0xff, 0xf0,

    /* U+FEC4 "ﻄ" */
    0x30, 0x0, 0xc0, 0x3, 0x0, 0xc, 0x0, 0x33,
    0xc0, 0xd1, 0x83, 0x83, 0xe, 0xc, 0x30, 0x30,
    0xc0, 0xc3, 0x3, 0x3f, 0xff,

    /* U+FEC5 "ﻅ" */
    0x30, 0x3, 0xc, 0x30, 0x3, 0x0, 0x33, 0xc3,
    0x46, 0x38, 0x33, 0x83, 0x30, 0x33, 0x3, 0x30,
    0x3f, 0xff,

    /* U+FEC6 "ﻆ" */
    0x31, 0x80, 0xc0, 0x3, 0x0, 0xc, 0x0, 0x33,
    0xc0, 0xd1, 0x83, 0x83, 0xe, 0xc, 0x30, 0x30,
    0xc0, 0xc3, 0x3, 0x3f, 0xff,

    /* U+FEC7 "ﻇ" */
    0x18, 0xc0, 0xc0, 0x6, 0x0, 0x30, 0x1, 0x9e,
    0xd, 0x18, 0x70, 0x63, 0x83, 0x18, 0x18, 0xc0,
    0xc6, 0x7, 0xff, 0xf0,

    /* U+FEC8 "ﻈ" */
    0x31, 0x80, 0xc0, 0x3, 0x0, 0xc, 0x0, 0x33,
    0xc0, 0xd1, 0x83, 0x83, 0xe, 0xc, 0x30, 0x30,
    0xc0, 0xc3, 0x3, 0x3f, 0xff,

    /* U+FEC9 "ﻉ" */
    0x1f, 0x30, 0x60, 0x60, 0x60, 0x66, 0x3e, 0x70,
    0xe0, 0xc0, 0xc0, 0xe0, 0x3e,

    /* U+FECA "ﻊ" */
    0x7f, 0x61, 0xb0, 0xd8, 0xe6, 0x61, 0xe0, 0xf0,
    0xff, 0x60, 0x60, 0x30, 0x18, 0x7, 0xc0,

    /* U+FECB "ﻋ" */
    0x1f, 0x30, 0x60, 0x60, 0x60, 0x60, 0x30, 0xff,

    /* U+FECC "ﻌ" */
    0x3f, 0x98, 0x66, 0x19, 0xce, 0x33, 0xf, 0x81,
    0xe3, 0xff,

    /* U+FECD "ﻍ" */
    0x18, 0x0, 0x0, 0xf3, 0xc, 0x18, 0x30, 0x6c,
    0x7d, 0xc7, 0xc, 0x18, 0x30, 0x3f,

    /* U+FECE "ﻎ" */
    0x18, 0x0, 0x0, 0x0, 0x7, 0xf7, 0x1b, 0xc,
    0xc6, 0x66, 0x1f, 0x7, 0x7, 0xf6, 0x6, 0x3,
    0x1, 0x80, 0x7e, 0x0,

    /* U+FECF "ﻏ" */
    0xc, 0x0, 0x0, 0x1f, 0x30, 0x60, 0x60, 0x60,
    0x60, 0x30, 0xff,

    /* U+FED0 "ﻐ" */
    0xc, 0x0, 0x0, 0x0, 0x0, 0x3f, 0x98, 0x66,
    0x19, 0x8e, 0x33, 0xf, 0x81, 0xc3, 0xff,

    /* U+FED1 "ﻑ" */
    0x0, 0x30, 0x0, 0x0, 0x0, 0x0, 0x1f, 0x0,
    0xcf, 0x6, 0x3c, 0x18, 0xf0, 0x63, 0xc1, 0x8f,
    0x87, 0x37, 0xff, 0xc0,

    /* U+FED2 "ﻒ" */
    0x0, 0x30, 0x0, 0x0, 0x0, 0x0, 0x0, 0x0,
    0x0, 0x7, 0xc0, 0x6, 0x63, 0x6, 0x31, 0x83,
    0x18, 0xc1, 0x8c, 0x60, 0xc6, 0x38, 0x73, 0xf,
    0xff, 0xf0,

    /* U+FED3 "ﻓ" */
    0xc, 0x0, 0x0, 0x1, 0xf1, 0x99, 0x8c, 0xc6,
    0x63, 0x31, 0x9c, 0xff, 0xe0,

    /* U+FED4 "ﻔ" */
    0xc, 0x0, 0x0, 0x0, 0x7, 0xc1, 0x98, 0x63,
    0xc, 0x61, 0x8c, 0x31, 0x87, 0x33, 0xff, 0x80,

    /* U+FED5 "ﻕ" */
    0x3, 0x60, 0x0, 0x0, 0x0, 0x0, 0x0, 0x1f,
    0x81, 0x8c, 0x18, 0x60, 0xc3, 0xc6, 0x1e, 0x30,
    0xf0, 0xc7, 0x83, 0xfc, 0x1, 0xb0, 0x18, 0xff,
    0x80,

    /* U+FED6 "ﻖ" */
    0x3, 0x60, 0x0, 0x0, 0x0, 0x0, 0x0, 0x0,
    0x1f, 0x80, 0x63, 0x1, 0x86, 0x3, 0xc, 0xc6,
    0x19, 0x8c, 0x33, 0xc, 0x66, 0xf, 0xfc, 0x1,
    0x8c, 0x7, 0xf, 0xf8, 0x0,

    /* U+FED7 "ﻗ" */
    0x1b, 0x0, 0x0, 0x0, 0x0, 0xf8, 0xcc, 0xc6,
    0x63, 0x31, 0x98, 0xce, 0x7f, 0xf0,

    /* U+FED8 "ﻘ" */
    0x1e, 0x0, 0x0, 0x0, 0x0, 0x0, 0xf8, 0x33,
    0xc, 0x61, 0x8c, 0x31, 0x86, 0x30, 0xe6, 0x7f,
    0xf0,

    /* U+FED9 "ﻙ" */
    0x0, 0x60, 0xc, 0x1, 0x80, 0x30, 0x46, 0x1c,
    0xf3, 0x9e, 0x3, 0xc0, 0x78, 0xf, 0x1, 0xbf,
    0xf0,

    /* U+FEDA "ﻚ" */
    0x0, 0x60, 0x3, 0x0, 0x18, 0x0, 0xc0, 0x46,
    0x7, 0x33, 0x39, 0x98, 0xc, 0xc0, 0x66, 0x3,
    0x30, 0x18, 0xff, 0xf0,

    /* U+FEDB "ﻛ" */
    0x3, 0x3, 0x87, 0x3, 0x3, 0x1, 0xf0, 0xc,
    0x3, 0x1, 0x80, 0xc0, 0x60, 0x3f, 0xf8,

    /* U+FEDC "ﻜ" */
    0x3, 0x1, 0xe0, 0x70, 0x1c, 0x7, 0x0, 0xfc,
    0x0, 0xc0, 0xc, 0x1, 0x80, 0x30, 0x6, 0x0,
    0xcf, 0xfe,

    /* U+FEDD "ﻝ" */
    0x1, 0x80, 0xc0, 0x60, 0x30, 0x18, 0xc, 0x6,
    0x3, 0x61, 0xe0, 0xf0, 0x78, 0x3c, 0x1e, 0xd,
    0x8c, 0x7c,

    /* U+FEDE "ﻞ" */
    0x1, 0x80, 0x18, 0x1, 0x80, 0x18, 0x1, 0x80,
    0x18, 0x1, 0x80, 0x18, 0x61, 0x8c, 0x18, 0xc1,
    0x8c, 0x1f, 0xc1, 0x86, 0x38, 0x3e, 0x0,

    /* U+FEDF "ﻟ" */
    0x33, 0x33, 0x33, 0x33, 0x33, 0x3f,

    /* U+FEE0 "ﻠ" */
    0x30, 0xc3, 0xc, 0x30, 0xc3, 0xc, 0x30, 0xc3,
    0x3f,

    /* U+FEE1 "ﻡ" */
    0x1f, 0x19, 0xcc, 0x66, 0x33, 0x19, 0x99, 0xf9,
    0x80, 0xc0, 0x60, 0x30, 0x18, 0xc, 0x0,

    /* U+FEE2 "ﻢ" */
    0x1e, 0x6, 0x60, 0xc6, 0x18, 0xc3, 0x18, 0x67,
    0x1f, 0xbe, 0x0, 0xc0, 0x18, 0x3, 0x0, 0x60,
    0xc, 0x0,

    /* U+FEE3 "ﻣ" */
    0x1f, 0x19, 0xcc, 0x66, 0x33, 0x19, 0x9b, 0xf8,

    /* U+FEE4 "ﻤ" */
    0x1e, 0xc, 0x61, 0x86, 0x30, 0xc6, 0x18, 0xc7,
    0x3f, 0xb8,

    /* U+FEE5 "ﻥ" */
    0x18, 0x0, 0xc0, 0x60, 0x30, 0x1a, 0xf, 0x7,
    0x83, 0xc1, 0xe0, 0xf0, 0x6c, 0x63, 0xe0,

    /* U+FEE6 "ﻦ" */
    0x18, 0x0, 0x18, 0x1, 0x80, 0x18, 0x1, 0x84,
    0x18, 0xc1, 0x8c, 0x18, 0xc1, 0xfc, 0x18, 0x63,
    0x83, 0xe0,

    /* U+FEE7 "ﻧ" */
    0x30, 0x0, 0x31, 0x8c, 0x63, 0x18, 0xc7, 0xf0,

    /* U+FEE8 "ﻨ" */
    0x30, 0x0, 0x0, 0x30, 0xc3, 0xc, 0x30, 0xc3,
    0x3f,

    /* U+FEE9 "ﻩ" */
    0x3c, 0x66, 0xc3, 0xc3, 0xc3, 0xc3, 0x67, 0x3c,

    /* U+FEEA "ﻪ" */
    0x6, 0xf, 0x86, 0x63, 0x18, 0xc6, 0x31, 0x8c,
    0x61, 0x98, 0x3f, 0xc0,

    /* U+FEEB "ﻫ" */
    0x1f, 0xc0, 0x83, 0x80, 0xc, 0x1e, 0x31, 0x99,
    0x98, 0xcc, 0xc6, 0x66, 0x33, 0x39, 0x9f, 0xff,
    0xc0,

    /* U+FEEC "ﻬ" */
    0x3f, 0x80, 0x41, 0xc0, 0x1, 0x80, 0xe1, 0x83,
    0x23, 0xc, 0x66, 0x18, 0xcc, 0x31, 0x98, 0x73,
    0x31, 0xff, 0xfc,

    /* U+FEED "ﻭ" */
    0x3e, 0xcf, 0x1e, 0x3c, 0x78, 0xf9, 0xbf, 0x6,
    0x1b, 0xe0,

    /* U+FEEE "ﻮ" */
    0x3e, 0x33, 0x31, 0x98, 0xcc, 0x66, 0x33, 0x98,
    0xff, 0x6, 0x6, 0x3e, 0x0,

    /* U+FEEF "ﻯ" */
    0x0, 0xf0, 0x18, 0x2, 0x0, 0x60, 0x7, 0xc,
    0x78, 0xc3, 0xcc, 0xe, 0xc0, 0x6e, 0x6, 0x7f,
    0x80,

    /* U+FEF0 "ﻰ" */
    0x0, 0xe0, 0x2, 0x60, 0xc, 0x46, 0x18, 0x4c,
    0x3e, 0xd8, 0x3c, 0xf0, 0x18, 0x70, 0x30, 0x7f,
    0xc0,

    /* U+FEF1 "ﻱ" */
    0x0, 0xf0, 0x18, 0x2, 0x0, 0x60, 0x7, 0xc,
    0x78, 0xc3, 0xcc, 0xe, 0xc0, 0x6e, 0x6, 0x7f,
    0x80, 0x0, 0x0, 0x0, 0x0, 0x1b, 0x0,

    /* U+FEF2 "ﻲ" */
    0x0, 0xe0, 0x2, 0x60, 0x8, 0x46, 0x18, 0xcc,
    0x3c, 0xd8, 0x3c, 0xf0, 0x18, 0x70, 0x30, 0x7f,
    0x80, 0x0, 0x0, 0x0, 0x0, 0x0, 0x1, 0xb0,
    0x0,

    /* U+FEF3 "ﻳ" */
    0x18, 0x61, 0x86, 0x18, 0x61, 0xbe, 0x0, 0x6,
    0xc0,

    /* U+FEF4 "ﻴ" */
    0x18, 0x30, 0x60, 0xc1, 0x83, 0x6, 0x7f, 0x0,
    0x1, 0xb0,

    /* U+FEF5 "ﻵ" */
    0x3a, 0x17, 0xc0, 0x6c, 0x37, 0x19, 0x8c, 0xc6,
    0x63, 0x31, 0x8c, 0xc6, 0x63, 0x3f, 0xf0,

    /* U+FEF6 "ﻶ" */
    0x1a, 0x4, 0xf0, 0x6, 0x30, 0xc7, 0x18, 0x63,
    0xc, 0x61, 0x8c, 0x31, 0x83, 0x30, 0x66, 0xc,
    0xcf, 0xfe,

    /* U+FEF7 "ﻷ" */
    0xe0, 0x40, 0x38, 0x60, 0x36, 0x1b, 0x8c, 0xc6,
    0x63, 0x31, 0x98, 0xc6, 0x63, 0x31, 0x9f, 0xf8,

    /* U+FEF8 "ﻸ" */
    0xe0, 0x10, 0x3, 0x86, 0x0, 0xc6, 0x18, 0xc3,
    0x1c, 0x61, 0x8c, 0x31, 0x86, 0x30, 0xc6, 0xc,
    0xc1, 0x99, 0xff, 0xc0,

    /* U+FEF9 "ﻹ" */
    0x0, 0xc0, 0x33, 0xc, 0xc3, 0x30, 0xce, 0x31,
    0x8c, 0x63, 0x18, 0xc7, 0x30, 0xcf, 0xfe, 0x0,
    0xe, 0x2, 0x0, 0xe0,

    /* U+FEFA "ﻺ" */
    0x1, 0x80, 0x31, 0x86, 0x30, 0xc6, 0x18, 0x63,
    0xc, 0x61, 0x8c, 0x31, 0x87, 0x30, 0x66, 0x7f,
    0xf0, 0x0, 0xe0, 0x10, 0x3, 0x80,

    /* U+FEFB "ﻻ" */
    0x1, 0x80, 0xd8, 0x6e, 0x33, 0x19, 0x8c, 0xc6,
    0x63, 0x19, 0x8c, 0xc6, 0x7f, 0xe0,

    /* U+FEFC "ﻼ" */
    0x1, 0x80, 0x31, 0x86, 0x38, 0xc3, 0x18, 0x63,
    0xc, 0x61, 0x8c, 0x19, 0x83, 0x30, 0x66, 0x7f,
    0xf0,

    /* U+FEFF "﻿" */
    0x0
};


/*---------------------
 *  GLYPH DESCRIPTION
 *--------------------*/

static const lv_font_fmt_txt_glyph_dsc_t glyph_dsc[] = {
    {.bitmap_index = 0, .adv_w = 0, .box_w = 0, .box_h = 0, .ofs_x = 0, .ofs_y = 0} /* id = 0 reserved */,
    {.bitmap_index = 0, .adv_w = 355, .box_w = 21, .box_h = 4, .ofs_x = 1, .ofs_y = -2},
    {.bitmap_index = 11, .adv_w = 388, .box_w = 24, .box_h = 4, .ofs_x = 1, .ofs_y = -5},
    {.bitmap_index = 23, .adv_w = 316, .box_w = 18, .box_h = 5, .ofs_x = 1, .ofs_y = -2},
    {.bitmap_index = 35, .adv_w = 463, .box_w = 28, .box_h = 6, .ofs_x = 0, .ofs_y = -2},
    {.bitmap_index = 56, .adv_w = 616, .box_w = 36, .box_h = 11, .ofs_x = 1, .ofs_y = -2},
    {.bitmap_index = 106, .adv_w = 428, .box_w = 25, .box_h = 2, .ofs_x = 1, .ofs_y = 9},
    {.bitmap_index = 113, .adv_w = 160, .box_w = 10, .box_h = 11, .ofs_x = 0, .ofs_y = 0},
    {.bitmap_index = 127, .adv_w = 160, .box_w = 9, .box_h = 12, .ofs_x = 1, .ofs_y = 0},
    {.bitmap_index = 141, .adv_w = 248, .box_w = 16, .box_h = 11, .ofs_x = 0, .ofs_y = -3},
    {.bitmap_index = 163, .adv_w = 188, .box_w = 10, .box_h = 11, .ofs_x = 1, .ofs_y = 0},
    {.bitmap_index = 177, .adv_w = 239, .box_w = 14, .box_h = 11, .ofs_x = 1, .ofs_y = 0},
    {.bitmap_index = 197, .adv_w = 160, .box_w = 9, .box_h = 15, .ofs_x = -1, .ofs_y = -4},
    {.bitmap_index = 214, .adv_w = 79, .box_w = 3, .box_h = 4, .ofs_x = 1, .ofs_y = 0},
    {.bitmap_index = 216, .adv_w = 83, .box_w = 5, .box_h = 4, .ofs_x = 0, .ofs_y = -3},
    {.bitmap_index = 219, .adv_w = 302, .box_w = 18, .box_h = 5, .ofs_x = 1, .ofs_y = 0},
    {.bitmap_index = 231, .adv_w = 170, .box_w = 9, .box_h = 12, .ofs_x = 1, .ofs_y = -4},
    {.bitmap_index = 245, .adv_w = 0, .box_w = 4, .box_h = 3, .ofs_x = 1, .ofs_y = 11},
    {.bitmap_index = 247, .adv_w = 0, .box_w = 3, .box_h = 3, .ofs_x = 1, .ofs_y = 11},
    {.bitmap_index = 249, .adv_w = 0, .box_w = 5, .box_h = 4, .ofs_x = 0, .ofs_y = 10},
    {.bitmap_index = 252, .adv_w = 0, .box_w = 5, .box_h = 5, .ofs_x = 1, .ofs_y = 10},
    {.bitmap_index = 256, .adv_w = 0, .box_w = 4, .box_h = 2, .ofs_x = 0, .ofs_y = 11},
    {.bitmap_index = 257, .adv_w = 0, .box_w = 4, .box_h = 4, .ofs_x = 1, .ofs_y = 18},
    {.bitmap_index = 259, .adv_w = 0, .box_w = 5, .box_h = 6, .ofs_x = 0, .ofs_y = 17},
    {.bitmap_index = 263, .adv_w = 0, .box_w = 2, .box_h = 4, .ofs_x = 0, .ofs_y = 17},
    {.bitmap_index = 264, .adv_w = 0, .box_w = 2, .box_h = 1, .ofs_x = 0, .ofs_y = 5},
    {.bitmap_index = 265, .adv_w = 0, .box_w = 3, .box_h = 3, .ofs_x = 0, .ofs_y = 9},
    {.bitmap_index = 267, .adv_w = 0, .box_w = 2, .box_h = 2, .ofs_x = 0, .ofs_y = -2},
    {.bitmap_index = 268, .adv_w = 81, .box_w = 3, .box_h = 11, .ofs_x = 1, .ofs_y = 0},
    {.bitmap_index = 273, .adv_w = 154, .box_w = 1, .box_h = 1, .ofs_x = 0, .ofs_y = 0},
    {.bitmap_index = 274, .adv_w = 141, .box_w = 7, .box_h = 11, .ofs_x = 1, .ofs_y = -1},
    {.bitmap_index = 284, .adv_w = 83, .box_w = 5, .box_h = 4, .ofs_x = 1, .ofs_y = 3},
    {.bitmap_index = 287, .adv_w = 132, .box_w = 7, .box_h = 11, .ofs_x = 1, .ofs_y = 0},
    {.bitmap_index = 297, .adv_w = 222, .box_w = 12, .box_h = 17, .ofs_x = 1, .ofs_y = -9},
    {.bitmap_index = 323, .adv_w = 132, .box_w = 6, .box_h = 7, .ofs_x = 1, .ofs_y = 0},
    {.bitmap_index = 329, .adv_w = 84, .box_w = 6, .box_h = 14, .ofs_x = 0, .ofs_y = 0},
    {.bitmap_index = 340, .adv_w = 84, .box_w = 3, .box_h = 16, .ofs_x = 1, .ofs_y = 0},
    {.bitmap_index = 346, .adv_w = 155, .box_w = 7, .box_h = 16, .ofs_x = 1, .ofs_y = -3},
    {.bitmap_index = 360, .adv_w = 84, .box_w = 3, .box_h = 16, .ofs_x = 1, .ofs_y = -4},
    {.bitmap_index = 366, .adv_w = 222, .box_w = 12, .box_h = 13, .ofs_x = 1, .ofs_y = -3},
    {.bitmap_index = 386, .adv_w = 84, .box_w = 2, .box_h = 12, .ofs_x = 2, .ofs_y = 0},
    {.bitmap_index = 389, .adv_w = 214, .box_w = 11, .box_h = 11, .ofs_x = 1, .ofs_y = -3},
    {.bitmap_index = 405, .adv_w = 159, .box_w = 8, .box_h = 12, .ofs_x = 1, .ofs_y = 0},
    {.bitmap_index = 417, .adv_w = 214, .box_w = 11, .box_h = 10, .ofs_x = 1, .ofs_y = 0},
    {.bitmap_index = 431, .adv_w = 214, .box_w = 11, .box_h = 12, .ofs_x = 1, .ofs_y = 0},
    {.bitmap_index = 448, .adv_w = 172, .box_w = 9, .box_h = 12, .ofs_x = 1, .ofs_y = -3},
    {.bitmap_index = 462, .adv_w = 172, .box_w = 9, .box_h = 13, .ofs_x = 1, .ofs_y = -5},
    {.bitmap_index = 477, .adv_w = 172, .box_w = 8, .box_h = 16, .ofs_x = 1, .ofs_y = -4},
    {.bitmap_index = 493, .adv_w = 145, .box_w = 7, .box_h = 8, .ofs_x = 1, .ofs_y = 0},
    {.bitmap_index = 500, .adv_w = 145, .box_w = 7, .box_h = 12, .ofs_x = 1, .ofs_y = 0},
    {.bitmap_index = 511, .adv_w = 102, .box_w = 6, .box_h = 12, .ofs_x = -1, .ofs_y = -3},
    {.bitmap_index = 520, .adv_w = 102, .box_w = 6, .box_h = 14, .ofs_x = -1, .ofs_y = -2},
    {.bitmap_index = 531, .adv_w = 347, .box_w = 19, .box_h = 11, .ofs_x = 1, .ofs_y = -3},
    {.bitmap_index = 558, .adv_w = 347, .box_w = 19, .box_h = 15, .ofs_x = 1, .ofs_y = -3},
    {.bitmap_index = 594, .adv_w = 316, .box_w = 18, .box_h = 11, .ofs_x = 1, .ofs_y = -3},
    {.bitmap_index = 619, .adv_w = 316, .box_w = 18, .box_h = 15, .ofs_x = 1, .ofs_y = -3},
    {.bitmap_index = 653, .adv_w = 215, .box_w = 12, .box_h = 12, .ofs_x = 0, .ofs_y = 0},
    {.bitmap_index = 671, .adv_w = 215, .box_w = 12, .box_h = 12, .ofs_x = 0, .ofs_y = 0},
    {.bitmap_index = 689, .adv_w = 147, .box_w = 8, .box_h = 13, .ofs_x = 1, .ofs_y = -5},
    {.bitmap_index = 702, .adv_w = 147, .box_w = 7, .box_h = 16, .ofs_x = 1, .ofs_y = -5},
    {.bitmap_index = 716, .adv_w = 220, .box_w = 12, .box_h = 13, .ofs_x = 1, .ofs_y = 0},
    {.bitmap_index = 736, .adv_w = 220, .box_w = 12, .box_h = 19, .ofs_x = 1, .ofs_y = -6},
    {.bitmap_index = 765, .adv_w = 222, .box_w = 12, .box_h = 13, .ofs_x = 1, .ofs_y = -3},
    {.bitmap_index = 785, .adv_w = 222, .box_w = 12, .box_h = 11, .ofs_x = 1, .ofs_y = -3},
    {.bitmap_index = 802, .adv_w = 222, .box_w = 12, .box_h = 13, .ofs_x = 1, .ofs_y = -3},
    {.bitmap_index = 822, .adv_w = 44, .box_w = 3, .box_h = 1, .ofs_x = 0, .ofs_y = 0},
    {.bitmap_index = 823, .adv_w = 270, .box_w = 14, .box_h = 11, .ofs_x = 1, .ofs_y = 0},
    {.bitmap_index = 843, .adv_w = 239, .box_w = 13, .box_h = 15, .ofs_x = 1, .ofs_y = -3},
    {.bitmap_index = 868, .adv_w = 218, .box_w = 11, .box_h = 12, .ofs_x = 1, .ofs_y = 0},
    {.bitmap_index = 885, .adv_w = 191, .box_w = 9, .box_h = 16, .ofs_x = 1, .ofs_y = -4},
    {.bitmap_index = 903, .adv_w = 177, .box_w = 9, .box_h = 13, .ofs_x = 1, .ofs_y = -6},
    {.bitmap_index = 918, .adv_w = 187, .box_w = 9, .box_h = 13, .ofs_x = 1, .ofs_y = -3},
    {.bitmap_index = 933, .adv_w = 226, .box_w = 12, .box_h = 10, .ofs_x = 1, .ofs_y = 0},
    {.bitmap_index = 948, .adv_w = 155, .box_w = 7, .box_h = 11, .ofs_x = 1, .ofs_y = -3},
    {.bitmap_index = 958, .adv_w = 222, .box_w = 12, .box_h = 11, .ofs_x = 1, .ofs_y = -3},
    {.bitmap_index = 975, .adv_w = 222, .box_w = 12, .box_h = 15, .ofs_x = 1, .ofs_y = -7},
    {.bitmap_index = 998, .adv_w = 0, .box_w = 4, .box_h = 5, .ofs_x = 0, .ofs_y = 12},
    {.bitmap_index = 1001, .adv_w = 0, .box_w = 6, .box_h = 4, .ofs_x = 0, .ofs_y = 12},
    {.bitmap_index = 1004, .adv_w = 0, .box_w = 4, .box_h = 4, .ofs_x = 0, .ofs_y = -6},
    {.bitmap_index = 1006, .adv_w = 0, .box_w = 4, .box_h = 3, .ofs_x = 0, .ofs_y = 12},
    {.bitmap_index = 1008, .adv_w = 0, .box_w = 5, .box_h = 4, .ofs_x = 0, .ofs_y = 12},
    {.bitmap_index = 1011, .adv_w = 0, .box_w = 4, .box_h = 3, .ofs_x = 0, .ofs_y = -5},
    {.bitmap_index = 1013, .adv_w = 0, .box_w = 5, .box_h = 3, .ofs_x = 0, .ofs_y = 13},
    {.bitmap_index = 1015, .adv_w = 0, .box_w = 4, .box_h = 3, .ofs_x = 0, .ofs_y = 13},
    {.bitmap_index = 1017, .adv_w = 0, .box_w = 5, .box_h = 2, .ofs_x = 0, .ofs_y = 12},
    {.bitmap_index = 1019, .adv_w = 0, .box_w = 3, .box_h = 3, .ofs_x = -1, .ofs_y = 12},
    {.bitmap_index = 1021, .adv_w = 0, .box_w = 3, .box_h = 3, .ofs_x = -1, .ofs_y = -4},
    {.bitmap_index = 1023, .adv_w = 0, .box_w = 1, .box_h = 3, .ofs_x = 0, .ofs_y = -6},
    {.bitmap_index = 1024, .adv_w = 0, .box_w = 3, .box_h = 5, .ofs_x = 0, .ofs_y = 12},
    {.bitmap_index = 1026, .adv_w = 0, .box_w = 2, .box_h = 2, .ofs_x = 0, .ofs_y = 10},
    {.bitmap_index = 1027, .adv_w = 0, .box_w = 4, .box_h = 1, .ofs_x = 0, .ofs_y = 10},
    {.bitmap_index = 1028, .adv_w = 0, .box_w = 5, .box_h = 3, .ofs_x = 0, .ofs_y = 8},
    {.bitmap_index = 1030, .adv_w = 0, .box_w = 4, .box_h = 3, .ofs_x = -2, .ofs_y = 8},
    {.bitmap_index = 1032, .adv_w = 0, .box_w = 2, .box_h = 1, .ofs_x = 0, .ofs_y = -3},
    {.bitmap_index = 1033, .adv_w = 0, .box_w = 5, .box_h = 4, .ofs_x = 0, .ofs_y = 9},
    {.bitmap_index = 1036, .adv_w = 0, .box_w = 4, .box_h = 4, .ofs_x = 0, .ofs_y = 12},
    {.bitmap_index = 1038, .adv_w = 0, .box_w = 4, .box_h = 3, .ofs_x = -2, .ofs_y = -4},
    {.bitmap_index = 1040, .adv_w = 146, .box_w = 4, .box_h = 5, .ofs_x = 3, .ofs_y = 3},
    {.bitmap_index = 1043, .adv_w = 146, .box_w = 2, .box_h = 11, .ofs_x = 4, .ofs_y = 0},
    {.bitmap_index = 1046, .adv_w = 146, .box_w = 7, .box_h = 10, .ofs_x = 1, .ofs_y = 0},
    {.bitmap_index = 1055, .adv_w = 146, .box_w = 9, .box_h = 11, .ofs_x = 0, .ofs_y = 0},
    {.bitmap_index = 1068, .adv_w = 146, .box_w = 7, .box_h = 11, .ofs_x = 1, .ofs_y = 0},
    {.bitmap_index = 1078, .adv_w = 146, .box_w = 8, .box_h = 11, .ofs_x = 1, .ofs_y = 0},
    {.bitmap_index = 1089, .adv_w = 146, .box_w = 7, .box_h = 10, .ofs_x = 1, .ofs_y = 0},
    {.bitmap_index = 1098, .adv_w = 146, .box_w = 9, .box_h = 11, .ofs_x = 0, .ofs_y = 0},
    {.bitmap_index = 1111, .adv_w = 146, .box_w = 9, .box_h = 11, .ofs_x = 0, .ofs_y = 0},
    {.bitmap_index = 1124, .adv_w = 146, .box_w = 7, .box_h = 11, .ofs_x = 1, .ofs_y = 0},
    {.bitmap_index = 1134, .adv_w = 150, .box_w = 8, .box_h = 11, .ofs_x = 1, .ofs_y = 0},
    {.bitmap_index = 1145, .adv_w = 79, .box_w = 3, .box_h = 4, .ofs_x = 1, .ofs_y = -2},
    {.bitmap_index = 1147, .adv_w = 79, .box_w = 3, .box_h = 4, .ofs_x = 1, .ofs_y = 7},
    {.bitmap_index = 1149, .adv_w = 143, .box_w = 7, .box_h = 7, .ofs_x = 1, .ofs_y = 5},
    {.bitmap_index = 1156, .adv_w = 214, .box_w = 11, .box_h = 8, .ofs_x = 1, .ofs_y = 0},
    {.bitmap_index = 1167, .adv_w = 239, .box_w = 13, .box_h = 11, .ofs_x = 1, .ofs_y = -3},
    {.bitmap_index = 1185, .adv_w = 0, .box_w = 1, .box_h = 3, .ofs_x = 0, .ofs_y = 13},
    {.bitmap_index = 1186, .adv_w = 84, .box_w = 4, .box_h = 15, .ofs_x = 1, .ofs_y = 0},
    {.bitmap_index = 1194, .adv_w = 84, .box_w = 5, .box_h = 16, .ofs_x = 0, .ofs_y = 0},
    {.bitmap_index = 1204, .adv_w = 84, .box_w = 4, .box_h = 16, .ofs_x = 0, .ofs_y = -4},
    {.bitmap_index = 1212, .adv_w = 132, .box_w = 6, .box_h = 7, .ofs_x = 1, .ofs_y = 4},
    {.bitmap_index = 1218, .adv_w = 216, .box_w = 11, .box_h = 12, .ofs_x = 2, .ofs_y = 0},
    {.bitmap_index = 1235, .adv_w = 286, .box_w = 16, .box_h = 13, .ofs_x = 1, .ofs_y = -3},
    {.bitmap_index = 1261, .adv_w = 286, .box_w = 16, .box_h = 17, .ofs_x = 1, .ofs_y = -3},
    {.bitmap_index = 1295, .adv_w = 354, .box_w = 21, .box_h = 14, .ofs_x = 1, .ofs_y = -3},
    {.bitmap_index = 1332, .adv_w = 214, .box_w = 11, .box_h = 12, .ofs_x = 1, .ofs_y = 0},
    {.bitmap_index = 1349, .adv_w = 214, .box_w = 11, .box_h = 12, .ofs_x = 1, .ofs_y = 0},
    {.bitmap_index = 1366, .adv_w = 214, .box_w = 11, .box_h = 13, .ofs_x = 1, .ofs_y = -5},
    {.bitmap_index = 1384, .adv_w = 214, .box_w = 11, .box_h = 12, .ofs_x = 1, .ofs_y = -2},
    {.bitmap_index = 1401, .adv_w = 214, .box_w = 11, .box_h = 12, .ofs_x = 1, .ofs_y = 0},
    {.bitmap_index = 1418, .adv_w = 214, .box_w = 11, .box_h = 13, .ofs_x = 1, .ofs_y = -5},
    {.bitmap_index = 1436, .adv_w = 214, .box_w = 11, .box_h = 12, .ofs_x = 1, .ofs_y = 0},
    {.bitmap_index = 1453, .adv_w = 214, .box_w = 11, .box_h = 13, .ofs_x = 1, .ofs_y = -5},
    {.bitmap_index = 1471, .adv_w = 172, .box_w = 9, .box_h = 18, .ofs_x = 1, .ofs_y = -5},
    {.bitmap_index = 1492, .adv_w = 172, .box_w = 9, .box_h = 20, .ofs_x = 1, .ofs_y = -4},
    {.bitmap_index = 1515, .adv_w = 172, .box_w = 9, .box_h = 13, .ofs_x = 1, .ofs_y = -5},
    {.bitmap_index = 1530, .adv_w = 172, .box_w = 9, .box_h = 13, .ofs_x = 1, .ofs_y = -5},
    {.bitmap_index = 1545, .adv_w = 172, .box_w = 9, .box_h = 19, .ofs_x = 1, .ofs_y = -4},
    {.bitmap_index = 1567, .adv_w = 172, .box_w = 9, .box_h = 13, .ofs_x = 1, .ofs_y = -5},
    {.bitmap_index = 1582, .adv_w = 172, .box_w = 9, .box_h = 13, .ofs_x = 1, .ofs_y = -5},
    {.bitmap_index = 1597, .adv_w = 145, .box_w = 7, .box_h = 15, .ofs_x = 1, .ofs_y = 0},
    {.bitmap_index = 1611, .adv_w = 145, .box_w = 7, .box_h = 10, .ofs_x = 1, .ofs_y = -2},
    {.bitmap_index = 1620, .adv_w = 145, .box_w = 7, .box_h = 11, .ofs_x = 1, .ofs_y = -3},
    {.bitmap_index = 1630, .adv_w = 145, .box_w = 7, .box_h = 18, .ofs_x = 1, .ofs_y = -3},
    {.bitmap_index = 1646, .adv_w = 145, .box_w = 7, .box_h = 12, .ofs_x = 1, .ofs_y = 0},
    {.bitmap_index = 1657, .adv_w = 145, .box_w = 7, .box_h = 11, .ofs_x = 1, .ofs_y = -3},
    {.bitmap_index = 1667, .adv_w = 145, .box_w = 7, .box_h = 15, .ofs_x = 1, .ofs_y = 0},
    {.bitmap_index = 1681, .adv_w = 145, .box_w = 7, .box_h = 14, .ofs_x = 1, .ofs_y = 0},
    {.bitmap_index = 1694, .adv_w = 145, .box_w = 7, .box_h = 15, .ofs_x = 1, .ofs_y = 0},
    {.bitmap_index = 1708, .adv_w = 102, .box_w = 7, .box_h = 18, .ofs_x = -1, .ofs_y = -3},
    {.bitmap_index = 1724, .adv_w = 102, .box_w = 7, .box_h = 17, .ofs_x = -1, .ofs_y = -3},
    {.bitmap_index = 1739, .adv_w = 102, .box_w = 7, .box_h = 14, .ofs_x = -1, .ofs_y = -6},
    {.bitmap_index = 1752, .adv_w = 102, .box_w = 5, .box_h = 15, .ofs_x = 0, .ofs_y = -7},
    {.bitmap_index = 1762, .adv_w = 102, .box_w = 6, .box_h = 17, .ofs_x = -1, .ofs_y = -8},
    {.bitmap_index = 1775, .adv_w = 102, .box_w = 6, .box_h = 15, .ofs_x = -1, .ofs_y = -7},
    {.bitmap_index = 1787, .adv_w = 102, .box_w = 7, .box_h = 14, .ofs_x = 0, .ofs_y = -2},
    {.bitmap_index = 1800, .adv_w = 102, .box_w = 7, .box_h = 17, .ofs_x = 0, .ofs_y = -2},
    {.bitmap_index = 1815, .adv_w = 102, .box_w = 6, .box_h = 18, .ofs_x = 0, .ofs_y = -3},
    {.bitmap_index = 1829, .adv_w = 347, .box_w = 19, .box_h = 13, .ofs_x = 1, .ofs_y = -3},
    {.bitmap_index = 1860, .adv_w = 347, .box_w = 19, .box_h = 13, .ofs_x = 1, .ofs_y = -5},
    {.bitmap_index = 1891, .adv_w = 347, .box_w = 19, .box_h = 17, .ofs_x = 1, .ofs_y = -5},
    {.bitmap_index = 1932, .adv_w = 316, .box_w = 18, .box_h = 11, .ofs_x = 1, .ofs_y = -3},
    {.bitmap_index = 1957, .adv_w = 316, .box_w = 18, .box_h = 17, .ofs_x = 1, .ofs_y = -3},
    {.bitmap_index = 1996, .adv_w = 215, .box_w = 12, .box_h = 13, .ofs_x = 0, .ofs_y = 0},
    {.bitmap_index = 2016, .adv_w = 147, .box_w = 8, .box_h = 19, .ofs_x = 1, .ofs_y = -5},
    {.bitmap_index = 2035, .adv_w = 270, .box_w = 14, .box_h = 8, .ofs_x = 1, .ofs_y = 0},
    {.bitmap_index = 2049, .adv_w = 270, .box_w = 14, .box_h = 11, .ofs_x = 1, .ofs_y = -3},
    {.bitmap_index = 2069, .adv_w = 270, .box_w = 14, .box_h = 14, .ofs_x = 1, .ofs_y = -3},
    {.bitmap_index = 2094, .adv_w = 270, .box_w = 14, .box_h = 13, .ofs_x = 1, .ofs_y = 0},
    {.bitmap_index = 2117, .adv_w = 270, .box_w = 14, .box_h = 13, .ofs_x = 1, .ofs_y = -5},
    {.bitmap_index = 2140, .adv_w = 270, .box_w = 14, .box_h = 13, .ofs_x = 1, .ofs_y = 0},
    {.bitmap_index = 2163, .adv_w = 239, .box_w = 13, .box_h = 15, .ofs_x = 1, .ofs_y = -3},
    {.bitmap_index = 2188, .adv_w = 239, .box_w = 13, .box_h = 17, .ofs_x = 1, .ofs_y = -3},
    {.bitmap_index = 2216, .adv_w = 220, .box_w = 12, .box_h = 13, .ofs_x = 1, .ofs_y = 0},
    {.bitmap_index = 2236, .adv_w = 294, .box_w = 17, .box_h = 10, .ofs_x = 0, .ofs_y = 0},
    {.bitmap_index = 2258, .adv_w = 220, .box_w = 12, .box_h = 13, .ofs_x = 1, .ofs_y = 0},
    {.bitmap_index = 2278, .adv_w = 218, .box_w = 11, .box_h = 12, .ofs_x = 1, .ofs_y = 0},
    {.bitmap_index = 2295, .adv_w = 218, .box_w = 11, .box_h = 13, .ofs_x = 1, .ofs_y = 0},
    {.bitmap_index = 2313, .adv_w = 218, .box_w = 11, .box_h = 18, .ofs_x = 1, .ofs_y = -6},
    {.bitmap_index = 2338, .adv_w = 220, .box_w = 12, .box_h = 15, .ofs_x = 1, .ofs_y = 0},
    {.bitmap_index = 2361, .adv_w = 220, .box_w = 12, .box_h = 15, .ofs_x = 1, .ofs_y = 0},
    {.bitmap_index = 2384, .adv_w = 220, .box_w = 12, .box_h = 15, .ofs_x = 1, .ofs_y = 0},
    {.bitmap_index = 2407, .adv_w = 220, .box_w = 12, .box_h = 18, .ofs_x = 1, .ofs_y = -3},
    {.bitmap_index = 2434, .adv_w = 220, .box_w = 12, .box_h = 21, .ofs_x = 1, .ofs_y = -6},
    {.bitmap_index = 2466, .adv_w = 220, .box_w = 12, .box_h = 16, .ofs_x = 1, .ofs_y = 0},
    {.bitmap_index = 2490, .adv_w = 191, .box_w = 10, .box_h = 20, .ofs_x = 1, .ofs_y = -4},
    {.bitmap_index = 2515, .adv_w = 191, .box_w = 9, .box_h = 19, .ofs_x = 1, .ofs_y = -4},
    {.bitmap_index = 2537, .adv_w = 191, .box_w = 11, .box_h = 21, .ofs_x = 1, .ofs_y = -4},
    {.bitmap_index = 2566, .adv_w = 191, .box_w = 9, .box_h = 22, .ofs_x = 1, .ofs_y = -10},
    {.bitmap_index = 2591, .adv_w = 187, .box_w = 9, .box_h = 17, .ofs_x = 1, .ofs_y = -7},
    {.bitmap_index = 2611, .adv_w = 187, .box_w = 9, .box_h = 12, .ofs_x = 1, .ofs_y = -3},
    {.bitmap_index = 2625, .adv_w = 187, .box_w = 9, .box_h = 15, .ofs_x = 1, .ofs_y = -3},
    {.bitmap_index = 2642, .adv_w = 187, .box_w = 9, .box_h = 16, .ofs_x = 1, .ofs_y = -6},
    {.bitmap_index = 2660, .adv_w = 187, .box_w = 9, .box_h = 15, .ofs_x = 1, .ofs_y = -3},
    {.bitmap_index = 2677, .adv_w = 226, .box_w = 12, .box_h = 10, .ofs_x = 1, .ofs_y = 0},
    {.bitmap_index = 2692, .adv_w = 172, .box_w = 9, .box_h = 16, .ofs_x = 1, .ofs_y = -4},
    {.bitmap_index = 2710, .adv_w = 159, .box_w = 8, .box_h = 12, .ofs_x = 1, .ofs_y = 0},
    {.bitmap_index = 2722, .adv_w = 159, .box_w = 8, .box_h = 8, .ofs_x = 1, .ofs_y = 0},
    {.bitmap_index = 2730, .adv_w = 159, .box_w = 8, .box_h = 12, .ofs_x = 1, .ofs_y = 0},
    {.bitmap_index = 2742, .adv_w = 159, .box_w = 8, .box_h = 12, .ofs_x = 1, .ofs_y = 0},
    {.bitmap_index = 2754, .adv_w = 154, .box_w = 7, .box_h = 14, .ofs_x = 1, .ofs_y = -6},
    {.bitmap_index = 2767, .adv_w = 154, .box_w = 7, .box_h = 13, .ofs_x = 1, .ofs_y = -5},
    {.bitmap_index = 2779, .adv_w = 155, .box_w = 7, .box_h = 16, .ofs_x = 1, .ofs_y = -3},
    {.bitmap_index = 2793, .adv_w = 155, .box_w = 7, .box_h = 17, .ofs_x = 1, .ofs_y = -3},
    {.bitmap_index = 2808, .adv_w = 155, .box_w = 7, .box_h = 15, .ofs_x = 1, .ofs_y = -3},
    {.bitmap_index = 2822, .adv_w = 155, .box_w = 7, .box_h = 16, .ofs_x = 1, .ofs_y = -3},
    {.bitmap_index = 2836, .adv_w = 155, .box_w = 7, .box_h = 15, .ofs_x = 1, .ofs_y = -3},
    {.bitmap_index = 2850, .adv_w = 155, .box_w = 7, .box_h = 17, .ofs_x = 1, .ofs_y = -3},
    {.bitmap_index = 2865, .adv_w = 222, .box_w = 12, .box_h = 11, .ofs_x = 1, .ofs_y = -3},
    {.bitmap_index = 2882, .adv_w = 222, .box_w = 15, .box_h = 11, .ofs_x = -2, .ofs_y = -3},
    {.bitmap_index = 2903, .adv_w = 222, .box_w = 12, .box_h = 13, .ofs_x = 1, .ofs_y = -3},
    {.bitmap_index = 2923, .adv_w = 155, .box_w = 7, .box_h = 15, .ofs_x = 1, .ofs_y = -3},
    {.bitmap_index = 2937, .adv_w = 222, .box_w = 12, .box_h = 18, .ofs_x = 1, .ofs_y = -10},
    {.bitmap_index = 2964, .adv_w = 222, .box_w = 12, .box_h = 18, .ofs_x = 1, .ofs_y = -10},
    {.bitmap_index = 2991, .adv_w = 148, .box_w = 11, .box_h = 9, .ofs_x = 1, .ofs_y = -3},
    {.bitmap_index = 3004, .adv_w = 148, .box_w = 11, .box_h = 13, .ofs_x = 1, .ofs_y = -3},
    {.bitmap_index = 3022, .adv_w = 94, .box_w = 4, .box_h = 1, .ofs_x = 1, .ofs_y = 0},
    {.bitmap_index = 3023, .adv_w = 159, .box_w = 8, .box_h = 8, .ofs_x = 1, .ofs_y = 0},
    {.bitmap_index = 3031, .adv_w = 0, .box_w = 8, .box_h = 6, .ofs_x = 0, .ofs_y = 17},
    {.bitmap_index = 3037, .adv_w = 0, .box_w = 7, .box_h = 6, .ofs_x = 0, .ofs_y = 17},
    {.bitmap_index = 3043, .adv_w = 0, .box_w = 5, .box_h = 3, .ofs_x = 0, .ofs_y = 17},
    {.bitmap_index = 3045, .adv_w = 0, .box_w = 4, .box_h = 5, .ofs_x = 0, .ofs_y = 17},
    {.bitmap_index = 3048, .adv_w = 0, .box_w = 4, .box_h = 5, .ofs_x = 0, .ofs_y = 17},
    {.bitmap_index = 3051, .adv_w = 0, .box_w = 4, .box_h = 3, .ofs_x = 0, .ofs_y = 18},
    {.bitmap_index = 3053, .adv_w = 0, .box_w = 8, .box_h = 5, .ofs_x = 0, .ofs_y = 17},
    {.bitmap_index = 3058, .adv_w = 287, .box_w = 17, .box_h = 18, .ofs_x = 1, .ofs_y = -4},
    {.bitmap_index = 3097, .adv_w = 278, .box_w = 16, .box_h = 16, .ofs_x = 1, .ofs_y = -2},
    {.bitmap_index = 3129, .adv_w = 0, .box_w = 3, .box_h = 3, .ofs_x = 0, .ofs_y = 13},
    {.bitmap_index = 3131, .adv_w = 0, .box_w = 3, .box_h = 4, .ofs_x = 0, .ofs_y = 16},
    {.bitmap_index = 3133, .adv_w = 0, .box_w = 3, .box_h = 3, .ofs_x = 0, .ofs_y = 13},
    {.bitmap_index = 3135, .adv_w = 0, .box_w = 4, .box_h = 5, .ofs_x = 0, .ofs_y = 16},
    {.bitmap_index = 3138, .adv_w = 0, .box_w = 8, .box_h = 5, .ofs_x = 0, .ofs_y = -5},
    {.bitmap_index = 3143, .adv_w = 0, .box_w = 5, .box_h = 2, .ofs_x = 0, .ofs_y = 12},
    {.bitmap_index = 3145, .adv_w = 57, .box_w = 3, .box_h = 5, .ofs_x = 1, .ofs_y = 0},
    {.bitmap_index = 3147, .adv_w = 78, .box_w = 4, .box_h = 4, .ofs_x = 0, .ofs_y = 0},
    {.bitmap_index = 3149, .adv_w = 0, .box_w = 4, .box_h = 4, .ofs_x = 0, .ofs_y = 12},
    {.bitmap_index = 3151, .adv_w = 0, .box_w = 4, .box_h = 4, .ofs_x = 0, .ofs_y = 17},
    {.bitmap_index = 3153, .adv_w = 154, .box_w = 10, .box_h = 13, .ofs_x = 0, .ofs_y = 0},
    {.bitmap_index = 3170, .adv_w = 0, .box_w = 3, .box_h = 3, .ofs_x = 0, .ofs_y = -5},
    {.bitmap_index = 3172, .adv_w = 0, .box_w = 3, .box_h = 4, .ofs_x = 0, .ofs_y = 7},
    {.bitmap_index = 3174, .adv_w = 0, .box_w = 2, .box_h = 1, .ofs_x = 0, .ofs_y = 7},
    {.bitmap_index = 3175, .adv_w = 0, .box_w = 4, .box_h = 5, .ofs_x = 0, .ofs_y = -5},
    {.bitmap_index = 3178, .adv_w = 145, .box_w = 7, .box_h = 14, .ofs_x = 1, .ofs_y = 0},
    {.bitmap_index = 3191, .adv_w = 102, .box_w = 7, .box_h = 17, .ofs_x = -1, .ofs_y = -3},
    {.bitmap_index = 3206, .adv_w = 146, .box_w = 4, .box_h = 5, .ofs_x = 3, .ofs_y = 3},
    {.bitmap_index = 3209, .adv_w = 146, .box_w = 2, .box_h = 11, .ofs_x = 4, .ofs_y = 0},
    {.bitmap_index = 3212, .adv_w = 146, .box_w = 7, .box_h = 10, .ofs_x = 1, .ofs_y = 0},
    {.bitmap_index = 3221, .adv_w = 146, .box_w = 9, .box_h = 11, .ofs_x = 0, .ofs_y = 0},
    {.bitmap_index = 3234, .adv_w = 146, .box_w = 8, .box_h = 11, .ofs_x = 1, .ofs_y = 0},
    {.bitmap_index = 3245, .adv_w = 146, .box_w = 8, .box_h = 11, .ofs_x = 1, .ofs_y = 0},
    {.bitmap_index = 3256, .adv_w = 146, .box_w = 6, .box_h = 11, .ofs_x = 1, .ofs_y = 0},
    {.bitmap_index = 3265, .adv_w = 146, .box_w = 9, .box_h = 11, .ofs_x = 0, .ofs_y = 0},
    {.bitmap_index = 3278, .adv_w = 146, .box_w = 9, .box_h = 11, .ofs_x = 0, .ofs_y = 0},
    {.bitmap_index = 3291, .adv_w = 146, .box_w = 7, .box_h = 11, .ofs_x = 1, .ofs_y = 0},
    {.bitmap_index = 3301, .adv_w = 347, .box_w = 19, .box_h = 15, .ofs_x = 1, .ofs_y = -3},
    {.bitmap_index = 3337, .adv_w = 316, .box_w = 18, .box_h = 15, .ofs_x = 1, .ofs_y = -3},
    {.bitmap_index = 3371, .adv_w = 147, .box_w = 7, .box_h = 16, .ofs_x = 1, .ofs_y = -5},
    {.bitmap_index = 3385, .adv_w = 132, .box_w = 6, .box_h = 11, .ofs_x = 1, .ofs_y = -4},
    {.bitmap_index = 3394, .adv_w = 177, .box_w = 9, .box_h = 13, .ofs_x = 1, .ofs_y = -6},
    {.bitmap_index = 3409, .adv_w = 226, .box_w = 12, .box_h = 16, .ofs_x = 1, .ofs_y = 0},
    {.bitmap_index = 3433, .adv_w = 84, .box_w = 4, .box_h = 15, .ofs_x = 1, .ofs_y = 0},
    {.bitmap_index = 3441, .adv_w = 90, .box_w = 5, .box_h = 16, .ofs_x = 1, .ofs_y = 0},
    {.bitmap_index = 3451, .adv_w = 214, .box_w = 11, .box_h = 13, .ofs_x = 1, .ofs_y = -5},
    {.bitmap_index = 3469, .adv_w = 225, .box_w = 13, .box_h = 14, .ofs_x = 1, .ofs_y = -6},
    {.bitmap_index = 3492, .adv_w = 86, .box_w = 4, .box_h = 14, .ofs_x = 0, .ofs_y = -6},
    {.bitmap_index = 3499, .adv_w = 96, .box_w = 6, .box_h = 14, .ofs_x = 0, .ofs_y = -6},
    {.bitmap_index = 3510, .adv_w = 214, .box_w = 11, .box_h = 13, .ofs_x = 1, .ofs_y = -5},
    {.bitmap_index = 3528, .adv_w = 225, .box_w = 13, .box_h = 14, .ofs_x = 1, .ofs_y = -6},
    {.bitmap_index = 3551, .adv_w = 101, .box_w = 6, .box_h = 14, .ofs_x = 0, .ofs_y = -6},
    {.bitmap_index = 3562, .adv_w = 109, .box_w = 7, .box_h = 14, .ofs_x = 0, .ofs_y = -6},
    {.bitmap_index = 3575, .adv_w = 214, .box_w = 11, .box_h = 13, .ofs_x = 1, .ofs_y = -5},
    {.bitmap_index = 3593, .adv_w = 225, .box_w = 13, .box_h = 14, .ofs_x = 1, .ofs_y = -6},
    {.bitmap_index = 3616, .adv_w = 101, .box_w = 5, .box_h = 14, .ofs_x = 0, .ofs_y = -6},
    {.bitmap_index = 3625, .adv_w = 109, .box_w = 7, .box_h = 14, .ofs_x = 0, .ofs_y = -6},
    {.bitmap_index = 3638, .adv_w = 214, .box_w = 11, .box_h = 12, .ofs_x = 1, .ofs_y = 0},
    {.bitmap_index = 3655, .adv_w = 225, .box_w = 13, .box_h = 11, .ofs_x = 1, .ofs_y = 0},
    {.bitmap_index = 3673, .adv_w = 101, .box_w = 6, .box_h = 14, .ofs_x = -1, .ofs_y = 0},
    {.bitmap_index = 3684, .adv_w = 109, .box_w = 7, .box_h = 14, .ofs_x = 0, .ofs_y = 0},
    {.bitmap_index = 3697, .adv_w = 214, .box_w = 11, .box_h = 12, .ofs_x = 1, .ofs_y = 0},
    {.bitmap_index = 3714, .adv_w = 225, .box_w = 13, .box_h = 10, .ofs_x = 1, .ofs_y = 0},
    {.bitmap_index = 3731, .adv_w = 101, .box_w = 6, .box_h = 14, .ofs_x = -1, .ofs_y = 0},
    {.bitmap_index = 3742, .adv_w = 109, .box_w = 7, .box_h = 14, .ofs_x = 0, .ofs_y = 0},
    {.bitmap_index = 3755, .adv_w = 214, .box_w = 11, .box_h = 12, .ofs_x = 1, .ofs_y = 0},
    {.bitmap_index = 3772, .adv_w = 225, .box_w = 13, .box_h = 11, .ofs_x = 1, .ofs_y = 0},
    {.bitmap_index = 3790, .adv_w = 86, .box_w = 4, .box_h = 14, .ofs_x = 0, .ofs_y = 0},
    {.bitmap_index = 3797, .adv_w = 109, .box_w = 7, .box_h = 14, .ofs_x = 0, .ofs_y = 0},
    {.bitmap_index = 3810, .adv_w = 270, .box_w = 14, .box_h = 13, .ofs_x = 1, .ofs_y = 0},
    {.bitmap_index = 3833, .adv_w = 278, .box_w = 17, .box_h = 14, .ofs_x = 1, .ofs_y = 0},
    {.bitmap_index = 3863, .adv_w = 160, .box_w = 9, .box_h = 13, .ofs_x = -1, .ofs_y = 0},
    {.bitmap_index = 3878, .adv_w = 167, .box_w = 11, .box_h = 13, .ofs_x = 0, .ofs_y = 0},
    {.bitmap_index = 3896, .adv_w = 270, .box_w = 14, .box_h = 13, .ofs_x = 1, .ofs_y = 0},
    {.bitmap_index = 3919, .adv_w = 278, .box_w = 17, .box_h = 14, .ofs_x = 1, .ofs_y = 0},
    {.bitmap_index = 3949, .adv_w = 160, .box_w = 9, .box_h = 13, .ofs_x = -1, .ofs_y = 0},
    {.bitmap_index = 3964, .adv_w = 167, .box_w = 11, .box_h = 13, .ofs_x = 0, .ofs_y = 0},
    {.bitmap_index = 3982, .adv_w = 172, .box_w = 9, .box_h = 13, .ofs_x = 1, .ofs_y = -5},
    {.bitmap_index = 3997, .adv_w = 163, .box_w = 10, .box_h = 13, .ofs_x = 1, .ofs_y = -5},
    {.bitmap_index = 4014, .adv_w = 154, .box_w = 9, .box_h = 14, .ofs_x = 0, .ofs_y = -6},
    {.bitmap_index = 4030, .adv_w = 153, .box_w = 10, .box_h = 14, .ofs_x = 0, .ofs_y = -6},
    {.bitmap_index = 4048, .adv_w = 172, .box_w = 9, .box_h = 13, .ofs_x = 1, .ofs_y = -5},
    {.bitmap_index = 4063, .adv_w = 163, .box_w = 10, .box_h = 13, .ofs_x = 1, .ofs_y = -5},
    {.bitmap_index = 4080, .adv_w = 154, .box_w = 9, .box_h = 11, .ofs_x = 0, .ofs_y = -3},
    {.bitmap_index = 4093, .adv_w = 153, .box_w = 10, .box_h = 11, .ofs_x = 0, .ofs_y = -3},
    {.bitmap_index = 4107, .adv_w = 172, .box_w = 9, .box_h = 13, .ofs_x = 1, .ofs_y = -5},
    {.bitmap_index = 4122, .adv_w = 163, .box_w = 10, .box_h = 13, .ofs_x = 1, .ofs_y = -5},
    {.bitmap_index = 4139, .adv_w = 154, .box_w = 9, .box_h = 14, .ofs_x = 0, .ofs_y = -6},
    {.bitmap_index = 4155, .adv_w = 153, .box_w = 10, .box_h = 14, .ofs_x = 0, .ofs_y = -6},
    {.bitmap_index = 4173, .adv_w = 172, .box_w = 9, .box_h = 13, .ofs_x = 1, .ofs_y = -5},
    {.bitmap_index = 4188, .adv_w = 163, .box_w = 10, .box_h = 13, .ofs_x = 1, .ofs_y = -5},
    {.bitmap_index = 4205, .adv_w = 154, .box_w = 9, .box_h = 14, .ofs_x = 0, .ofs_y = -6},
    {.bitmap_index = 4221, .adv_w = 153, .box_w = 10, .box_h = 14, .ofs_x = 0, .ofs_y = -6},
    {.bitmap_index = 4239, .adv_w = 145, .box_w = 7, .box_h = 11, .ofs_x = 1, .ofs_y = -3},
    {.bitmap_index = 4249, .adv_w = 160, .box_w = 9, .box_h = 11, .ofs_x = 1, .ofs_y = -3},
    {.bitmap_index = 4262, .adv_w = 145, .box_w = 7, .box_h = 12, .ofs_x = 1, .ofs_y = 0},
    {.bitmap_index = 4273, .adv_w = 160, .box_w = 10, .box_h = 12, .ofs_x = 1, .ofs_y = 0},
    {.bitmap_index = 4288, .adv_w = 145, .box_w = 7, .box_h = 15, .ofs_x = 1, .ofs_y = 0},
    {.bitmap_index = 4302, .adv_w = 160, .box_w = 10, .box_h = 14, .ofs_x = 1, .ofs_y = 0},
    {.bitmap_index = 4320, .adv_w = 145, .box_w = 7, .box_h = 15, .ofs_x = 1, .ofs_y = 0},
    {.bitmap_index = 4334, .adv_w = 160, .box_w = 9, .box_h = 15, .ofs_x = 1, .ofs_y = 0},
    {.bitmap_index = 4351, .adv_w = 102, .box_w = 7, .box_h = 17, .ofs_x = 0, .ofs_y = -2},
    {.bitmap_index = 4366, .adv_w = 112, .box_w = 8, .box_h = 16, .ofs_x = 0, .ofs_y = -3},
    {.bitmap_index = 4382, .adv_w = 102, .box_w = 7, .box_h = 18, .ofs_x = -1, .ofs_y = -3},
    {.bitmap_index = 4398, .adv_w = 112, .box_w = 8, .box_h = 17, .ofs_x = -1, .ofs_y = -3},
    {.bitmap_index = 4415, .adv_w = 220, .box_w = 12, .box_h = 13, .ofs_x = 1, .ofs_y = 0},
    {.bitmap_index = 4435, .adv_w = 233, .box_w = 14, .box_h = 13, .ofs_x = 1, .ofs_y = 0},
    {.bitmap_index = 4458, .adv_w = 153, .box_w = 9, .box_h = 13, .ofs_x = -1, .ofs_y = 0},
    {.bitmap_index = 4473, .adv_w = 166, .box_w = 11, .box_h = 13, .ofs_x = 0, .ofs_y = 0},
    {.bitmap_index = 4491, .adv_w = 220, .box_w = 12, .box_h = 15, .ofs_x = 1, .ofs_y = 0},
    {.bitmap_index = 4514, .adv_w = 233, .box_w = 14, .box_h = 15, .ofs_x = 1, .ofs_y = 0},
    {.bitmap_index = 4541, .adv_w = 153, .box_w = 9, .box_h = 15, .ofs_x = -1, .ofs_y = 0},
    {.bitmap_index = 4558, .adv_w = 166, .box_w = 11, .box_h = 15, .ofs_x = 0, .ofs_y = 0},
    {.bitmap_index = 4579, .adv_w = 220, .box_w = 12, .box_h = 21, .ofs_x = 1, .ofs_y = -6},
    {.bitmap_index = 4611, .adv_w = 233, .box_w = 14, .box_h = 21, .ofs_x = 1, .ofs_y = -6},
    {.bitmap_index = 4648, .adv_w = 153, .box_w = 9, .box_h = 21, .ofs_x = -1, .ofs_y = -6},
    {.bitmap_index = 4672, .adv_w = 166, .box_w = 11, .box_h = 21, .ofs_x = 0, .ofs_y = -6},
    {.bitmap_index = 4701, .adv_w = 220, .box_w = 12, .box_h = 15, .ofs_x = 1, .ofs_y = 0},
    {.bitmap_index = 4724, .adv_w = 233, .box_w = 14, .box_h = 15, .ofs_x = 1, .ofs_y = 0},
    {.bitmap_index = 4751, .adv_w = 153, .box_w = 9, .box_h = 15, .ofs_x = 0, .ofs_y = 0},
    {.bitmap_index = 4768, .adv_w = 166, .box_w = 11, .box_h = 15, .ofs_x = 0, .ofs_y = 0},
    {.bitmap_index = 4789, .adv_w = 187, .box_w = 9, .box_h = 12, .ofs_x = 1, .ofs_y = -3},
    {.bitmap_index = 4803, .adv_w = 196, .box_w = 12, .box_h = 11, .ofs_x = 1, .ofs_y = -3},
    {.bitmap_index = 4820, .adv_w = 187, .box_w = 9, .box_h = 15, .ofs_x = 1, .ofs_y = -3},
    {.bitmap_index = 4837, .adv_w = 196, .box_w = 12, .box_h = 15, .ofs_x = 1, .ofs_y = -3},
    {.bitmap_index = 4860, .adv_w = 86, .box_w = 4, .box_h = 14, .ofs_x = 0, .ofs_y = 0},
    {.bitmap_index = 4867, .adv_w = 109, .box_w = 7, .box_h = 14, .ofs_x = 0, .ofs_y = 0},
    {.bitmap_index = 4880, .adv_w = 159, .box_w = 8, .box_h = 12, .ofs_x = 1, .ofs_y = 0},
    {.bitmap_index = 4892, .adv_w = 163, .box_w = 10, .box_h = 13, .ofs_x = 1, .ofs_y = 0},
    {.bitmap_index = 4909, .adv_w = 159, .box_w = 8, .box_h = 8, .ofs_x = 1, .ofs_y = 0},
    {.bitmap_index = 4917, .adv_w = 191, .box_w = 11, .box_h = 7, .ofs_x = 1, .ofs_y = 0},
    {.bitmap_index = 4927, .adv_w = 88, .box_w = 4, .box_h = 11, .ofs_x = 0, .ofs_y = -3},
    {.bitmap_index = 4933, .adv_w = 157, .box_w = 10, .box_h = 4, .ofs_x = 0, .ofs_y = -3},
    {.bitmap_index = 4938, .adv_w = 226, .box_w = 12, .box_h = 10, .ofs_x = 1, .ofs_y = 0},
    {.bitmap_index = 4953, .adv_w = 231, .box_w = 14, .box_h = 10, .ofs_x = 1, .ofs_y = 0},
    {.bitmap_index = 4971, .adv_w = 218, .box_w = 13, .box_h = 10, .ofs_x = -1, .ofs_y = 0},
    {.bitmap_index = 4988, .adv_w = 229, .box_w = 15, .box_h = 10, .ofs_x = 0, .ofs_y = 0},
    {.bitmap_index = 5007, .adv_w = 148, .box_w = 11, .box_h = 9, .ofs_x = 1, .ofs_y = -3},
    {.bitmap_index = 5020, .adv_w = 106, .box_w = 10, .box_h = 4, .ofs_x = 1, .ofs_y = -3},
    {.bitmap_index = 5025, .adv_w = 148, .box_w = 11, .box_h = 13, .ofs_x = 1, .ofs_y = -3},
    {.bitmap_index = 5043, .adv_w = 106, .box_w = 10, .box_h = 10, .ofs_x = 1, .ofs_y = -3},
    {.bitmap_index = 5056, .adv_w = 32, .box_w = 2, .box_h = 1, .ofs_x = 0, .ofs_y = 10},
    {.bitmap_index = 5057, .adv_w = 32, .box_w = 2, .box_h = 1, .ofs_x = 0, .ofs_y = -3},
    {.bitmap_index = 5058, .adv_w = 76, .box_w = 5, .box_h = 1, .ofs_x = 0, .ofs_y = 10},
    {.bitmap_index = 5059, .adv_w = 76, .box_w = 5, .box_h = 1, .ofs_x = 0, .ofs_y = -3},
    {.bitmap_index = 5060, .adv_w = 76, .box_w = 5, .box_h = 4, .ofs_x = 0, .ofs_y = 10},
    {.bitmap_index = 5063, .adv_w = 76, .box_w = 5, .box_h = 4, .ofs_x = 0, .ofs_y = -4},
    {.bitmap_index = 5066, .adv_w = 76, .box_w = 5, .box_h = 4, .ofs_x = 0, .ofs_y = 10},
    {.bitmap_index = 5069, .adv_w = 76, .box_w = 5, .box_h = 4, .ofs_x = 0, .ofs_y = -5},
    {.bitmap_index = 5072, .adv_w = 69, .box_w = 4, .box_h = 4, .ofs_x = 0, .ofs_y = 10},
    {.bitmap_index = 5074, .adv_w = 69, .box_w = 4, .box_h = 4, .ofs_x = 0, .ofs_y = -5},
    {.bitmap_index = 5076, .adv_w = 48, .box_w = 3, .box_h = 3, .ofs_x = 0, .ofs_y = -4},
    {.bitmap_index = 5078, .adv_w = 32, .box_w = 2, .box_h = 5, .ofs_x = 0, .ofs_y = 10},
    {.bitmap_index = 5080, .adv_w = 32, .box_w = 2, .box_h = 5, .ofs_x = 0, .ofs_y = -6},
    {.bitmap_index = 5082, .adv_w = 57, .box_w = 4, .box_h = 3, .ofs_x = 0, .ofs_y = 13},
    {.bitmap_index = 5084, .adv_w = 58, .box_w = 4, .box_h = 4, .ofs_x = 1, .ofs_y = 11},
    {.bitmap_index = 5086, .adv_w = 58, .box_w = 4, .box_h = 4, .ofs_x = 1, .ofs_y = -6},
    {.bitmap_index = 5088, .adv_w = 62, .box_w = 4, .box_h = 3, .ofs_x = 0, .ofs_y = 13},
    {.bitmap_index = 5090, .adv_w = 218, .box_w = 11, .box_h = 13, .ofs_x = 1, .ofs_y = 0},
    {.bitmap_index = 5108, .adv_w = 225, .box_w = 13, .box_h = 13, .ofs_x = 1, .ofs_y = 0},
    {.bitmap_index = 5130, .adv_w = 153, .box_w = 9, .box_h = 14, .ofs_x = -1, .ofs_y = 0},
    {.bitmap_index = 5146, .adv_w = 166, .box_w = 12, .box_h = 14, .ofs_x = -1, .ofs_y = 0},
    {.bitmap_index = 5167, .adv_w = 155, .box_w = 7, .box_h = 17, .ofs_x = 1, .ofs_y = -3},
    {.bitmap_index = 5182, .adv_w = 160, .box_w = 9, .box_h = 17, .ofs_x = 1, .ofs_y = -3},
    {.bitmap_index = 5202, .adv_w = 155, .box_w = 7, .box_h = 16, .ofs_x = 1, .ofs_y = -3},
    {.bitmap_index = 5216, .adv_w = 160, .box_w = 9, .box_h = 16, .ofs_x = 1, .ofs_y = -3},
    {.bitmap_index = 5234, .adv_w = 155, .box_w = 7, .box_h = 15, .ofs_x = 1, .ofs_y = -3},
    {.bitmap_index = 5248, .adv_w = 160, .box_w = 9, .box_h = 15, .ofs_x = 1, .ofs_y = -3},
    {.bitmap_index = 5265, .adv_w = 286, .box_w = 16, .box_h = 17, .ofs_x = 1, .ofs_y = -3},
    {.bitmap_index = 5299, .adv_w = 155, .box_w = 7, .box_h = 17, .ofs_x = 1, .ofs_y = -3},
    {.bitmap_index = 5314, .adv_w = 160, .box_w = 9, .box_h = 17, .ofs_x = 1, .ofs_y = -3},
    {.bitmap_index = 5334, .adv_w = 154, .box_w = 7, .box_h = 13, .ofs_x = 1, .ofs_y = -5},
    {.bitmap_index = 5346, .adv_w = 160, .box_w = 9, .box_h = 13, .ofs_x = 1, .ofs_y = -5},
    {.bitmap_index = 5361, .adv_w = 155, .box_w = 7, .box_h = 16, .ofs_x = 1, .ofs_y = -3},
    {.bitmap_index = 5375, .adv_w = 160, .box_w = 9, .box_h = 16, .ofs_x = 1, .ofs_y = -3},
    {.bitmap_index = 5393, .adv_w = 222, .box_w = 12, .box_h = 18, .ofs_x = 1, .ofs_y = -10},
    {.bitmap_index = 5420, .adv_w = 254, .box_w = 15, .box_h = 16, .ofs_x = 1, .ofs_y = -10},
    {.bitmap_index = 5450, .adv_w = 101, .box_w = 5, .box_h = 14, .ofs_x = 0, .ofs_y = -6},
    {.bitmap_index = 5459, .adv_w = 109, .box_w = 7, .box_h = 14, .ofs_x = 0, .ofs_y = -6},
    {.bitmap_index = 5472, .adv_w = 86, .box_w = 4, .box_h = 8, .ofs_x = 0, .ofs_y = 0},
    {.bitmap_index = 5476, .adv_w = 96, .box_w = 6, .box_h = 8, .ofs_x = 0, .ofs_y = 0},
    {.bitmap_index = 5482, .adv_w = 176, .box_w = 8, .box_h = 13, .ofs_x = 2, .ofs_y = 0},
    {.bitmap_index = 5495, .adv_w = 186, .box_w = 10, .box_h = 13, .ofs_x = 2, .ofs_y = 0},
    {.bitmap_index = 5512, .adv_w = 278, .box_w = 15, .box_h = 13, .ofs_x = 1, .ofs_y = 0},
    {.bitmap_index = 5537, .adv_w = 288, .box_w = 17, .box_h = 13, .ofs_x = 1, .ofs_y = 0},
    {.bitmap_index = 5565, .adv_w = 246, .box_w = 13, .box_h = 16, .ofs_x = 1, .ofs_y = -3},
    {.bitmap_index = 5591, .adv_w = 257, .box_w = 15, .box_h = 16, .ofs_x = 1, .ofs_y = -3},
    {.bitmap_index = 5621, .adv_w = 246, .box_w = 13, .box_h = 17, .ofs_x = 1, .ofs_y = -3},
    {.bitmap_index = 5649, .adv_w = 257, .box_w = 15, .box_h = 17, .ofs_x = 1, .ofs_y = -3},
    {.bitmap_index = 5681, .adv_w = 246, .box_w = 13, .box_h = 16, .ofs_x = 1, .ofs_y = -3},
    {.bitmap_index = 5707, .adv_w = 257, .box_w = 15, .box_h = 16, .ofs_x = 1, .ofs_y = -3},
    {.bitmap_index = 5737, .adv_w = 246, .box_w = 13, .box_h = 16, .ofs_x = 1, .ofs_y = -3},
    {.bitmap_index = 5763, .adv_w = 257, .box_w = 15, .box_h = 16, .ofs_x = 1, .ofs_y = -3},
    {.bitmap_index = 5793, .adv_w = 340, .box_w = 19, .box_h = 23, .ofs_x = 1, .ofs_y = -10},
    {.bitmap_index = 5848, .adv_w = 350, .box_w = 21, .box_h = 23, .ofs_x = 1, .ofs_y = -10},
    {.bitmap_index = 5909, .adv_w = 195, .box_w = 12, .box_h = 19, .ofs_x = -1, .ofs_y = -6},
    {.bitmap_index = 5938, .adv_w = 340, .box_w = 19, .box_h = 16, .ofs_x = 1, .ofs_y = -3},
    {.bitmap_index = 5976, .adv_w = 350, .box_w = 21, .box_h = 16, .ofs_x = 1, .ofs_y = -3},
    {.bitmap_index = 6018, .adv_w = 183, .box_w = 10, .box_h = 13, .ofs_x = 0, .ofs_y = 0},
    {.bitmap_index = 6035, .adv_w = 222, .box_w = 12, .box_h = 11, .ofs_x = 1, .ofs_y = -3},
    {.bitmap_index = 6052, .adv_w = 254, .box_w = 15, .box_h = 9, .ofs_x = 1, .ofs_y = -3},
    {.bitmap_index = 6069, .adv_w = 101, .box_w = 6, .box_h = 11, .ofs_x = -1, .ofs_y = -3},
    {.bitmap_index = 6078, .adv_w = 109, .box_w = 7, .box_h = 11, .ofs_x = 0, .ofs_y = -3},
    {.bitmap_index = 6088, .adv_w = 249, .box_w = 13, .box_h = 18, .ofs_x = 1, .ofs_y = -5},
    {.bitmap_index = 6118, .adv_w = 249, .box_w = 13, .box_h = 18, .ofs_x = 1, .ofs_y = -5},
    {.bitmap_index = 6148, .adv_w = 271, .box_w = 14, .box_h = 19, .ofs_x = 1, .ofs_y = -6},
    {.bitmap_index = 6182, .adv_w = 340, .box_w = 19, .box_h = 16, .ofs_x = 1, .ofs_y = -3},
    {.bitmap_index = 6220, .adv_w = 340, .box_w = 19, .box_h = 20, .ofs_x = 1, .ofs_y = -7},
    {.bitmap_index = 6268, .adv_w = 249, .box_w = 13, .box_h = 13, .ofs_x = 1, .ofs_y = -5},
    {.bitmap_index = 6290, .adv_w = 249, .box_w = 13, .box_h = 13, .ofs_x = 1, .ofs_y = -5},
    {.bitmap_index = 6312, .adv_w = 249, .box_w = 13, .box_h = 17, .ofs_x = 1, .ofs_y = -5},
    {.bitmap_index = 6340, .adv_w = 271, .box_w = 14, .box_h = 14, .ofs_x = 1, .ofs_y = -6},
    {.bitmap_index = 6365, .adv_w = 340, .box_w = 19, .box_h = 11, .ofs_x = 1, .ofs_y = -3},
    {.bitmap_index = 6392, .adv_w = 340, .box_w = 19, .box_h = 15, .ofs_x = 1, .ofs_y = -7},
    {.bitmap_index = 6428, .adv_w = 249, .box_w = 14, .box_h = 17, .ofs_x = 1, .ofs_y = -5},
    {.bitmap_index = 6458, .adv_w = 249, .box_w = 14, .box_h = 17, .ofs_x = 1, .ofs_y = -5},
    {.bitmap_index = 6488, .adv_w = 249, .box_w = 14, .box_h = 17, .ofs_x = 1, .ofs_y = -5},
    {.bitmap_index = 6518, .adv_w = 271, .box_w = 15, .box_h = 18, .ofs_x = 1, .ofs_y = -6},
    {.bitmap_index = 6552, .adv_w = 340, .box_w = 20, .box_h = 15, .ofs_x = 1, .ofs_y = -3},
    {.bitmap_index = 6590, .adv_w = 340, .box_w = 20, .box_h = 19, .ofs_x = 1, .ofs_y = -7},
    {.bitmap_index = 6638, .adv_w = 249, .box_w = 14, .box_h = 19, .ofs_x = 1, .ofs_y = -5},
    {.bitmap_index = 6672, .adv_w = 271, .box_w = 15, .box_h = 20, .ofs_x = 1, .ofs_y = -6},
    {.bitmap_index = 6710, .adv_w = 340, .box_w = 20, .box_h = 17, .ofs_x = 1, .ofs_y = -3},
    {.bitmap_index = 6753, .adv_w = 340, .box_w = 20, .box_h = 21, .ofs_x = 1, .ofs_y = -7},
    {.bitmap_index = 6806, .adv_w = 317, .box_w = 18, .box_h = 13, .ofs_x = 1, .ofs_y = -5},
    {.bitmap_index = 6836, .adv_w = 339, .box_w = 19, .box_h = 14, .ofs_x = 1, .ofs_y = -6},
    {.bitmap_index = 6870, .adv_w = 317, .box_w = 18, .box_h = 13, .ofs_x = 1, .ofs_y = -5},
    {.bitmap_index = 6900, .adv_w = 339, .box_w = 19, .box_h = 14, .ofs_x = 1, .ofs_y = -6},
    {.bitmap_index = 6934, .adv_w = 317, .box_w = 18, .box_h = 17, .ofs_x = 1, .ofs_y = -5},
    {.bitmap_index = 6973, .adv_w = 317, .box_w = 18, .box_h = 17, .ofs_x = 1, .ofs_y = -5},
    {.bitmap_index = 7012, .adv_w = 339, .box_w = 19, .box_h = 18, .ofs_x = 1, .ofs_y = -6},
    {.bitmap_index = 7055, .adv_w = 409, .box_w = 23, .box_h = 13, .ofs_x = 1, .ofs_y = -5},
    {.bitmap_index = 7093, .adv_w = 409, .box_w = 23, .box_h = 13, .ofs_x = 1, .ofs_y = -5},
    {.bitmap_index = 7131, .adv_w = 409, .box_w = 23, .box_h = 17, .ofs_x = 1, .ofs_y = -5},
    {.bitmap_index = 7180, .adv_w = 431, .box_w = 25, .box_h = 14, .ofs_x = 1, .ofs_y = -6},
    {.bitmap_index = 7224, .adv_w = 375, .box_w = 22, .box_h = 13, .ofs_x = 1, .ofs_y = -5},
    {.bitmap_index = 7260, .adv_w = 398, .box_w = 23, .box_h = 14, .ofs_x = 1, .ofs_y = -6},
    {.bitmap_index = 7301, .adv_w = 375, .box_w = 23, .box_h = 17, .ofs_x = 1, .ofs_y = -5},
    {.bitmap_index = 7350, .adv_w = 375, .box_w = 22, .box_h = 17, .ofs_x = 1, .ofs_y = -5},
    {.bitmap_index = 7397, .adv_w = 375, .box_w = 23, .box_h = 17, .ofs_x = 1, .ofs_y = -5},
    {.bitmap_index = 7446, .adv_w = 398, .box_w = 23, .box_h = 18, .ofs_x = 1, .ofs_y = -6},
    {.bitmap_index = 7498, .adv_w = 380, .box_w = 22, .box_h = 17, .ofs_x = 1, .ofs_y = -5},
    {.bitmap_index = 7545, .adv_w = 402, .box_w = 23, .box_h = 18, .ofs_x = 1, .ofs_y = -6},
    {.bitmap_index = 7597, .adv_w = 402, .box_w = 23, .box_h = 18, .ofs_x = 1, .ofs_y = -6},
    {.bitmap_index = 7649, .adv_w = 303, .box_w = 18, .box_h = 13, .ofs_x = 1, .ofs_y = -5},
    {.bitmap_index = 7679, .adv_w = 325, .box_w = 19, .box_h = 14, .ofs_x = 1, .ofs_y = -6},
    {.bitmap_index = 7713, .adv_w = 303, .box_w = 18, .box_h = 16, .ofs_x = 1, .ofs_y = -5},
    {.bitmap_index = 7749, .adv_w = 325, .box_w = 19, .box_h = 17, .ofs_x = 1, .ofs_y = -6},
    {.bitmap_index = 7790, .adv_w = 323, .box_w = 18, .box_h = 16, .ofs_x = 1, .ofs_y = -5},
    {.bitmap_index = 7826, .adv_w = 323, .box_w = 18, .box_h = 16, .ofs_x = 1, .ofs_y = -5},
    {.bitmap_index = 7862, .adv_w = 323, .box_w = 18, .box_h = 17, .ofs_x = 1, .ofs_y = -5},
    {.bitmap_index = 7901, .adv_w = 345, .box_w = 19, .box_h = 17, .ofs_x = 1, .ofs_y = -6},
    {.bitmap_index = 7942, .adv_w = 414, .box_w = 23, .box_h = 14, .ofs_x = 1, .ofs_y = -3},
    {.bitmap_index = 7983, .adv_w = 414, .box_w = 23, .box_h = 18, .ofs_x = 1, .ofs_y = -7},
    {.bitmap_index = 8035, .adv_w = 323, .box_w = 18, .box_h = 17, .ofs_x = 1, .ofs_y = -5},
    {.bitmap_index = 8074, .adv_w = 345, .box_w = 19, .box_h = 18, .ofs_x = 1, .ofs_y = -6},
    {.bitmap_index = 8117, .adv_w = 414, .box_w = 23, .box_h = 15, .ofs_x = 1, .ofs_y = -3},
    {.bitmap_index = 8161, .adv_w = 414, .box_w = 23, .box_h = 19, .ofs_x = 1, .ofs_y = -7},
    {.bitmap_index = 8216, .adv_w = 243, .box_w = 12, .box_h = 13, .ofs_x = 2, .ofs_y = 0},
    {.bitmap_index = 8236, .adv_w = 316, .box_w = 18, .box_h = 18, .ofs_x = 1, .ofs_y = -5},
    {.bitmap_index = 8277, .adv_w = 316, .box_w = 18, .box_h = 18, .ofs_x = 1, .ofs_y = -5},
    {.bitmap_index = 8318, .adv_w = 316, .box_w = 18, .box_h = 18, .ofs_x = 1, .ofs_y = -5},
    {.bitmap_index = 8359, .adv_w = 349, .box_w = 20, .box_h = 16, .ofs_x = 1, .ofs_y = -3},
    {.bitmap_index = 8399, .adv_w = 338, .box_w = 19, .box_h = 19, .ofs_x = 1, .ofs_y = -6},
    {.bitmap_index = 8445, .adv_w = 407, .box_w = 23, .box_h = 16, .ofs_x = 1, .ofs_y = -3},
    {.bitmap_index = 8491, .adv_w = 407, .box_w = 23, .box_h = 20, .ofs_x = 1, .ofs_y = -7},
    {.bitmap_index = 8549, .adv_w = 252, .box_w = 13, .box_h = 17, .ofs_x = 1, .ofs_y = -5},
    {.bitmap_index = 8577, .adv_w = 252, .box_w = 13, .box_h = 17, .ofs_x = 1, .ofs_y = -5},
    {.bitmap_index = 8605, .adv_w = 252, .box_w = 13, .box_h = 17, .ofs_x = 1, .ofs_y = -5},
    {.bitmap_index = 8633, .adv_w = 275, .box_w = 14, .box_h = 18, .ofs_x = 1, .ofs_y = -6},
    {.bitmap_index = 8665, .adv_w = 344, .box_w = 19, .box_h = 15, .ofs_x = 1, .ofs_y = -3},
    {.bitmap_index = 8701, .adv_w = 344, .box_w = 19, .box_h = 19, .ofs_x = 1, .ofs_y = -7},
    {.bitmap_index = 8747, .adv_w = 318, .box_w = 18, .box_h = 12, .ofs_x = 1, .ofs_y = -5},
    {.bitmap_index = 8774, .adv_w = 318, .box_w = 18, .box_h = 12, .ofs_x = 1, .ofs_y = -5},
    {.bitmap_index = 8801, .adv_w = 318, .box_w = 18, .box_h = 17, .ofs_x = 1, .ofs_y = -5},
    {.bitmap_index = 8840, .adv_w = 341, .box_w = 19, .box_h = 13, .ofs_x = 1, .ofs_y = -6},
    {.bitmap_index = 8871, .adv_w = 410, .box_w = 24, .box_h = 10, .ofs_x = 1, .ofs_y = -3},
    {.bitmap_index = 8901, .adv_w = 410, .box_w = 24, .box_h = 14, .ofs_x = 1, .ofs_y = -7},
    {.bitmap_index = 8943, .adv_w = 249, .box_w = 13, .box_h = 17, .ofs_x = 1, .ofs_y = -5},
    {.bitmap_index = 8971, .adv_w = 249, .box_w = 13, .box_h = 17, .ofs_x = 1, .ofs_y = -5},
    {.bitmap_index = 8999, .adv_w = 249, .box_w = 13, .box_h = 17, .ofs_x = 1, .ofs_y = -5},
    {.bitmap_index = 9027, .adv_w = 271, .box_w = 14, .box_h = 18, .ofs_x = 1, .ofs_y = -6},
    {.bitmap_index = 9059, .adv_w = 340, .box_w = 19, .box_h = 15, .ofs_x = 1, .ofs_y = -3},
    {.bitmap_index = 9095, .adv_w = 340, .box_w = 19, .box_h = 19, .ofs_x = 1, .ofs_y = -7},
    {.bitmap_index = 9141, .adv_w = 380, .box_w = 22, .box_h = 15, .ofs_x = 1, .ofs_y = -5},
    {.bitmap_index = 9183, .adv_w = 402, .box_w = 23, .box_h = 16, .ofs_x = 1, .ofs_y = -6},
    {.bitmap_index = 9229, .adv_w = 472, .box_w = 27, .box_h = 13, .ofs_x = 1, .ofs_y = -3},
    {.bitmap_index = 9273, .adv_w = 472, .box_w = 27, .box_h = 17, .ofs_x = 1, .ofs_y = -7},
    {.bitmap_index = 9331, .adv_w = 263, .box_w = 15, .box_h = 13, .ofs_x = 1, .ofs_y = -5},
    {.bitmap_index = 9356, .adv_w = 263, .box_w = 15, .box_h = 13, .ofs_x = 1, .ofs_y = -5},
    {.bitmap_index = 9381, .adv_w = 263, .box_w = 15, .box_h = 17, .ofs_x = 1, .ofs_y = -5},
    {.bitmap_index = 9413, .adv_w = 286, .box_w = 16, .box_h = 14, .ofs_x = 1, .ofs_y = -6},
    {.bitmap_index = 9441, .adv_w = 355, .box_w = 20, .box_h = 11, .ofs_x = 1, .ofs_y = -3},
    {.bitmap_index = 9469, .adv_w = 355, .box_w = 20, .box_h = 15, .ofs_x = 1, .ofs_y = -7},
    {.bitmap_index = 9507, .adv_w = 145, .box_w = 7, .box_h = 17, .ofs_x = 1, .ofs_y = 0},
    {.bitmap_index = 9522, .adv_w = 102, .box_w = 6, .box_h = 16, .ofs_x = -1, .ofs_y = -4},
    {.bitmap_index = 9534, .adv_w = 222, .box_w = 12, .box_h = 12, .ofs_x = 1, .ofs_y = -3},
    {.bitmap_index = 9552, .adv_w = 83, .box_w = 5, .box_h = 8, .ofs_x = 0, .ofs_y = 13},
    {.bitmap_index = 9557, .adv_w = 0, .box_w = 5, .box_h = 8, .ofs_x = 0, .ofs_y = 8},
    {.bitmap_index = 9562, .adv_w = 0, .box_w = 5, .box_h = 6, .ofs_x = 0, .ofs_y = 13},
    {.bitmap_index = 9566, .adv_w = 0, .box_w = 5, .box_h = 8, .ofs_x = 0, .ofs_y = 13},
    {.bitmap_index = 9571, .adv_w = 0, .box_w = 5, .box_h = 6, .ofs_x = 0, .ofs_y = 10},
    {.bitmap_index = 9575, .adv_w = 0, .box_w = 5, .box_h = 7, .ofs_x = 0, .ofs_y = 13},
    {.bitmap_index = 9580, .adv_w = 209, .box_w = 14, .box_h = 16, .ofs_x = -1, .ofs_y = -3},
    {.bitmap_index = 9608, .adv_w = 209, .box_w = 14, .box_h = 16, .ofs_x = -1, .ofs_y = -3},
    {.bitmap_index = 9636, .adv_w = 281, .box_w = 17, .box_h = 19, .ofs_x = 1, .ofs_y = -6},
    {.bitmap_index = 9677, .adv_w = 292, .box_w = 18, .box_h = 16, .ofs_x = 1, .ofs_y = -3},
    {.bitmap_index = 9713, .adv_w = 350, .box_w = 21, .box_h = 16, .ofs_x = 1, .ofs_y = -3},
    {.bitmap_index = 9755, .adv_w = 350, .box_w = 21, .box_h = 20, .ofs_x = 1, .ofs_y = -7},
    {.bitmap_index = 9808, .adv_w = 209, .box_w = 14, .box_h = 11, .ofs_x = -1, .ofs_y = -3},
    {.bitmap_index = 9828, .adv_w = 209, .box_w = 14, .box_h = 14, .ofs_x = -1, .ofs_y = -3},
    {.bitmap_index = 9853, .adv_w = 281, .box_w = 17, .box_h = 14, .ofs_x = 1, .ofs_y = -6},
    {.bitmap_index = 9883, .adv_w = 292, .box_w = 18, .box_h = 12, .ofs_x = 1, .ofs_y = -3},
    {.bitmap_index = 9910, .adv_w = 350, .box_w = 21, .box_h = 11, .ofs_x = 1, .ofs_y = -3},
    {.bitmap_index = 9939, .adv_w = 350, .box_w = 21, .box_h = 15, .ofs_x = 1, .ofs_y = -7},
    {.bitmap_index = 9979, .adv_w = 221, .box_w = 15, .box_h = 15, .ofs_x = -1, .ofs_y = -3},
    {.bitmap_index = 10008, .adv_w = 221, .box_w = 15, .box_h = 15, .ofs_x = -1, .ofs_y = -3},
    {.bitmap_index = 10037, .adv_w = 294, .box_w = 18, .box_h = 18, .ofs_x = 1, .ofs_y = -6},
    {.bitmap_index = 10078, .adv_w = 305, .box_w = 18, .box_h = 15, .ofs_x = 1, .ofs_y = -3},
    {.bitmap_index = 10112, .adv_w = 363, .box_w = 22, .box_h = 15, .ofs_x = 1, .ofs_y = -3},
    {.bitmap_index = 10154, .adv_w = 363, .box_w = 22, .box_h = 19, .ofs_x = 1, .ofs_y = -7},
    {.bitmap_index = 10207, .adv_w = 221, .box_w = 15, .box_h = 17, .ofs_x = -1, .ofs_y = -3},
    {.bitmap_index = 10239, .adv_w = 221, .box_w = 15, .box_h = 17, .ofs_x = -1, .ofs_y = -3},
    {.bitmap_index = 10271, .adv_w = 294, .box_w = 18, .box_h = 20, .ofs_x = 1, .ofs_y = -6},
    {.bitmap_index = 10316, .adv_w = 305, .box_w = 18, .box_h = 17, .ofs_x = 1, .ofs_y = -3},
    {.bitmap_index = 10355, .adv_w = 363, .box_w = 22, .box_h = 17, .ofs_x = 1, .ofs_y = -3},
    {.bitmap_index = 10402, .adv_w = 363, .box_w = 22, .box_h = 21, .ofs_x = 1, .ofs_y = -7},
    {.bitmap_index = 10460, .adv_w = 421, .box_w = 26, .box_h = 14, .ofs_x = 1, .ofs_y = -3},
    {.bitmap_index = 10506, .adv_w = 421, .box_w = 26, .box_h = 18, .ofs_x = 1, .ofs_y = -7},
    {.bitmap_index = 10565, .adv_w = 421, .box_w = 26, .box_h = 15, .ofs_x = 1, .ofs_y = -3},
    {.bitmap_index = 10614, .adv_w = 421, .box_w = 26, .box_h = 19, .ofs_x = 1, .ofs_y = -7},
    {.bitmap_index = 10676, .adv_w = 256, .box_w = 15, .box_h = 13, .ofs_x = 2, .ofs_y = 0},
    {.bitmap_index = 10701, .adv_w = 362, .box_w = 22, .box_h = 16, .ofs_x = 1, .ofs_y = -3},
    {.bitmap_index = 10745, .adv_w = 351, .box_w = 21, .box_h = 19, .ofs_x = 1, .ofs_y = -6},
    {.bitmap_index = 10795, .adv_w = 420, .box_w = 26, .box_h = 16, .ofs_x = 1, .ofs_y = -3},
    {.bitmap_index = 10847, .adv_w = 420, .box_w = 26, .box_h = 20, .ofs_x = 1, .ofs_y = -7},
    {.bitmap_index = 10912, .adv_w = 281, .box_w = 17, .box_h = 18, .ofs_x = 1, .ofs_y = -6},
    {.bitmap_index = 10951, .adv_w = 350, .box_w = 21, .box_h = 15, .ofs_x = 1, .ofs_y = -3},
    {.bitmap_index = 10991, .adv_w = 350, .box_w = 21, .box_h = 19, .ofs_x = 1, .ofs_y = -7},
    {.bitmap_index = 11041, .adv_w = 253, .box_w = 15, .box_h = 12, .ofs_x = 2, .ofs_y = 0},
    {.bitmap_index = 11064, .adv_w = 348, .box_w = 21, .box_h = 13, .ofs_x = 1, .ofs_y = -6},
    {.bitmap_index = 11099, .adv_w = 209, .box_w = 14, .box_h = 15, .ofs_x = -1, .ofs_y = -3},
    {.bitmap_index = 11126, .adv_w = 209, .box_w = 14, .box_h = 15, .ofs_x = -1, .ofs_y = -3},
    {.bitmap_index = 11153, .adv_w = 281, .box_w = 17, .box_h = 18, .ofs_x = 1, .ofs_y = -6},
    {.bitmap_index = 11192, .adv_w = 292, .box_w = 18, .box_h = 15, .ofs_x = 1, .ofs_y = -3},
    {.bitmap_index = 11226, .adv_w = 350, .box_w = 21, .box_h = 15, .ofs_x = 1, .ofs_y = -3},
    {.bitmap_index = 11266, .adv_w = 350, .box_w = 21, .box_h = 19, .ofs_x = 1, .ofs_y = -7},
    {.bitmap_index = 11316, .adv_w = 254, .box_w = 15, .box_h = 11, .ofs_x = 1, .ofs_y = -3},
    {.bitmap_index = 11337, .adv_w = 221, .box_w = 15, .box_h = 11, .ofs_x = -1, .ofs_y = -3},
    {.bitmap_index = 11358, .adv_w = 221, .box_w = 15, .box_h = 14, .ofs_x = -1, .ofs_y = -3},
    {.bitmap_index = 11385, .adv_w = 294, .box_w = 18, .box_h = 14, .ofs_x = 1, .ofs_y = -6},
    {.bitmap_index = 11417, .adv_w = 305, .box_w = 18, .box_h = 12, .ofs_x = 1, .ofs_y = -3},
    {.bitmap_index = 11444, .adv_w = 363, .box_w = 22, .box_h = 11, .ofs_x = 1, .ofs_y = -3},
    {.bitmap_index = 11475, .adv_w = 363, .box_w = 22, .box_h = 15, .ofs_x = 1, .ofs_y = -7},
    {.bitmap_index = 11517, .adv_w = 239, .box_w = 14, .box_h = 16, .ofs_x = 0, .ofs_y = -3},
    {.bitmap_index = 11545, .adv_w = 239, .box_w = 14, .box_h = 13, .ofs_x = -1, .ofs_y = 0},
    {.bitmap_index = 11568, .adv_w = 239, .box_w = 14, .box_h = 13, .ofs_x = -1, .ofs_y = 0},
    {.bitmap_index = 11591, .adv_w = 249, .box_w = 15, .box_h = 13, .ofs_x = -1, .ofs_y = 0},
    {.bitmap_index = 11616, .adv_w = 315, .box_w = 19, .box_h = 13, .ofs_x = -1, .ofs_y = 0},
    {.bitmap_index = 11647, .adv_w = 239, .box_w = 14, .box_h = 11, .ofs_x = 0, .ofs_y = -3},
    {.bitmap_index = 11667, .adv_w = 239, .box_w = 14, .box_h = 11, .ofs_x = -1, .ofs_y = -3},
    {.bitmap_index = 11687, .adv_w = 239, .box_w = 14, .box_h = 15, .ofs_x = -1, .ofs_y = -3},
    {.bitmap_index = 11714, .adv_w = 249, .box_w = 15, .box_h = 11, .ofs_x = -1, .ofs_y = -3},
    {.bitmap_index = 11735, .adv_w = 315, .box_w = 19, .box_h = 13, .ofs_x = -1, .ofs_y = -3},
    {.bitmap_index = 11766, .adv_w = 239, .box_w = 14, .box_h = 15, .ofs_x = 0, .ofs_y = -3},
    {.bitmap_index = 11793, .adv_w = 239, .box_w = 15, .box_h = 12, .ofs_x = -1, .ofs_y = 0},
    {.bitmap_index = 11816, .adv_w = 239, .box_w = 15, .box_h = 12, .ofs_x = -1, .ofs_y = 0},
    {.bitmap_index = 11839, .adv_w = 249, .box_w = 16, .box_h = 12, .ofs_x = -1, .ofs_y = 0},
    {.bitmap_index = 11863, .adv_w = 315, .box_w = 20, .box_h = 12, .ofs_x = -1, .ofs_y = 0},
    {.bitmap_index = 11893, .adv_w = 249, .box_w = 16, .box_h = 14, .ofs_x = -1, .ofs_y = 0},
    {.bitmap_index = 11921, .adv_w = 307, .box_w = 19, .box_h = 11, .ofs_x = -1, .ofs_y = -3},
    {.bitmap_index = 11948, .adv_w = 317, .box_w = 20, .box_h = 11, .ofs_x = -1, .ofs_y = -3},
    {.bitmap_index = 11976, .adv_w = 307, .box_w = 19, .box_h = 11, .ofs_x = 0, .ofs_y = -3},
    {.bitmap_index = 12003, .adv_w = 317, .box_w = 20, .box_h = 8, .ofs_x = -1, .ofs_y = 0},
    {.bitmap_index = 12023, .adv_w = 307, .box_w = 19, .box_h = 15, .ofs_x = 0, .ofs_y = -3},
    {.bitmap_index = 12059, .adv_w = 317, .box_w = 20, .box_h = 12, .ofs_x = -1, .ofs_y = 0},
    {.bitmap_index = 12089, .adv_w = 399, .box_w = 24, .box_h = 11, .ofs_x = 0, .ofs_y = -3},
    {.bitmap_index = 12122, .adv_w = 399, .box_w = 24, .box_h = 8, .ofs_x = -1, .ofs_y = 0},
    {.bitmap_index = 12146, .adv_w = 399, .box_w = 24, .box_h = 12, .ofs_x = -1, .ofs_y = 0},
    {.bitmap_index = 12182, .adv_w = 409, .box_w = 25, .box_h = 8, .ofs_x = -1, .ofs_y = 0},
    {.bitmap_index = 12207, .adv_w = 366, .box_w = 22, .box_h = 8, .ofs_x = -1, .ofs_y = 0},
    {.bitmap_index = 12229, .adv_w = 366, .box_w = 22, .box_h = 12, .ofs_x = -1, .ofs_y = 0},
    {.bitmap_index = 12262, .adv_w = 376, .box_w = 23, .box_h = 8, .ofs_x = -1, .ofs_y = 0},
    {.bitmap_index = 12285, .adv_w = 366, .box_w = 22, .box_h = 15, .ofs_x = 0, .ofs_y = -3},
    {.bitmap_index = 12327, .adv_w = 366, .box_w = 22, .box_h = 12, .ofs_x = -1, .ofs_y = 0},
    {.bitmap_index = 12360, .adv_w = 366, .box_w = 22, .box_h = 12, .ofs_x = -1, .ofs_y = 0},
    {.bitmap_index = 12393, .adv_w = 376, .box_w = 23, .box_h = 12, .ofs_x = -1, .ofs_y = 0},
    {.bitmap_index = 12428, .adv_w = 370, .box_w = 23, .box_h = 12, .ofs_x = -1, .ofs_y = 0},
    {.bitmap_index = 12463, .adv_w = 380, .box_w = 23, .box_h = 12, .ofs_x = -1, .ofs_y = 0},
    {.bitmap_index = 12498, .adv_w = 293, .box_w = 18, .box_h = 11, .ofs_x = 0, .ofs_y = -3},
    {.bitmap_index = 12523, .adv_w = 304, .box_w = 19, .box_h = 8, .ofs_x = -1, .ofs_y = 0},
    {.bitmap_index = 12542, .adv_w = 293, .box_w = 18, .box_h = 14, .ofs_x = 0, .ofs_y = -3},
    {.bitmap_index = 12574, .adv_w = 304, .box_w = 19, .box_h = 11, .ofs_x = -1, .ofs_y = 0},
    {.bitmap_index = 12601, .adv_w = 313, .box_w = 18, .box_h = 14, .ofs_x = 0, .ofs_y = -3},
    {.bitmap_index = 12633, .adv_w = 313, .box_w = 19, .box_h = 11, .ofs_x = -1, .ofs_y = 0},
    {.bitmap_index = 12660, .adv_w = 313, .box_w = 19, .box_h = 12, .ofs_x = -1, .ofs_y = 0},
    {.bitmap_index = 12689, .adv_w = 323, .box_w = 20, .box_h = 11, .ofs_x = -1, .ofs_y = 0},
    {.bitmap_index = 12717, .adv_w = 313, .box_w = 19, .box_h = 12, .ofs_x = -1, .ofs_y = 0},
    {.bitmap_index = 12746, .adv_w = 323, .box_w = 20, .box_h = 12, .ofs_x = -1, .ofs_y = 0},
    {.bitmap_index = 12776, .adv_w = 306, .box_w = 18, .box_h = 16, .ofs_x = 0, .ofs_y = -3},
    {.bitmap_index = 12812, .adv_w = 306, .box_w = 19, .box_h = 13, .ofs_x = -1, .ofs_y = 0},
    {.bitmap_index = 12843, .adv_w = 306, .box_w = 19, .box_h = 13, .ofs_x = -1, .ofs_y = 0},
    {.bitmap_index = 12874, .adv_w = 250, .box_w = 14, .box_h = 13, .ofs_x = 0, .ofs_y = 0},
    {.bitmap_index = 12897, .adv_w = 316, .box_w = 19, .box_h = 13, .ofs_x = -1, .ofs_y = 0},
    {.bitmap_index = 12928, .adv_w = 243, .box_w = 14, .box_h = 15, .ofs_x = 0, .ofs_y = -3},
    {.bitmap_index = 12955, .adv_w = 243, .box_w = 14, .box_h = 12, .ofs_x = -1, .ofs_y = 0},
    {.bitmap_index = 12976, .adv_w = 243, .box_w = 14, .box_h = 12, .ofs_x = -1, .ofs_y = 0},
    {.bitmap_index = 12997, .adv_w = 253, .box_w = 15, .box_h = 12, .ofs_x = -1, .ofs_y = 0},
    {.bitmap_index = 13020, .adv_w = 319, .box_w = 19, .box_h = 12, .ofs_x = -1, .ofs_y = 0},
    {.bitmap_index = 13049, .adv_w = 309, .box_w = 18, .box_h = 10, .ofs_x = 0, .ofs_y = -3},
    {.bitmap_index = 13072, .adv_w = 309, .box_w = 19, .box_h = 7, .ofs_x = -1, .ofs_y = 0},
    {.bitmap_index = 13089, .adv_w = 309, .box_w = 19, .box_h = 12, .ofs_x = -1, .ofs_y = 0},
    {.bitmap_index = 13118, .adv_w = 319, .box_w = 20, .box_h = 7, .ofs_x = -1, .ofs_y = 0},
    {.bitmap_index = 13136, .adv_w = 239, .box_w = 14, .box_h = 15, .ofs_x = 0, .ofs_y = -3},
    {.bitmap_index = 13163, .adv_w = 239, .box_w = 14, .box_h = 12, .ofs_x = -1, .ofs_y = 0},
    {.bitmap_index = 13184, .adv_w = 239, .box_w = 14, .box_h = 12, .ofs_x = -1, .ofs_y = 0},
    {.bitmap_index = 13205, .adv_w = 249, .box_w = 15, .box_h = 12, .ofs_x = -1, .ofs_y = 0},
    {.bitmap_index = 13228, .adv_w = 315, .box_w = 19, .box_h = 12, .ofs_x = -1, .ofs_y = 0},
    {.bitmap_index = 13257, .adv_w = 370, .box_w = 22, .box_h = 13, .ofs_x = 0, .ofs_y = -3},
    {.bitmap_index = 13293, .adv_w = 381, .box_w = 23, .box_h = 10, .ofs_x = -1, .ofs_y = 0},
    {.bitmap_index = 13322, .adv_w = 218, .box_w = 13, .box_h = 15, .ofs_x = -1, .ofs_y = 0},
    {.bitmap_index = 13347, .adv_w = 254, .box_w = 15, .box_h = 11, .ofs_x = 0, .ofs_y = -3},
    {.bitmap_index = 13368, .adv_w = 254, .box_w = 15, .box_h = 11, .ofs_x = -1, .ofs_y = -3},
    {.bitmap_index = 13389, .adv_w = 254, .box_w = 16, .box_h = 15, .ofs_x = -1, .ofs_y = -3},
    {.bitmap_index = 13419, .adv_w = 264, .box_w = 16, .box_h = 11, .ofs_x = -1, .ofs_y = -3},
    {.bitmap_index = 13441, .adv_w = 330, .box_w = 20, .box_h = 13, .ofs_x = -1, .ofs_y = -3},
    {.bitmap_index = 13474, .adv_w = 260, .box_w = 17, .box_h = 13, .ofs_x = -1, .ofs_y = 0},
    {.bitmap_index = 13502, .adv_w = 325, .box_w = 22, .box_h = 13, .ofs_x = -1, .ofs_y = 0},
    {.bitmap_index = 13538, .adv_w = 260, .box_w = 17, .box_h = 11, .ofs_x = -1, .ofs_y = -3},
    {.bitmap_index = 13562, .adv_w = 325, .box_w = 22, .box_h = 13, .ofs_x = -1, .ofs_y = -3},
    {.bitmap_index = 13598, .adv_w = 272, .box_w = 18, .box_h = 12, .ofs_x = -1, .ofs_y = 0},
    {.bitmap_index = 13625, .adv_w = 338, .box_w = 22, .box_h = 12, .ofs_x = -1, .ofs_y = 0},
    {.bitmap_index = 13658, .adv_w = 272, .box_w = 18, .box_h = 14, .ofs_x = -1, .ofs_y = 0},
    {.bitmap_index = 13690, .adv_w = 338, .box_w = 22, .box_h = 14, .ofs_x = -1, .ofs_y = 0},
    {.bitmap_index = 13729, .adv_w = 420, .box_w = 27, .box_h = 8, .ofs_x = -1, .ofs_y = 0},
    {.bitmap_index = 13756, .adv_w = 486, .box_w = 32, .box_h = 10, .ofs_x = -1, .ofs_y = 0},
    {.bitmap_index = 13796, .adv_w = 420, .box_w = 27, .box_h = 12, .ofs_x = -1, .ofs_y = 0},
    {.bitmap_index = 13837, .adv_w = 486, .box_w = 32, .box_h = 12, .ofs_x = -1, .ofs_y = 0},
    {.bitmap_index = 13885, .adv_w = 262, .box_w = 17, .box_h = 13, .ofs_x = 0, .ofs_y = 0},
    {.bitmap_index = 13913, .adv_w = 329, .box_w = 22, .box_h = 13, .ofs_x = -1, .ofs_y = 0},
    {.bitmap_index = 13949, .adv_w = 260, .box_w = 17, .box_h = 12, .ofs_x = -1, .ofs_y = 0},
    {.bitmap_index = 13975, .adv_w = 260, .box_w = 17, .box_h = 12, .ofs_x = -1, .ofs_y = 0},
    {.bitmap_index = 14001, .adv_w = 325, .box_w = 22, .box_h = 12, .ofs_x = -1, .ofs_y = 0},
    {.bitmap_index = 14034, .adv_w = 272, .box_w = 18, .box_h = 11, .ofs_x = -1, .ofs_y = -3},
    {.bitmap_index = 14059, .adv_w = 338, .box_w = 22, .box_h = 13, .ofs_x = -1, .ofs_y = -3},
    {.bitmap_index = 14095, .adv_w = 78, .box_w = 6, .box_h = 12, .ofs_x = 0, .ofs_y = 0},
    {.bitmap_index = 14104, .adv_w = 78, .box_w = 6, .box_h = 14, .ofs_x = 0, .ofs_y = 0},
    {.bitmap_index = 14115, .adv_w = 78, .box_w = 5, .box_h = 12, .ofs_x = 0, .ofs_y = 0},
    {.bitmap_index = 14123, .adv_w = 471, .box_w = 27, .box_h = 15, .ofs_x = 1, .ofs_y = -3},
    {.bitmap_index = 14174, .adv_w = 471, .box_w = 27, .box_h = 19, .ofs_x = 1, .ofs_y = -7},
    {.bitmap_index = 14239, .adv_w = 394, .box_w = 23, .box_h = 11, .ofs_x = 1, .ofs_y = -3},
    {.bitmap_index = 14271, .adv_w = 394, .box_w = 23, .box_h = 15, .ofs_x = 1, .ofs_y = -7},
    {.bitmap_index = 14315, .adv_w = 394, .box_w = 23, .box_h = 14, .ofs_x = 1, .ofs_y = -3},
    {.bitmap_index = 14356, .adv_w = 394, .box_w = 23, .box_h = 18, .ofs_x = 1, .ofs_y = -7},
    {.bitmap_index = 14408, .adv_w = 500, .box_w = 29, .box_h = 11, .ofs_x = 1, .ofs_y = -3},
    {.bitmap_index = 14448, .adv_w = 500, .box_w = 29, .box_h = 15, .ofs_x = 1, .ofs_y = -7},
    {.bitmap_index = 14503, .adv_w = 500, .box_w = 29, .box_h = 15, .ofs_x = 1, .ofs_y = -3},
    {.bitmap_index = 14558, .adv_w = 500, .box_w = 29, .box_h = 19, .ofs_x = 1, .ofs_y = -7},
    {.bitmap_index = 14627, .adv_w = 408, .box_w = 24, .box_h = 11, .ofs_x = 1, .ofs_y = -3},
    {.bitmap_index = 14660, .adv_w = 408, .box_w = 24, .box_h = 15, .ofs_x = 1, .ofs_y = -7},
    {.bitmap_index = 14705, .adv_w = 408, .box_w = 24, .box_h = 11, .ofs_x = 1, .ofs_y = -3},
    {.bitmap_index = 14738, .adv_w = 408, .box_w = 24, .box_h = 15, .ofs_x = 1, .ofs_y = -7},
    {.bitmap_index = 14783, .adv_w = 408, .box_w = 24, .box_h = 15, .ofs_x = 1, .ofs_y = -3},
    {.bitmap_index = 14828, .adv_w = 408, .box_w = 24, .box_h = 19, .ofs_x = 1, .ofs_y = -7},
    {.bitmap_index = 14885, .adv_w = 467, .box_w = 27, .box_h = 11, .ofs_x = 1, .ofs_y = -3},
    {.bitmap_index = 14923, .adv_w = 467, .box_w = 27, .box_h = 15, .ofs_x = 1, .ofs_y = -7},
    {.bitmap_index = 14974, .adv_w = 467, .box_w = 27, .box_h = 15, .ofs_x = 1, .ofs_y = -3},
    {.bitmap_index = 15025, .adv_w = 467, .box_w = 27, .box_h = 19, .ofs_x = 1, .ofs_y = -7},
    {.bitmap_index = 15090, .adv_w = 409, .box_w = 23, .box_h = 17, .ofs_x = 1, .ofs_y = -5},
    {.bitmap_index = 15139, .adv_w = 409, .box_w = 23, .box_h = 17, .ofs_x = 1, .ofs_y = -5},
    {.bitmap_index = 15188, .adv_w = 409, .box_w = 23, .box_h = 17, .ofs_x = 1, .ofs_y = -5},
    {.bitmap_index = 15237, .adv_w = 431, .box_w = 25, .box_h = 18, .ofs_x = 1, .ofs_y = -6},
    {.bitmap_index = 15294, .adv_w = 358, .box_w = 22, .box_h = 15, .ofs_x = -1, .ofs_y = -3},
    {.bitmap_index = 15336, .adv_w = 358, .box_w = 22, .box_h = 11, .ofs_x = -1, .ofs_y = -3},
    {.bitmap_index = 15367, .adv_w = 325, .box_w = 20, .box_h = 11, .ofs_x = -1, .ofs_y = -3},
    {.bitmap_index = 15395, .adv_w = 325, .box_w = 20, .box_h = 15, .ofs_x = -1, .ofs_y = -3},
    {.bitmap_index = 15433, .adv_w = 480, .box_w = 29, .box_h = 15, .ofs_x = 1, .ofs_y = -3},
    {.bitmap_index = 15488, .adv_w = 480, .box_w = 29, .box_h = 19, .ofs_x = 1, .ofs_y = -7},
    {.bitmap_index = 15557, .adv_w = 408, .box_w = 25, .box_h = 11, .ofs_x = 1, .ofs_y = -3},
    {.bitmap_index = 15592, .adv_w = 408, .box_w = 25, .box_h = 15, .ofs_x = 1, .ofs_y = -7},
    {.bitmap_index = 15639, .adv_w = 408, .box_w = 25, .box_h = 15, .ofs_x = 1, .ofs_y = -3},
    {.bitmap_index = 15686, .adv_w = 408, .box_w = 25, .box_h = 19, .ofs_x = 1, .ofs_y = -7},
    {.bitmap_index = 15746, .adv_w = 511, .box_w = 31, .box_h = 11, .ofs_x = 1, .ofs_y = -3},
    {.bitmap_index = 15789, .adv_w = 511, .box_w = 31, .box_h = 15, .ofs_x = 1, .ofs_y = -7},
    {.bitmap_index = 15848, .adv_w = 511, .box_w = 31, .box_h = 15, .ofs_x = 1, .ofs_y = -3},
    {.bitmap_index = 15907, .adv_w = 511, .box_w = 31, .box_h = 19, .ofs_x = 1, .ofs_y = -7},
    {.bitmap_index = 15981, .adv_w = 407, .box_w = 25, .box_h = 11, .ofs_x = 1, .ofs_y = -3},
    {.bitmap_index = 16016, .adv_w = 407, .box_w = 25, .box_h = 15, .ofs_x = 1, .ofs_y = -7},
    {.bitmap_index = 16063, .adv_w = 407, .box_w = 25, .box_h = 11, .ofs_x = 1, .ofs_y = -3},
    {.bitmap_index = 16098, .adv_w = 407, .box_w = 25, .box_h = 15, .ofs_x = 1, .ofs_y = -7},
    {.bitmap_index = 16145, .adv_w = 407, .box_w = 25, .box_h = 15, .ofs_x = 1, .ofs_y = -3},
    {.bitmap_index = 16192, .adv_w = 407, .box_w = 25, .box_h = 19, .ofs_x = 1, .ofs_y = -7},
    {.bitmap_index = 16252, .adv_w = 480, .box_w = 29, .box_h = 11, .ofs_x = 1, .ofs_y = -3},
    {.bitmap_index = 16292, .adv_w = 480, .box_w = 29, .box_h = 15, .ofs_x = 1, .ofs_y = -7},
    {.bitmap_index = 16347, .adv_w = 480, .box_w = 29, .box_h = 15, .ofs_x = 1, .ofs_y = -3},
    {.bitmap_index = 16402, .adv_w = 480, .box_w = 29, .box_h = 19, .ofs_x = 1, .ofs_y = -7},
    {.bitmap_index = 16471, .adv_w = 419, .box_w = 26, .box_h = 17, .ofs_x = 1, .ofs_y = -5},
    {.bitmap_index = 16527, .adv_w = 419, .box_w = 26, .box_h = 17, .ofs_x = 1, .ofs_y = -5},
    {.bitmap_index = 16583, .adv_w = 419, .box_w = 26, .box_h = 17, .ofs_x = 1, .ofs_y = -5},
    {.bitmap_index = 16639, .adv_w = 442, .box_w = 27, .box_h = 18, .ofs_x = 1, .ofs_y = -6},
    {.bitmap_index = 16700, .adv_w = 369, .box_w = 24, .box_h = 15, .ofs_x = -1, .ofs_y = -3},
    {.bitmap_index = 16745, .adv_w = 369, .box_w = 24, .box_h = 11, .ofs_x = -1, .ofs_y = -3},
    {.bitmap_index = 16778, .adv_w = 338, .box_w = 23, .box_h = 11, .ofs_x = -1, .ofs_y = -3},
    {.bitmap_index = 16810, .adv_w = 338, .box_w = 23, .box_h = 15, .ofs_x = -1, .ofs_y = -3},
    {.bitmap_index = 16854, .adv_w = 399, .box_w = 24, .box_h = 15, .ofs_x = 0, .ofs_y = -3},
    {.bitmap_index = 16899, .adv_w = 399, .box_w = 24, .box_h = 12, .ofs_x = -1, .ofs_y = 0},
    {.bitmap_index = 16935, .adv_w = 399, .box_w = 24, .box_h = 12, .ofs_x = -1, .ofs_y = 0},
    {.bitmap_index = 16971, .adv_w = 409, .box_w = 25, .box_h = 12, .ofs_x = -1, .ofs_y = 0},
    {.bitmap_index = 17009, .adv_w = 475, .box_w = 29, .box_h = 10, .ofs_x = -1, .ofs_y = 0},
    {.bitmap_index = 17046, .adv_w = 475, .box_w = 29, .box_h = 12, .ofs_x = -1, .ofs_y = 0},
    {.bitmap_index = 17090, .adv_w = 380, .box_w = 23, .box_h = 12, .ofs_x = -1, .ofs_y = 0},
    {.bitmap_index = 17125, .adv_w = 410, .box_w = 26, .box_h = 11, .ofs_x = 0, .ofs_y = -3},
    {.bitmap_index = 17161, .adv_w = 410, .box_w = 27, .box_h = 8, .ofs_x = -1, .ofs_y = 0},
    {.bitmap_index = 17188, .adv_w = 410, .box_w = 27, .box_h = 12, .ofs_x = -1, .ofs_y = 0},
    {.bitmap_index = 17229, .adv_w = 410, .box_w = 26, .box_h = 15, .ofs_x = 0, .ofs_y = -3},
    {.bitmap_index = 17278, .adv_w = 410, .box_w = 27, .box_h = 12, .ofs_x = -1, .ofs_y = 0},
    {.bitmap_index = 17319, .adv_w = 410, .box_w = 27, .box_h = 12, .ofs_x = -1, .ofs_y = 0},
    {.bitmap_index = 17360, .adv_w = 389, .box_w = 25, .box_h = 12, .ofs_x = -1, .ofs_y = 0},
    {.bitmap_index = 17398, .adv_w = 389, .box_w = 25, .box_h = 12, .ofs_x = -1, .ofs_y = 0},
    {.bitmap_index = 17436, .adv_w = 90, .box_w = 5, .box_h = 17, .ofs_x = 1, .ofs_y = 0},
    {.bitmap_index = 17447, .adv_w = 84, .box_w = 4, .box_h = 17, .ofs_x = 1, .ofs_y = 0},
    {.bitmap_index = 17456, .adv_w = 114, .box_w = 6, .box_h = 15, .ofs_x = 1, .ofs_y = -3},
    {.bitmap_index = 17468, .adv_w = 114, .box_w = 6, .box_h = 14, .ofs_x = 1, .ofs_y = -3},
    {.bitmap_index = 17479, .adv_w = 298, .box_w = 17, .box_h = 14, .ofs_x = 1, .ofs_y = -2},
    {.bitmap_index = 17509, .adv_w = 344, .box_w = 21, .box_h = 16, .ofs_x = 0, .ofs_y = -4},
    {.bitmap_index = 17551, .adv_w = 351, .box_w = 20, .box_h = 17, .ofs_x = 1, .ofs_y = -4},
    {.bitmap_index = 17594, .adv_w = 390, .box_w = 23, .box_h = 17, .ofs_x = 1, .ofs_y = -4},
    {.bitmap_index = 17643, .adv_w = 409, .box_w = 24, .box_h = 17, .ofs_x = 1, .ofs_y = -4},
    {.bitmap_index = 17694, .adv_w = 397, .box_w = 23, .box_h = 17, .ofs_x = 1, .ofs_y = -3},
    {.bitmap_index = 17743, .adv_w = 313, .box_w = 19, .box_h = 16, .ofs_x = 0, .ofs_y = -1},
    {.bitmap_index = 17781, .adv_w = 435, .box_w = 26, .box_h = 12, .ofs_x = 0, .ofs_y = -2},
    {.bitmap_index = 17820, .adv_w = 467, .box_w = 28, .box_h = 12, .ofs_x = 0, .ofs_y = -2},
    {.bitmap_index = 17862, .adv_w = 402, .box_w = 23, .box_h = 12, .ofs_x = 1, .ofs_y = -2},
    {.bitmap_index = 17897, .adv_w = 368, .box_w = 21, .box_h = 20, .ofs_x = 1, .ofs_y = -3},
    {.bitmap_index = 17950, .adv_w = 254, .box_w = 14, .box_h = 11, .ofs_x = 1, .ofs_y = 0},
    {.bitmap_index = 17970, .adv_w = 392, .box_w = 23, .box_h = 17, .ofs_x = 1, .ofs_y = -2},
    {.bitmap_index = 18019, .adv_w = 403, .box_w = 23, .box_h = 12, .ofs_x = 1, .ofs_y = -2},
    {.bitmap_index = 18054, .adv_w = 264, .box_w = 14, .box_h = 14, .ofs_x = 1, .ofs_y = -2},
    {.bitmap_index = 18079, .adv_w = 345, .box_w = 20, .box_h = 14, .ofs_x = 1, .ofs_y = -2},
    {.bitmap_index = 18114, .adv_w = 402, .box_w = 25, .box_h = 15, .ofs_x = -1, .ofs_y = -3},
    {.bitmap_index = 18161, .adv_w = 424, .box_w = 26, .box_h = 17, .ofs_x = 1, .ofs_y = -5},
    {.bitmap_index = 18217, .adv_w = 392, .box_w = 24, .box_h = 15, .ofs_x = 0, .ofs_y = -3},
    {.bitmap_index = 18262, .adv_w = 402, .box_w = 25, .box_h = 12, .ofs_x = -1, .ofs_y = 0},
    {.bitmap_index = 18300, .adv_w = 402, .box_w = 25, .box_h = 12, .ofs_x = -1, .ofs_y = 0},
    {.bitmap_index = 18338, .adv_w = 402, .box_w = 25, .box_h = 15, .ofs_x = 0, .ofs_y = -3},
    {.bitmap_index = 18385, .adv_w = 402, .box_w = 25, .box_h = 12, .ofs_x = -1, .ofs_y = 0},
    {.bitmap_index = 18423, .adv_w = 402, .box_w = 25, .box_h = 12, .ofs_x = -1, .ofs_y = 0},
    {.bitmap_index = 18461, .adv_w = 478, .box_w = 30, .box_h = 13, .ofs_x = 1, .ofs_y = -5},
    {.bitmap_index = 18510, .adv_w = 470, .box_w = 29, .box_h = 11, .ofs_x = -1, .ofs_y = -3},
    {.bitmap_index = 18550, .adv_w = 570, .box_w = 35, .box_h = 15, .ofs_x = 1, .ofs_y = -7},
    {.bitmap_index = 18616, .adv_w = 570, .box_w = 35, .box_h = 11, .ofs_x = 1, .ofs_y = -3},
    {.bitmap_index = 18665, .adv_w = 552, .box_w = 33, .box_h = 11, .ofs_x = 0, .ofs_y = -3},
    {.bitmap_index = 18711, .adv_w = 552, .box_w = 34, .box_h = 11, .ofs_x = -1, .ofs_y = -3},
    {.bitmap_index = 18758, .adv_w = 663, .box_w = 41, .box_h = 11, .ofs_x = 1, .ofs_y = -3},
    {.bitmap_index = 18815, .adv_w = 582, .box_w = 36, .box_h = 13, .ofs_x = 1, .ofs_y = -5},
    {.bitmap_index = 18874, .adv_w = 562, .box_w = 34, .box_h = 8, .ofs_x = -1, .ofs_y = 0},
    {.bitmap_index = 18908, .adv_w = 562, .box_w = 34, .box_h = 11, .ofs_x = 0, .ofs_y = -3},
    {.bitmap_index = 18955, .adv_w = 605, .box_w = 37, .box_h = 14, .ofs_x = 1, .ofs_y = -6},
    {.bitmap_index = 19020, .adv_w = 573, .box_w = 35, .box_h = 8, .ofs_x = -1, .ofs_y = 0},
    {.bitmap_index = 19055, .adv_w = 541, .box_w = 34, .box_h = 13, .ofs_x = 1, .ofs_y = -5},
    {.bitmap_index = 19111, .adv_w = 518, .box_w = 32, .box_h = 8, .ofs_x = -1, .ofs_y = 0},
    {.bitmap_index = 19143, .adv_w = 574, .box_w = 35, .box_h = 14, .ofs_x = 1, .ofs_y = -6},
    {.bitmap_index = 19205, .adv_w = 594, .box_w = 37, .box_h = 18, .ofs_x = 1, .ofs_y = -6},
    {.bitmap_index = 19289, .adv_w = 562, .box_w = 34, .box_h = 12, .ofs_x = -1, .ofs_y = 0},
    {.bitmap_index = 19340, .adv_w = 663, .box_w = 41, .box_h = 19, .ofs_x = 1, .ofs_y = -7},
    {.bitmap_index = 19438, .adv_w = 582, .box_w = 36, .box_h = 17, .ofs_x = 1, .ofs_y = -5},
    {.bitmap_index = 19515, .adv_w = 562, .box_w = 34, .box_h = 12, .ofs_x = -1, .ofs_y = 0},
    {.bitmap_index = 19566, .adv_w = 605, .box_w = 37, .box_h = 18, .ofs_x = 1, .ofs_y = -6},
    {.bitmap_index = 19650, .adv_w = 573, .box_w = 35, .box_h = 12, .ofs_x = -1, .ofs_y = 0},
    {.bitmap_index = 19703, .adv_w = 632, .box_w = 39, .box_h = 15, .ofs_x = 1, .ofs_y = -3},
    {.bitmap_index = 19777, .adv_w = 563, .box_w = 35, .box_h = 18, .ofs_x = 1, .ofs_y = -6},
    {.bitmap_index = 19856, .adv_w = 529, .box_w = 33, .box_h = 12, .ofs_x = -1, .ofs_y = 0},
    {.bitmap_index = 19906, .adv_w = 551, .box_w = 34, .box_h = 17, .ofs_x = 1, .ofs_y = -5},
    {.bitmap_index = 19979, .adv_w = 533, .box_w = 33, .box_h = 12, .ofs_x = -1, .ofs_y = 0},
    {.bitmap_index = 20029, .adv_w = 543, .box_w = 34, .box_h = 12, .ofs_x = -1, .ofs_y = 0},
    {.bitmap_index = 20080, .adv_w = 643, .box_w = 40, .box_h = 19, .ofs_x = 1, .ofs_y = -7},
    {.bitmap_index = 20175, .adv_w = 491, .box_w = 30, .box_h = 14, .ofs_x = 1, .ofs_y = -6},
    {.bitmap_index = 20228, .adv_w = 502, .box_w = 31, .box_h = 14, .ofs_x = 1, .ofs_y = -6},
    {.bitmap_index = 20283, .adv_w = 467, .box_w = 29, .box_h = 8, .ofs_x = -1, .ofs_y = 0},
    {.bitmap_index = 20312, .adv_w = 571, .box_w = 35, .box_h = 11, .ofs_x = 1, .ofs_y = -3},
    {.bitmap_index = 20361, .adv_w = 502, .box_w = 31, .box_h = 18, .ofs_x = 1, .ofs_y = -6},
    {.bitmap_index = 20431, .adv_w = 571, .box_w = 35, .box_h = 19, .ofs_x = 1, .ofs_y = -7},
    {.bitmap_index = 20515, .adv_w = 571, .box_w = 35, .box_h = 15, .ofs_x = 1, .ofs_y = -3},
    {.bitmap_index = 20581, .adv_w = 505, .box_w = 31, .box_h = 18, .ofs_x = 1, .ofs_y = -6},
    {.bitmap_index = 20651, .adv_w = 476, .box_w = 29, .box_h = 12, .ofs_x = -1, .ofs_y = 0},
    {.bitmap_index = 20695, .adv_w = 493, .box_w = 31, .box_h = 17, .ofs_x = 1, .ofs_y = -5},
    {.bitmap_index = 20761, .adv_w = 515, .box_w = 32, .box_h = 18, .ofs_x = 1, .ofs_y = -6},
    {.bitmap_index = 20833, .adv_w = 434, .box_w = 26, .box_h = 18, .ofs_x = 1, .ofs_y = -6},
    {.bitmap_index = 20892, .adv_w = 503, .box_w = 31, .box_h = 19, .ofs_x = 1, .ofs_y = -7},
    {.bitmap_index = 20966, .adv_w = 503, .box_w = 31, .box_h = 15, .ofs_x = 1, .ofs_y = -3},
    {.bitmap_index = 21025, .adv_w = 396, .box_w = 23, .box_h = 15, .ofs_x = 0, .ofs_y = -3},
    {.bitmap_index = 21069, .adv_w = 412, .box_w = 25, .box_h = 17, .ofs_x = 1, .ofs_y = -5},
    {.bitmap_index = 21123, .adv_w = 434, .box_w = 26, .box_h = 18, .ofs_x = 1, .ofs_y = -6},
    {.bitmap_index = 21182, .adv_w = 406, .box_w = 24, .box_h = 12, .ofs_x = -1, .ofs_y = 0},
    {.bitmap_index = 21218, .adv_w = 422, .box_w = 26, .box_h = 17, .ofs_x = 1, .ofs_y = -5},
    {.bitmap_index = 21274, .adv_w = 406, .box_w = 24, .box_h = 12, .ofs_x = -1, .ofs_y = 0},
    {.bitmap_index = 21310, .adv_w = 462, .box_w = 28, .box_h = 10, .ofs_x = 0, .ofs_y = -3},
    {.bitmap_index = 21345, .adv_w = 472, .box_w = 29, .box_h = 7, .ofs_x = -1, .ofs_y = 0},
    {.bitmap_index = 21371, .adv_w = 570, .box_w = 35, .box_h = 14, .ofs_x = 1, .ofs_y = -7},
    {.bitmap_index = 21433, .adv_w = 462, .box_w = 28, .box_h = 10, .ofs_x = -1, .ofs_y = -3},
    {.bitmap_index = 21468, .adv_w = 472, .box_w = 29, .box_h = 10, .ofs_x = -1, .ofs_y = -3},
    {.bitmap_index = 21505, .adv_w = 462, .box_w = 28, .box_h = 15, .ofs_x = 0, .ofs_y = -3},
    {.bitmap_index = 21558, .adv_w = 472, .box_w = 29, .box_h = 12, .ofs_x = -1, .ofs_y = 0},
    {.bitmap_index = 21602, .adv_w = 462, .box_w = 29, .box_h = 15, .ofs_x = -1, .ofs_y = -3},
    {.bitmap_index = 21657, .adv_w = 534, .box_w = 32, .box_h = 13, .ofs_x = 0, .ofs_y = -3},
    {.bitmap_index = 21709, .adv_w = 544, .box_w = 33, .box_h = 10, .ofs_x = -1, .ofs_y = 0},
    {.bitmap_index = 21751, .adv_w = 402, .box_w = 24, .box_h = 12, .ofs_x = -1, .ofs_y = 0},
    {.bitmap_index = 21787, .adv_w = 503, .box_w = 31, .box_h = 15, .ofs_x = 1, .ofs_y = -3},
    {.bitmap_index = 21846, .adv_w = 434, .box_w = 26, .box_h = 18, .ofs_x = 1, .ofs_y = -6},
    {.bitmap_index = 21905, .adv_w = 402, .box_w = 24, .box_h = 15, .ofs_x = -1, .ofs_y = -3},
    {.bitmap_index = 21950, .adv_w = 503, .box_w = 31, .box_h = 15, .ofs_x = 1, .ofs_y = -3},
    {.bitmap_index = 22009, .adv_w = 513, .box_w = 31, .box_h = 19, .ofs_x = 1, .ofs_y = -7},
    {.bitmap_index = 22083, .adv_w = 513, .box_w = 31, .box_h = 15, .ofs_x = 1, .ofs_y = -3},
    {.bitmap_index = 22142, .adv_w = 457, .box_w = 28, .box_h = 14, .ofs_x = 1, .ofs_y = -6},
    {.bitmap_index = 22191, .adv_w = 427, .box_w = 26, .box_h = 11, .ofs_x = -1, .ofs_y = -3},
    {.bitmap_index = 22227, .adv_w = 503, .box_w = 31, .box_h = 19, .ofs_x = 1, .ofs_y = -7},
    {.bitmap_index = 22301, .adv_w = 516, .box_w = 32, .box_h = 19, .ofs_x = 1, .ofs_y = -7},
    {.bitmap_index = 22377, .adv_w = 516, .box_w = 32, .box_h = 15, .ofs_x = 1, .ofs_y = -3},
    {.bitmap_index = 22437, .adv_w = 516, .box_w = 32, .box_h = 19, .ofs_x = 1, .ofs_y = -7},
    {.bitmap_index = 22513, .adv_w = 516, .box_w = 32, .box_h = 15, .ofs_x = 1, .ofs_y = -3},
    {.bitmap_index = 22573, .adv_w = 526, .box_w = 32, .box_h = 19, .ofs_x = 1, .ofs_y = -7},
    {.bitmap_index = 22649, .adv_w = 526, .box_w = 32, .box_h = 15, .ofs_x = 1, .ofs_y = -3},
    {.bitmap_index = 22709, .adv_w = 570, .box_w = 35, .box_h = 15, .ofs_x = 1, .ofs_y = -7},
    {.bitmap_index = 22775, .adv_w = 561, .box_w = 33, .box_h = 11, .ofs_x = 1, .ofs_y = -3},
    {.bitmap_index = 22821, .adv_w = 570, .box_w = 35, .box_h = 11, .ofs_x = 1, .ofs_y = -3},
    {.bitmap_index = 22870, .adv_w = 663, .box_w = 41, .box_h = 15, .ofs_x = 1, .ofs_y = -3},
    {.bitmap_index = 22947, .adv_w = 632, .box_w = 39, .box_h = 15, .ofs_x = 1, .ofs_y = -7},
    {.bitmap_index = 23021, .adv_w = 663, .box_w = 41, .box_h = 19, .ofs_x = 1, .ofs_y = -7},
    {.bitmap_index = 23119, .adv_w = 632, .box_w = 39, .box_h = 19, .ofs_x = 1, .ofs_y = -7},
    {.bitmap_index = 23212, .adv_w = 503, .box_w = 31, .box_h = 19, .ofs_x = 1, .ofs_y = -7},
    {.bitmap_index = 23286, .adv_w = 513, .box_w = 31, .box_h = 19, .ofs_x = 1, .ofs_y = -7},
    {.bitmap_index = 23360, .adv_w = 516, .box_w = 32, .box_h = 15, .ofs_x = 1, .ofs_y = -7},
    {.bitmap_index = 23420, .adv_w = 516, .box_w = 32, .box_h = 15, .ofs_x = 1, .ofs_y = -7},
    {.bitmap_index = 23480, .adv_w = 526, .box_w = 32, .box_h = 15, .ofs_x = 1, .ofs_y = -7},
    {.bitmap_index = 23540, .adv_w = 580, .box_w = 36, .box_h = 14, .ofs_x = 1, .ofs_y = -7},
    {.bitmap_index = 23603, .adv_w = 584, .box_w = 36, .box_h = 19, .ofs_x = 1, .ofs_y = -7},
    {.bitmap_index = 23689, .adv_w = 503, .box_w = 31, .box_h = 19, .ofs_x = 1, .ofs_y = -7},
    {.bitmap_index = 23763, .adv_w = 476, .box_w = 29, .box_h = 12, .ofs_x = -1, .ofs_y = 0},
    {.bitmap_index = 23807, .adv_w = 406, .box_w = 24, .box_h = 12, .ofs_x = -1, .ofs_y = 0},
    {.bitmap_index = 23843, .adv_w = 571, .box_w = 35, .box_h = 15, .ofs_x = 1, .ofs_y = -7},
    {.bitmap_index = 23909, .adv_w = 583, .box_w = 36, .box_h = 20, .ofs_x = 1, .ofs_y = -7},
    {.bitmap_index = 23999, .adv_w = 392, .box_w = 24, .box_h = 15, .ofs_x = -1, .ofs_y = -3},
    {.bitmap_index = 24044, .adv_w = 570, .box_w = 35, .box_h = 19, .ofs_x = 1, .ofs_y = -7},
    {.bitmap_index = 24128, .adv_w = 406, .box_w = 24, .box_h = 15, .ofs_x = -1, .ofs_y = -3},
    {.bitmap_index = 24173, .adv_w = 514, .box_w = 31, .box_h = 19, .ofs_x = 1, .ofs_y = -6},
    {.bitmap_index = 24247, .adv_w = 434, .box_w = 26, .box_h = 18, .ofs_x = 1, .ofs_y = -6},
    {.bitmap_index = 24306, .adv_w = 412, .box_w = 25, .box_h = 17, .ofs_x = 1, .ofs_y = -5},
    {.bitmap_index = 24360, .adv_w = 559, .box_w = 34, .box_h = 15, .ofs_x = 1, .ofs_y = -7},
    {.bitmap_index = 24424, .adv_w = 559, .box_w = 34, .box_h = 15, .ofs_x = 1, .ofs_y = -7},
    {.bitmap_index = 24488, .adv_w = 570, .box_w = 35, .box_h = 14, .ofs_x = 1, .ofs_y = -7},
    {.bitmap_index = 24550, .adv_w = 584, .box_w = 36, .box_h = 18, .ofs_x = 1, .ofs_y = -7},
    {.bitmap_index = 24631, .adv_w = 503, .box_w = 31, .box_h = 15, .ofs_x = 1, .ofs_y = -7},
    {.bitmap_index = 24690, .adv_w = 479, .box_w = 29, .box_h = 13, .ofs_x = -1, .ofs_y = 0},
    {.bitmap_index = 24738, .adv_w = 457, .box_w = 29, .box_h = 11, .ofs_x = -1, .ofs_y = -3},
    {.bitmap_index = 24778, .adv_w = 539, .box_w = 33, .box_h = 8, .ofs_x = -1, .ofs_y = 0},
    {.bitmap_index = 24811, .adv_w = 663, .box_w = 41, .box_h = 19, .ofs_x = 1, .ofs_y = -7},
    {.bitmap_index = 24909, .adv_w = 503, .box_w = 31, .box_h = 19, .ofs_x = 1, .ofs_y = -7},
    {.bitmap_index = 24983, .adv_w = 326, .box_w = 19, .box_h = 12, .ofs_x = 1, .ofs_y = -2},
    {.bitmap_index = 25012, .adv_w = 415, .box_w = 24, .box_h = 15, .ofs_x = 1, .ofs_y = -3},
    {.bitmap_index = 25057, .adv_w = 362, .box_w = 21, .box_h = 15, .ofs_x = 1, .ofs_y = -3},
    {.bitmap_index = 25097, .adv_w = 403, .box_w = 22, .box_h = 17, .ofs_x = 1, .ofs_y = 0},
    {.bitmap_index = 25144, .adv_w = 446, .box_w = 28, .box_h = 19, .ofs_x = -1, .ofs_y = -3},
    {.bitmap_index = 25211, .adv_w = 632, .box_w = 38, .box_h = 15, .ofs_x = 1, .ofs_y = 0},
    {.bitmap_index = 25283, .adv_w = 648, .box_w = 38, .box_h = 18, .ofs_x = 1, .ofs_y = -6},
    {.bitmap_index = 25369, .adv_w = 700, .box_w = 41, .box_h = 15, .ofs_x = 1, .ofs_y = -3},
    {.bitmap_index = 25446, .adv_w = 509, .box_w = 30, .box_h = 15, .ofs_x = 1, .ofs_y = -3},
    {.bitmap_index = 25503, .adv_w = 682, .box_w = 40, .box_h = 18, .ofs_x = 1, .ofs_y = -6},
    {.bitmap_index = 25593, .adv_w = 563, .box_w = 33, .box_h = 15, .ofs_x = 1, .ofs_y = -3},
    {.bitmap_index = 25655, .adv_w = 312, .box_w = 18, .box_h = 17, .ofs_x = 1, .ofs_y = -3},
    {.bitmap_index = 25694, .adv_w = 281, .box_w = 16, .box_h = 15, .ofs_x = 1, .ofs_y = -1},
    {.bitmap_index = 25724, .adv_w = 451, .box_w = 26, .box_h = 15, .ofs_x = 1, .ofs_y = -3},
    {.bitmap_index = 25773, .adv_w = 2781, .box_w = 172, .box_h = 18, .ofs_x = 1, .ofs_y = -4},
    {.bitmap_index = 26160, .adv_w = 368, .box_w = 22, .box_h = 15, .ofs_x = 0, .ofs_y = -2},
    {.bitmap_index = 26202, .adv_w = 234, .box_w = 13, .box_h = 12, .ofs_x = 1, .ofs_y = -3},
    {.bitmap_index = 26222, .adv_w = 60, .box_w = 4, .box_h = 5, .ofs_x = 0, .ofs_y = 12},
    {.bitmap_index = 26225, .adv_w = 78, .box_w = 5, .box_h = 10, .ofs_x = 0, .ofs_y = 0},
    {.bitmap_index = 26232, .adv_w = 93, .box_w = 6, .box_h = 4, .ofs_x = 0, .ofs_y = 12},
    {.bitmap_index = 26235, .adv_w = 93, .box_w = 5, .box_h = 8, .ofs_x = 1, .ofs_y = -3},
    {.bitmap_index = 26240, .adv_w = 60, .box_w = 4, .box_h = 4, .ofs_x = 0, .ofs_y = -6},
    {.bitmap_index = 26242, .adv_w = 73, .box_w = 4, .box_h = 3, .ofs_x = 2, .ofs_y = 12},
    {.bitmap_index = 26244, .adv_w = 78, .box_w = 5, .box_h = 8, .ofs_x = 0, .ofs_y = 0},
    {.bitmap_index = 26249, .adv_w = 90, .box_w = 5, .box_h = 4, .ofs_x = 3, .ofs_y = 12},
    {.bitmap_index = 26252, .adv_w = 78, .box_w = 5, .box_h = 10, .ofs_x = 0, .ofs_y = 0},
    {.bitmap_index = 26259, .adv_w = 69, .box_w = 4, .box_h = 3, .ofs_x = 2, .ofs_y = -5},
    {.bitmap_index = 26261, .adv_w = 78, .box_w = 5, .box_h = 5, .ofs_x = 0, .ofs_y = -4},
    {.bitmap_index = 26265, .adv_w = 83, .box_w = 5, .box_h = 3, .ofs_x = 0, .ofs_y = 13},
    {.bitmap_index = 26267, .adv_w = 78, .box_w = 6, .box_h = 10, .ofs_x = 0, .ofs_y = 0},
    {.bitmap_index = 26275, .adv_w = 57, .box_w = 4, .box_h = 3, .ofs_x = 0, .ofs_y = 13},
    {.bitmap_index = 26277, .adv_w = 78, .box_w = 5, .box_h = 10, .ofs_x = 0, .ofs_y = 0},
    {.bitmap_index = 26284, .adv_w = 132, .box_w = 6, .box_h = 7, .ofs_x = 1, .ofs_y = 0},
    {.bitmap_index = 26290, .adv_w = 84, .box_w = 6, .box_h = 14, .ofs_x = 0, .ofs_y = 0},
    {.bitmap_index = 26301, .adv_w = 90, .box_w = 6, .box_h = 15, .ofs_x = 0, .ofs_y = 0},
    {.bitmap_index = 26313, .adv_w = 84, .box_w = 3, .box_h = 16, .ofs_x = 1, .ofs_y = 0},
    {.bitmap_index = 26319, .adv_w = 90, .box_w = 5, .box_h = 17, .ofs_x = 1, .ofs_y = 0},
    {.bitmap_index = 26330, .adv_w = 155, .box_w = 7, .box_h = 16, .ofs_x = 1, .ofs_y = -3},
    {.bitmap_index = 26344, .adv_w = 160, .box_w = 9, .box_h = 16, .ofs_x = 1, .ofs_y = -3},
    {.bitmap_index = 26362, .adv_w = 84, .box_w = 3, .box_h = 16, .ofs_x = 1, .ofs_y = -4},
    {.bitmap_index = 26368, .adv_w = 90, .box_w = 5, .box_h = 16, .ofs_x = 1, .ofs_y = -4},
    {.bitmap_index = 26378, .adv_w = 222, .box_w = 12, .box_h = 13, .ofs_x = 1, .ofs_y = -3},
    {.bitmap_index = 26398, .adv_w = 254, .box_w = 15, .box_h = 12, .ofs_x = 1, .ofs_y = -3},
    {.bitmap_index = 26421, .adv_w = 86, .box_w = 4, .box_h = 13, .ofs_x = 0, .ofs_y = 0},
    {.bitmap_index = 26428, .adv_w = 96, .box_w = 6, .box_h = 13, .ofs_x = 0, .ofs_y = 0},
    {.bitmap_index = 26438, .adv_w = 84, .box_w = 2, .box_h = 12, .ofs_x = 2, .ofs_y = 0},
    {.bitmap_index = 26441, .adv_w = 90, .box_w = 4, .box_h = 12, .ofs_x = 2, .ofs_y = 0},
    {.bitmap_index = 26447, .adv_w = 214, .box_w = 11, .box_h = 11, .ofs_x = 1, .ofs_y = -3},
    {.bitmap_index = 26463, .adv_w = 225, .box_w = 13, .box_h = 11, .ofs_x = 1, .ofs_y = -3},
    {.bitmap_index = 26481, .adv_w = 86, .box_w = 4, .box_h = 11, .ofs_x = 0, .ofs_y = -3},
    {.bitmap_index = 26487, .adv_w = 96, .box_w = 6, .box_h = 11, .ofs_x = 0, .ofs_y = -3},
    {.bitmap_index = 26496, .adv_w = 159, .box_w = 8, .box_h = 12, .ofs_x = 1, .ofs_y = 0},
    {.bitmap_index = 26508, .adv_w = 163, .box_w = 10, .box_h = 12, .ofs_x = 1, .ofs_y = 0},
    {.bitmap_index = 26523, .adv_w = 214, .box_w = 11, .box_h = 10, .ofs_x = 1, .ofs_y = 0},
    {.bitmap_index = 26537, .adv_w = 225, .box_w = 13, .box_h = 8, .ofs_x = 1, .ofs_y = 0},
    {.bitmap_index = 26550, .adv_w = 86, .box_w = 5, .box_h = 12, .ofs_x = 0, .ofs_y = 0},
    {.bitmap_index = 26558, .adv_w = 109, .box_w = 7, .box_h = 12, .ofs_x = 0, .ofs_y = 0},
    {.bitmap_index = 26569, .adv_w = 214, .box_w = 11, .box_h = 12, .ofs_x = 1, .ofs_y = 0},
    {.bitmap_index = 26586, .adv_w = 225, .box_w = 13, .box_h = 10, .ofs_x = 1, .ofs_y = 0},
    {.bitmap_index = 26603, .adv_w = 86, .box_w = 5, .box_h = 14, .ofs_x = 0, .ofs_y = 0},
    {.bitmap_index = 26612, .adv_w = 109, .box_w = 7, .box_h = 14, .ofs_x = 0, .ofs_y = 0},
    {.bitmap_index = 26625, .adv_w = 172, .box_w = 9, .box_h = 12, .ofs_x = 1, .ofs_y = -3},
    {.bitmap_index = 26639, .adv_w = 163, .box_w = 10, .box_h = 13, .ofs_x = 1, .ofs_y = -5},
    {.bitmap_index = 26656, .adv_w = 154, .box_w = 9, .box_h = 11, .ofs_x = 0, .ofs_y = -3},
    {.bitmap_index = 26669, .adv_w = 153, .box_w = 10, .box_h = 11, .ofs_x = 0, .ofs_y = -3},
    {.bitmap_index = 26683, .adv_w = 172, .box_w = 9, .box_h = 13, .ofs_x = 1, .ofs_y = -5},
    {.bitmap_index = 26698, .adv_w = 163, .box_w = 10, .box_h = 13, .ofs_x = 1, .ofs_y = -5},
    {.bitmap_index = 26715, .adv_w = 154, .box_w = 9, .box_h = 8, .ofs_x = 0, .ofs_y = 0},
    {.bitmap_index = 26724, .adv_w = 153, .box_w = 10, .box_h = 8, .ofs_x = 0, .ofs_y = 0},
    {.bitmap_index = 26734, .adv_w = 172, .box_w = 8, .box_h = 16, .ofs_x = 1, .ofs_y = -4},
    {.bitmap_index = 26750, .adv_w = 163, .box_w = 10, .box_h = 17, .ofs_x = 1, .ofs_y = -5},
    {.bitmap_index = 26772, .adv_w = 154, .box_w = 9, .box_h = 12, .ofs_x = 0, .ofs_y = 0},
    {.bitmap_index = 26786, .adv_w = 153, .box_w = 10, .box_h = 12, .ofs_x = 0, .ofs_y = 0},
    {.bitmap_index = 26801, .adv_w = 145, .box_w = 7, .box_h = 8, .ofs_x = 1, .ofs_y = 0},
    {.bitmap_index = 26808, .adv_w = 160, .box_w = 9, .box_h = 8, .ofs_x = 1, .ofs_y = 0},
    {.bitmap_index = 26817, .adv_w = 145, .box_w = 7, .box_h = 12, .ofs_x = 1, .ofs_y = 0},
    {.bitmap_index = 26828, .adv_w = 160, .box_w = 9, .box_h = 12, .ofs_x = 1, .ofs_y = 0},
    {.bitmap_index = 26842, .adv_w = 102, .box_w = 6, .box_h = 12, .ofs_x = -1, .ofs_y = -3},
    {.bitmap_index = 26851, .adv_w = 112, .box_w = 8, .box_h = 11, .ofs_x = -1, .ofs_y = -3},
    {.bitmap_index = 26862, .adv_w = 102, .box_w = 6, .box_h = 14, .ofs_x = -1, .ofs_y = -2},
    {.bitmap_index = 26873, .adv_w = 112, .box_w = 8, .box_h = 14, .ofs_x = -1, .ofs_y = -3},
    {.bitmap_index = 26887, .adv_w = 347, .box_w = 19, .box_h = 11, .ofs_x = 1, .ofs_y = -3},
    {.bitmap_index = 26914, .adv_w = 357, .box_w = 22, .box_h = 11, .ofs_x = 1, .ofs_y = -3},
    {.bitmap_index = 26945, .adv_w = 246, .box_w = 14, .box_h = 8, .ofs_x = 0, .ofs_y = 0},
    {.bitmap_index = 26959, .adv_w = 257, .box_w = 16, .box_h = 8, .ofs_x = 0, .ofs_y = 0},
    {.bitmap_index = 26975, .adv_w = 347, .box_w = 19, .box_h = 15, .ofs_x = 1, .ofs_y = -3},
    {.bitmap_index = 27011, .adv_w = 357, .box_w = 22, .box_h = 15, .ofs_x = 1, .ofs_y = -3},
    {.bitmap_index = 27053, .adv_w = 246, .box_w = 14, .box_h = 12, .ofs_x = 0, .ofs_y = 0},
    {.bitmap_index = 27074, .adv_w = 257, .box_w = 16, .box_h = 12, .ofs_x = 0, .ofs_y = 0},
    {.bitmap_index = 27098, .adv_w = 316, .box_w = 18, .box_h = 11, .ofs_x = 1, .ofs_y = -3},
    {.bitmap_index = 27123, .adv_w = 329, .box_w = 20, .box_h = 11, .ofs_x = 1, .ofs_y = -3},
    {.bitmap_index = 27151, .adv_w = 213, .box_w = 12, .box_h = 8, .ofs_x = 0, .ofs_y = 0},
    {.bitmap_index = 27163, .adv_w = 226, .box_w = 14, .box_h = 8, .ofs_x = 0, .ofs_y = 0},
    {.bitmap_index = 27177, .adv_w = 316, .box_w = 18, .box_h = 15, .ofs_x = 1, .ofs_y = -3},
    {.bitmap_index = 27211, .adv_w = 329, .box_w = 20, .box_h = 15, .ofs_x = 1, .ofs_y = -3},
    {.bitmap_index = 27249, .adv_w = 213, .box_w = 12, .box_h = 12, .ofs_x = 0, .ofs_y = 0},
    {.bitmap_index = 27267, .adv_w = 226, .box_w = 14, .box_h = 12, .ofs_x = 0, .ofs_y = 0},
    {.bitmap_index = 27288, .adv_w = 215, .box_w = 12, .box_h = 12, .ofs_x = 0, .ofs_y = 0},
    {.bitmap_index = 27306, .adv_w = 227, .box_w = 14, .box_h = 12, .ofs_x = 1, .ofs_y = 0},
    {.bitmap_index = 27327, .adv_w = 217, .box_w = 13, .box_h = 12, .ofs_x = -1, .ofs_y = 0},
    {.bitmap_index = 27347, .adv_w = 226, .box_w = 14, .box_h = 12, .ofs_x = 0, .ofs_y = 0},
    {.bitmap_index = 27368, .adv_w = 215, .box_w = 12, .box_h = 12, .ofs_x = 0, .ofs_y = 0},
    {.bitmap_index = 27386, .adv_w = 227, .box_w = 14, .box_h = 12, .ofs_x = 1, .ofs_y = 0},
    {.bitmap_index = 27407, .adv_w = 217, .box_w = 13, .box_h = 12, .ofs_x = -1, .ofs_y = 0},
    {.bitmap_index = 27427, .adv_w = 226, .box_w = 14, .box_h = 12, .ofs_x = 0, .ofs_y = 0},
    {.bitmap_index = 27448, .adv_w = 147, .box_w = 8, .box_h = 13, .ofs_x = 1, .ofs_y = -5},
    {.bitmap_index = 27461, .adv_w = 161, .box_w = 9, .box_h = 13, .ofs_x = 1, .ofs_y = -5},
    {.bitmap_index = 27476, .adv_w = 141, .box_w = 8, .box_h = 8, .ofs_x = 0, .ofs_y = 0},
    {.bitmap_index = 27484, .adv_w = 154, .box_w = 10, .box_h = 8, .ofs_x = 0, .ofs_y = 0},
    {.bitmap_index = 27494, .adv_w = 147, .box_w = 7, .box_h = 16, .ofs_x = 1, .ofs_y = -5},
    {.bitmap_index = 27508, .adv_w = 161, .box_w = 9, .box_h = 17, .ofs_x = 1, .ofs_y = -5},
    {.bitmap_index = 27528, .adv_w = 141, .box_w = 8, .box_h = 11, .ofs_x = 0, .ofs_y = 0},
    {.bitmap_index = 27539, .adv_w = 154, .box_w = 10, .box_h = 12, .ofs_x = 0, .ofs_y = 0},
    {.bitmap_index = 27554, .adv_w = 270, .box_w = 14, .box_h = 11, .ofs_x = 1, .ofs_y = 0},
    {.bitmap_index = 27574, .adv_w = 278, .box_w = 17, .box_h = 12, .ofs_x = 1, .ofs_y = 0},
    {.bitmap_index = 27600, .adv_w = 160, .box_w = 9, .box_h = 11, .ofs_x = -1, .ofs_y = 0},
    {.bitmap_index = 27613, .adv_w = 167, .box_w = 11, .box_h = 11, .ofs_x = 0, .ofs_y = 0},
    {.bitmap_index = 27629, .adv_w = 239, .box_w = 13, .box_h = 15, .ofs_x = 1, .ofs_y = -3},
    {.bitmap_index = 27654, .adv_w = 247, .box_w = 15, .box_h = 15, .ofs_x = 1, .ofs_y = -3},
    {.bitmap_index = 27683, .adv_w = 160, .box_w = 9, .box_h = 12, .ofs_x = -1, .ofs_y = 0},
    {.bitmap_index = 27697, .adv_w = 167, .box_w = 11, .box_h = 12, .ofs_x = 0, .ofs_y = 0},
    {.bitmap_index = 27714, .adv_w = 218, .box_w = 11, .box_h = 12, .ofs_x = 1, .ofs_y = 0},
    {.bitmap_index = 27731, .adv_w = 225, .box_w = 13, .box_h = 12, .ofs_x = 1, .ofs_y = 0},
    {.bitmap_index = 27751, .adv_w = 153, .box_w = 9, .box_h = 13, .ofs_x = -1, .ofs_y = 0},
    {.bitmap_index = 27766, .adv_w = 166, .box_w = 11, .box_h = 13, .ofs_x = 0, .ofs_y = 0},
    {.bitmap_index = 27784, .adv_w = 191, .box_w = 9, .box_h = 16, .ofs_x = 1, .ofs_y = -4},
    {.bitmap_index = 27802, .adv_w = 196, .box_w = 12, .box_h = 15, .ofs_x = 1, .ofs_y = -3},
    {.bitmap_index = 27825, .adv_w = 90, .box_w = 4, .box_h = 12, .ofs_x = 0, .ofs_y = 0},
    {.bitmap_index = 27831, .adv_w = 96, .box_w = 6, .box_h = 12, .ofs_x = 0, .ofs_y = 0},
    {.bitmap_index = 27840, .adv_w = 177, .box_w = 9, .box_h = 13, .ofs_x = 1, .ofs_y = -6},
    {.bitmap_index = 27855, .adv_w = 185, .box_w = 11, .box_h = 13, .ofs_x = 1, .ofs_y = -6},
    {.bitmap_index = 27873, .adv_w = 156, .box_w = 9, .box_h = 7, .ofs_x = -1, .ofs_y = 0},
    {.bitmap_index = 27881, .adv_w = 163, .box_w = 11, .box_h = 7, .ofs_x = 0, .ofs_y = 0},
    {.bitmap_index = 27891, .adv_w = 187, .box_w = 9, .box_h = 13, .ofs_x = 1, .ofs_y = -3},
    {.bitmap_index = 27906, .adv_w = 196, .box_w = 12, .box_h = 12, .ofs_x = 1, .ofs_y = -3},
    {.bitmap_index = 27924, .adv_w = 86, .box_w = 5, .box_h = 12, .ofs_x = -1, .ofs_y = 0},
    {.bitmap_index = 27932, .adv_w = 96, .box_w = 6, .box_h = 12, .ofs_x = 0, .ofs_y = 0},
    {.bitmap_index = 27941, .adv_w = 159, .box_w = 8, .box_h = 8, .ofs_x = 1, .ofs_y = 0},
    {.bitmap_index = 27949, .adv_w = 163, .box_w = 10, .box_h = 9, .ofs_x = 1, .ofs_y = 0},
    {.bitmap_index = 27961, .adv_w = 218, .box_w = 13, .box_h = 10, .ofs_x = -1, .ofs_y = 0},
    {.bitmap_index = 27978, .adv_w = 229, .box_w = 15, .box_h = 10, .ofs_x = 0, .ofs_y = 0},
    {.bitmap_index = 27997, .adv_w = 155, .box_w = 7, .box_h = 11, .ofs_x = 1, .ofs_y = -3},
    {.bitmap_index = 28007, .adv_w = 160, .box_w = 9, .box_h = 11, .ofs_x = 1, .ofs_y = -3},
    {.bitmap_index = 28020, .adv_w = 222, .box_w = 12, .box_h = 11, .ofs_x = 1, .ofs_y = -3},
    {.bitmap_index = 28037, .adv_w = 254, .box_w = 15, .box_h = 9, .ofs_x = 1, .ofs_y = -3},
    {.bitmap_index = 28054, .adv_w = 222, .box_w = 12, .box_h = 15, .ofs_x = 1, .ofs_y = -7},
    {.bitmap_index = 28077, .adv_w = 254, .box_w = 15, .box_h = 13, .ofs_x = 1, .ofs_y = -7},
    {.bitmap_index = 28102, .adv_w = 101, .box_w = 6, .box_h = 11, .ofs_x = -1, .ofs_y = -3},
    {.bitmap_index = 28111, .adv_w = 109, .box_w = 7, .box_h = 11, .ofs_x = 0, .ofs_y = -3},
    {.bitmap_index = 28121, .adv_w = 179, .box_w = 9, .box_h = 13, .ofs_x = 1, .ofs_y = 0},
    {.bitmap_index = 28136, .adv_w = 188, .box_w = 11, .box_h = 13, .ofs_x = 1, .ofs_y = 0},
    {.bitmap_index = 28154, .adv_w = 179, .box_w = 9, .box_h = 14, .ofs_x = 1, .ofs_y = 0},
    {.bitmap_index = 28170, .adv_w = 188, .box_w = 11, .box_h = 14, .ofs_x = 1, .ofs_y = 0},
    {.bitmap_index = 28190, .adv_w = 179, .box_w = 10, .box_h = 16, .ofs_x = 0, .ofs_y = -4},
    {.bitmap_index = 28210, .adv_w = 188, .box_w = 11, .box_h = 16, .ofs_x = 1, .ofs_y = -4},
    {.bitmap_index = 28232, .adv_w = 179, .box_w = 9, .box_h = 12, .ofs_x = 1, .ofs_y = 0},
    {.bitmap_index = 28246, .adv_w = 188, .box_w = 11, .box_h = 12, .ofs_x = 1, .ofs_y = 0},
    {.bitmap_index = 28263, .adv_w = 0, .box_w = 1, .box_h = 1, .ofs_x = 0, .ofs_y = 0}
};

/*---------------------
 *  CHARACTER MAPPING
 *--------------------*/



/*Collect the unicode lists and glyph_id offsets*/
static const lv_font_fmt_txt_cmap_t cmaps[] =
{
    {
        .range_start = 1536, .range_length = 256, .glyph_id_start = 1,
        .unicode_list = NULL, .glyph_id_ofs_list = NULL, .list_length = 0, .type = LV_FONT_FMT_TXT_CMAP_FORMAT0_TINY
    },
    {
        .range_start = 64336, .range_length = 115, .glyph_id_start = 257,
        .unicode_list = NULL, .glyph_id_ofs_list = NULL, .list_length = 0, .type = LV_FONT_FMT_TXT_CMAP_FORMAT0_TINY
    },
    {
        .range_start = 64467, .range_length = 189, .glyph_id_start = 372,
        .unicode_list = NULL, .glyph_id_ofs_list = NULL, .list_length = 0, .type = LV_FONT_FMT_TXT_CMAP_FORMAT0_TINY
    },
    {
        .range_start = 64656, .range_length = 256, .glyph_id_start = 561,
        .unicode_list = NULL, .glyph_id_ofs_list = NULL, .list_length = 0, .type = LV_FONT_FMT_TXT_CMAP_FORMAT0_TINY
    },
    {
        .range_start = 64914, .range_length = 54, .glyph_id_start = 817,
        .unicode_list = NULL, .glyph_id_ofs_list = NULL, .list_length = 0, .type = LV_FONT_FMT_TXT_CMAP_FORMAT0_TINY
    },
    {
        .range_start = 64975, .range_length = 1, .glyph_id_start = 871,
        .unicode_list = NULL, .glyph_id_ofs_list = NULL, .list_length = 0, .type = LV_FONT_FMT_TXT_CMAP_FORMAT0_TINY
    },
    {
        .range_start = 65008, .range_length = 16, .glyph_id_start = 872,
        .unicode_list = NULL, .glyph_id_ofs_list = NULL, .list_length = 0, .type = LV_FONT_FMT_TXT_CMAP_FORMAT0_TINY
    },
    {
        .range_start = 65136, .range_length = 5, .glyph_id_start = 888,
        .unicode_list = NULL, .glyph_id_ofs_list = NULL, .list_length = 0, .type = LV_FONT_FMT_TXT_CMAP_FORMAT0_TINY
    },
    {
        .range_start = 65142, .range_length = 135, .glyph_id_start = 893,
        .unicode_list = NULL, .glyph_id_ofs_list = NULL, .list_length = 0, .type = LV_FONT_FMT_TXT_CMAP_FORMAT0_TINY
    },
    {
        .range_start = 65279, .range_length = 1, .glyph_id_start = 1028,
        .unicode_list = NULL, .glyph_id_ofs_list = NULL, .list_length = 0, .type = LV_FONT_FMT_TXT_CMAP_FORMAT0_TINY
    }
};



/*--------------------
 *  ALL CUSTOM DATA
 *--------------------*/

#if LVGL_VERSION_MAJOR == 8
/*Store all the custom data of the font*/
static  lv_font_fmt_txt_glyph_cache_t cache;
#endif

#if LVGL_VERSION_MAJOR >= 8
static const lv_font_fmt_txt_dsc_t font_dsc = {
#else
static lv_font_fmt_txt_dsc_t font_dsc = {
#endif
    .glyph_bitmap = glyph_bitmap,
    .glyph_dsc = glyph_dsc,
    .cmaps = cmaps,
    .kern_dsc = NULL,
    .kern_scale = 0,
    .cmap_num = 10,
    .bpp = 1,
    .kern_classes = 0,
    .bitmap_format = 0,
#if LVGL_VERSION_MAJOR == 8
    .cache = &cache
#endif
};



/*-----------------
 *  PUBLIC FONT
 *----------------*/

/*Initialize a public general font descriptor*/
#if LVGL_VERSION_MAJOR >= 8
const lv_font_t ui_font_arabic = {
#else
lv_font_t ui_font_arabic = {
#endif
    .get_glyph_dsc = lv_font_get_glyph_dsc_fmt_txt,    /*Function pointer to get glyph's data*/
    .get_glyph_bitmap = lv_font_get_bitmap_fmt_txt,    /*Function pointer to get glyph's bitmap*/
    .line_height = 33,          /*The maximum line height required by the font*/
    .base_line = 10,             /*Baseline measured from the bottom of the line*/
#if !(LVGL_VERSION_MAJOR == 6 && LVGL_VERSION_MINOR == 0)
    .subpx = LV_FONT_SUBPX_NONE,
#endif
#if LV_VERSION_CHECK(7, 4, 0) || LVGL_VERSION_MAJOR >= 8
    .underline_position = -2,
    .underline_thickness = 1,
#endif
    .dsc = &font_dsc,          /*The custom font data. Will be accessed by `get_glyph_bitmap/dsc` */
#if LV_VERSION_CHECK(8, 2, 0) || LVGL_VERSION_MAJOR >= 9
    .fallback = NULL,
#endif
    .user_data = NULL,
};



#endif /*#if UI_FONT_ARABIC*/

